ID,p_up
1475380980,0.3200469261025258
1475403000,0.8500951181459937
1475413920,0.1345629139918887
1475437260,0.1638997007360512
1475460720,0.3438732569005339
1475483820,0.7248662935514285
1475499180,0.25459742473654945
1475523060,0.9198341044697975
1475539500,0.12208695888481898
1475564580,0.39457375591412
1475578320,0.7817241191096032
1475593260,0.9162463481419865
1475612700,0.34540635634717193
1475630160,0.4055663627965624
1475643420,0.5096216384138298
1475659920,0.5636458484800715
1475672580,0.7798754846773113
1475696760,0.9229628584402778
1475714160,0.12161284641551673
1475728920,0.8778046483488551
1475748300,0.06089992031269781
1475768700,0.06729695692615292
1475782140,0.7523411866022347
1475802300,0.06488250069847737
1475821560,0.44816582487808937
1475835180,0.28425898449562126
1475851380,0.6438903494550225
1475873460,0.11358752789108811
1475895480,0.26340545990584247
1475907660,0.5902704554792384
1475926560,0.655654132017635
1475948640,0.7545769755036326
1475965740,0.3857460938876356
1475985480,0.07551848101441806
1476004020,0.8483526692049167
1476017340,0.3875810749874036
1476030360,0.6420262621872034
1476044280,0.7908695504042851
1476066120,0.5756284375329812
1476078060,0.014419474468644748
1476091740,0.6885282385807779
1476115380,0.8756628856395994
1476131400,0.16577460671086905
1476147120,0.4526935011897204
1476158280,0.22177135934310976
1476176100,0.8652615495370142
1476192060,0.06448196659941405
1476203220,0.7941316031693632
1476221820,0.8354252298250948
1476243180,0.07985072859963548
1476265380,0.3361816133552985
1476282540,0.08847986818810033
1476293340,0.10437183250375497
1476304200,0.889253002954757
1476329400,0.8219978291191706
1476350340,0.603426516349806
1476374460,0.6639488546865014
1476387720,0.7774102030269707
1476410340,0.10984649796887914
1476430020,0.17000136243779243
1476443520,0.6528545794708841
1476458700,0.3046078699904693
1476471000,0.6009885237647823
1476491820,0.889942523269402
1476508980,0.8898235075000618
1476521400,0.597453542205788
1476545760,0.41887881147676
1476567000,0.21559040076039016
1476586620,0.18111834945636182
1476600180,0.5387441322701849
1476622260,0.6355223515021076
1476638820,0.6047129519396813
1476653160,0.5122020098318928
1476672000,0.24633642419626023
1476691920,0.7537641944728761
1476713580,0.9022126520028162
1476738360,0.8358289918216639
1476761820,0.058932837966594175
1476777660,0.44618107678926877
1476800820,0.6331720272827952
1476812220,0.8379972851237444
1476826560,0.01075867911531198
1476839160,0.7340795905869542
1476863340,0.770097400114151
1476881760,0.07626620503769506
1476895860,0.9174763248177578
1476917940,0.3094463679940782
1476941040,0.40703567144211306
1476963420,0.6072492679821495
1476982740,0.6615297633382495
1477003800,0.451360868405741
1477017420,0.8216858022469193
1477032120,0.676322023966736
1477051920,0.8069392114178604
1477069380,0.2222524557100952
1477088100,0.9854193210782237
1477112940,0.3750472754601112
1477125720,0.17570253849349649
1477137120,0.6094865636558202
1477150440,0.8071809932619108
1477165860,0.7713917419132594
1477189920,0.9372936995825475
1477213500,0.5987561859590791
1477224420,0.017100964777558597
1477237500,0.2745567140891322
1477251780,0.8284260823186167
1477267920,0.910040832667178
1477287000,0.7857708423733218
1477303020,0.4421466691112142
1477316220,0.8762455327507105
1477332900,0.48126217032627305
1477348620,0.8422571823055464
1477359600,0.5972779187197186
1477371120,0.029614985904922377
1477382820,0.7356611854401536
1477404540,0.8568548386519077
1477422120,0.09323001030908631
1477434120,0.7239328114624781
1477450860,0.7961890449948149
1477473900,0.9533402432381846
1477498800,0.9125095424174272
1477512300,0.7987155499834065
1477535160,0.8800948126592762
1477546080,0.8623693002690885
1477568700,0.2535212051733763
1477590420,0.9070076488911192
1477606860,0.6643947972123868
1477620960,0.5973673281225858
1477642140,0.01744060735979002
1477660800,0.031214877848970847
1477683240,0.8720124837858282
1477695900,0.0986499972527492
1477714080,0.47685626714617396
1477734420,0.36912557315938266
1477746120,0.18054975729632405
1477757100,0.2957062197791142
1477777500,0.6053556938999192
1477795800,0.619349636002181
1477811580,0.002853753515070806
1477834200,0.8173019523108102
1477854360,0.8080483756561957
1477871580,0.896138223932184
1477896540,0.06086555629337688
1477915740,0.8510762996335927
1477929600,0.26231805446365536
1477945980,0.9093890144578287
1477968540,0.21012739843139053
1477989480,0.7527663888797455
1478010960,0.14681688832323214
1478023560,0.8056132888304278
1478042880,0.5463122449250436
1478055960,0.29935304008858
1478067960,0.8073424403500361
1478086320,0.9715514004947428
1478099640,0.7212608347833925
1478124120,0.8155504594333858
1478140020,0.7945554678492708
1478154360,0.5508555702898377
1478168280,0.8265200891505936
1478181540,0.6975949859281607
1478194800,0.6551158088688712
1478209980,0.8300080963989168
1478223060,0.2884280584312819
1478242080,0.09945582940960833
1478254260,0.29215179921969914
1478273040,0.5275690578863466
1478294520,0.920810252919126
1478305320,0.596942705032779
1478318340,0.15087617859047786
1478329140,0.25252408489485967
1478350020,0.7707010456103904
1478368380,0.044445902283526156
1478392740,0.8877095626668415
1478406360,0.858125531020179
1478429940,0.005147157572415089
1478450040,0.8056800235232997
1478475180,0.026516194756176528
1478498220,0.42207766050719087
1478522040,0.8952616479820371
1478534280,0.013756832361097057
1478549100,0.4956909465064843
1478567640,0.7102079428160237
1478589960,0.8762312172630324
1478606940,0.55694612591356
1478618700,0.9353250895851172
1478641620,0.06914760897182312
1478663940,0.2076983097060024
1478681760,0.8990211699055927
1478698920,0.8148378378541192
1478712480,0.7852719542864968
1478727000,0.8121569258197148
1478751900,0.9517733530990913
1478776140,0.656967812412973
1478789760,0.6754193895937242
1478800920,0.5445852672704778
1478817420,0.8837419048805384
1478833260,0.7114705284364775
1478846760,0.18073440567808852
1478863620,0.9324983885402717
1478877120,0.4982090688670649
1478890620,0.7012010549069198
1478910180,0.6810375905605219
1478931420,0.12847644989264564
1478954820,0.757159239859304
1478973540,0.02327687799363174
1478998020,0.007663814564917059
1479012600,0.2367427989521279
1479029700,0.12879211221882209
1479048360,0.7668881082500796
1479069780,0.899876251602768
1479086940,0.34606275292473976
1479102720,0.3269390999675414
1479115320,0.30863438450590586
1479127140,0.5788876011410355
1479147780,0.7202204902693006
1479165600,0.8201713336370559
1479187800,0.7630635903375207
1479201540,0.7329863183313813
1479221940,0.7870185961844584
1479242280,0.9371876145237712
1479261840,0.8323498945034237
1479275700,0.3786609208891406
1479297960,0.9065351969997371
1479310800,0.13427727703635503
1479329700,0.8105524819417264
1479354180,0.6549306091537936
1479368520,0.8437491002703433
1479384360,0.7869484129715041
1479403860,0.35090669264391683
1479419100,0.8796200437385767
1479431820,0.6881518008024605
1479450840,0.7119286698006454
1479469440,0.7442723138054989
1479490860,0.02884611018609818
1479513480,0.004566742085274221
1479534540,0.8317824604837282
1479559020,0.9209758099328641
1479582060,0.8918440625996549
1479593760,0.9121332187129898
1479608520,0.8991752100591365
1479631200,0.5911762299580572
1479648540,0.887281813805385
1479660000,0.8757011429319386
1479676380,0.007593587806558097
1479699420,0.006929884263000204
1479718140,0.8889316702594482
1479737160,0.8369184397726368
1479756720,0.5067995819229597
1479769140,0.7763018025108016
1479789600,0.611705352688109
1479812040,0.8223425046284167
1479823860,0.58509429181912
1479837000,0.6460783965069743
1479853500,0.7344153114673427
1479877800,0.6929027418890432
1479899460,0.2745664427343439
1479919980,0.7909640377148316
1479931320,0.973890381580439
1479946320,0.8564414730273101
1479968580,0.8145757587784686
1479986160,0.008931104024010178
1480007460,0.8772000678592244
1480023900,0.9690115533752954
1480040820,0.01606484310163981
1480056300,0.6349741280049892
1480073940,0.4543597788781532
1480094100,0.6360018820352048
1480108920,0.8511333476060636
1480124460,0.034268099647850894
1480146540,0.9736024831826783
1480164900,0.8316585362587171
1480183020,0.7324336897861792
1480194540,0.6739600118656652
1480209360,0.8479121007651669
1480227000,0.8689193986690935
1480238220,0.4959838918358198
1480252380,0.618317687533529
1480268460,0.8955196576305732
1480281300,0.5625280701442603
1480306200,0.8960563324109878
1480317000,0.7873608102157041
1480338180,0.9219663071273503
1480358580,0.8837287619676122
1480381680,0.1144537564296187
1480406820,0.5818656439663872
1480418880,0.6609382792891386
1480430100,0.6923720602719041
1480442580,0.4614395861963649
1480462620,0.23572221195265602
1480486800,0.9220096785254507
1480500480,0.18255827522890286
1480524480,0.4044815156056158
1480541340,0.7641290060316185
1480559640,0.7244140632643031
1480573200,0.028276356884978038
1480588140,0.8769692961032651
1480604280,0.5617884201324292
1480618260,0.9675182198089054
1480642860,0.07129631591936492
1480658220,0.7058714455931728
1480680120,0.9824886966230677
1480695720,0.6507288251588901
1480719480,0.8093764547957231
1480736220,0.7387429684813515
1480748160,0.4833516661014203
1480768380,0.6241658807748242
1480783800,0.6273987440433295
1480800240,0.6944543520023932
1480823040,0.03662699959606617
1480847100,0.06348833822235386
1480858500,0.3593925148421633
1480875720,0.7281604415111032
1480889400,0.6712200603652234
1480902660,0.8918996551060874
1480914660,0.10951908355196918
1480927620,0.6540643611015782
1480950960,0.03670172177024819
1480966440,0.8812417274352428
1480980780,0.7308337746875742
1480996680,0.8334526486401264
1481013960,0.8899956083985855
1481027820,0.4299952938578714
1481038800,0.9609242066458588
1481051880,0.7408832044022012
1481064420,0.3200364478094501
1481083080,0.7525910167103051
1481094360,0.7003280494718842
1481117280,0.6281819794134421
1481133300,0.41585500812060516
1481150100,0.9212098670524672
1481165760,0.20454576987751813
1481189820,0.8491399330632525
1481201220,0.4535261312483992
1481215680,0.25917232414893754
1481227980,0.8614191139760967
1481246220,0.6586598143201378
1481259300,0.03036232336366656
1481278980,0.15293474415561625
1481292900,0.08541125407373501
1481307660,0.8795832942810481
1481327160,0.01984814560696297
1481346120,0.2384401758096949
1481362380,0.6492961559276658
1481375580,0.9280380719339245
1481397720,0.3811931807284317
1481412840,0.9309444650886738
1481424180,0.296738009764454
1481448120,0.07774147029414712
1481472300,0.24614918130221058
1481484480,0.0259529091395307
1481496720,0.9904892553569201
1481515620,0.36037777529216974
1481529600,0.9410581461225065
1481548800,0.755330732749565
1481567340,0.9011483677198924
1481588220,0.8180863581322446
1481605260,0.04353421874388884
1481624100,0.8217843438026655
1481635080,0.8548021670979697
1481657820,0.5036668265334892
1481676600,0.963086293921255
1481689680,0.2082099133334573
1481709480,0.8532630676016504
1481728440,0.8746867228128061
1481744220,0.7377880085749455
1481764020,0.910518853578606
1481786520,0.8021023330481605
1481809320,0.679124930255518
1481833920,0.7130413360459154
1481847180,0.4101228262795862
1481865000,0.391826651463088
1481882160,0.013604364971539381
1481899680,0.8031196714893699
1481910840,0.6998500247428322
1481927340,0.9325004289211316
1481948280,0.35977353487540137
1481959500,0.357557230094093
1481983620,0.7122105990368744
1482000360,0.6165808937504211
1482016560,0.7955048637648547
1482037680,0.06742876331592021
1482060960,0.6481934392375297
1482080040,0.34631760613618784
1482100920,0.5099694027641747
1482120840,0.11536191462083595
1482131880,0.6920434399539898
1482147540,0.5855086963854486
1482165540,0.904765203962256
1482183060,0.00732174406266701
1482194520,0.4711969717108552
1482210180,0.02506382135104236
1482225780,0.9530395871325862
1482242520,0.7580721595776638
1482265560,0.8832330453391741
1482280920,0.7517189517842687
1482293640,0.9861413887300722
1482310260,0.8145540055872657
1482329700,0.3499465912908224
1482350040,0.8679748448559645
1482361680,0.4216559662450444
1482381180,0.4061145686679345
1482393660,0.7022699095689097
1482411900,0.6060220298362494
1482424500,0.17446593808381503
1482436740,0.8225383814951848
1482456960,0.15478652657360054
1482470400,0.3568539807693587
1482481680,0.6999022837420728
1482506880,0.7498003260954789
1482518460,0.9393383492723921
1482534000,0.8367822521605753
1482557580,0.690407429275777
1482571680,0.6369282556162542
1482590520,0.8307599990237854
1482602760,0.9134220795692581
1482620580,0.49230044732597833
1482639000,0.8274813482586295
1482657000,0.007092705429639365
1482668700,0.6007335109803559
1482685980,0.18738315379952708
1482700140,0.7251557942311082
1482724800,0.45810354182571544
1482738960,0.9165641165462417
1482754800,0.1371898592266138
1482777000,0.6977274179562016
1482799800,0.8915725992805165
1482813060,0.21910104616169002
1482829740,0.7443732966121754
1482849540,0.016025122312115544
1482868680,0.8157845189555697
1482883140,0.8818788507499651
1482904440,0.8626683089620528
1482922440,0.20861736474919107
1482947400,0.6863559435553436
1482960960,0.25915653024098595
1482985560,0.19034557802743007
1482999540,0.41188842670735604
1483018800,0.4335315957202016
1483038420,0.9510712115201324
1483063500,0.8763004318148073
1483082760,0.024285718202717563
1483103340,0.9829215432716717
1483117380,0.2768853644171301
1483130580,0.8666908308072938
1483151700,0.7775288668371557
1483173720,0.934596138227185
1483191480,0.6449496669253864
1483215300,0.5090734398894917
1483237740,0.3932588352343857
1483248720,0.16660176927042034
1483269480,0.9900089594550008
1483283220,0.7212543416136297
1483295100,0.8436022900231644
1483317900,0.4198477755507959
1483342500,0.9635192272273833
1483365060,0.8885759835638364
1483376880,0.20537242093588093
1483396260,0.1436059321164776
1483419420,0.9229113392823967
1483432080,0.6363276447649826
1483444320,0.614603190064295
1483459140,0.34328127685237886
1483478640,0.04267239146555016
1483493040,0.4512304080366049
1483507080,0.8405453712814496
1483522140,0.8175129339821493
1483536360,0.3943689965349766
1483554780,0.6654961602385135
1483571220,0.3789566016888379
1483593240,0.6529080420169362
1483614600,0.9058677471179605
1483632240,0.923589105262437
1483653180,0.9810002017993369
1483670160,0.8763246665515667
1483689540,0.8604264489092053
1483704120,0.7591706518466134
1483724880,0.39836146402022043
1483742580,0.868472630767366
1483766640,0.27850035846551346
1483790280,0.6278225822902374
1483815060,0.6456272398237146
1483833600,0.2600771926353268
1483846020,0.03508041298075685
1483864740,0.7327037066902515
1483875960,0.6133437034237078
1483894620,0.36702949025555776
1483919400,0.9119494967973234
1483938480,0.25936149493108057
1483963260,0.9101326840294142
1483984500,0.8982513569969135
1484000940,0.22003745849656764
1484015400,0.8123252093848996
1484032320,0.38071116343382727
1484050680,0.8552934781002897
1484071980,0.9601521764852604
1484084040,0.654857964643155
1484101260,0.9072394432257795
1484119200,0.11604658446971423
1484131680,0.30735704845090267
1484147460,0.7766338847513983
1484162040,0.6536396844689301
1484179620,0.5529296748267233
1484195040,0.5362456400983872
1484212320,0.12605796392074076
1484231760,0.7640144968424992
1484244420,0.0066904961126889005
1484257800,0.23184196068510804
1484271900,0.23896375565802905
1484293860,0.7416714245719577
1484314080,0.09109606573817892
1484338980,0.8715302707288922
1484355660,0.6054697022330313
1484370480,0.8916719712694117
1484390040,0.7688590076206963
1484414340,0.6223052516055061
1484434860,0.594803954312882
1484457600,0.5640402792178378
1484480640,0.6257211421039436
1484494140,0.214627550873811
1484514600,0.7034880010588728
1484525460,0.5439894475989596
1484544180,0.5002835292709782
1484566200,0.7431810500877021
1484588040,0.5999617489139597
1484603040,0.2565263328095712
1484614200,0.8833926249779832
1484637360,0.1989864516496479
1484662560,0.3433651527563158
1484680680,0.25349482833474696
1484705280,0.6353509465565926
1484721180,0.8537328912780344
1484742600,0.8816022186039992
1484763060,0.7195751892290214
1484776920,0.8748996521809386
1484799840,0.7612948462126536
1484820240,0.8866593002185453
1484835660,0.5341290382990433
1484846880,0.21060269675806156
1484868840,0.42247625177929216
1484885700,0.7929030763950463
1484902080,0.6761926539309374
1484916180,0.4479378293499666
1484941320,0.7593377226917772
1484960700,0.7388187621448985
1484975340,0.8460205586826712
1484989620,0.012375683458144474
1485001800,0.8383911850700152
1485026700,0.8234517773084394
1485049680,0.9450712082989439
1485063600,0.3014197847197048
1485078240,0.45316040330410284
1485103140,0.8439872496144566
1485122520,0.7772680803893841
1485133380,0.4466366206315013
1485144420,0.42005220912304425
1485157500,0.9853763902451763
1485176940,0.7820769380860609
1485196680,0.1436325198883497
1485219600,0.7787387354733679
1485244620,0.9161272444987818
1485267420,0.8499192230071353
1485280260,0.38350800689170816
1485296100,0.002635875774052706
1485310140,0.31328318672684774
1485322860,0.6217029148023345
1485346500,0.7282156594246946
1485366660,0.19588192914325134
1485387000,0.8203514179574465
1485402480,0.8010287266052525
1485421080,0.7754399338181258
1485436260,0.6338401427262339
1485447480,0.28231073599542017
1485461460,0.005409339101348688
1485478800,0.021773641536682743
1485495600,0.5300222661238515
1485520500,0.645686924996839
1485541740,0.3361753797526053
1485561420,0.3769170985214415
1485578340,0.16242944711018945
1485601260,0.8322327276996677
1485621960,0.03226530948353541
1485642540,0.6156301131875977
1485664500,0.33393888154106205
1485685440,0.5981005798277688
1485708660,0.7969930772138735
1485726180,0.8385816222419362
1485745740,0.7958287147724182
1485765120,0.2264108123800586
1485780180,0.9075241297285137
1485798660,0.6144580347349375
1485813780,0.0043629946402338315
1485832800,0.40928363580945915
1485844680,0.8237877133427643
1485865560,0.9138533461922259
1485883680,0.05753361315789446
1485907500,0.7819187869504135
1485929040,0.643427123888128
1485947220,0.7072164635265114
1485972060,0.32603489023812926
1485992820,0.8419692240827104
1486006020,0.6254184730641447
1486030620,0.9302199291291602
1486047900,0.2344242358363473
1486059420,0.28533607270426276
1486081020,0.16593651593416817
1486093320,0.8283585164300488
1486115340,0.6544091252371839
1486139940,0.23534354660994503
1486163460,0.12152455682176325
1486176060,0.4500357604235798
1486190940,0.8374410129366818
1486211880,0.3151228829310752
1486227480,0.08255049662142631
1486251900,0.8295904010648475
1486269000,0.2512060820462021
1486291020,0.721431193004625
1486307820,0.7553392836085719
1486325940,0.957153078150375
1486338120,0.9891631253399634
1486354860,0.8807662710566179
1486376220,0.0644741396868503
1486396860,0.8877362083375121
1486409520,0.6446554641767702
1486431660,0.6209732895506629
1486449060,0.10434281286589714
1486463340,0.5089493515160762
1486483620,0.8544071734120364
1486494480,0.6418113218597387
1486516800,0.14077146100397678
1486534620,0.9475617655959965
1486547760,0.7536051295860224
1486568160,0.8506823053466521
1486579140,0.02954760597058638
1486595400,0.6467004937538122
1486608600,0.14592827547562937
1486632300,0.799843280585117
1486653480,0.4336398212973168
1486668420,0.11293784245669239
1486693200,0.9190684838333334
1486706160,0.5655537917689221
1486722900,0.9061460695836512
1486736160,0.459531102736235
1486751700,0.7709353625663558
1486767420,0.6404859489981126
1486787820,0.7595474706624035
1486807800,0.3993969308639964
1486823400,0.9095627654948555
1486840800,0.23117377710455342
1486852200,0.19149392843494098
1486868400,0.7273738463806422
1486882920,0.880707058227464
1486904280,0.24062534416362627
1486924260,0.6408076274637073
1486948260,0.8608312542566223
1486966080,0.6495276791553456
1486977240,0.5660468415450542
1486993320,0.029467331908408653
1487014380,0.38662073501121463
1487031180,0.23964287586867947
1487049600,0.013420909422687494
1487062500,0.5930781276078942
1487082600,0.4518836180325841
1487105160,0.9711726570562011
1487127660,0.7880239192901498
1487144160,0.7932307674044436
1487168220,0.3198175552127104
1487189580,0.6673561874658808
1487213160,0.9626649927844628
1487232660,0.9675873192465514
1487256120,0.8342338851955295
1487280720,0.5188678256170879
1487296080,0.49887014818226744
1487319060,0.2864557682328578
1487338260,0.29129188192804994
1487351040,0.23044708500038028
1487369460,0.6721176865141087
1487387160,0.461579040916957
1487408580,0.39322590025795506
1487419500,0.8617554666827577
1487437440,0.914144574203768
1487459820,0.9222423786524414
1487476260,0.9883529834764193
1487490600,0.7455824319611648
1487507640,0.9856890760167736
1487525640,0.4545449750772611
1487539860,0.23740442809285162
1487560080,0.818192580077393
1487578680,0.8818467122049904
1487594700,0.44839193907061914
1487613000,0.8867119050324627
1487628300,0.8403618347366612
1487651760,0.9761307268897409
1487671680,0.3542451340160235
1487685960,0.6011443415251673
1487710260,0.6559291967640244
1487727420,0.898111480795027
1487743080,0.7967734670208466
1487767920,0.9086411668859996
1487780160,0.11145343822555208
1487793240,0.5458513870753805
1487806860,0.7215070195795749
1487825820,0.20947106073253538
1487837280,0.4564607057913397
1487859720,0.07342244414903087
1487881380,0.669501852391697
1487902680,0.5361483075007788
1487925060,0.17902620857286605
1487937720,0.5240025282743886
1487960460,0.061030106883263366
1487977200,0.3797531410091365
1487989920,0.3967697511469469
1488006360,0.6991249773938024
1488018120,0.3424777430857653
1488031980,0.4478514536833367
1488052860,0.8274628834327864
1488066960,0.7396236195797609
1488077760,0.4274258265032865
1488090000,0.4329046432226203
1488105960,0.786340169655398
1488120720,0.22936590424825057
1488140520,0.894905937820389
1488155100,0.775071731508596
1488175920,0.5447868065898785
1488194940,0.8022490324295061
1488215160,0.810130713744107
1488230160,0.43237114506439045
1488250380,0.8593688361453834
1488269940,0.5637549142850174
1488285480,0.3291444767009571
1488301560,0.512255718100698
1488317160,0.29271019342640225
1488333960,0.7166508441232522
1488345060,0.622709404634976
1488364740,0.6829182878088174
1488377340,0.11171238379248191
1488397140,0.8830463270418978
1488414660,0.9475743814992169
1488432180,0.9671961412233712
1488452820,0.7572971082131559
1488468420,0.7370522340583806
1488482820,0.537583772341252
1488497520,0.35567887969576234
1488509820,0.07469160024657687
1488523200,0.7700824485247758
1488544500,0.24130699767263983
1488559740,0.348883040517605
1488580860,0.745850653414402
1488592560,0.17167927330124297
1488611040,0.6293609259700343
1488623760,0.35520213229639025
1488636720,0.38301534152081446
1488655620,0.29191547486909364
1488669420,0.22076237809537408
1488690960,0.37807576313906305
1488705840,0.6704796204188713
1488719880,0.7935157729979995
1488743760,0.8630766533710961
1488758460,0.3122867060106925
1488783480,0.8481998752299604
1488799740,0.8089698605504936
1488811260,0.23235078590096858
1488823260,0.6845055796793595
1488848400,0.9063233835959887
1488869940,0.7657252548026664
1488894720,0.5111026422039447
1488907680,0.8706226257424083
1488930600,0.43687756494348373
1488952740,0.5812135194995184
1488967080,0.6435290203520907
1488988800,0.48831383698147146
1489000260,0.5399208571279723
1489023480,0.965153328197494
1489046880,0.10541655886232483
1489059780,0.9170364076980377
1489070880,0.35529038586512884
1489082220,0.8847016297809783
1489095180,0.011414099712981044
1489111740,0.010213056436221083
1489129020,0.6720843967545764
1489148700,0.8339886734605535
1489165920,0.2903674044467262
1489177080,0.8651874616882106
1489190520,0.4170497322825575
1489203660,0.7254354824854886
1489224780,0.7580388502575163
1489243380,0.7197948512141542
1489262100,0.7367304099895904
1489275060,0.8506734098089094
1489293360,0.5426731445465289
1489316700,0.5664836615361433
1489329060,0.816513299274115
1489345320,0.1270932528735452
1489367580,0.28914684587591905
1489379520,0.008765942816708623
1489401660,0.20086143293429629
1489414800,0.9529535715456228
1489425900,0.009700913889518069
1489437780,0.6119111836390112
1489460940,0.1879619961464444
1489484760,0.4932355462310062
1489500960,0.8686708664393892
1489513740,0.09023477316788814
1489538820,0.6893694476862718
1489555140,0.053725211320562793
1489571160,0.9329363861433408
1489585200,0.009097275725261719
1489600500,0.0689188320985635
1489614300,0.4233235849740378
1489633380,0.4131735065444421
1489649220,0.5339705876773002
1489666200,0.7636402456735338
1489678080,0.05084272455986501
1489693920,0.7419901089534172
1489707180,0.9023061889670775
1489721820,0.7745121497931364
1489739820,0.7792679255761474
1489764900,0.8169259962036414
1489784160,0.13269533082207424
1489797540,0.16527570732307023
1489816860,0.7627179758957165
1489838640,0.28545812332759557
1489851420,0.7942947317160584
1489868100,0.47929549153356
1489879260,0.6624126632638407
1489896840,0.45685538768998557
1489909860,0.010309945121973987
1489934220,0.689410168959563
1489958820,0.14842507654563203
1489973520,0.2259993893663951
1489986360,0.646536889043002
1490008980,0.08234306567944757
1490030280,0.2838862969432764
1490043420,0.7805243769517997
1490062740,0.5971850640775904
1490084820,0.787591577024524
1490104800,0.6442272365621204
1490119440,0.3060558075129993
1490144580,0.003918294021190277
1490166000,0.7219431740817306
1490180700,0.1365448733032716
1490195940,0.8372652055124988
1490217480,0.7059870361043908
1490228280,0.4942147594132818
1490247000,0.5374639847331432
1490266440,0.03258454569505663
1490282880,0.48817281188221323
1490304600,0.06919723729673735
1490321520,0.9197333285646921
1490340780,0.6273108786431417
1490354640,0.9067722738674406
1490371200,0.787496093591205
1490383500,0.7724693918415264
1490408100,0.8391059238658904
1490433000,0.03400362082411006
1490445420,0.8743376314770723
1490466000,0.8652782027240361
1490485080,0.7951016556820648
1490498460,0.2934455996432251
1490516340,0.7237500476478804
1490539440,0.6444309976473541
1490557920,0.5648299712138658
1490571540,0.5926791342372938
1490583480,0.956895466131851
1490604420,0.017016100825918076
1490628000,0.975203374259197
1490647800,0.4128773366924951
1490660220,0.6599285741678382
1490683200,0.6909660125696674
1490695620,0.057116761455820314
1490712720,0.9868603522017426
1490725800,0.6506557941662277
1490748240,0.8350734821150734
1490770080,0.20116104549976227
1490781540,0.5083950565981826
1490799180,0.8213621510934618
1490819700,0.18999444676679184
1490832300,0.8740980007175932
1490849280,0.3249445205290447
1490864040,0.38331366919236415
1490879220,0.8023076665127968
1490892000,0.7181837474142747
1490910840,0.19463569783987264
1490929620,0.8394372998039938
1490943840,0.9713408315671871
1490967000,0.8600689895219895
1490991900,0.5167625086470001
1491014040,0.4488535109113024
1491027540,0.8165345954390182
1491048120,0.6106214794284776
1491060420,0.42516162133180757
1491077760,0.6604548619537051
1491090780,0.6441705156571765
1491105840,0.4405389698631683
1491120360,0.8521048681833112
1491143460,0.15798909476848516
1491156060,0.5798835791525161
1491177120,0.5070415491590857
1491192720,0.8778301099836818
1491213660,0.2906343162442902
1491230520,0.5501571371489522
1491249840,0.9901584840628344
1491272760,0.41945409252619037
1491294900,0.9067441862762669
1491314700,0.9146548479047628
1491337560,0.2586812051550959
1491352380,0.9211450963012693
1491366420,0.1703178965298279
1491382920,0.9369221291784962
1491399660,0.735990971163987
1491415200,0.8415453261039585
1491426060,0.7401209182289025
1491441300,0.27879148355888494
1491465840,0.3643052432777903
1491490320,0.7525102496881193
1491512040,0.8929157273421309
1491533700,0.9190655901183956
1491553920,0.774253792225041
1491571320,0.8384105337665549
1491589020,0.9183467661997391
1491606240,0.876730087022465
1491624480,0.4093314302502259
1491636840,0.26940306013208687
1491654900,0.0513681000730869
1491672960,0.06510191050158746
1491687120,0.5338833053182779
1491706920,0.3248399303659949
1491718380,0.082989788528946
1491734520,0.8133305158364924
1491747960,0.9287189572124306
1491766500,0.08918631755748666
1491780180,0.273334103860533
1491794340,0.9728875908302396
1491819120,0.9935183050400809
1491841440,0.8862617179084689
1491853380,0.1264307444614173
1491878040,0.4077099111310955
1491901020,0.5756064210698826
1491920760,0.35543777504959956
1491943980,0.9889910788822839
1491967980,0.8697741835797063
1491991080,0.06979045617809018
1492010340,0.05090427583065634
1492024320,0.042306561259399154
1492037820,0.18120550155428095
1492050600,0.9729671969424585
1492064040,0.5239039973010533
1492084680,0.4027488240107499
1492095540,0.8571654549806362
1492119000,0.735696438354819
1492143300,0.5206830637312326
1492155660,0.261746135064311
1492168440,0.7963499076704257
1492179420,0.7896473175081666
1492204200,0.7824780593573264
1492226580,0.9132996746385109
1492251300,0.7219936121757566
1492263000,0.8550491984033829
1492277760,0.03528188045518998
1492290420,0.7574907205951842
1492313940,0.7456227916608584
1492332900,0.7287689016727655
1492348260,0.7657520407903797
1492371960,0.4304956292161213
1492395240,0.06066345177043549
1492406220,0.6403113037037005
1492424400,0.4541592139338104
1492444500,0.9768416235521343
1492464240,0.07410990490893087
1492478460,0.8447044399560273
1492494420,0.7808466154752708
1492514940,0.9577853399087687
1492527120,0.48372692166458753
1492538280,0.3604631163386991
1492549260,0.15616087673932566
1492569960,0.23485493797775078
1492587060,0.7595875972919838
1492599360,0.21957995274992317
1492614900,0.7778706698369479
1492632480,0.2168266025959974
1492644300,0.3900886251007728
1492656180,0.3525787308293966
1492672860,0.4766892208642179
1492686000,0.007918570617906077
1492703700,0.4704245927788789
1492719480,0.7641388779751482
1492737480,0.8455339870090903
1492759620,0.5309078056686575
1492780500,0.8355049943204856
1492793460,0.2371902110449765
1492813980,0.019387486573639773
1492837500,0.527624907932367
1492856340,0.38682240184548494
1492872900,0.8289800392491612
1492896780,0.5560388869752804
1492911360,0.8353401253773547
1492928460,0.2141489459220976
1492952340,0.7278734671334844
1492965300,0.5713570433979546
1492982700,0.8699454079154239
1493004000,0.6319780060448097
1493027640,0.5860441926827058
1493043900,0.18452305779410083
1493065500,0.020158259804397238
1493090640,0.8200152566813718
1493104860,0.051679440698564144
1493121600,0.46212559283403537
1493132580,0.2909303019527194
1493150460,0.4353320810314091
1493166540,0.899916811762281
1493179140,0.24983039721103817
1493200620,0.7842138829789442
1493218740,0.05296665563063493
1493243400,0.7992564459090505
1493266800,0.7881129707252311
1493291340,0.7911311160250714
1493307780,0.7312962877798064
1493320380,0.8011289489259892
1493340480,0.3968971864962468
1493355420,0.9156069241464906
1493367360,0.22957365252601536
1493386200,0.7453333300503342
1493400060,0.04934836198463161
1493411220,0.760296843562928
1493423580,0.8821458478851302
1493440560,0.7515500205162723
1493461380,0.16595227220441358
1493477100,0.7971203087089176
1493496420,0.8981216787984015
1493514780,0.24934925781173636
1493535540,0.7677595330966108
1493549100,0.4119200271206351
1493563560,0.6572898702450848
1493585820,0.787771653427662
1493600700,0.758454813788408
1493618040,0.006766964017019445
1493629200,0.028583252904109728
1493642220,0.7929109279329696
1493654880,0.8824431857781972
1493668260,0.604097449900739
1493684880,0.7528332535010102
1493699220,0.8901480151816458
1493723820,0.10770214012577797
1493736240,0.7747954342913568
1493749920,0.7989508729565892
1493771880,0.724193367169802
1493788920,0.7307083581880709
1493809800,0.7832114955126303
1493820780,0.8253443184120713
1493834460,0.7847198125585482
1493854260,0.8736779241500413
1493871900,0.316018587812453
1493889120,0.8632518834575185
1493907600,0.8343184919441052
1493923440,0.5843784396263453
1493942880,0.7669991661305233
1493959620,0.8028878500965336
1493976840,0.8763745149029617
1493991780,0.983944883638115
1494016680,0.6222706825213197
1494033720,0.005847521492912973
1494045300,0.4735324202902777
1494058920,0.9502441934942876
1494079740,0.7980444023235236
1494101460,0.9036469859900929
1494123240,0.8925093733303202
1494148320,0.010801117046748604
1494173040,0.8897077614130834
1494185280,0.40397608274524155
1494201660,0.7310088393076074
1494219240,0.7473571096377173
1494230160,0.309010645831363
1494245640,0.9237115099294615
1494268200,0.2410269577577382
1494279720,0.3588087072426126
1494297600,0.9223532176746166
1494318540,0.9115289744760158
1494337680,0.055409597039531064
1494361020,0.37198354816032914
1494381840,0.40210607562451295
1494394200,0.540995161443146
1494417420,0.15499494752311663
1494439860,0.6682866371885097
1494458580,0.6832443703349025
1494476220,0.19256027194054126
1494493680,0.3606130095206329
1494516840,0.7796464559006516
1494529620,0.7090205001010086
1494554220,0.876514189851709
1494565620,0.5654867143512892
1494577680,0.6708657607179246
1494591000,0.5950693197315856
1494614220,0.035423809165068154
1494627360,0.9358415462944711
1494644880,0.09510837327016478
1494670080,0.7515101362412456
1494689580,0.19772402727422894
1494707100,0.3349416604866281
1494718320,0.28415490343204425
1494733980,0.5727915747258963
1494757920,0.7366016285025799
1494775020,0.7635487643291805
1494790800,0.12531855738788264
1494814380,0.12410295734032911
1494830400,0.48065735586426983
1494847500,0.8158733610077361
1494866880,0.8208005315235665
1494886020,0.5944430556862386
1494904320,0.9028579509327886
1494919140,0.608495774057335
1494939660,0.40814835413858264
1494955380,0.30315976945795636
1494972660,0.7523882646103687
1494984660,0.46458445209525495
1494998160,0.8640771353601566
1495020960,0.2993652598970561
1495035540,0.6669671586932485
1495053840,0.2576073056126917
1495072020,0.2898123772577945
1495094040,0.23280324161746735
1495116540,0.592031904745947
1495136100,0.7203416014977255
1495155120,0.8612381217724873
1495167240,0.03476448599790992
1495183200,0.32796870433694697
1495198080,0.8040093859716784
1495217220,0.6898994361898827
1495232880,0.21372947485446744
1495256040,0.8150481169200803
1495278840,0.8758178961264143
1495297020,0.49568071312699935
1495313100,0.04866274439959151
1495332360,0.29754292257920695
1495355340,0.6083129127391035
1495370880,0.8546057734767196
1495392240,0.5110359475882625
1495416180,0.7829809270894998
1495435140,0.7516642814256783
1495451340,0.5973255231416507
1495472760,0.0025376600031958066
1495486320,0.6981696404462189
1495502280,0.9683435511205069
1495514220,0.635524156209017
1495526580,0.6591905046279238
1495544400,0.6101982526973595
1495568340,0.8865384916395125
1495585800,0.5228394417732416
1495603620,0.5493941446675313
1495626540,0.4838512477322837
1495644240,0.820342396387539
1495666260,0.811160051689705
1495687980,0.8010252370762441
1495707600,0.7304440380874712
1495721520,0.9905799917289007
1495738860,0.8569800523999894
1495753080,0.8774470460569523
1495774380,0.10710253568135705
1495796880,0.8461274414287844
1495811400,0.6986238095945956
1495834740,0.07442952027513744
1495850940,0.9226546806811472
1495868760,0.42025648356111717
1495884420,0.9144563576553065
1495901880,0.6619035608165698
1495925220,0.414950917771808
1495942260,0.545760522711803
1495961100,0.7409919178598411
1495973340,0.677638555277789
1495996200,0.49402891223505696
1496007360,0.46055513931366204
1496029080,0.6981689121052868
1496045280,0.8122880531963305
1496067240,0.9151740895124028
1496088480,0.056040542428803915
1496113320,0.8149422499733326
1496130840,0.19394389458712333
1496154600,0.8210060980512659
1496177040,0.5211079485400346
1496188140,0.8873035387493818
1496211240,0.27529642303321356
1496232240,0.5811731166737939
1496246760,0.8138249271191567
1496267760,0.6099606681142958
1496279100,0.20311430736979072
1496292060,0.07938965469852528
1496308560,0.5451803776429329
1496328300,0.7599280738841813
1496352180,0.6210236655980067
1496372580,0.9104194575605549
1496383380,0.789120149014696
1496397120,0.440808582559551
1496420340,0.9881349719369523
1496431500,0.9209065425803729
1496446740,0.8333453064364147
1496467920,0.5889330692074279
1496484780,0.7749489571049618
1496503260,0.23077829611008902
1496523960,0.1315776319094303
1496537520,0.18831113825962273
1496551380,0.1477740234284855
1496572740,0.4764181600771139
1496596860,0.732114363924399
1496612700,0.2793913111872456
1496628360,0.8872011667488319
1496651940,0.7165463581349147
1496667960,0.05159249631994166
1496685240,0.503348930790614
1496708520,0.8183615612323442
1496723040,0.7236622783272207
1496746020,0.8170472662622954
1496759760,0.37688667607273035
1496784840,0.43368076447116344
1496802780,0.7544015157711252
1496827140,0.6713429853547421
1496850720,0.13668251108884938
1496861520,0.6163570454800905
1496875860,0.5069629271345076
1496890140,0.623841396628513
1496914560,0.6761416288396296
1496934300,0.5164873330501939
1496958000,0.6024481441787319
1496972340,0.4548240253986282
1496995320,0.0842249151266184
1497019140,0.012866472209569737
1497036720,0.8271810007670732
1497058800,0.8722878135444223
1497072300,0.7689613524531013
1497094680,0.3766540920091345
1497106080,0.0058336836785177325
1497131280,0.12838690615840162
1497152940,0.19327527242945192
1497176580,0.9613215274640582
1497201660,0.8144919572071969
1497219600,0.2680224283200845
1497232500,0.7153580525901022
1497245340,0.5644105108219061
1497263280,0.6294734524273669
1497282000,0.19403174354641334
1497303000,0.7194686375428545
1497319200,0.24212312186237758
1497339420,0.5684940819507905
1497353700,0.7634043809508405
1497369420,0.7143763350761259
1497380640,0.732434476609129
1497392940,0.7392643320157221
1497406140,0.007506024700248098
1497418980,0.5511524611364345
1497443100,0.10105809971125154
1497455760,0.19155915025528375
1497478440,0.812204988161353
1497500100,0.5125360088003957
1497512700,0.0016441082418674848
1497528540,0.9612908476812615
1497548460,0.762139922906388
1497565920,0.8452274118232818
1497585600,0.6465543442904641
1497610020,0.11800376657968624
1497625920,0.5970325186179256
1497648600,0.15177244081365884
1497669420,0.201701864771434
1497688020,0.4957064080892966
1497704160,0.5556986239701706
1497718140,0.676225687772787
1497734820,0.8360953590979245
1497746940,0.43420826013078867
1497764280,0.08234779050203583
1497778080,0.9514209106372171
1497795660,0.4309646967679377
1497809640,0.8557231432537451
1497822180,0.7099319471166802
1497835380,0.9273375749228191
1497856020,0.8408367184622914
1497869520,0.7710386686857886
1497888840,0.010872420709518169
1497905340,0.70816971896108
1497917820,0.7816056857793307
1497940920,0.6535205100561776
1497953580,0.8594705699762756
1497974220,0.8722506005063209
1497989220,0.5182652426309088
1498002180,0.6723806663608388
1498018200,0.7751442057684427
1498043220,0.09264320964218771
1498065960,0.7257808590180707
1498080120,0.8235434850101893
1498098660,0.843860550621669
1498122600,0.8592507957242488
1498142100,0.5979007017493145
1498164600,0.7491072577494763
1498182720,0.8806290999389174
1498205040,0.6358406577516975
1498216260,0.4864741588194104
1498231080,0.72963691508453
1498246140,0.8635232907959765
1498264380,0.7106149295698163
1498280280,0.244359016238049
1498303500,0.17307713345655082
1498314300,0.8730796493603625
1498338660,0.8831444911808424
1498354440,0.7804781483124361
1498378500,0.48411459168170035
1498400760,0.9085062900289008
1498423800,0.006149827645264741
1498442340,0.06974205989724062
1498463220,0.8528168308673649
1498482600,0.10142795876712392
1498493760,0.8524668973910933
1498516020,0.2495633388885209
1498532400,0.01114435966750127
1498552500,0.03998097979356562
1498574160,0.7344865315306446
1498596720,0.7273904109281358
1498611240,0.7201165454043347
1498622340,0.5012690836285827
1498634100,0.8391751754566283
1498655760,0.4041966673366179
1498675680,0.16561110565174691
1498689120,0.9297630852063781
1498711680,0.4141271849461168
1498725840,0.5830507523129793
1498742160,0.8766111346383086
1498764120,0.8512907188022942
1498779360,0.9266974515388683
1498797000,0.8999259497688171
1498814880,0.6568623243226006
1498826160,0.11785710342300304
1498837500,0.3027378640286913
1498858740,0.22704558179447826
1498881600,0.47841701786591356
1498906080,0.778589684007826
1498930500,0.7624738699508211
1498949220,0.1927876185662748
1498961100,0.23554573552607377
1498980540,0.14274524702511912
1498999980,0.27705530138934387
1499012160,0.7526285150410497
1499034960,0.049110325716038565
1499050680,0.9363377773377299
1499064780,0.636352752998664
1499084640,0.8123805966431344
1499101920,0.12913832950315518
1499125020,0.6727900469000806
1499140800,0.9589794582057839
1499159520,0.016404587167847172
1499183040,0.6498508528941431
1499194080,0.87732744837491
1499213880,0.7943948460510453
1499226300,0.32476131500816996
1499245620,0.6963678597834022
1499269680,0.7888225083764211
1499283540,0.8159378559581576
1499303820,0.004431350251616588
1499325240,0.09558239431178905
1499340660,0.5055748983758807
1499353560,0.11819728609095716
1499366400,0.8067568713545348
1499383620,0.6862779043185678
1499403360,0.1704360850793978
1499427720,0.6455089690813052
1499451840,0.3829722665542704
1499473440,0.3673661764348234
1499487180,0.25214406694749497
1499509500,0.16875756040601317
1499534160,0.6786703242707549
1499558100,0.7979034484145737
1499576040,0.6861063923558084
1499591880,0.7867138092571084
1499605200,0.35243244647455463
1499622420,0.24000121077002898
1499646960,0.9727597631269302
1499663400,0.7067956856913654
1499685960,0.5418955551518571
1499698740,0.8074410798923155
1499715000,0.9569945178664202
1499739900,0.08532313076194406
1499754120,0.07963663982396826
1499771760,0.8966723301824188
1499796720,0.5278224556413664
1499819100,0.7901258956643495
1499840820,0.8124312674373316
1499865240,0.8237927755349697
1499890200,0.1684449001145877
1499907540,0.015860728268449656
1499929500,0.6569465411172674
1499953920,0.6739770805712687
1499972280,0.8731124788182641
1499994240,0.7810890202958407
1500016500,0.40136642692836416
1500039840,0.27098878318063324
1500055260,0.9127526357378138
1500080220,0.8376550301498242
1500094800,0.932912987867295
1500112200,0.16296506878964
1500124260,0.8683869777271294
1500149160,0.9671317608152121
1500163740,0.8498852984380257
1500180840,0.5598594888531312
1500204780,0.7542083068969241
1500218400,0.23089789643293263
1500237480,0.2637444381105553
1500257220,0.10032077741213558
1500277860,0.17326349378267145
1500296520,0.21831533442772816
1500307440,0.8093968193760553
1500327540,0.2992027970202236
1500343500,0.7924356810870563
1500365460,0.5332787378684333
1500380460,0.060408338530370684
1500398700,0.7205747707755251
1500409680,0.5862710286314173
1500430920,0.9750862398249595
1500446520,0.7542106573061256
1500463860,0.23026574232445357
1500478560,0.24900873038205099
1500496740,0.8354153578479064
1500509160,0.5749842111467853
1500533820,0.8363041153084818
1500548520,0.76445374637283
1500564480,0.6698371209140678
1500588480,0.7002000607580436
1500610800,0.5178449447791991
1500624900,0.7900482453232934
1500644040,0.6502090392247746
1500665580,0.49863880295105634
1500676440,0.13469862059038903
1500699540,0.8148630424665593
1500710460,0.062259733855888455
1500731220,0.7848725795193432
1500752940,0.9173208923172962
1500769440,0.46889143010790724
1500782280,0.8595918044071361
1500795480,0.004516374560748014
1500809100,0.8070468181195795
1500829980,0.06983188014148596
1500845460,0.14207065346411238
1500862440,0.778540848539619
1500887280,0.8762845369990171
1500905880,0.7797715506588554
1500930120,0.9077299839068571
1500951600,0.4460094460890217
1500963780,0.8492419484524167
1500981480,0.6483946781096899
1501004400,0.6095623392777237
1501024260,0.7518853594885098
1501036320,0.8251455659457836
1501052580,0.1894981739784276
1501069200,0.4708066794434761
1501093980,0.7399311481384427
1501118280,0.2168689319698848
1501140000,0.5066741355283487
1501152480,0.23403671084513683
1501171920,0.24567299496585152
1501191420,0.3454549822952536
1501213740,0.22640411574343386
1501230960,0.7043057144604497
1501242900,0.7034546164929463
1501264020,0.9224546324695164
1501276440,0.9185965139233645
1501300380,0.006160029400677461
1501321980,0.17200209424305674
1501341300,0.01236948737045909
1501354620,0.8862670522062669
1501379700,0.7706239095856422
1501391040,0.00447657164879703
1501415580,0.8443100827295393
1501436700,0.7664946810902059
1501449960,0.19672611955233432
1501465560,0.7103915239801318
1501477200,0.44479058581848535
1501491000,0.7956306974375147
1501505580,0.8434214136002824
1501524180,0.43446768188695667
1501547640,0.777899593938656
1501569060,0.9809216752712115
1501590600,0.8536650754837896
1501614480,0.617767766117636
1501634580,0.6813934717555805
1501656600,0.9937207902150891
1501670640,0.5858368811602824
1501691460,0.9818834005097821
1501711920,0.906257064217503
1501731900,0.9664762346405824
1501744380,0.282885363613984
1501765200,0.896928315152298
1501786740,0.7797801567811089
1501803660,0.5418299024726037
1501816740,0.4403989068674092
1501837680,0.42518260997756324
1501854120,0.6858059861706925
1501877760,0.7848879813356388
1501899240,0.20393736314258598
1501923180,0.6357128259610221
1501939800,0.870163067995254
1501961580,0.961359561192623
1501976700,0.39454316049967386
1501997820,0.7406903617909864
1502020680,0.7460174222508318
1502032560,0.9027976955576653
1502043720,0.40755865945741065
1502059500,0.4479914504369164
1502075160,0.4114750222147209
1502092920,0.7113845565138536
1502105220,0.6628663914713245
1502120700,0.840072867315513
1502131500,0.930579082045118
1502145300,0.4546180686466701
1502160300,0.5547275192301669
1502176800,0.9451479134185133
1502199060,0.003514397453725204
1502222640,0.6754531330154028
1502233860,0.13546047835214742
1502248740,0.7844225643148687
1502265060,0.960519068866055
1502290200,0.45359434199204085
1502310600,0.2229815905114969
1502321460,0.7106061195211782
1502339040,0.3297638833764046
1502356320,0.948100026302867
1502381460,0.827171120548329
1502403300,0.26912291565951313
1502421960,0.5273017222148964
1502444340,0.15033484928170132
1502462520,0.8254090552528071
1502473500,0.8824702255490462
1502492160,0.8793633861772207
1502504700,0.128340628095147
1502516580,0.0375448635152751
1502535420,0.49645584818963756
1502554860,0.8229933164031208
1502577300,0.5450230627520083
1502589540,0.4664549050102008
1502613960,0.019131830866291836
1502630820,0.11943138137322128
1502653200,0.802147016209467
1502668320,0.8074553119608378
1502691960,0.17270472809859708
1502704320,0.4413065254558965
1502724960,0.7381808060438925
1502741460,0.830687645662204
1502763540,0.8527553259494651
1502781000,0.6760376408754252
1502793180,0.65389658823729
1502812860,0.9641406920348617
1502828940,0.3402312542522636
1502846100,0.44183676833759794
1502857920,0.08592089565009989
1502883060,0.6625106768658007
1502898900,0.25324996233755087
1502917920,0.8321234560040028
1502939340,0.8075775733734956
1502961660,0.5818121439600763
1502972460,0.8341121810687769
1502992620,0.8266556899839004
1503011400,0.7021751413488755
1503027360,0.6953126161441943
1503038400,0.3041998255259558
1503062460,0.0026844650610536656
1503086040,0.6430545514321562
1503099840,0.7136475508016074
1503116880,0.4491258408377503
1503135840,0.8621963423880836
1503156720,0.014976250312973914
1503168900,0.5083302405942665
1503184500,0.8143117703509175
1503203700,0.38717999640214196
1503218580,0.3146641059588664
1503241500,0.8928505266605408
1503266340,0.8123304541963632
1503282240,0.0065135559919437674
1503305160,0.010464902172713486
1503326340,0.8286282897195609
1503350820,0.8450069264143233
1503366180,0.9493162729910709
1503377040,0.6108561242688091
1503395280,0.37830398399692605
1503418440,0.8662099045569843
1503432000,0.8161454015193468
1503443520,0.8891016246844243
1503460200,0.48034238105063115
1503484320,0.9650282389174083
1503499500,0.9735114845646322
1503524040,0.9323017333243038
1503545820,0.6441082158278556
1503559380,0.9243645007196408
1503579480,0.8319475892766524
1503603240,0.36085126528935163
1503625260,0.8623705366470344
1503647520,0.005878435148803349
1503659640,0.8632747253596508
1503682800,0.15869826170139137
1503706860,0.012227734657623694
1503718980,0.7463849070425186
1503741060,0.9146055905476607
1503755520,0.04532642933831117
1503774300,0.9268476391780656
1503789240,0.7415440095901411
1503813000,0.647528807489675
1503834360,0.8148981980634632
1503851160,0.7208722007804395
1503862080,0.8631083783315695
1503878760,0.8655340477443403
1503901980,0.5659977625554069
1503920460,0.1466260909042723
1503944700,0.1729154538252345
1503967020,0.5036349782105449
1503990840,0.13838897958427915
1504014480,0.16394818520225066
1504031220,0.701807480693174
1504054980,0.6176064200138751
1504079400,0.7567770109181672
1504094520,0.8908783597171567
1504106400,0.697897217971308
1504117980,0.2035410997228658
1504142940,0.8899513808334678
1504155180,0.8395053456907194
1504167720,0.29815731234666054
1504188300,0.5533791077314865
1504210500,0.42736471276443244
1504234260,0.7872961827211336
1504246320,0.7278068278737311
1504260660,0.7597477149216527
1504283040,0.02468380995813866
1504296120,0.766720235641608
1504306920,0.4904394025700103
1504328220,0.5997192581120289
1504350600,0.869750103133472
1504365180,0.15703083563099204
1504378980,0.521804394149323
1504399680,0.35729062802603995
1504413300,0.02539583474139086
1504435740,0.4601043464400586
1504451940,0.683202689699246
1504472760,0.1366156311539783
1504488420,0.9153269662046681
1504500300,0.9441259639757041
1504514700,0.1202496726004463
1504525800,0.7024978616297181
1504548480,0.7695376618805354
1504565100,0.34394716399529346
1504581360,0.9150569036704819
1504606080,0.9027938358036539
1504618080,0.016099921806929113
1504635960,0.9274438415583695
1504649760,0.5249534730187821
1504664580,0.9271312904501735
1504683720,0.4712432254000589
1504701720,0.7946846294507022
1504722480,0.39038259829191146
1504745880,0.864457019130875
1504768200,0.011573384244795997
1504782180,0.8904640824416634
1504799460,0.7128438489855892
1504812120,0.2200688868724962
1504825980,0.8330196661838672
1504850880,0.24792988029600108
1504874280,0.9906049983375681
1504891560,0.6690546223655125
1504914780,0.8211072544405139
1504932360,0.962115701105317
1504952100,0.3016052023684998
1504967640,0.7106697187216519
1504985520,0.6239726411360835
1505000040,0.745533103429662
1505017020,0.642091815690425
1505041020,0.8071482966210153
1505057400,0.68788604107343
1505080500,0.21234446863721168
1505099220,0.7737870385159336
1505113920,0.8392696627612914
1505136360,0.6945722774129275
1505158260,0.07940290702446581
1505178240,0.2539440667324805
1505203140,0.05214876767055051
1505219940,0.6021278545487108
1505237100,0.4552556618728263
1505256420,0.17505684771528623
1505276880,0.6096757600803228
1505289060,0.3720699416369343
1505299980,0.3279709540612669
1505323620,0.024693733586759574
1505339460,0.33215667840303015
1505363280,0.6973886427252527
1505375820,0.7753413363688535
1505390460,0.3036093454820195
1505413620,0.023701427001018086
1505428620,0.7157258060779514
1505447280,0.27080441980948133
1505462220,0.849730584618651
1505482980,0.4771291762417342
1505495820,0.016293631515520712
1505514360,0.08826289059916827
1505537580,0.888832159355624
1505558520,0.2146362248091945
1505580000,0.004094657842276946
1505597340,0.8560671327699461
1505620200,0.7043433910800952
1505637960,0.9634679118042112
1505658600,0.8613645418999932
1505683260,0.7847838368387577
1505698020,0.9066715102238259
1505723220,0.07882845164976704
1505735340,0.5520894414607393
1505752080,0.840154961789642
1505766840,0.7141822229520361
1505781540,0.7868194522985994
1505804400,0.9086039229302638
1505821440,0.04764491028592702
1505832540,0.8072567076594632
1505851140,0.09584008009330817
1505870100,0.938504711191004
1505889000,0.12149260875715777
1505904720,0.26510700604200904
1505921400,0.6431363289018801
1505936580,0.4319316416836916
1505949780,0.3990174669748796
1505965680,0.9748264775939756
1505985540,0.8682952616532382
1505998920,0.9377324735282265
1506013380,0.11477311428806554
1506026580,0.8102745281294681
1506050460,0.8110805519377025
1506074280,0.46063820763866187
1506090660,0.5499483901702532
1506113040,0.07120252834731118
1506125640,0.7931877920846315
1506141960,0.9914005224580568
1506155640,0.030658008134709896
1506170220,0.6416864668581086
1506187320,0.27468356195245236
1506207060,0.7952517443017497
1506220020,0.688983148688977
1506245100,0.8526154108085918
1506261300,0.43562977603559816
1506284160,0.43939236577561314
1506295800,0.35846368246665716
1506313380,0.33855752911421494
1506338160,0.4071490701524732
1506358680,0.4629235221886385
1506378660,0.6462269096010246
1506394920,0.02583712674173409
1506418740,0.03384003815917779
1506440400,0.12497318163165154
1506452340,0.012068754607414998
1506471060,0.677150013470538
1506492360,0.7414109513134528
1506503520,0.35907647396746967
1506521940,0.7252172884757071
1506543060,0.3606182519682202
1506564540,0.7267677483063303
1506588720,0.01174299722270419
1506606960,0.8672676807629602
1506619020,0.15943351201986694
1506632220,0.17966783813114465
1506656040,0.8793260702960269
1506671460,0.45035791730011254
1506691500,0.38258598872676136
1506705240,0.3267226119657249
1506726180,0.05838905094421639
1506749880,0.6571623158778712
1506771840,0.8085401066903841
1506793920,0.9117174003248971
1506812940,0.15521239350195656
1506828300,0.882370648616142
1506842460,0.29929468032418133
1506857880,0.8338439745612976
1506881040,0.11548494236827575
1506893760,0.13097568576927665
1506912780,0.1841007013120273
1506930300,0.6950225235622862
1506954480,0.8918953091319697
1506967620,0.5729764091173779
1506990000,0.9456147824888887
1507002060,0.834257224371147
1507027200,0.17751448197984845
1507043460,0.7133028525655896
1507055400,0.7646892151262303
1507079460,0.6574771980005514
1507104420,0.5637802613312574
1507115520,0.8496585928796916
1507140300,0.07212491793468764
1507153800,0.8008481293183615
1507177020,0.5745131777932576
1507196460,0.6963106510270944
1507209180,0.13912735708026677
1507233300,0.573191023927426
1507244880,0.46839373842195775
1507257000,0.014509487148093999
1507279140,0.8544037655995255
1507301280,0.5602146660979147
1507319940,0.4319993380079567
1507333560,0.9335636486749926
1507349580,0.5914201516499626
1507371840,0.2017548580999568
1507396080,0.4345494821603349
1507417740,0.9208234446551595
1507437720,0.7785829804891564
1507453440,0.7808261328864721
1507476720,0.9865642891918058
1507488780,0.8157503340362978
1507513620,0.21368735946428213
1507524660,0.6636826843305941
1507536660,0.7267030090675067
1507558200,0.6706888862448971
1507581480,0.9792040560132437
1507596780,0.43137749969624056
1507613400,0.7982623238963942
1507626180,0.90286017095038
1507643700,0.874366710667959
1507659180,0.8667271103749743
1507683180,0.0250356618682561
1507701060,0.22251891980153166
1507718400,0.803518733335254
1507742160,0.7662919630604474
1507756860,0.5902392326896254
1507774920,0.9414563509466302
1507788120,0.37890118863057065
1507800840,0.7775663361380878
1507824360,0.629686588893674
1507836480,0.055971133657111975
1507857600,0.005965795040148264
1507874520,0.580097484731406
1507893660,0.8082822806588357
1507910340,0.5262807400585728
1507934880,0.2601765662094456
1507950900,0.6718856609344868
1507967880,0.3193127804753841
1507989600,0.48820714552516303
1508006340,0.2533664501700333
1508030760,0.03366372315469858
1508042400,0.8633235775395349
1508053200,0.6529525556878603
1508074680,0.8189757920051695
1508089320,0.3155010825324795
1508109660,0.6659574883605828
1508124720,0.22818569519795887
1508139360,0.9511139697896249
1508150280,0.9054352362856082
1508163900,0.14949004176890962
1508181000,0.289336756268604
1508203680,0.8390560213029298
1508221140,0.7965885888927635
1508244180,0.49896471142851034
1508261340,0.768837743482933
1508274540,0.7372018834571282
1508286000,0.015425129204522763
1508309280,0.6121528736516239
1508320740,0.2079615582047361
1508343720,0.33850988222567463
1508364300,0.1880323708132058
1508379900,0.6311173557858746
1508398920,0.3672603875706284
1508416200,0.24141352627874538
1508434500,0.7534572651257285
1508458140,0.37169542782773113
1508476140,0.6402543463588665
1508490060,0.6713193726172832
1508504340,0.34187612578925897
1508522940,0.4515911146811247
1508545920,0.7595929420232761
1508560800,0.8935540844906095
1508580960,0.886361674690508
1508597640,0.6145903555823766
1508616780,0.1986326417623439
1508637180,0.07149665444814594
1508658180,0.4949620095393329
1508673300,0.8158772301987177
1508685540,0.7500583951142775
1508709600,0.742297746924241
1508730060,0.6915798532478817
1508747100,0.5556086517329997
1508768040,0.35064286201993083
1508792340,0.7538784977289728
1508804160,0.01169493143796321
1508829360,0.13340182002161138
1508845320,0.7893275948118075
1508869140,0.6361560599163134
1508891700,0.012253185154647088
1508914680,0.00436435445482574
1508934180,0.3405595573933405
1508957040,0.9197787355485315
1508969520,0.7914792276427232
1508988000,0.8873675567376691
1509011100,0.9032364825795302
1509035940,0.03314594706867588
1509058680,0.30192902799520177
1509071820,0.25431629695637586
1509094020,0.16209710770400065
1509110820,0.5046967806720257
1509132600,0.11842880353289337
1509144360,0.8716766573875857
1509159060,0.03752688719062878
1509179820,0.5718615421562755
1509192600,0.005266724206179798
1509208680,0.7157901134496556
1509221640,0.6742838199582278
1509233160,0.4387255564631565
1509252540,0.16800100852796393
1509265080,0.02126254379710652
1509289620,0.2757104102203512
1509305160,0.3827891074896357
1509319980,0.6800864164851537
1509345180,0.8957337849396778
1509359160,0.6783915148664886
1509376440,0.7944587974558828
1509398220,0.3719742944396766
1509419160,0.6274608544600352
1509442140,0.8561980428864933
1509466980,0.8107469309607759
1509486780,0.019721632112755603
1509507600,0.7129000767519775
1509532440,0.6059140008097005
1509544020,0.8518267236376055
1509569040,0.8311533588380396
1509592440,0.8438212114190544
1509607620,0.7213036384167706
1509623700,0.37860277350990623
1509643140,0.17665735875182548
1509656520,0.9229890562133884
1509678360,0.9376626899015921
1509692400,0.9360030148081934
1509707820,0.6494133892030381
1509727080,0.31140002754674173
1509745080,0.6726741829074306
1509758100,0.054127391149845716
1509773940,0.04016302251144661
1509792600,0.44779066083355756
1509815100,0.0053306725682567115
1509834420,0.8309091234147934
1509856080,0.6935842144407529
1509878400,0.6603908887586681
1509894900,0.04950839148394941
1509908580,0.019339271228842825
1509930660,0.017297505514550674
1509949920,0.6583202534270993
1509968460,0.3050742661818771
1509979980,0.06916440548346173
1509997320,0.6090792375147518
1510008780,0.4488416510774211
1510019880,0.2574221405220426
1510038960,0.3448130891062949
1510050420,0.2789723564664182
1510063860,0.9427699767866637
1510084260,0.9567167973088073
1510099260,0.8865239196719054
1510122060,0.2233247177991799
1510138980,0.6512436030543209
1510161180,0.5580029701448768
1510175820,0.5888661966689316
1510201020,0.5658274718227895
1510215780,0.5167749480244752
1510240260,0.20844721951420772
1510255800,0.864567275604843
1510267920,0.686551720613026
1510286340,0.5954234187396141
1510303200,0.6613281576740603
1510317180,0.6738042645715494
1510331520,0.8889068361217627
1510344960,0.7998878980757586
1510359600,0.6862789552784818
1510371000,0.14593976330608616
1510389720,0.020764752928863567
1510414560,0.902114908582073
1510439700,0.624390000655333
1510462500,0.36340770654649807
1510484160,0.19041206312835726
1510507680,0.5802627712094476
1510529760,0.49808697438586574
1510542840,0.46689927877362003
1510558560,0.584784116532104
1510576140,0.6822621035985365
1510596660,0.1109020508150864
1510617720,0.18695335534265617
1510635060,0.5534290211411484
1510654020,0.626512166763756
1510665540,0.22056512841860362
1510687560,0.47354326327554974
1510699080,0.9094043578656215
1510712820,0.686033738778648
1510724640,0.6824681704341422
1510749300,0.051383644893928444
1510769160,0.5023942271573346
1510792320,0.9321048774369628
1510812480,0.3126242862852349
1510831260,0.6960179528543529
1510851060,0.9251814946591379
1510866180,0.146797577364637
1510883760,0.5838958214703325
1510902360,0.232382710146123
1510913340,0.8858766221060458
1510935480,0.7190609584105966
1510948740,0.8629676510922063
1510973580,0.48592278657095533
1510991760,0.9112216079179389
1511003280,0.560377598167038
1511015280,0.8289796782070276
1511034840,0.0346378163438831
1511054760,0.8546595699189778
1511066700,0.276721763125789
1511080380,0.45103842936170596
1511103300,0.9663865721618234
1511124600,0.9522553661087421
1511136120,0.16652240581419736
1511153100,0.8005231362432854
1511165640,0.95941285247029
1511186520,0.5808923870287422
1511208360,0.41543834027826476
1511223180,0.22777802830523783
1511239200,0.8232664594804427
1511251860,0.2563899163671133
1511267580,0.8384469370324493
1511288580,0.5479118520164286
1511300220,0.6051910718667156
1511323680,0.3224258114943244
1511346420,0.5575138114427575
1511360460,0.13692951447865176
1511383440,0.8207723034435941
1511394780,0.8931000213578112
1511407440,0.2672575946172727
1511431560,0.06334584216829574
1511450220,0.0376029005923637
1511472540,0.8455338519802431
1511496360,0.6290236474601706
1511518920,0.24624393707700454
1511535600,0.6697290345048209
1511558520,0.4821960809606885
1511579820,0.8150046222679954
1511596980,0.48355491280990026
1511619900,0.44417263596895984
1511643060,0.8675476741419049
1511664060,0.5910342654032034
1511686440,0.8616813666100179
1511699820,0.5490674409050925
1511725020,0.8968938724132381
1511736120,0.8609725075718407
1511760840,0.6732619225910398
1511783580,0.13093614072857196
1511803020,0.01822273978404595
1511814660,0.21558260294484577
1511839680,0.7437840967694794
1511859540,0.10470362159598359
1511878920,0.203815905705803
1511897280,0.33078286646031363
1511918100,0.9841077410957916
1511929140,0.1045486220031126
1511946660,0.904766526455578
1511962260,0.7019953062693487
1511986560,0.7972389370027628
1512009900,0.8358972127710887
1512034620,0.8678630899983996
1512054960,0.01895196775678899
1512070560,0.8429232324744694
1512095640,0.468364210285483
1512118620,0.19607942105548926
1512141000,0.1200269285290413
1512160500,0.29104264264850027
1512174120,0.9240649185267992
1512196920,0.5619464252071636
1512218640,0.8344950418519406
1512239340,0.589183827315447
1512250860,0.21766307912813584
1512269220,0.7793065098310066
1512293340,0.23968278712514263
1512315600,0.36267738320395926
1512330900,0.8594443495298452
1512347880,0.027496944800243006
1512359400,0.1246576126892603
1512376980,0.5860141447760261
1512399180,0.7335538047816811
1512421320,0.41459596080786704
1512433620,0.06212599835574824
1512457020,0.8630850072246903
1512481020,0.4548219850605113
1512499500,0.2670151219195929
1512522840,0.043146268923006534
1512546660,0.8845550943038086
1512565320,0.7744353125943306
1512584160,0.6277945940097531
1512603600,0.7983414814806872
1512618420,0.9115940179353436
1512632580,0.7494679639143553
1512653520,0.4907222065362121
1512669900,0.07351517696947865
1512681960,0.4478333392051359
1512694980,0.8287678895288348
1512716880,0.6626284311356807
1512733680,0.7059185770316083
1512757740,0.022672563374730042
1512770640,0.8114337648085467
1512782640,0.5377646046169304
1512803160,0.9407452654974617
1512821520,0.8074811030085138
1512837720,0.9105209309626153
1512861420,0.3131024092871017
1512877500,0.7647745727291185
1512895440,0.776654536620681
1512915720,0.1938421818586871
1512933780,0.43226380089189087
1512949080,0.9559102315540576
1512965400,0.2902759852178837
1512978480,0.846574608661865
1512990480,0.008508858869124843
1513004940,0.8244543010071956
1513018200,0.7291648205310483
1513040220,0.8152667410228215
1513064220,0.706780922915868
1513079280,0.00824102840906445
1513095420,0.21997042538932185
1513107000,0.8087103943883124
1513120020,0.8136292244862906
1513142400,0.4876855883681546
1513163580,0.42949671408298085
1513177800,0.7374001277374949
1513192860,0.9634915772202487
1513212240,0.9331649535470139
1513233720,0.9104728701968453
1513250820,0.4317150343436682
1513272180,0.09284406766845758
1513285080,0.7985383341633799
1513303380,0.8448597391282215
1513319880,0.7967014748693317
1513331640,0.47766015182771804
1513354500,0.8325615128547075
1513373640,0.9467325154325911
1513392780,0.7234689300462696
1513413120,0.24252159339135515
1513437060,0.10027812004344766
1513458300,0.7445927832326869
1513469340,0.5415851208902362
1513480560,0.6995838387529691
1513492980,0.8252789637336357
1513514640,0.4767968424176893
1513532040,0.7813802114980111
1513546800,0.599028538249896
1513567440,0.8440730540219822
1513578480,0.8535023801836842
1513595580,0.46419402996067416
1513617240,0.8143209413558539
1513632240,0.1938251355292685
1513643640,0.3207585976290715
1513666920,0.7423445900769557
1513686420,0.8512073632015216
1513710300,0.2386579017182144
1513730700,0.18004117390813745
1513751460,0.15942417439644951
1513776300,0.8169304493742174
1513789080,0.8253371756799498
1513811220,0.7077519255192999
1513831020,0.798962422404276
1513851120,0.45450501523769604
1513873200,0.8345097886377543
1513885740,0.9307482220390519
1513907820,0.8423154121774852
1513927380,0.6018808994398124
1513946820,0.25999224228993617
1513967400,0.8351498610258835
1513984080,0.7933492849725109
1514002860,0.8350938601577171
1514026500,0.40271666507114023
1514042400,0.8643879447039591
1514067360,0.777282104634714
1514079300,0.7318612380139848
1514090220,0.8547463304892289
1514105640,0.7490475373918271
1514117100,0.3384144950117379
1514131140,0.8761381421145663
1514154480,0.774660157121461
1514168220,0.1821164514943444
1514189220,0.6196979198438425
1514210460,0.8660405250353171
1514226000,0.6160512103723045
1514247300,0.1858205059638574
1514261760,0.782739853797288
1514282160,0.24368753755231914
1514299860,0.005960925985451108
1514310720,0.4445123324297963
1514329860,0.35024891111398365
1514354100,0.8473930295072568
1514371260,0.8017969710818937
1514384400,0.7644975175857789
1514403600,0.8266697457745688
1514416800,0.885230547225662
1514433240,0.21373048333441855
1514454660,0.02087136407808866
1514474460,0.43754256958279836
1514497380,0.48612248941253067
1514508180,0.9575826952947264
1514530680,0.3429742718389636
1514545140,0.11078074090531978
1514565060,0.6819897687925723
1514582280,0.9409296237996627
1514604360,0.9014449240288529
1514617440,0.510806397723498
1514642280,0.346778520831292
1514656140,0.7440248327641127
1514677140,0.33204893195736995
1514691480,0.17367616645133702
1514711940,0.5124387624229003
1514734560,0.9366844272526649
1514757900,0.25443179872754285
1514772120,0.1653438069948444
1514795340,0.26528122284014766
1514814720,0.6155419240826514
1514834820,0.6094022713100206
1514859840,0.7019779315102349
1514871180,0.7066389519858585
1514888400,0.3754219189776812
1514908860,0.22919252680448235
1514923260,0.01616145384705307
1514939880,0.9145442899472008
1514964300,0.7185520942903936
1514977260,0.7722094402720912
1514991360,0.3723880484973371
1515003180,0.7637070021278356
1515014940,0.7997056195976774
1515038340,0.11590699024938866
1515055020,0.8925249565429021
1515074700,0.930973667477434
1515090000,0.6237181382228973
1515106260,0.00300060608903448
1515119820,0.7881603662826797
1515133560,0.9081365488492146
1515153240,0.674775696508141
1515167340,0.9449981131340839
1515190380,0.16856367904067712
1515212940,0.5328254823514179
1515234420,0.9218261406606261
1515252000,0.41207093091819574
1515269820,0.8508525694310352
1515285360,0.7308908197794695
1515303600,0.06627291180016519
1515319980,0.3810602402869226
1515338340,0.8603555833117047
1515363060,0.611037169532212
1515374400,0.06124298204699152
1515396240,0.2011829111814039
1515411900,0.9701830421530276
1515430980,0.8206842083342176
1515445860,0.929831770289065
1515459120,0.8239356583603462
1515474000,0.8275462472753394
1515488220,0.3964780765350365
1515511020,0.885324312643602
1515527400,0.4879293979290769
1515552120,0.8233326431071659
1515570420,0.4659404393009535
1515584160,0.5850627092357642
1515601860,0.47006209995330156
1515614220,0.6048953753904709
1515627300,0.8975722846101859
1515643200,0.6425595936335111
1515656520,0.6990131254316673
1515680040,0.8435799475550316
1515694320,0.9038089783925116
1515718080,0.38140619798904085
1515738720,0.9345928267548799
1515752520,0.9891142772172232
1515769740,0.9198399919619114
1515781200,0.5810974303876126
1515796320,0.8853504075142429
1515807780,0.3765160552086879
1515830100,0.9595110111866842
1515853260,0.6926013545405307
1515866100,0.8437172433466923
1515882600,0.6061427464775219
1515906600,0.7929363273014735
1515919980,0.7041323961557091
1515936960,0.37315858062339363
1515952080,0.26111144716729673
1515970500,0.49405619701552816
1515982800,0.9664795073223921
1515998100,0.009922710836364779
1516022940,0.29941153631230955
1516043940,0.24464250956239628
1516061340,0.47516093098467976
1516085520,0.7913773650375566
1516104060,0.4433579492785341
1516121220,0.1346622227558896
1516135080,0.15577769712050596
1516152840,0.33796701285115593
1516171620,0.6558964476864986
1516195440,0.8921111034162026
1516210080,0.8089293479406364
1516228320,0.8609036410669646
1516253520,0.42604127854586343
1516276800,0.47634821365213403
1516300860,0.5016371004628098
1516322220,0.8557925610614389
1516344000,0.893643511134395
1516354860,0.9066971919410024
1516374300,0.7168024737071355
1516385760,0.46280661284969565
1516407780,0.8874415424971902
1516419480,0.748879240985759
1516431540,0.8612991424172277
1516455720,0.7958009217087176
1516472040,0.44328168751664754
1516485540,0.13864419395285343
1516509840,0.5502949354689585
1516521960,0.4218796873404458
1516544880,0.8525533581591805
1516567320,0.33820966414582304
1516582920,0.9646707336802811
1516595580,0.6193515781083797
1516612260,0.6017394657291623
1516632180,0.755066757032887
1516645080,0.8919445892011186
1516670040,0.5804645008415137
1516680840,0.2803114629834089
1516702500,0.9587121520056741
1516715160,0.2994698168484304
1516728780,0.7484253193871853
1516751820,0.7883053793847752
1516774920,0.6270094794765128
1516797300,0.8204034264899632
1516810800,0.7570002030230997
1516834140,0.5800637737958544
1516851900,0.8313156190174849
1516876320,0.6841489693900231
1516895460,0.16315959443301942
1516917120,0.37308003718119315
1516930740,0.9184226647309043
1516943760,0.8872725339267886
1516958820,0.6231675033974347
1516974600,0.8019085153408869
1516987500,0.5315337335569345
1517009940,0.5215981490549566
1517020740,0.7746359802252938
1517031540,0.8920567718398513
1517047980,0.16019776429093074
1517067060,0.7355185193555472
1517090700,0.9078685934368486
1517114520,0.2584953682501945
1517128680,0.05381218649530008
1517150400,0.9124035770636556
1517167800,0.2847385647297856
1517182920,0.17006756977280713
1517199720,0.916901493186917
1517213340,0.4540831354421894
1517232000,0.03519378572689097
1517254260,0.31272301408087305
1517268300,0.3471393392291871
1517288340,0.07192604025052107
1517299860,0.7779310943489913
1517317620,0.9335795244600203
1517333460,0.5392232653462337
1517353380,0.8284911125864671
1517373840,0.007389446964057661
1517393520,0.9093922902222006
1517406240,0.769489859012968
1517423940,0.9171638517693387
1517440680,0.09363701114948547
1517455980,0.20755858684751402
1517480820,0.8106935803749087
1517502600,0.7911346541989429
1517515740,0.872148166459882
1517528760,0.9660285511344646
1517545800,0.05060209759895021
1517566020,0.7163967054857173
1517581680,0.0022916855803995677
1517600100,0.3195351512256231
1517614920,0.028225034589142328
1517626740,0.5344185822361459
1517641500,0.40473463005195764
1517659980,0.0053246249263429295
1517674560,0.8854355105996221
1517690520,0.764019212210834
1517702040,0.39386478921479623
1517712960,0.3655369129180053
1517725020,0.7778508404316151
1517742720,0.9353014301331395
1517758500,0.7209449833088254
1517772420,0.901333669414136
1517784120,0.7730229117177478
1517796540,0.8295177097745154
1517810280,0.5654753334153692
1517831580,0.7364013614181238
1517850000,0.005517252583989498
1517869260,0.29149147326453767
1517888940,0.8614980491391686
1517905740,0.9171797179052835
1517927340,0.5591391061110347
1517945460,0.8867070331088402
1517969700,0.9214726714930814
1517981640,0.26678977703744244
1517998020,0.5695239645074973
1518021000,0.8002045034195787
1518039840,0.9471584716584213
1518051600,0.839879688531257
1518076080,0.8010225841081113
1518090660,0.10265170024766353
1518105540,0.312472749928447
1518119400,0.397524366821356
1518137100,0.42588750817296794
1518159660,0.9265674553088462
1518177900,0.8955592550177995
1518190920,0.43202682505326684
1518207240,0.6318853276561986
1518222300,0.3116269728579992
1518241680,0.9238489168635153
1518265380,0.6137234387699063
1518288240,0.5602131510095798
1518307920,0.27497661232967857
1518332100,0.030881505526672154
1518355260,0.6701390369319647
1518372360,0.2623808465399643
1518383760,0.6938262831001408
1518398880,0.48357051776874577
1518418620,0.09993959590018124
1518441180,0.5812724828804279
1518453720,0.02319091812312239
1518475320,0.8481592291751339
1518490320,0.611744599637608
1518502560,0.4958242446224687
1518520140,0.640266509468988
1518538260,0.8326959484392605
1518552840,0.5586525663298832
1518577680,0.8655738101955763
1518596520,0.43014245754018315
1518616440,0.2673099652953165
1518630420,0.22342224335846667
1518645360,0.020635962041272746
1518657240,0.585181409244328
1518681900,0.11863649671554703
1518696720,0.14883650566674395
1518708840,0.7164907748693431
1518731340,0.639828603016961
1518746700,0.7539109184205457
1518760500,0.8084749570690669
1518776340,0.8258537411153675
1518787680,0.7491662286182452
1518803220,0.2318641820789153
1518822180,0.7437054578254912
1518847200,0.9709472219448206
1518859320,0.1865538327929359
1518881820,0.4838161244688395
1518897300,0.6510977301614057
1518912060,0.7026423426088155
1518936960,0.9868904260773692
1518961620,0.09813215816292889
1518983820,0.6860822536381384
1519002000,0.20611805646201484
1519017660,0.22571410097742142
1519028640,0.5813334343626682
1519050300,0.8929405398799026
1519068300,0.7210869695208719
1519086900,0.35598463708052497
1519098960,0.002625899191473573
1519109880,0.8025349669184797
1519124880,0.930902925000286
1519142820,0.885725304486982
1519153620,0.007154069652649094
1519172580,0.1131434116005904
1519184280,0.6503081760371348
1519196580,0.7077350648037066
1519214160,0.980504337122386
1519231440,0.5763307613006038
1519247340,0.8044982081020665
1519269000,0.49565930242313166
1519283280,0.19788637486340996
1519300140,0.706048463897733
1519314720,0.9467550656996453
1519331880,0.7655921476229419
1519354500,0.3991715622785346
1519369440,0.8034520785845093
1519389300,0.2312357061607197
1519403880,0.39611130125964594
1519427880,0.8068313810954418
1519449420,0.8499239872804578
1519467540,0.38144180323124927
1519490940,0.45709105089467655
1519515060,0.544021319751568
1519533540,0.0439012553103098
1519558140,0.7511804691134083
1519573140,0.5521689403851777
1519585020,0.45568876686989035
1519603680,0.7580115407427728
1519624740,0.4474364914416139
1519642440,0.17740644434760494
1519654380,0.8687061724244869
1519665480,0.27236399225217156
1519681680,0.026141711217651076
1519698960,0.8909002216062941
1519711680,0.45439001651159544
1519733640,0.12443968525559111
1519754100,0.442286767661565
1519774860,0.9087189595374167
1519787520,0.7061059798272388
1519807440,0.9692872464481848
1519819560,0.8833005300514932
1519834440,0.8992102971232125
1519856520,0.7581165561268546
1519877700,0.9006167886170224
1519901460,0.5726792351581852
1519920360,0.925278599753888
1519945080,0.9599581427889459
1519957920,0.266894655976991
1519979640,0.5754597919530897
1520003640,0.6292079307238322
1520027160,0.6407488291095892
1520039700,0.7286965879795038
1520054880,0.3006878907477912
1520078640,0.7537122265940481
1520096460,0.8952116650788996
1520108220,0.16991186762889268
1520127360,0.6648373085765578
1520145780,0.4260114065367694
1520162640,0.01158357109053879
1520183400,0.6931888794903399
1520201280,0.88146907060357
1520219460,0.8110694383199932
1520238900,0.9664822496785672
1520257620,0.7560914584460421
1520282700,0.8058486810722353
1520294040,0.47939718698454054
1520310840,0.32043747943028894
1520323860,0.7922366555828484
1520336220,0.8140610126843527
1520358840,0.92257975259071
1520378640,0.7423017532377305
1520402700,0.39985234785895074
1520418240,0.03644381061568697
1520432220,0.8583662540202248
1520451000,0.7011275410339773
1520463480,0.8228684376595347
1520488440,0.6990086038672175
1520502780,0.8200776986649444
1520519100,0.08329919307829205
1520543340,0.6985566864632231
1520560740,0.023880542351838327
1520578320,0.8397941255251521
1520599860,0.7808419491650326
1520612100,0.8532269969140021
1520630520,0.3083737200947152
1520648940,0.3556964179842047
1520661480,0.17258263871481083
1520680860,0.3188636721248688
1520703360,0.46307835420521537
1520720820,0.3833038389589223
1520733420,0.09562955376362896
1520755080,0.012442194780655082
1520776560,0.3697265542857978
1520798820,0.5958954938998042
1520823300,0.5561219402792728
1520845500,0.7072321295051732
1520868060,0.009363427634368326
1520891340,0.8485905553553579
1520915760,0.5199636113834241
1520933040,0.1935255538056551
1520947560,0.7732028535791593
1520959260,0.8046985379894621
1520977560,0.7081304658538294
1520991780,0.9062173123721469
1521011460,0.6602326360301987
1521035400,0.007377571714137058
1521054840,0.5330663337345732
1521077700,0.7901340621568986
1521100500,0.9773096461413167
1521120120,0.06979421936338119
1521143160,0.7873053528373706
1521157020,0.11858732678507254
1521179460,0.004303603184432958
1521197580,0.9178579722460709
1521220920,0.21559596358756333
1521245040,0.6968996065175598
1521257460,0.27509732089517813
1521273360,0.5776756002879541
1521298020,0.487045838786255
1521315660,0.09970317890497374
1521327660,0.6748802716482869
1521338460,0.7544176192229545
1521360300,0.6981558748856699
1521382500,0.506392960927148
1521393540,0.021683601543454372
1521410700,0.1419917556320247
1521434580,0.8616087295494685
1521454500,0.9761525606255099
1521470100,0.7745289892492822
1521485520,0.845951443219288
1521504780,0.9653351772700566
1521525120,0.7612830494614251
1521536580,0.3320152212285356
1521551940,0.33142043239725766
1521572940,0.8167498687249799
1521585660,0.45543076605404353
1521601380,0.41966177125078624
1521616800,0.7907170310292428
1521636720,0.922598066776389
1521660360,0.7359393425696475
1521675540,0.8129850256631945
1521688620,0.7686452740758061
1521701760,0.015610241935399964
1521713100,0.6583647250954251
1521732540,0.8290267418914885
1521753540,0.6581298976641319
1521777540,0.18300309833016867
1521792480,0.8417558919443978
1521809880,0.005456815632514484
1521831660,0.7055636259970954
1521849960,0.7531115522693078
1521861720,0.3606378256350082
1521877320,0.8426278115805385
1521890160,0.048339663093749624
1521914520,0.9038464334177361
1521930120,0.6444985956114442
1521948840,0.07940731404559044
1521966480,0.9073325367227802
1521980940,0.9502801943171206
1521995820,0.8006379592361357
1522008540,0.5302979361615493
1522021020,0.8752161463724266
1522040580,0.835355154822961
1522056960,0.36210523116496485
1522079700,0.5873511512995321
1522091400,0.5481116119470597
1522113120,0.8086741335520116
1522132200,0.5516755766445354
1522150560,0.8410065703107273
1522161780,0.8637787432881584
1522185780,0.7389142468573203
1522204560,0.06675816816042629
1522220220,0.7925112139433164
1522234440,0.38504114977999904
1522245840,0.3190197422789342
1522260660,0.7522563102281434
1522271760,0.573625207897602
1522293480,0.6962681363065739
1522313220,0.013080872814951714
1522325760,0.6972822647233866
1522347480,0.9399509598039343
1522366320,0.871955616819503
1522379880,0.05850653641330224
1522398600,0.8708098065032831
1522418160,0.688045718342525
1522437240,0.7621097807535464
1522449300,0.08280591773211464
1522473540,0.883379571427396
1522491480,0.464771694720782
1522503060,0.010442123567976889
1522526400,0.6349985855044046
1522538220,0.03929941657877871
1522551900,0.78785122278759
1522570260,0.8790572564340046
1522588140,0.3615502486866212
1522608780,0.8063345529828928
1522633440,0.4451597665764997
1522649700,0.8772019276591793
1522664580,0.6437714778224581
1522675980,0.1940525395896394
1522698780,0.3257343050047524
1522717140,0.7079788654539979
1522729080,0.7640991978913759
1522748400,0.18576325152443096
1522763400,0.8367428310264524
1522786140,0.3447708759656467
1522808820,0.5921756408253208
1522819800,0.8383279770795693
1522843920,0.6763752383396053
1522855920,0.5321828545390612
1522871160,0.9114582866288309
1522888260,0.8750971829388104
1522909920,0.8795398803815135
1522925760,0.5633726061760616
1522947300,0.8992052641099517
1522961040,0.41706204216132947
1522979400,0.7906181747668287
1522995240,0.8169249496509782
1523018880,0.020598775602162698
1523038440,0.9882171410595423
1523057040,0.7157234900141106
1523080740,0.6265130357603166
1523103540,0.8203250485048765
1523123100,0.3227657811201327
1523146560,0.6712159422715244
1523167740,0.8845334259024352
1523187060,0.8573470856735661
1523209980,0.9742469170560143
1523224020,0.8436525769757223
1523238840,0.7789656262940567
1523257140,0.31224758205530534
1523270820,0.7105080621558049
1523286900,0.919541950503241
1523306520,0.6676507594660241
1523320800,0.8344220736350056
1523341920,0.7170365626685299
1523357520,0.4742000007895467
1523382420,0.9617076583038199
1523393280,0.5470657938906224
1523407680,0.6040604213242418
1523423100,0.46167554379831893
1523442240,0.8489699589086696
1523467020,0.6325540973546399
1523482020,0.0076113136252825495
1523506260,0.06125512660742604
1523522640,0.48945616164983763
1523547360,0.9012690554473116
1523562660,0.7597066644477336
1523581980,0.14531997571467625
1523597580,0.34732074083903564
1523621640,0.8082242211903966
1523644680,0.3146940396288191
1523667540,0.7540364130185844
1523692140,0.6132304504439233
1523710920,0.921010644581774
1523733960,0.008053190782297886
1523752200,0.7774028702815979
1523767140,0.3906957552730703
1523789220,0.12680094424115218
1523812020,0.5526787439080025
1523836440,0.20330767027078175
1523853120,0.07216807157268593
1523874900,0.7886781003334454
1523890860,0.9880287801087184
1523915400,0.17476163847713433
1523935440,0.8424874544986868
1523946960,0.7036175766825931
1523970600,0.12467652727892709
1523981700,0.7526579005672736
1524001800,0.007768230478625427
1524024900,0.22901516245850656
1524044100,0.008347839330903703
1524061920,0.11266296527329289
1524085320,0.8627023931114532
1524100920,0.468900271134619
1524118560,0.5617898178044456
1524143700,0.5350318013493914
1524167460,0.09045432318342628
1524182160,0.6923521758462953
1524207060,0.17642242234794436
1524231300,0.9725354043547889
1524253320,0.7447079222040687
1524267060,0.875826110523549
1524281460,0.482813601808268
1524302760,0.13639930835266104
1524321840,0.6664493882845737
1524337020,0.6273158272170068
1524355140,0.5134185410359509
1524367380,0.3101651566363608
1524391320,0.7884939091954716
1524404100,0.9404563525443224
1524421020,0.782009020015236
1524438420,0.7593409112082338
1524460620,0.07419065340246625
1524485340,0.25432601312639
1524499740,0.7024373185390069
1524513180,0.19167497883122137
1524532320,0.9449065159894131
1524553140,0.7071984521070656
1524570660,0.8657799598489917
1524584040,0.36951715593011997
1524605460,0.7944928537289576
1524622680,0.4606744594349264
1524638100,0.9858830585180968
1524656700,0.04429966332272534
1524668160,0.11191861447877227
1524689280,0.3280945135160505
1524713100,0.8578378295568759
1524727500,0.9380946809799257
1524750000,0.7097593222689481
1524762360,0.37295933883705157
1524773820,0.1313313295212334
1524797100,0.42378751621177985
1524814800,0.8371371979749421
1524839220,0.8703794089648169
1524854880,0.33509943350015414
1524876360,0.2773752109361105
1524897240,0.32971812687234403
1524920820,0.48415400522290813
1524936420,0.23547564034201435
1524961260,0.13785977635959135
1524982800,0.6484808335433875
1524999780,0.9333649599528085
1525011240,0.9916989921567683
1525027260,0.9552350641626093
1525051980,0.7425417093248406
1525073460,0.9563522303821128
1525094160,0.814044918220103
1525114620,0.8473204304561168
1525131480,0.15184677329451723
1525148280,0.46517935978401087
1525171620,0.11548971406357605
1525194360,0.3428850105698778
1525216500,0.7522073975037975
1525229340,0.01681038666819301
1525244940,0.7253526107016366
1525267500,0.8396486703651735
1525279680,0.17446578774789337
1525293660,0.18924008037646473
1525314240,0.9859774066749573
1525329720,0.605319271021254
1525347000,0.8757313992753382
1525368360,0.881846858650639
1525392480,0.0020773633571159744
1525408920,0.570564366548491
1525422000,0.4301373818965858
1525445520,0.663568907552702
1525469040,0.049001480368923836
1525482720,0.5848985687283675
1525506480,0.01005668387569901
1525520400,0.9767912648669271
1525537980,0.22638540018186798
1525552680,0.12764766085884582
1525572900,0.3869618598161453
1525583880,0.8175332623629002
1525599000,0.855836322907846
1525610820,0.5947354874528183
1525629060,0.4478679779696008
1525640940,0.5679953397528061
1525659900,0.9583579780725826
1525684800,0.34490967716525456
1525701600,0.6627368732621551
1525726140,0.8387622052654187
1525738800,0.41236912411935955
1525762860,0.8586928836933597
1525777980,0.2814288315632386
1525790340,0.8800229751824006
1525813560,0.7513488713471559
1525825200,0.47316536640116097
1525848240,0.8466276507543627
1525866000,0.8498400849662184
1525878300,0.9101249112773728
1525894920,0.40083480670649907
1525916340,0.007039233167368434
1525934820,0.8765581816047577
1525959120,0.09182581751196904
1525971120,0.49981350717387063
1525991280,0.47751420845276904
1526002260,0.9823359579498173
1526018460,0.03178758741721416
1526038260,0.38968005166708897
1526055240,0.7966110846391169
1526073180,0.7670462581026766
1526093640,0.3511485344247209
1526110560,0.09869625692830788
1526125020,0.05708176083642181
1526144760,0.5902383342662763
1526157480,0.6482728353618242
1526178420,0.8053545424764542
1526200620,0.0723710388735054
1526221440,0.866747729623063
1526234520,0.6659600619105639
1526255460,0.7359943846465259
1526271240,0.5414687707166996
1526289300,0.26339236254531323
1526313780,0.5567400819394966
1526337660,0.9261009765646625
1526358960,0.8809240252031638
1526379360,0.631100359366939
1526394840,0.7602895420958784
1526408520,0.1480709271605472
1526427960,0.7297771313214018
1526439360,0.23925808168106627
1526451120,0.15609910771214955
1526472300,0.7181762177549424
1526485380,0.463774112380283
1526503380,0.77441611370953
1526514720,0.7318954336247537
1526538480,0.8282369300971267
1526549280,0.877679588850311
1526562120,0.5762450241526873
1526585340,0.07394402373750954
1526601840,0.7910877946363543
1526621820,0.19805322916212997
1526637660,0.07957240459242673
1526657640,0.05757409494809817
1526679120,0.6042258178216997
1526698080,0.833104350564723
1526709960,0.7099546169859592
1526720880,0.7917015660161937
1526733780,0.8045765603259101
1526747220,0.8757797999770325
1526762640,0.4758207625769217
1526782140,0.8051966169670495
1526794500,0.6960417775857105
1526810700,0.6688292578098131
1526832720,0.8087289299123614
1526844660,0.5227575762763251
1526866740,0.2649745387879613
1526881920,0.8684730519159835
1526894220,0.8888530756538986
1526909040,0.5744071374112112
1526930100,0.7733874716751179
1526952060,0.7711071181691278
1526963640,0.7959998508097962
1526985360,0.9142701822627661
1527007320,0.9243123368579607
1527018420,0.6100202678616675
1527040740,0.8730418021171444
1527064320,0.8555510480269192
1527087840,0.8316829001291305
1527100260,0.953396534344769
1527115620,0.6964532924476259
1527132540,0.8891391048430818
1527153300,0.9155083615768023
1527170580,0.6512453623383195
1527181800,0.003202970964448885
1527205620,0.11311805571091253
1527218040,0.2954694662212015
1527229200,0.690156700888605
1527251340,0.5658503872514269
1527262980,0.9106412542647094
1527284340,0.1807460639815676
1527301920,0.0994742037993852
1527324780,0.7201539121446935
1527345720,0.7731985860700417
1527369360,0.9631299074965386
1527393780,0.8183128927590633
1527408960,0.8426562659159363
1527424320,0.5416847897837932
1527438960,0.2033504643972258
1527459840,0.7458682720384698
1527484260,0.27569909126498016
1527505140,0.8095732362408378
1527518700,0.8756562997078481
1527532980,0.5997151390289028
1527556860,0.025834686909957286
1527579300,0.5578442815952163
1527594600,0.7217568814484713
1527619320,0.8623125872748669
1527638580,0.407262659625325
1527658440,0.543331918013825
1527676140,0.9743237592795945
1527698940,0.005519139718813291
1527721800,0.9119104067602875
1527736860,0.07491720263696959
1527750540,0.0610327397370435
1527774300,0.4634773221585061
1527786000,0.9152623882716404
1527801840,0.12732693198440273
1527825720,0.8781472714205114
1527841140,0.8636380728308894
1527854940,0.9460695829183174
1527874380,0.28119515359836833
1527886200,0.8031034401706652
1527906360,0.7690833743310899
1527928980,0.7276945967818353
1527946920,0.9144879295793966
1527959040,0.735170196737635
1527982560,0.8019087548553562
1528007040,0.5634068828842065
1528029420,0.5269824432949932
1528048080,0.4039238738318193
1528066920,0.9664058419042683
1528082760,0.7778249513567421
1528107120,0.006173834854811197
1528124040,0.7908223121348955
1528135620,0.13449868836762646
1528152360,0.05188530819162809
1528173960,0.8812258184904243
1528192320,0.7068253518954838
1528207920,0.7271272907467636
1528223520,0.7477890969679001
1528236360,0.6863200625608001
1528256400,0.0028581814590243667
1528280280,0.9016844490815791
1528296420,0.746417878706966
1528317780,0.8756867520362364
1528334280,0.8035794299754271
1528350000,0.9072968574863072
1528371480,0.10107677586613899
1528394640,0.5074218214179599
1528405500,0.44984163372617775
1528426680,0.35039815402730934
1528439760,0.6753475251887
1528457460,0.8304420519636213
1528470540,0.1555889640225238
1528489440,0.7291088899431788
1528513500,0.5548690497702063
1528535940,0.8724404585152472
1528555020,0.8084681930150099
1528567380,0.7140615748522985
1528588380,0.8808200358692271
1528605900,0.14486015252528314
1528619340,0.16629584781565862
1528634760,0.4474270442509755
1528648140,0.9647701017816258
1528668900,0.6940040511556417
1528686360,0.09306181165778633
1528698660,0.18820514516013945
1528715580,0.6314390811669764
1528735320,0.907367421413508
1528757820,0.29221890790952637
1528780320,0.911311928096699
1528802040,0.8427307910558006
1528814040,0.599925068323136
1528838820,0.3703960891651148
1528860060,0.2108560381097195
1528879260,0.6110718762637031
1528904400,0.9026871041769964
1528918020,0.2447156540999541
1528937700,0.3158602891370059
1528956120,0.3188208503117048
1528971120,0.40039953748701407
1528987500,0.5821151826545972
1529012580,0.749459058555735
1529035860,0.026620683240012284
1529047620,0.6194031978594211
1529062740,0.5596048060252872
1529081040,0.7662289824419742
1529103000,0.9095745050480801
1529116800,0.7396769094214798
1529127600,0.03070413553980103
1529146920,0.9102332688142398
1529172120,0.6592845629774449
1529189040,0.5741963872683329
1529201220,0.22238894139160725
1529225520,0.5002629590157384
1529237400,0.8126272976240388
1529249280,0.4633405534060311
1529268900,0.5829053766650518
1529286840,0.5337677285293156
1529310120,0.8150623635631702
1529325300,0.41387220201524433
1529343720,0.345336694595355
1529356140,0.47665964410188144
1529369760,0.16584349345747007
1529393520,0.21287944015426208
1529409540,0.9264032808894478
1529430300,0.12826295300498064
1529447520,0.3390774742006133
1529463720,0.3210271921466963
1529484060,0.025590615739322378
1529503020,0.8305340619865904
1529520780,0.705258255655392
1529538420,0.5682811714130156
1529556300,0.9090858387672861
1529568000,0.8168997042602585
1529581620,0.791812966269521
1529597460,0.17083792457077346
1529610360,0.505798764809561
1529621640,0.18325986293048113
1529641620,0.5260384947016657
1529653920,0.8140311219871925
1529665080,0.16629362408048928
1529688900,0.06686441941218693
1529703480,0.928324086219837
1529726280,0.7438579107350998
1529738460,0.4034898069147723
1529753760,0.5645859089432704
1529767980,0.2850065341298513
1529779020,0.588292857750751
1529792940,0.6913366226861433
1529817240,0.7638578785967434
1529841660,0.9671132095758299
1529853480,0.47521169665733
1529867520,0.8600841729768854
1529882040,0.7620519040472725
1529903880,0.11893930250851475
1529927700,0.32319739707986156
1529941320,0.39370375841060995
1529960880,0.940685913971248
1529979660,0.49572772045563007
1529997180,0.9905538082648316
1530019920,0.6435082469677487
1530040200,0.42325338633431975
1530065100,0.22902978922371134
1530077340,0.8191714623882197
1530096960,0.6092427773690265
1530119940,0.15245802658962748
1530144840,0.049609055598025024
1530166980,0.9856325331984677
1530178800,0.03766126331455103
1530201240,0.3964155240411911
1530219960,0.4521930774601389
1530240300,0.20543796582739107
1530261600,0.08278486129155518
1530285720,0.842768327244773
1530309480,0.7150377114702098
1530327840,0.9394701255307745
1530345900,0.021929644139256937
1530366600,0.2420072046652932
1530387060,0.9200832118601332
1530410520,0.8792212758414905
1530425700,0.5938022117108696
1530442740,0.6309151670165659
1530464700,0.810723800901456
1530475980,0.9609991034039977
1530495660,0.9831505962504654
1530508800,0.6152489672998718
1530529380,0.8426007950267111
1530548280,0.7350822435204034
1530570540,0.08437437622315679
1530584280,0.8558694890263661
1530604560,0.25712290767702395
1530627540,0.11934736303002258
1530651060,0.7317637535323122
1530668760,0.635410892599419
1530692760,0.24651367187268663
1530705540,0.9280561988107889
1530723360,0.7345124707342106
1530746460,0.6743203868485206
1530764820,0.3499171783009368
1530778380,0.7487712187915361
1530791700,0.46750846357669495
1530815880,0.1978462067004536
1530829740,0.5283063755620196
1530845040,0.8486348048289764
1530859740,0.6191114963324721
1530872220,0.6733223645448656
1530897240,0.2611417048997189
1530913440,0.28316269873854427
1530936720,0.2044343314302965
1530949140,0.3490355572235891
1530960420,0.7708919339222768
1530981960,0.8696845293613382
1530997800,0.901435799605522
1531022520,0.1305106975430962
1531040040,0.014265951980416882
1531060680,0.7835685176139711
1531082880,0.08527017079420984
1531106160,0.5459113040455864
1531121460,0.7877791749361783
1531132680,0.44575639004538636
1531147920,0.8357160944639511
1531162560,0.7530364783644997
1531187640,0.4681952377475128
1531212600,0.5637068700469994
1531235460,0.8339165096686165
1531258980,0.7660741506999228
1531282380,0.7040277908469669
1531304580,0.7437306425954648
1531316520,0.9138308800734665
1531338900,0.17111627117080264
1531359660,0.0017965630974060075
1531381860,0.8759810688139102
1531403100,0.22658425445479624
1531418340,0.6582041745921346
1531443480,0.0036366316588209214
1531465080,0.7299821569000359
1531488240,0.42019434841656045
1531513380,0.756625896809616
1531537380,0.07549316033492527
1531556940,0.6949950158421255
1531578720,0.5050748920828386
1531594740,0.8492191093875538
1531608180,0.5199739849803658
1531619520,0.383777894078398
1531637460,0.6111172534001782
1531653540,0.3508140632448892
1531672440,0.7699668985062817
1531686420,0.03577407715399623
1531708380,0.9352590178305012
1531725300,0.7949733695475082
1531744020,0.8851499785136693
1531758420,0.9752002998392012
1531781460,0.6211320781528997
1531798080,0.4133508394231935
1531816260,0.7425977757527968
1531827540,0.30092763599712374
1531840140,0.8826205533914079
1531859460,0.8573153716570414
1531883160,0.8233916555809242
1531897920,0.49457242000880514
1531914300,0.6835320592105779
1531937880,0.8438439611970128
1531951920,0.7808345096037697
1531963140,0.9152750819976203
1531978020,0.7506247498882991
1532000520,0.8819871191292131
1532020440,0.6792355080740035
1532041620,0.7641041743829305
1532060340,0.09227422308198227
1532082120,0.0158158846565329
1532101380,0.2418543477689879
1532112720,0.5430423186925696
1532132700,0.35369741676523186
1532151240,0.2528564489371753
1532169480,0.31330412482753184
1532188020,0.31223075721003235
1532211960,0.8499231167877653
1532227320,0.655466201609658
1532244420,0.15406985586944197
1532256540,0.8898500695566507
1532276760,0.5767388260743652
1532290740,0.09277589194877048
1532307120,0.26667409717526136
1532332260,0.2258413898093226
1532354400,0.9382817014379096
1532368740,0.7947778863244125
1532385540,0.8407819916115914
1532409960,0.765623296088181
1532430840,0.008682932631969668
1532450340,0.8287811674867741
1532463180,0.7211608118249645
1532476740,0.528871913086134
1532489820,0.7959882914412006
1532503380,0.4568027431175365
1532515500,0.437808480062932
1532527500,0.6201486581516712
1532551320,0.3195530917361875
1532562840,0.6093193900971516
1532585700,0.20526489794055955
1532603640,0.17494187996469945
1532616240,0.04757445680395864
1532628060,0.4972554409144681
1532643120,0.36099561269312547
1532664060,0.7972354329907485
1532675520,0.5145018188722906
1532687160,0.6949698675492398
1532710020,0.7628692835710535
1532721720,0.9247629429240968
1532739780,0.7202118881555146
1532753460,0.857063060716252
1532771520,0.9005584464762019
1532794200,0.10238134007994666
1532805960,0.737381527663583
1532820540,0.8305952456770764
1532839200,0.9771458868732169
1532861460,0.5332821239342884
1532886660,0.7028069086017193
1532899920,0.559934620724762
1532921460,0.9171747045544189
1532941980,0.2957729181475934
1532963100,0.9603821056271945
1532985480,0.919975656087106
1533006060,0.6966033114659843
1533024180,0.7427021586909268
1533037620,0.12569295670332437
1533055680,0.15938058900746233
1533073620,0.7119915951894501
1533092520,0.02190025354907519
1533107160,0.8405753405151455
1533130200,0.36604235406708496
1533145920,0.989222631122884
1533166380,0.09072077761871618
1533182280,0.7793940178697808
1533205140,0.1276713852990218
1533229860,0.902621489515202
1533245160,0.1848858951614215
1533258780,0.5882582791513953
1533273540,0.1769435305818824
1533290400,0.6805002420671517
1533313800,0.5832361675769844
1533336600,0.8871123315779676
1533350040,0.20086440049050974
1533362040,0.932823795897418
1533374520,0.803519227183793
1533397260,0.7675731049385585
1533417540,0.8892413635882823
1533442200,0.7147913405244702
1533464400,0.4940061899620132
1533484680,0.829981117948419
1533504240,0.018009190656565324
1533529200,0.32544370955593976
1533546960,0.8787224718956422
1533564420,0.7128458046936005
1533587160,0.7998501103430478
1533608400,0.920486736070632
1533622620,0.5750870759597498
1533640980,0.8598511620554266
1533659700,0.6632176225944187
1533677460,0.3187980741019928
1533694500,0.6200580497611083
1533710280,0.7192283991263829
1533731760,0.8147556037749072
1533755700,0.6911210426384651
1533774240,0.6084628924210909
1533798420,0.503205889620801
1533815280,0.8470646637274795
1533833820,0.5763738511709705
1533855600,0.3104347504162672
1533866460,0.015161476836629965
1533878820,0.24852038288422196
1533897300,0.3054455116356269
1533919740,0.8538749844161636
1533937620,0.4196666396830218
1533961380,0.20899887788321514
1533979920,0.008259947890068328
1534000680,0.0757461838758038
1534012080,0.49008686697914067
1534024980,0.932334982289458
1534048380,0.8208861128593743
1534064820,0.4008918443839913
1534086720,0.8091423541235423
1534105140,0.7297424553458218
1534125540,0.752829802723493
1534147020,0.4285067757135792
1534158600,0.8669659640210526
1534181760,0.17938171354876123
1534203420,0.7204630952311726
1534220820,0.43682471328168415
1534231680,0.9141367318100679
1534251240,0.8270209724807551
1534275900,0.666314173732563
1534290360,0.7805646685238671
1534303140,0.713300136428786
1534322460,0.6351236608402269
1534343940,0.4880667415664466
1534364700,0.8532840336072336
1534377480,0.4354426187584133
1534396920,0.7068161370096013
1534409400,0.6091703989017347
1534423200,0.46330191957620004
1534439880,0.9699821823839934
1534454940,0.4018536603749837
1534467720,0.8181280219209417
1534479120,0.8596940054140688
1534497180,0.8323901804932596
1534514400,0.004969480900358476
1534534440,0.7861079887158637
1534554120,0.7585810787982219
1534571460,0.6213850360782358
1534587660,0.7475227720968473
1534600620,0.8128227421559906
1534621680,0.6705073315951599
1534638360,0.6398677529056357
1534656360,0.21908851490999307
1534678920,0.34943736186927365
1534692780,0.9550920082527289
1534712100,0.46130142116379014
1534731060,0.3640754726013948
1534754100,0.2892479283858527
1534768200,0.3002532325176831
1534786860,0.6632917985303148
1534801020,0.5988988979935372
1534818360,0.9316139873328806
1534841220,0.08926727253427257
1534861800,0.042040620340839524
1534878300,0.0753863158375846
1534896960,0.0727510325788698
1534911240,0.8066330694435754
1534933200,0.1872534065514009
1534952760,0.1626052596052452
1534964520,0.18510937042165618
1534986060,0.9201357313668096
1534998720,0.9659957832281529
1535012760,0.1651895603387587
1535035320,0.2314766736771481
1535047920,0.8274307960462916
1535059320,0.8787852394648561
1535083440,0.32204461263288287
1535095080,0.45380052699017315
1535111100,0.8600370516073894
1535132820,0.8333679913886216
1535152200,0.9027045653891792
1535173140,0.5121434865710746
1535191440,0.46156867367362736
1535216040,0.2041845851627026
1535234640,0.8321175709994031
1535256240,0.288064665382637
1535271840,0.05387137044504313
1535285040,0.48601925817482183
1535298120,0.5463049483308653
1535319600,0.28612282186798205
1535332380,0.19273914516947924
1535353560,0.6931942324782707
1535378700,0.2265622086238613
1535401740,0.7839369597891804
1535420160,0.7908150055286984
1535433060,0.831910181377854
1535456880,0.5789368333546463
1535468460,0.7485176334757422
1535486940,0.7103757228489044
1535508060,0.6804491038416903
1535520240,0.08357501411605237
1535533560,0.8727334363128849
1535549100,0.5185230497770121
1535564460,0.7445925589697495
1535576820,0.7542645939769581
1535599440,0.6385890073854313
1535618760,0.5179869072343949
1535636040,0.8784622535821139
1535647860,0.09594810811321607
1535667300,0.6701600281884182
1535686860,0.7496984763546539
1535711220,0.8624460605328697
1535735820,0.7706973228877467
1535749860,0.8978397375307855
1535769060,0.6719685797960364
1535780820,0.06495710582236491
1535805480,0.2601350309301616
1535816520,0.7981138928749393
1535839740,0.6170703493053878
1535860020,0.64402599269088
1535875800,0.44895706096456456
1535886840,0.07677931177826397
1535901300,0.07994045953770962
1535914680,0.9243542344279309
1535933220,0.8397440644692196
1535955000,0.9133220983010937
1535972340,0.18625491614326836
1535993160,0.8686561312664128
1536011520,0.006367015561735114
1536023700,0.8186450399971422
1536047100,0.8332783265004783
1536067440,0.6483914013591403
1536091800,0.7952887080903956
1536108300,0.7845691156582164
1536128040,0.6603193629972975
1536144600,0.9257074699697321
1536162660,0.8698271347094457
1536182760,0.06777970902712102
1536207480,0.8228547874638732
1536227280,0.6693749871601196
1536244860,0.7076050512034622
1536267600,0.60881483102325
1536283020,0.6988652174668893
1536295320,0.11320040848796066
1536313440,0.7381932295681419
1536337380,0.6786008565929216
1536358320,0.5139154377328017
1536380460,0.5187191901325061
1536394860,0.7163302628662851
1536413160,0.783238323754857
1536435360,0.5514254462269471
1536453840,0.48818928217762086
1536470340,0.19035881952733333
1536481260,0.5870415783415165
1536492960,0.7722270228796875
1536517260,0.553448835707044
1536538740,0.5701496269264567
1536561780,0.8446295055086765
1536586140,0.4461593287756504
1536598080,0.8004028511419352
1536622800,0.005909214195194496
1536643380,0.07702218896996971
1536666060,0.8263472964726616
1536677580,0.9520053054092781
1536688380,0.04987847740436282
1536712680,0.5365024976989899
1536737280,0.08913629576629352
1536758820,0.13260759706806208
1536783240,0.7305534359011242
1536800940,0.2774521383864559
1536811860,0.7641055333177893
1536832920,0.8603773886969832
1536856320,0.9755047111351635
1536870120,0.6898803119173935
1536888000,0.7042260865606584
1536912600,0.26479880411693
1536929880,0.9094748384257652
1536944880,0.04469409065352563
1536964980,0.35791940926665095
1536976620,0.9085851275788999
1536995880,0.052939827913752374
1537015680,0.10545826567919803
1537037100,0.5246055363794241
1537050600,0.13319761783833187
1537069560,0.3468559373126687
1537092300,0.7558222004036528
1537109400,0.06955284999268653
1537123440,0.3635845398157162
1537135260,0.7009372483119576
1537150320,0.9527938200159898
1537172220,0.44026744516826
1537186680,0.34652109388702906
1537197600,0.9449251027831121
1537215960,0.8027639062047385
1537235640,0.7251717451670945
1537252140,0.6510072177711534
1537264380,0.23457136048988222
1537282440,0.7937734762033728
1537300200,0.7213069508455745
1537318620,0.2525496421490062
1537338360,0.44990224333999573
1537351200,0.8059358632692348
1537365780,0.02529365141136486
1537385340,0.1970159672021973
1537407720,0.09276236811955588
1537432740,0.6945435622980728
1537447440,0.8704379051455495
1537467840,0.7779935995228754
1537491900,0.8722660358289342
1537512120,0.4693696495009243
1537528920,0.8482540909628004
1537548180,0.8953465774634313
1537569480,0.003401874922464311
1537587180,0.8085790863936865
1537611900,0.610607946698817
1537627560,0.24268863824385467
1537652100,0.8054321143481787
1537664280,0.8672790082453785
1537682940,0.46829018386677024
1537703100,0.4365117390980432
1537720560,0.7484675119602646
1537732140,0.5722285643227609
1537743660,0.8635597797924021
1537761600,0.31887030388437426
1537777380,0.9888173552201172
1537794420,0.81110761888908
1537819440,0.7220715566791012
1537834680,0.5864402412752344
1537848420,0.0832590046603673
1537863060,0.7468721060379708
1537875360,0.8245465920826326
1537893600,0.775714592172756
1537913700,0.010302892011685327
1537938000,0.8607870091193804
1537958880,0.6905169866230524
1537981860,0.6441171904765736
1537996620,0.675242978804044
1538012100,0.404312171872909
1538035800,0.8479706972769896
1538055720,0.578032164821297
1538070720,0.044546326911829616
1538091180,0.0042679923883832075
1538112900,0.023099388862851483
1538134740,0.8387095773517174
1538145840,0.1567757723888031
1538166240,0.845349723339621
1538179140,0.7930397292698179
1538190900,0.7245969291478627
1538207340,0.6377350464441824
1538220300,0.922656629662544
1538238360,0.6872134234803928
1538261220,0.44320082293824953
1538276040,0.41296484470551215
1538295720,0.3161126460140844
1538315220,0.4978472823781946
1538339640,0.865085336881837
1538351220,0.5753132640919871
1538371860,0.6191248150299636
1538391540,0.5534410132596991
1538415000,0.36334017688993503
1538430180,0.2533154361773642
1538441580,0.9116814791768497
1538457840,0.02951000966596711
1538468820,0.9034702779091932
1538484780,0.7296060630335601
1538499240,0.362818636196102
1538510340,0.2943235968891776
1538529060,0.8037151632099337
1538551380,0.0017633555934850856
1538568900,0.7057853769889931
1538580120,0.6987829987831071
1538598660,0.979345727571127
1538621940,0.4363247851827098
1538637840,0.8281982342944201
1538657940,0.5843762878523115
1538679480,0.23249875288800975
1538699040,0.013437853256045986
1538711100,0.6840368679602521
1538724420,0.532704204747776
1538739000,0.2455345637517737
1538758740,0.728341666950381
1538782860,0.05614185756649098
1538803800,0.7316009747807658
1538819220,0.44364608874278016
1538832540,0.2582640471549619
1538857680,0.3054016988018271
1538876700,0.0063201396023464754
1538893080,0.1344948899353403
1538905320,0.315970557678909
1538918460,0.029278373393464566
1538936160,0.010994326342307976
1538953200,0.8682080161894655
1538974740,0.5316886915684914
1538993640,0.6202038991786417
1539006780,0.6254997730245254
1539027660,0.32403000543628174
1539038880,0.1298929751669254
1539063240,0.8772290298207982
1539077940,0.09164190610646727
1539092940,0.54109956290194
1539108780,0.7001571954356214
1539121380,0.4859394961777115
1539137820,0.8716194228408825
1539150600,0.5104297050405008
1539171300,0.11133333589365396
1539185520,0.9296896713670278
1539202380,0.12699892547362007
1539217140,0.6967630593133743
1539234780,0.7900873394927559
1539250200,0.14753002254505895
1539271500,0.9324787510316198
1539293640,0.7683613056823118
1539305460,0.650143121086392
1539316560,0.026189623341606058
1539338880,0.28143021946229674
1539354960,0.676852311589484
1539379980,0.02499906480363927
1539395640,0.5065550347696686
1539414480,0.6897218254781845
1539432120,0.5720224114369651
1539446640,0.11334252324392444
1539462060,0.19534442624741585
1539476340,0.36952951996088124
1539492780,0.5354645032297345
1539510180,0.5839460677314525
1539529440,0.3244975317331385
1539545340,0.8424742528981622
1539566640,0.8134479289178309
1539583740,0.9859601577304036
1539601080,0.8822311593717984
1539619920,0.613883526790642
1539633660,0.38385923503145813
1539646140,0.9652909133306703
1539668520,0.8471268135663054
1539684720,0.9220859857720868
1539705240,0.17401222199576488
1539723360,0.7504633666568062
1539745680,0.8933755124866427
1539758160,0.4757113486812291
1539775680,0.09428494525650634
1539787560,0.8368848949234177
1539801000,0.5629638344618808
1539817440,0.0148762469406205
1539839640,0.5091145652555454
1539859500,0.3669231784129298
1539883680,0.46258868254394403
1539904800,0.8753295635936217
1539929280,0.5278985551963433
1539944520,0.80735785405836
1539966360,0.6670656978960623
1539987780,0.7576558971376198
1540000500,0.7649313390166075
1540017540,0.5943868833875984
1540032840,0.1727107084521811
1540057260,0.10783060013315206
1540078620,0.8756899581585383
1540091460,0.1490939089302294
1540102860,0.6638887116887995
1540117920,0.9792708342693676
1540133040,0.9081196386538554
1540155660,0.5322096995559054
1540172400,0.7751101319373851
1540189560,0.1068115483469672
1540212540,0.8464384380363201
1540225080,0.8006170442878379
1540236240,0.5473368606255797
1540260780,0.0656686812670138
1540275780,0.021890780738691353
1540299480,0.03454564384785913
1540320060,0.8181265293681537
1540342500,0.909484616985384
1540353360,0.741021711864566
1540371180,0.8802445728187087
1540386720,0.9539489501610938
1540406280,0.7899299078884531
1540428360,0.7845611256048155
1540450500,0.02917621084813751
1540468440,0.5167084185197087
1540485180,0.22669868819838157
1540507380,0.8162584137657322
1540521900,0.5802296637812316
1540534200,0.4566657453766605
1540555920,0.5511927118413064
1540571280,0.6529566808516908
1540584480,0.016893060670824966
1540595520,0.4556260109702443
1540615980,0.8020511125170422
1540635360,0.852134873556511
1540658280,0.5642932836313928
1540683480,0.7899243660095536
1540695240,0.867723843596768
1540717860,0.920980030115684
1540732920,0.6070452387938396
1540748220,0.7645650912432387
1540764060,0.49393664829558426
1540788660,0.13601291239479651
1540813020,0.14648593625851095
1540833120,0.9366935177373462
1540844940,0.7762632722300179
1540869660,0.005281558631479152
1540886760,0.7706360132545323
1540900920,0.9524477151884205
1540913100,0.5353309796222956
1540927020,0.8517196164114391
1540938900,0.738800966739791
1540960980,0.8650187240822738
1540980120,0.029975455537747976
1540993620,0.8047085073847293
1541011320,0.15100895110755025
1541028480,0.6896483402975104
1541049720,0.3570735831264745
1541063340,0.8555774692811451
1541078520,0.36523104909053816
1541097960,0.8710226857421574
1541115960,0.3047062614664464
1541132700,0.786978019245812
1541156760,0.8776521088849829
1541169060,0.5439977742610347
1541182320,0.9090291737126517
1541196960,0.8104372477854264
1541221500,0.3241099975839388
1541235480,0.7264854520008647
1541247720,0.8206053004511775
1541264100,0.6854467979482903
1541277540,0.511917088004783
1541299620,0.7880543995196945
1541313840,0.027494215988433553
1541333040,0.7162765357943409
1541352060,0.5117245037382405
1541364660,0.7239123919282902
1541380200,0.6351044560503643
1541392680,0.4986891264834367
1541410680,0.3314241499019531
1541425920,0.3368978773418924
1541437620,0.912326040062886
1541455620,0.746770865384693
1541471040,0.9806713240374048
1541488260,0.5213545369871786
1541499120,0.9583395513962131
1541511780,0.5484806033916814
1541534400,0.9888506814796695
1541555280,0.01717535049344045
1541574300,0.018565892030152686
1541593620,0.8477240370512432
1541611500,0.20899109730960563
1541628720,0.828130174782326
1541639880,0.861934297071671
1541660040,0.6933671531288021
1541682480,0.8148790511571558
1541703000,0.007324424572607435
1541715300,0.7781331637385454
1541730540,0.0955263853747069
1541752020,0.32560055316675635
1541768580,0.5319508632990724
1541785620,0.6906510162007323
1541807460,0.2359093730751232
1541831640,0.727946436991652
1541844900,0.7915169200671054
1541857140,0.8101445678458582
1541881740,0.8512877346873909
1541897880,0.6782600465858216
1541919960,0.6683524288896381
1541931360,0.2832846291435872
1541950320,0.45494539301036085
1541975460,0.7305983351523468
1541992320,0.511226587218306
1542012540,0.7988746953680189
1542036480,0.9426476541385165
1542052440,0.7701629092824805
1542065700,0.506086237715646
1542090180,0.8059266464688077
1542100980,0.7942117719965157
1542117180,0.8195707077967429
1542131280,0.8600650550021709
1542144000,0.31450821250752653
1542168540,0.010585080416178175
1542186480,0.4095115531505027
1542207720,0.0031104118138399342
1542224100,0.8190488138241057
1542237540,0.4291119682365847
1542260880,0.8000819507154892
1542276540,0.2719542699467942
1542288240,0.029435218882861217
1542300720,0.8261195351682086
1542323280,0.8549885369013113
1542338340,0.8699724955042306
1542362760,0.7321680619254303
1542375120,0.5540488951467034
1542386820,0.5808442749096333
1542397980,0.02089889925528638
1542419160,0.6184324496589121
1542431100,0.022724400334354376
1542453000,0.14356534226960527
1542472200,0.2652305453227772
1542494640,0.667500304234476
1542514260,0.5030097400410798
1542538380,0.7492192092344019
1542549180,0.5709079244828865
1542567120,0.3494574516817706
1542580140,0.23913507568805792
1542600840,0.5713165301738932
1542614220,0.6445338917736623
1542634020,0.7389425148185427
1542654300,0.7744438984606672
1542671820,0.06450128731478025
1542696300,0.3651486196340834
1542709140,0.7778166833459376
1542725520,0.8144870754892587
1542744600,0.8166329571641061
1542763440,0.9152753618175946
1542784920,0.18020913533670666
1542801000,0.7991926466064962
1542817920,0.7957709964701792
1542839880,0.6357498815743966
1542860040,0.5738749604323212
1542884460,0.6109171101105559
1542902280,0.009680486341886934
1542920880,0.07495529446093924
1542931740,0.37634502606606846
1542948300,0.5658019202733897
1542960540,0.9656394464634178
1542979140,0.40221156464324104
1542999000,0.9474591882459097
1543021080,0.7294424784504733
1543037880,0.6125543578459597
1543053300,0.8689264189325925
1543076400,0.8727229857105309
1543099860,0.3261769431398386
1543116600,0.6549892883163839
1543137540,0.9792788716676103
1543149840,0.9765976923274298
1543171380,0.4417333092479714
1543195140,0.8529511625861597
1543215060,0.6531689144980597
1543231680,0.7009230617871133
1543243500,0.22148413744030074
1543259400,0.0062400694727819395
1543280100,0.9831363081207468
1543295280,0.6344647529407681
1543319340,0.7482346912584688
1543334700,0.8334484682010407
1543355760,0.07397168887609226
1543375320,0.6907966576090712
1543399020,0.8770923480135
1543412040,0.7732656341212476
1543437240,0.5859332631794282
1543455000,0.1087156457326432
1543477080,0.381936739075458
1543498860,0.6807305994847445
1543518780,0.7007983187904303
1543529700,0.18270030111901261
1543541760,0.38397301902391556
1543564860,0.8250758168563651
1543578780,0.8528209353619867
1543590600,0.8124837153434213
1543605060,0.7964349925327464
1543627920,0.5466565825762819
1543642620,0.6431075451615802
1543666560,0.15656502000389602
1543687260,0.5666295277026775
1543703160,0.9583935773923744
1543720260,0.2561304052574871
1543740420,0.7294045279261215
1543765380,0.2786490178377654
1543777680,0.9450281987252745
1543798800,0.4121491592433435
1543813260,0.47301115511726666
1543834740,0.7857957045897519
1543857360,0.271530120208063
1543882020,0.1994140387145862
1543899720,0.38430459375660125
1543923720,0.5063628281472359
1543934940,0.9218677360213885
1543948560,0.027361630715728384
1543965840,0.8026335731012124
1543979160,0.01022370756570645
1543999920,0.964283205099908
1544012220,0.5664127743583466
1544034120,0.9917350607553849
1544054160,0.46061408083453015
1544078820,0.5032302515236127
1544097240,0.27322603821941216
1544111160,0.00446411049368224
1544135700,0.9084545800419852
1544154060,0.6297550739108964
1544170440,0.715124011672792
1544195040,0.17166666760226643
1544212380,0.8680571277533566
1544226000,0.008575693462244542
1544240220,0.8303431243923083
1544251620,0.5817877375507516
1544272860,0.20538457414781527
1544290140,0.9315207276263014
1544304420,0.497804903704924
1544317860,0.6901143596490236
1544339400,0.6761670901653942
1544350680,0.7564794965039144
1544362500,0.04315694988118758
1544379300,0.8837005128334863
1544390400,0.6785820113009544
1544410920,0.733591693266214
1544431140,0.9155291246232822
1544451780,0.80530273136515
1544475720,0.0020456270465920106
1544492160,0.6807518489977986
1544507280,0.29868516280910207
1544526780,0.8727080649669225
1544541780,0.9703743872267415
1544560260,0.8458659097599399
1544584920,0.6953293397078641
1544600040,0.3418015457774924
1544611680,0.9323532316673723
1544626980,0.7892223148284018
1544646900,0.8267912860502011
1544662140,0.033633939122669924
1544674980,0.0169269260401342
1544698140,0.742191656323096
1544720580,0.6615931978770347
1544735460,0.01140764585575805
1544748000,0.7773245052945262
1544763600,0.7553176054786721
1544787240,0.8667942983660258
1544808480,0.5535523576917799
1544823720,0.8477999186286148
1544842740,0.9832999578983508
1544867820,0.17170829138521654
1544888100,0.3465237167886087
1544908560,0.9085138490630662
1544928780,0.8977459532061517
1544951400,0.8694093067577012
1544970540,0.6538608486634001
1544984400,0.8072897500141722
1544999040,0.7456253318753376
1545020100,0.8101676485526246
1545033540,0.26968995148065716
1545054420,0.4963133162386864
1545077280,0.4111587363360294
1545094200,0.07390400989927522
1545118320,0.941068006956413
1545137640,0.559504660219544
1545159720,0.5906585586630699
1545178740,0.8393389037344805
1545194340,0.1332810997568349
1545218040,0.7712994735577937
1545237720,0.20629566605930744
1545252240,0.8310005436443602
1545275580,0.6321190296427717
1545287640,0.19800082691963508
1545306060,0.7828406187439029
1545319080,0.7103491816917789
1545331380,0.10820077972896171
1545355860,0.6891953477357615
1545376320,0.26070642706314917
1545389580,0.8595555430829812
1545409560,0.737839550746582
1545423600,0.0996570467721379
1545439380,0.1827912622583886
1545452220,0.5685750658353936
1545468720,0.5947946933427857
1545482400,0.4564152883874127
1545494760,0.533749300262273
1545506880,0.5407238013224354
1545525540,0.7521583318424985
1545536460,0.28041794918334284
1545550320,0.8821983118429145
1545572460,0.6203775312110739
1545596820,0.7617207271409498
1545616260,0.23044230007372551
1545640740,0.8834410629651754
1545657300,0.7625557271071568
1545681480,0.7695652622199347
1545702180,0.5434549745368115
1545721140,0.5269514299730087
1545745440,0.07814873898809899
1545763080,0.8444401587442966
1545782760,0.4747272167012295
1545803760,0.6880230445565358
1545824640,0.6735217518184083
1545841620,0.7588626023153104
1545861840,0.32784912867839383
1545881280,0.4337264938703258
1545895080,0.9705228320781502
1545906780,0.016737639410715714
1545931980,0.732650362392384
1545951180,0.7766488407165959
1545962040,0.7447287656293711
1545981420,0.5939250624017052
1546002540,0.5004273537055488
1546016640,0.7949225465719445
1546028760,0.9193984941983733
1546042320,0.7181781670712013
1546060020,0.870095334114316
1546077480,0.8617324825300557
1546090320,0.7507001802578477
1546114920,0.8856670720485385
1546131720,0.9067152684341814
1546153380,0.06918430152515491
1546168620,0.6408431471448675
1546184460,0.7405631478728378
1546202340,0.4777870590680186
1546218180,0.5813353980174438
1546239960,0.7028748214983588
1546264980,0.9423918014275768
1546286160,0.10438004029822569
1546301040,0.7550437663026262
1546313220,0.43536250089103845
1546333200,0.7870795144009586
1546355040,0.35659217523158826
1546373220,0.7769387241974617
1546388340,0.8895650921386593
1546401660,0.4969867920022409
1546426680,0.5963486525991593
1546449420,0.44032833208093397
1546464060,0.6556117459497908
1546487580,0.029907956226111847
1546510260,0.6461503855703389
1546531860,0.8839808530278259
1546550040,0.4068949730143056
1546568940,0.7296351280662079
1546590540,0.4439551033262708
1546610160,0.8274473432805691
1546626960,0.7994417276004424
1546651440,0.5505770949602163
1546674300,0.03253006108379356
1546698240,0.23073264662982873
1546709700,0.6399483645918341
1546733580,0.4301891631164412
1546749240,0.7266478744286307
1546766100,0.1740887149971194
1546777020,0.8149087568815343
1546791360,0.3338990092035101
1546808640,0.20677557372888042
1546830240,0.09068499524407052
1546847400,0.20858247173605923
1546864140,0.730418941665247
1546887420,0.43471680144609237
1546906860,0.8301770296679587
1546928940,0.016714134019386775
1546942200,0.5658090832156504
1546953600,0.8096096578623665
1546967520,0.20227584019670333
1546983480,0.9320584755522401
1546999320,0.7799608133371394
1547023740,0.7896057967076827
1547038440,0.6062562465639505
1547059620,0.8569616299737386
1547081340,0.7569942677838295
1547093760,0.8223086574225775
1547116500,0.19363898707038574
1547135640,0.6888542714914201
1547151180,0.4268792228078726
1547171400,0.5023288563047545
1547195040,0.2001617483093178
1547215980,0.7673586072693629
1547232120,0.05488450321797861
1547251440,0.49634312729902186
1547275020,0.40198823321405863
1547291160,0.8787005134773426
1547312700,0.8667551086312236
1547330280,0.8856089571202888
1547348760,0.7026970905708789
1547363340,0.02014575057014355
1547385900,0.7839396220399474
1547399160,0.00793905799773903
1547422020,0.82344026014384
1547443080,0.09463828784614647
1547457240,0.8502159356864822
1547481240,0.9103667146199911
1547505780,0.789257327060052
1547518980,0.8986347321997279
1547535000,0.0034450083476219645
1547557080,0.7368066096447611
1547568780,0.8247129978358738
1547584560,0.6318079389441444
1547600880,0.7545602375094829
1547621220,0.7447451876480927
1547642160,0.014602886707765047
1547654220,0.8957964860377459
1547665680,0.8422611332208505
1547676660,0.9015236586296445
1547698020,0.6426521874290322
1547720820,0.7875785194300415
1547742480,0.7800944279326083
1547763840,0.21117217752816397
1547776620,0.8688913067447736
1547800320,0.7102525675224856
1547823360,0.23704253661079772
1547838660,0.901267995162165
1547859060,0.6699905106921666
1547879160,0.6855743502555983
1547902440,0.6206838056822623
1547918820,0.6782913480258295
1547933820,0.3027242676462976
1547950860,0.7088387643578198
1547964300,0.6483307686954202
1547984520,0.8877909965866042
1548004440,0.6712708894979125
1548019920,0.7688686216878218
1548040680,0.5846187200119648
1548061500,0.6001340406023468
1548073080,0.4169967219836416
1548097380,0.7716785720079505
1548119700,0.2979079473707602
1548137340,0.4120204101551609
1548157020,0.7472595101483878
1548181440,0.5863495775269872
1548201000,0.4482074873926293
1548223500,0.8146466165150658
1548245820,0.45061772361980346
1548260580,0.3022346614807327
1548271800,0.6482149166412929
1548283620,0.8759058432107988
1548299220,0.9000186543085237
1548313140,0.18850779487427555
1548333060,0.042826935759507745
1548351000,0.5766332760535975
1548370680,0.404839053478351
1548383100,0.8904013924249101
1548396360,0.677519914711532
1548415320,0.4881679509578317
1548436620,0.7590640603927483
1548457860,0.5457147985400985
1548473520,0.5467667068853327
1548495780,0.879390881407024
1548512460,0.7420232092788965
1548533100,0.1550530806229459
1548545580,0.8959104917883611
1548556620,0.8089300842450069
1548578280,0.8125723103775062
1548589200,0.8512465082382564
1548603780,0.05650899211086261
1548622680,0.8577465577873177
1548636540,0.8952709773445603
1548652920,0.7020627569370482
1548677460,0.18656374001840748
1548702420,0.7830531738878423
1548718320,0.6820739956806289
1548733080,0.5167924106249464
1548756240,0.6322469822227877
1548776460,0.019506997259340474
1548788100,0.6990530375657443
1548806640,0.754167294764947
1548826920,0.547789314012218
1548847620,0.9098435270770657
1548860700,0.9436462246380736
1548882300,0.9189718779298908
1548899820,0.9388064272381728
1548917700,0.625430310535761
1548931320,0.7414436289772753
1548944760,0.5249901514057422
1548964620,0.5725861134802015
1548983760,0.7568485075152394
1548999900,0.6007461021938069
1549024260,0.14329067508514517
1549040940,0.8936682676070142
1549056240,0.4427016980693017
1549077960,0.7288793929192814
1549095000,0.8814099369911008
1549106340,0.4028406278637917
1549127280,0.3781443344152827
1549142100,0.6633663238710178
1549158300,0.14690168768756068
1549180440,0.3469171800988068
1549201200,0.16729892790065645
1549214280,0.23521627448895444
1549231440,0.5444269499485364
1549250100,0.0032611206224608122
1549263360,0.022108524489017053
1549281900,0.6729832052427089
1549300020,0.4445091175516168
1549311780,0.7266825057818752
1549323480,0.01612766530559172
1549345200,0.006699073277193682
1549357200,0.7799300896246762
1549370820,0.3183689528947991
1549388220,0.8723702312136055
1549400160,0.9163053289785785
1549416180,0.5085936586975598
1549428480,0.46509021902891323
1549451580,0.8316313794524927
1549465440,0.87983635652092
1549477020,0.5449397351595141
1549489320,0.174795306989647
1549505400,0.8765769947629424
1549529220,0.6251921058709327
1549549260,0.35333129968178856
1549560360,0.030402416576689104
1549579860,0.40900968401837406
1549594320,0.7492969668627226
1549614600,0.2716770969444753
1549626240,0.7926901904851872
1549645860,0.6962845702756725
1549665180,0.815094876689574
1549679400,0.2993442560975908
1549701720,0.40686636215562455
1549720260,0.17570142224778346
1549735680,0.8888194412352844
1549747620,0.8275071751770708
1549766100,0.884027147071969
1549788600,0.8754784079304015
1549807800,0.7205516058506821
1549823940,0.6557547844463275
1549840560,0.34625725550565045
1549853100,0.41224045797448866
1549868100,0.742417277395124
1549887120,0.38323336202360936
1549904460,0.45995410558751104
1549919340,0.10104758660759568
1549936560,0.16626301977396152
1549961520,0.9259500891040785
1549986540,0.07612795563988814
1550002140,0.3797322159148712
1550016420,0.8488134045124335
1550035920,0.9322924049418835
1550048700,0.2584799183663507
1550064960,0.8008123178544018
1550081940,0.37620487882662346
1550107080,0.042381664235481856
1550122020,0.7199889014087675
1550141220,0.7288120620485055
1550163840,0.3295678135215847
1550185560,0.9168669184760483
1550205960,0.6710120537211067
1550220780,0.6911274475972816
1550231580,0.016635466120152993
1550255220,0.13203596632942208
1550273100,0.3736895653359393
1550287500,0.3610971334278714
1550299260,0.8152187270285705
1550321700,0.19026397576102458
1550335080,0.8039152968824446
1550349000,0.6801493202403164
1550368620,0.8259627515718019
1550386680,0.49746777231566286
1550409300,0.37111839662622503
1550420820,0.9137830187346335
1550442600,0.8279139130946778
1550466360,0.5397238951088513
1550479620,0.6579376707195483
1550500680,0.5106568324600644
1550517480,0.740209987716937
1550540820,0.6962618509697458
1550553540,0.6231160473257226
1550574060,0.5405670951224874
1550592540,0.608027376282264
1550615100,0.8263704107269716
1550639100,0.7526871368300602
1550652240,0.7503607966502533
1550675400,0.8235710887287653
1550698500,0.29265372251524885
1550711280,0.4680283247516614
1550724660,0.06422535786118162
1550744940,0.17168390612901194
1550756160,0.05920753453182416
1550767140,0.486593716250614
1550785260,0.006716054323741068
1550810160,0.5514477240103417
1550830860,0.7651104593459034
1550846940,0.916787275757357
1550867460,0.6171851272135238
1550887560,0.9940460456403224
1550905800,0.094073713572009
1550921640,0.7391218728841739
1550935200,0.343294250857389
1550959740,0.2983404256411909
1550979240,0.741517977615453
1550993580,0.54715726719394
1551011640,0.8175782870101426
1551032880,0.30500139840792273
1551043680,0.5617461082921257
1551065580,0.3680047638593367
1551080400,0.9907726582271692
1551091920,0.9475674712909026
1551108600,0.7366608393463286
1551120060,0.859735016656484
1551142080,0.716408193672772
1551164880,0.5691341085989106
1551180540,0.920893507989549
1551205380,0.7425158290582574
1551224880,0.7593092831155871
1551247920,0.7787193828173421
1551264120,0.9786293564770894
1551287280,0.12892578456725493
1551311220,0.2044447109634295
1551334260,0.6470837342179159
1551346920,0.6166271742081669
1551367320,0.07141990075256924
1551382020,0.8710807454291914
1551403200,0.907257117852067
1551424200,0.05510607562343543
1551444060,0.08848520423693151
1551455940,0.9015779699949454
1551476640,0.16323134336863793
1551500880,0.12104012882647035
1551515220,0.6302821945694043
1551537360,0.902880673109089
1551562320,0.214350757613402
1551581100,0.884123993024202
1551594120,0.3082970886768568
1551606300,0.702726740845729
1551627660,0.2524710852553196
1551651600,0.35686323031961636
1551676620,0.7059819837554132
1551690840,0.9321217710812548
1551713940,0.604546457210637
1551736020,0.7097579003733757
1551750060,0.8622540105581293
1551771240,0.5082447265784865
1551782040,0.46282166954360915
1551805740,0.9919460506564654
1551820920,0.47599148366775845
1551832620,0.9739752061466647
1551855660,0.5136420785353568
1551867120,0.6197074557383835
1551882780,0.8493052749283505
1551896880,0.8070172870855131
1551909660,0.9171927985507445
1551923700,0.8379949029645679
1551940380,0.8729497919156857
1551954840,0.3754370621739139
1551978900,0.9205749242335759
1551996960,0.19481372319739054
1552014720,0.2729003289577225
1552028220,0.5756268957261783
1552045260,0.02855970975319925
1552069920,0.8364423992504262
1552093980,0.5581622486165184
1552117560,0.6443579607851372
1552135680,0.8635123017782261
1552151700,0.7797599034628829
1552173660,0.39072193013760603
1552188360,0.7829227319005627
1552200480,0.2886375982464103
1552213320,0.6649519481728026
1552237620,0.20072302377585932
1552251540,0.970005155850089
1552264560,0.6051210727953471
1552279500,0.006375018903967194
1552297200,0.8981576781048188
1552312800,0.6476374604320488
1552337400,0.7073825197111451
1552359000,0.6882670792670157
1552383600,0.03850570573904377
1552395300,0.7560342486065601
1552410120,0.28756396411211016
1552429500,0.6915832690752225
1552441260,0.9152179199833301
1552464480,0.02716550912442473
1552488360,0.9701268546066867
1552502820,0.8801295969189061
1552522860,0.8777750907609619
1552543320,0.7338167644738623
1552567200,0.9321093759655079
1552582020,0.8274152527917502
1552603800,0.8109450134332195
1552628340,0.23895294133594186
1552651740,0.02019333285574823
1552670220,0.047117480317185295
1552686060,0.8731791548512936
1552702440,0.33285226944254664
1552723080,0.8411329872372266
1552748040,0.8471160992841422
1552759920,0.8078249223667091
1552778580,0.6820557934249195
1552799760,0.8801414162836239
1552816440,0.7082706448384031
1552837080,0.6969857227178508
1552850700,0.7007540741184707
1552871640,0.4539274950874379
1552884060,0.6113221983714695
1552900260,0.5710446602430078
1552915860,0.8704668526831149
1552929960,0.6614767937375312
1552941120,0.6184074636359307
1552958940,0.2581813288555574
1552983000,0.3591316924821365
1552994580,0.040785018232913715
1553019120,0.4189075758781293
1553030220,0.6889369107220455
1553053920,0.9016484061703439
1553075640,0.20746667762141888
1553093820,0.8156128944112941
1553110020,0.18043620368851332
1553127540,0.5031328177641623
1553142720,0.6794096464031647
1553161800,0.3592375956796804
1553174700,0.7701711887476153
1553196660,0.9081504925891825
1553211840,0.5860437363026872
1553227380,0.3367800195667047
1553239260,0.9004657173789784
1553257740,0.438650603732596
1553270760,0.29068044088607725
1553284440,0.5338205247017789
1553300580,0.8868146780611128
1553319420,0.5143502887950337
1553339640,0.10095464792186669
1553358060,0.8646503542812704
1553379960,0.7774028622282368
1553392860,0.6785278498057489
1553404200,0.5823236465218152
1553423880,0.8428050949107413
1553449020,0.5010549035737425
1553473680,0.022490624661443196
1553488980,0.23530957700778984
1553511360,0.7700148773227229
1553528700,0.08103264163949767
1553547780,0.3093788225301345
1553571120,0.26617231029435917
1553585700,0.09889571639997845
1553601840,0.031941163152267665
1553623620,0.4853210676535632
1553646120,0.402116597329413
1553660580,0.5699465579804777
1553680020,0.7472727092040443
1553703840,0.8361546737074682
1553721180,0.5072782293793716
1553736240,0.24387825252064113
1553749980,0.9831160153055751
1553771400,0.8957090570338911
1553794140,0.9256094035124556
1553805180,0.9723789221371191
1553819160,0.9656303275773201
1553840820,0.8310721916221261
1553855880,0.45729532534393125
1553872500,0.21769800572225895
1553893980,0.870300597570318
1553909100,0.6433138232581828
1553925780,0.4089880559525355
1553943240,0.7775183774802884
1553960040,0.4090263561529252
1553985240,0.39646808892050467
1554010080,0.81396817926117
1554034800,0.7621001380320741
1554058920,0.15763648433230987
1554073500,0.35449870913321396
1554088740,0.11530266182831342
1554108120,0.26776209010128943
1554129300,0.008329309440222815
1554145860,0.004319424514286338
1554165660,0.42400452622922297
1554184800,0.7585299259068596
1554201840,0.5061376778541727
1554225480,0.5668115877992171
1554238740,0.9222170396701617
1554253560,0.25531139866367314
1554267540,0.029195359618528097
1554291000,0.9840669314985356
1554302940,0.719717213788548
1554325800,0.3705630533899539
1554347880,0.9882737656564935
1554362940,0.1901542630502056
1554384780,0.737439314063172
1554407520,0.6205894620451661
1554428220,0.403397935990023
1554449640,0.4782545213022141
1554472980,0.014917797891975875
1554496020,0.8810712588216852
1554518220,0.6298795678213689
1554536940,0.3779375100772923
1554549900,0.635438422235444
1554564360,0.2157550323782643
1554582540,0.9740440509868318
1554605520,0.8790185253725497
1554630420,0.20952737101270047
1554655140,0.8621104521317812
1554668400,0.9391876623995751
1554684060,0.31318650257703806
1554704820,0.3507017999731186
1554720180,0.7841736011210023
1554731400,0.29771572217562964
1554756420,0.9110497545558386
1554778260,0.6817665285910133
1554793440,0.8073599729798209
1554813180,0.718469162820641
1554827520,0.6271922770975205
1554844260,0.8427884961740812
1554864360,0.864385227225102
1554879300,0.05231495784641782
1554896160,0.9163126985133693
1554908220,0.9204331738664563
1554919320,0.934842865219963
1554933780,0.2527264867521835
1554945120,0.8334051941289708
1554962460,0.8952605580086648
1554984240,0.8406162603796681
1555001520,0.12648651474639325
1555017480,0.7901724376274658
1555030620,0.02228040722916295
1555043040,0.8627055415571839
1555064460,0.8299091997713199
1555075320,0.7392594322108254
1555086240,0.7772445429246704
1555099740,0.7153840861552198
1555120620,0.4020109421998679
1555135740,0.36181119219114666
1555159260,0.32728497410126944
1555172760,0.36883871423578063
1555196040,0.007524481272098199
1555218120,0.7074981644267337
1555241040,0.8430511904856048
1555259040,0.3078845549766483
1555274280,0.5977027680983056
1555290180,0.23931954915895637
1555310640,0.7002264470814651
1555334340,0.6354283096604465
1555347360,0.8518053636715313
1555369740,0.33983626058280236
1555386120,0.9718095772120017
1555406880,0.008575932951556973
1555431840,0.6416755441848865
1555450260,0.25559045530786073
1555462140,0.08447469369134707
1555482000,0.45393783838478274
1555501860,0.4668897071285782
1555512780,0.21315339796467708
1555527660,0.8430826739350933
1555539540,0.4511704029582007
1555560240,0.7476000313637183
1555572000,0.7929584667423186
1555585680,0.814211362473971
1555610040,0.7921305439868255
1555635120,0.8517677536303762
1555659960,0.7178044549646817
1555672740,0.05357270580586795
1555684380,0.424466861900836
1555701000,0.9003769416101995
1555725360,0.7380827421634037
1555743900,0.8976639369828098
1555756500,0.6815917955071952
1555781100,0.7653227690977786
1555802100,0.6591352826526491
1555820040,0.8288231723052479
1555843260,0.856652283836243
1555856580,0.5190641004288845
1555872180,0.7348222561225388
1555883700,0.13395257051696827
1555897440,0.6003734802138421
1555917840,0.9355421453545268
1555938300,0.38361456581652764
1555960860,0.9752902546601501
1555976520,0.31667625723204285
1555991220,0.7307523912956893
1556014560,0.36854961793601143
1556035860,0.03789671526633769
1556060220,0.8412818141436754
1556075040,0.7834517943016297
1556094420,0.6660766240802978
1556110920,0.6805250496356704
1556129940,0.3810756986095065
1556150160,0.9500281938724778
1556166180,0.5150344984035197
1556188800,0.41623091036549276
1556204760,0.3273465606140729
1556223120,0.8929776918075054
1556237640,0.5642445701897739
1556262720,0.94358041597755
1556276340,0.21057583383690742
1556297160,0.3488193978580929
1556314680,0.9061891899067983
1556326020,0.8451657853750197
1556348160,0.4943774097908248
1556368380,0.7453038126107908
1556389860,0.7108991301224796
1556401140,0.34283347021969546
1556420580,0.3363536891559
1556435040,0.1621719102313153
1556452980,0.3556102649385054
1556471940,0.9923522122163027
1556488500,0.19338615241469684
1556505540,0.7553099952923547
1556523600,0.14133937099787383
1556544900,0.05467078494272782
1556557980,0.7669624203489498
1556575020,0.8818224276471027
1556592900,0.005727539009795757
1556616120,0.8048473827604948
1556635380,0.8509577021851465
1556654640,0.942405980996706
1556667420,0.8784099636794244
1556687280,0.8152880734407508
1556703000,0.7116636619886373
1556723220,0.5302230521070774
1556738460,0.890929206589087
1556756940,0.5397911708449296
1556780700,0.3944869348677126
1556799660,0.8377262460556608
1556810520,0.5585834406441594
1556833020,0.9595726657669514
1556846100,0.8171607073029458
1556863980,0.7423348634719379
1556879520,0.6667443221631811
1556893800,0.8011342776739302
1556909760,0.8441821488392149
1556923500,0.9210579015775437
1556946540,0.8824242548897309
1556967960,0.17424921625021805
1556985540,0.974672800505747
1557001680,0.509935786601827
1557014940,0.5580006440175028
1557036060,0.12038474685457604
1557056880,0.46540370936127906
1557069900,0.7268442970570673
1557083400,0.018121027332454985
1557106320,0.8565820595328612
1557121680,0.604685996113831
1557134940,0.49082124680927364
1557148800,0.02338822940899756
1557162480,0.7454942717579218
1557183660,0.40392651948486524
1557202980,0.7597210523273606
1557221520,0.5820361032104748
1557236820,0.7753882148906968
1557247800,0.5717534462920001
1557267240,0.6576160379352901
1557288840,0.6367155179989503
1557310440,0.5734287758889077
1557323940,0.8915004065622456
1557344220,0.8389304448059343
1557358980,0.6389625588187074
1557371340,0.7141099491459085
1557383700,0.8485010430984724
1557398520,0.8306848302429287
1557418440,0.08506319683378005
1557442380,0.7830489226504481
1557461700,0.5996523417446054
1557479880,0.7140796077123919
1557494520,0.07545241368363345
1557519180,0.972702263727681
1557540000,0.3623342257316357
1557556920,0.7011869180750865
1557581100,0.9271411871565001
1557593940,0.8548279650816826
1557617820,0.6095600247762303
1557640920,0.5989565413539746
1557661380,0.011262615655122305
1557680040,0.8401437455112595
1557695580,0.929627746502022
1557713520,0.22133850098230756
1557726960,0.33990836028128174
1557747060,0.04910696369312184
1557761280,0.8799586181843544
1557779340,0.8282446808137903
1557800340,0.6544624758231083
1557817740,0.1782674140830785
1557836160,0.06956171059407672
1557847620,0.6331875690493752
1557867000,0.4116427153192935
1557890040,0.2266499888616902
1557902400,0.08803456796395953
1557921600,0.6298041116854974
1557943140,0.5609575921486024
1557964860,0.02275100913807637
1557984060,0.8689615106408207
1557995760,0.718069594828352
1558011900,0.18336721539899198
1558029960,0.28483818225039814
1558047120,0.6620536261798274
1558063140,0.7294411184790305
1558083960,0.67975078464746
1558102800,0.7299961244013685
1558120320,0.4119263110934218
1558141740,0.43820583897143184
1558166580,0.8901444534705288
1558181280,0.7556417302395562
1558201080,0.6601363197954712
1558223160,0.4721407027420539
1558247220,0.6557184370565439
1558268700,0.8598533200591687
1558286040,0.6161090569254467
1558297920,0.8873701305808237
1558310760,0.7673016301428679
1558334700,0.5642359170284772
1558359300,0.9442397505762326
1558379700,0.9208983715169555
1558404600,0.8229754702524494
1558419480,0.6594237762718225
1558443120,0.8080316251988502
1558467600,0.8588989978991539
1558485840,0.6312910964396453
1558497300,0.4166736958939666
1558508400,0.1452202389208543
1558528020,0.9103762076187056
1558541880,0.7119280223140055
1558565760,0.4385973996214893
1558587780,0.024583275950194584
1558609680,0.46263576026045605
1558624500,0.07356498503257998
1558649280,0.41860965451528326
1558661220,0.6159435232402105
1558679460,0.6715981144479295
1558695480,0.14988072959842544
1558720260,0.031545509703483306
1558743000,0.2260440826873976
1558754460,0.8679401304999174
1558771080,0.3238592207974296
1558794540,0.24883068446644588
1558817280,0.6873377042567487
1558831020,0.13598696389411546
1558843080,0.4651229937625089
1558863780,0.35114497581306664
1558879560,0.4433259524450072
1558896780,0.10564265372352538
1558915200,0.537851530169557
1558938540,0.6165485240566679
1558962300,0.4186729490964521
1558976280,0.8533795647130555
1558997520,0.47067899182372525
1559021460,0.41182084764582483
1559045220,0.7076386404309973
1559057520,0.38340367916971446
1559068380,0.1286212791820668
1559081220,0.6023521628144791
1559099460,0.7919073865005318
1559118240,0.7463118108028367
1559139000,0.9046102769298585
1559160840,0.6566938932209626
1559182740,0.09259362040438718
1559207940,0.6655806075347016
1559220480,0.6893203082141155
1559234040,0.013127262630503175
1559252880,0.7587882181658545
1559271780,0.8675217613126961
1559292120,0.0184484684747054
1559305320,0.581504337651425
1559322240,0.7350076259178022
1559333340,0.6314859162054899
1559358240,0.280452849235971
1559382720,0.769981952959899
1559401260,0.8038559348662666
1559414280,0.5682022711149893
1559426160,0.6606307280195337
1559445300,0.5718676368150414
1559465940,0.7051706012298661
1559488140,0.05714677355507321
1559507520,0.4350640179814101
1559529000,0.7800193992550745
1559549580,0.37792669262454803
1559567880,0.8827249823091008
1559592060,0.7524149059983687
1559610000,0.3803125832719672
1559630280,0.10342065175922469
1559654160,0.2898145509855841
1559671800,0.8800018329266732
1559693340,0.3959676647117786
1559710980,0.043948670646437885
1559732580,0.8847830900509083
1559756340,0.9431302301989892
1559779680,0.8798452203084313
1559796000,0.7184104055732435
1559808360,0.8591416169777175
1559822760,0.14193474568701725
1559844300,0.8481308978127002
1559865660,0.928733927704744
1559889540,0.8719682915921344
1559908020,0.5234755944888122
1559930040,0.16817189619010223
1559951400,0.6285475922061933
1559973480,0.9288279047921878
1559990340,0.9475901095136068
1560001740,0.8482811192588162
1560024120,0.8134022597422812
1560049080,0.717201540607388
1560071580,0.44022349900104496
1560094800,0.19600898851120213
1560117060,0.8140710398919474
1560128340,0.8325374934898611
1560147000,0.8499079075373829
1560160620,0.23868346229266613
1560178800,0.3096363082599077
1560195000,0.5582482154851146
1560219900,0.6901314415386282
1560243300,0.5688306991915155
1560257460,0.6332016399829742
1560279660,0.6017717993838165
1560295320,0.563036283107779
1560314820,0.39313097070856173
1560328200,0.39894842339385567
1560341340,0.9124178375745524
1560365100,0.34351423309531215
1560388680,0.04755679797139924
1560413640,0.8888043297846748
1560429900,0.7573326985694727
1560453720,0.8333756766650242
1560470640,0.7521067817784448
1560490740,0.0820453413609695
1560513600,0.26876399110813864
1560534240,0.13884006619531228
1560554820,0.9594432088978604
1560576600,0.8181231264995129
1560594000,0.02638134330594963
1560607080,0.7296658627149918
1560623040,0.6956663667020244
1560641940,0.16801949813032216
1560660780,0.10302893859525808
1560673020,0.5785261095911096
1560694680,0.9655995140953919
1560711120,0.38465990490921764
1560726720,0.47370084125991585
1560742920,0.9327742536496785
1560763740,0.8239104365506964
1560776820,0.2736618170497283
1560796680,0.705616752922517
1560817080,0.5665257208009209
1560831540,0.43993670001914703
1560850800,0.8620343614377893
1560868380,0.6398786490051841
1560889980,0.16968441119177827
1560904500,0.71137736908036
1560929220,0.8950052825430677
1560950160,0.009102301690399267
1560964200,0.7988236309183293
1560983760,0.13712259570878937
1560998820,0.8139633885021333
1561017000,0.08074264774664568
1561037580,0.930423755792156
1561053480,0.006027083114027069
1561075560,0.8973764999111061
1561087680,0.46822613902416477
1561109040,0.8881593372637533
1561126800,0.2675494284758698
1561138380,0.9383437693828771
1561150680,0.19688184977946654
1561173540,0.171867673827486
1561194960,0.8759521872879129
1561209480,0.7950190314276591
1561231020,0.669594851640951
1561242900,0.7809177713295364
1561265460,0.790080949472816
1561287660,0.9610236948588436
1561300200,0.510453697458859
1561311300,0.4123170404216641
1561323360,0.8135891877112961
1561337400,0.4650911942022977
1561352820,0.8938567710125581
1561366740,0.3062896831164082
1561388700,0.48671358121746605
1561413480,0.4262577223590517
1561425540,0.6143218898391329
1561447500,0.07535105371745597
1561458960,0.08388634863376652
1561471560,0.9075308443763004
1561482960,0.2715841760870752
1561495740,0.845226748104246
1561516980,0.015834218618088404
1561540680,0.8224133218567143
1561558140,0.5552957142647362
1561573140,0.592646077167973
1561592460,0.49570492153325996
1561609800,0.9232760010546118
1561634220,0.8764366701396693
1561657320,0.057060435518150085
1561681440,0.6585986423121171
1561699380,0.5870564779066318
1561714440,0.011481035837637358
1561739520,0.5239910136547242
1561755480,0.7496628799992637
1561780620,0.8724696600759924
1561797000,0.6335812643475497
1561817040,0.4569252404938716
1561837680,0.6913818039852986
1561850280,0.9705183559224987
1561870860,0.31679436631532076
1561883640,0.9030512011297838
1561908660,0.6259902574709583
1561927680,0.15816986983310374
1561942260,0.6098225401550401
1561965720,0.6984863650750134
1561980060,0.19209622000373106
1561996680,0.7291415088180465
1562018460,0.6611583707692503
1562041080,0.7976909392044971
1562051880,0.02791712803982506
1562066760,0.8653335590709459
1562091480,0.5682918696007044
1562116080,0.7885233258671971
1562135940,0.3332812185458502
1562152500,0.7905534789207931
1562165220,0.8994978537460642
1562179440,0.211862970590874
1562200980,0.0053018212708507775
1562220000,0.16755380850481894
1562245200,0.36158301769102325
1562261940,0.8936727488915737
1562276940,0.6536868756418995
1562298840,0.8170598263792372
1562318400,0.29500174526658696
1562331780,0.9573403111363175
1562352180,0.44517953302131896
1562364000,0.7581241399623161
1562384040,0.7073131555446178
1562406600,0.4647597407553685
1562422560,0.7920343494512169
1562433540,0.8709640810419101
1562452740,0.06299091635525764
1562477880,0.8621938641802305
1562502780,0.1822114901440672
1562518740,0.6053996596290331
1562538000,0.045918468734926186
1562548800,0.791100763276422
1562562180,0.6820788664038511
1562576220,0.8094103055077402
1562595780,0.2651439192178062
1562620740,0.7879393328485922
1562642940,0.8186912998399942
1562664000,0.8537916389822707
1562675940,0.3329390559565425
1562686800,0.6413245490563875
1562710800,0.5317094070189982
1562731080,0.3180944879525132
1562749140,0.34038506855438644
1562764140,0.891480980535225
1562778180,0.5815619265458619
1562799360,0.7765848466265216
1562813580,0.8503402150790728
1562829180,0.5981355408421063
1562841180,0.49028640113699073
1562864760,0.837409610454956
1562888580,0.6951367316283323
1562908980,0.5079945513045998
1562932320,0.7277401726608781
1562946300,0.5300672121113049
1562963460,0.7132429775805886
1562978340,0.08426987704882116
1562993460,0.532376416423169
1563007680,0.021945663120548946
1563023640,0.7575423928229419
1563034440,0.7971741697411276
1563051120,0.9075029884202118
1563074640,0.5600042991461391
1563092220,0.014997948579166599
1563114660,0.019369344032850174
1563130980,0.5764442720210299
1563144540,0.9314674457354943
1563169440,0.3931301918799192
1563185100,0.7338960901105871
1563202320,0.9431988469425163
1563214320,0.542318228469313
1563236040,0.6473812742095804
1563255360,0.8841049486241402
1563270840,0.7755721261884602
1563289800,0.41661794257707296
1563308520,0.07458372378295096
1563328980,0.4164531616751243
1563341940,0.20350381716627883
1563365640,0.13889050955276533
1563381840,0.15576899050214102
1563405600,0.6073919427495632
1563418920,0.4821691920590426
1563434940,0.02866506374121278
1563449880,0.012254122797071054
1563467100,0.9401333908997129
1563480900,0.8906440088837844
1563493980,0.7598007230203369
1563512940,0.37242765185962157
1563532680,0.6472657899643531
1563548220,0.3726474697911589
1563564960,0.7568036746174809
1563584820,0.5365171669555774
1563606300,0.21816349358065085
1563618780,0.30211769149759293
1563634200,0.08954322101174195
1563645720,0.03314536643402251
1563662040,0.9662725475582715
1563685440,0.7894193820244699
1563706200,0.8472826557155088
1563719760,0.5682436587905523
1563732840,0.06343117777971619
1563755880,0.7420405140068074
1563770280,0.7712431232225763
1563785640,0.022866419365829553
1563804960,0.8948581902491852
1563824220,0.7821401497070855
1563845220,0.8259031109341314
1563867360,0.39944264906855503
1563880020,0.7277582182878373
1563892560,0.09180801287987697
1563909660,0.613718655823493
1563922140,0.9713206562493317
1563939840,0.938552693274067
1563956640,0.1458289318627378
1563973620,0.18295647805498147
1563990900,0.7949538302147443
1564002720,0.34680718568948365
1564027680,0.6057960136633036
1564048980,0.8194129004122243
1564066020,0.9227800464656905
1564087500,0.7573888026087991
1564105560,0.6176286657565349
1564120140,0.33103967826359915
1564143600,0.6428069740230838
1564162620,0.2500498830520837
1564177260,0.8780104182461763
1564200720,0.23780620897605545
1564221900,0.719906367116493
1564244040,0.8506685886486409
1564265760,0.7648353307144555
1564276680,0.3409239340918512
1564289580,0.4732985444130501
1564305240,0.7944060373219408
1564328760,0.13484041639264177
1564342920,0.7916148757389024
1564359420,0.8315448279723334
1564383540,0.4334896994393818
1564407240,0.6834293439747702
1564428720,0.8280189607471976
1564446360,0.9304804516767973
1564468620,0.923049042909914
1564482120,0.1266126402836129
1564493100,0.6689934184263447
1564515300,0.9403026305395922
1564534080,0.7177853798675575
1564547040,0.4925761863541702
1564564740,0.6222096485700916
1564578360,0.14882767493801782
1564600680,0.5572666509941792
1564618560,0.8814461111657567
1564634700,0.42486320311212683
1564654800,0.8792258768320963
1564672920,0.7407696055780074
1564687620,0.3916547061318472
1564698600,0.31223699675631944
1564722600,0.5149684485818633
1564739880,0.31002457171476294
1564761840,0.10997414223975195
1564782600,0.5115999860189056
1564802580,0.8583884004029435
1564815540,0.8375572324518428
1564829880,0.7790411920689799
1564847880,0.6089490775440168
1564864980,0.6728879806993837
1564881360,0.7188433205235305
1564898160,0.17389929426988196
1564915020,0.8174571974077677
1564935960,0.08475203403549152
1564948260,0.368442805343881
1564965000,0.776179758771192
1564989660,0.8330819059457926
1565003220,0.7395243354923046
1565015880,0.7224565921629783
1565032080,0.9465966326474895
1565043660,0.7702755538485891
1565068500,0.8577690465041476
1565079540,0.9163947343741983
1565103060,0.8776764170400059
1565125980,0.7050488241453713
1565139240,0.8415918823916394
1565163360,0.3478109073158929
1565182620,0.9309596259683035
1565198340,0.8409845257710802
1565211300,0.7686652203519175
1565224980,0.9474136754059399
1565236920,0.6902964523266363
1565251980,0.59642770358575
1565267760,0.41109587395503744
1565285160,0.45976414769054014
1565302680,0.7148315797604469
1565322900,0.735796672741787
1565342580,0.4916251887957235
1565357460,0.7595680929430864
1565382420,0.5858814878653605
1565404560,0.5769548051947793
1565427120,0.6549488466319653
1565449200,0.6810704448931534
1565474220,0.6874364976344962
1565490720,0.8014837369010327
1565515920,0.07101934210580503
1565530800,0.7772873084358398
1565553000,0.25999180187835397
1565574540,0.9735222031218509
1565599740,0.27943864299044263
1565618880,0.10817851959628762
1565641620,0.15188316297210225
1565658240,0.25270682971481934
1565674980,0.41871748876753684
1565688240,0.6330709770003732
1565699400,0.8203623510439122
1565720460,0.5852492204641346
1565734560,0.16124141517690266
1565748540,0.6859170708194208
1565762460,0.00929929441905613
1565783400,0.14784832251988525
1565801580,0.11799843450032013
1565824920,0.21965777921315005
1565845620,0.37503340602836066
1565857260,0.47376414467870565
1565868900,0.5075059162831412
1565891760,0.7052784587749321
1565904360,0.20575810263960767
1565919420,0.521552995397561
1565941200,0.5470899274100401
1565956500,0.740740740056813
1565969880,0.15189899897093748
1565987340,0.3561869132781809
1566006600,0.18339973949466254
1566030180,0.7951632824089904
1566052440,0.10930318188404556
1566074100,0.8547518521851496
1566090180,0.1756080927801382
1566115320,0.35950642941781275
1566126180,0.16969477251776854
1566141600,0.035533366062066106
1566159060,0.1954158288670977
1566173400,0.41982097477131275
1566193680,0.923622426440863
1566211920,0.6060381540290403
1566229560,0.33687005961453215
1566248640,0.7502717441952016
1566265380,0.7621237046925586
1566276180,0.229728868307791
1566300720,0.0018737973799504088
1566313800,0.5523139011468091
1566332400,0.8284038400962159
1566344160,0.8315851992047915
1566357240,0.811649857149211
1566380100,0.6256431063260539
1566396840,0.26278867718873045
1566414720,0.840281943142299
1566431580,0.7299408654307568
1566451080,0.9259676010959323
1566466260,0.936750891119199
1566477600,0.5462760455192945
1566489900,0.7778297285941763
1566506340,0.751244401591495
1566529980,0.28757772603437076
1566542280,0.0031290633223775817
1566563760,0.6773867226092489
1566575340,0.8582592515520262
1566596580,0.3462316797114513
1566617940,0.16907131979870543
1566636360,0.8065982339299564
1566656280,0.13740750251928485
1566681180,0.9267621205641108
1566692040,0.4295329748327644
1566712260,0.6654041633503655
1566731340,0.5659337823250803
1566755700,0.2645577765052752
1566775440,0.7824414900908389
1566799860,0.8015777771132198
1566816900,0.24483954210613326
1566835080,0.8920029314568017
1566857340,0.8955133359791315
1566871380,0.9145951033701057
1566889440,0.1376852474758724
1566905520,0.9432256750952115
1566928320,0.7947993577665365
1566952680,0.2425720327352754
1566970260,0.5990325284250215
1566987480,0.8644768828460042
1567011420,0.8642787885821811
1567028220,0.35377202044093725
1567053000,0.8364833932829252
1567067160,0.6501800682277007
1567084200,0.596694208005423
1567106820,0.8527182483849983
1567129560,0.8380036215998448
1567140360,0.9233670977047752
1567162920,0.9765102489569275
1567186980,0.9117905409686564
1567211280,0.3249285339716099
1567224540,0.8180067273470439
1567246800,0.7633471623188094
1567260840,0.670283551420375
1567277220,0.8012420276808553
1567292220,0.9066609826381271
1567307760,0.673750060438595
1567325100,0.7960714825745323
1567346940,0.31152954943045974
1567366680,0.05658359552632311
1567391280,0.8637381997626771
1567413540,0.8741159944248083
1567430460,0.5768251829692839
1567448640,0.031936153727807136
1567462860,0.6667749132560599
1567483980,0.49038522366479875
1567505880,0.1673416451537886
1567517280,0.2886725493743073
1567539780,0.7809044792430153
1567560000,0.46673056817346703
1567577640,0.012458226087807195
1567597380,0.8618139253968465
1567609440,0.9038800971986185
1567621380,0.8888854695529704
1567633740,0.8514578790722865
1567654920,0.9866995999394021
1567674840,0.010057314722330879
1567689540,0.4438497485022721
1567707660,0.8471629751763904
1567719480,0.874031372800523
1567733460,0.13774420876572221
1567745940,0.7320881911166092
1567764720,0.7456480047766735
1567786560,0.6915756929649979
1567810380,0.7532618147538837
1567831560,0.9357067547047989
1567853040,0.7619534635471725
1567866840,0.9409677564307262
1567878960,0.531206198486041
1567894380,0.4173485593997728
1567909980,0.5388817091254304
1567928280,0.8796064035815763
1567953180,0.30934637013365
1567977780,0.9577430915990002
1567990200,0.3812394072938105
1568003940,0.94185396449207
1568024340,0.9356482525310003
1568048460,0.8940617847295781
1568071080,0.4647504915947401
1568092320,0.6469824690873112
1568107860,0.3416238097304738
1568128380,0.9746517708235892
1568147880,0.8729449655934716
1568159220,0.6013261466138586
1568181360,0.9301967560284704
1568196480,0.9347569820824806
1568218200,0.9683652556452238
1568232600,0.5137447825706511
1568255040,0.5967274343602611
1568269800,0.2703998566098415
1568284440,0.7834859846726561
1568305380,0.4360257477978267
1568321880,0.343902156973446
1568337600,0.2193203139919885
1568354340,0.9028177662191452
1568365380,0.20945262583718094
1568381640,0.8649073905540073
1568393220,0.4889980333277219
1568417820,0.8593690028040519
1568434920,0.5805558288787354
1568457420,0.7540371278273896
1568474820,0.41982722168222064
1568499060,0.5485773341880452
1568518380,0.6886576533599812
1568529960,0.8519963481000459
1568545560,0.6220893392914175
1568566500,0.884845712738096
1568589540,0.5702645794303765
1568606040,0.5798690008022799
1568631060,0.8838971930055617
1568655600,0.7940749584515329
1568673120,0.8547750333406666
1568698320,0.46611454626986587
1568718480,0.4910017080534475
1568735040,0.7407382541029004
1568757540,0.11050080158405899
1568775180,0.4881501401036119
1568792100,0.7625773400899226
1568816340,0.5613099074272264
1568840340,0.7273015631019247
1568853660,0.10438862446970278
1568872140,0.8380508052380324
1568896740,0.2726681265038221
1568918040,0.5609630204030882
1568941320,0.9616079535977189
1568956140,0.4816102377563959
1568971620,0.7018614766794948
1568985240,0.832692436200911
1568996040,0.8722428571576484
1569015780,0.9084019259106186
1569034680,0.5349877932926795
1569054120,0.702790655713221
1569067920,0.680638250479291
1569084180,0.9814479450699711
1569097800,0.8799665240746126
1569117600,0.22309380839854673
1569134280,0.7556518103086318
1569157680,0.0331580656691685
1569174660,0.00792203044313589
1569189840,0.7806686772360696
1569212040,0.5972771424649191
1569227760,0.869092195402931
1569249240,0.7784739768089557
1569270480,0.7076129452354829
1569293640,0.812438112899344
1569317700,0.7172853483906628
1569340440,0.8191392257921881
1569354000,0.7863395578358642
1569370920,0.21731709606917876
1569395760,0.1277428746943924
1569411900,0.6254801484510928
1569434880,0.8830876396662077
1569451500,0.7144949932694087
1569467220,0.12491167320071006
1569486060,0.027837305983553405
1569503940,0.762134752202826
1569522120,0.017255064920867723
1569536820,0.34863626469765485
1569556320,0.8608234462146582
1569580620,0.5317139582455341
1569605460,0.0030082648982797063
1569628020,0.27750807975580255
1569644280,0.8654747854481212
1569656940,0.37223880979182294
1569676320,0.3931023859488635
1569689580,0.894163868827055
1569703320,0.15181791737596612
1569722820,0.37479880938856486
1569742320,0.3130547426176775
1569766620,0.262832692518717
1569786360,0.22010158406211544
1569805500,0.059336275861936225
1569826680,0.10023900101873283
1569846600,0.6223018647591292
1569864300,0.6427322547274708
1569875400,0.7088675922819802
1569888300,0.9179673951485499
1569913080,0.7660129032473688
1569929220,0.9113379697099834
1569944220,0.9192023919104719
1569959220,0.5284960891683547
1569983580,0.7619878189172916
1569997200,0.985581501571374
1570008840,0.7569209289981578
1570033800,0.9124299855995536
1570058460,0.544965357400382
1570080000,0.33957136959646705
1570094220,0.025020697648617106
1570108500,0.3354173265396225
1570120380,0.7151883743494216
1570135320,0.15466416722172158
1570147020,0.8157245027269664
1570162440,0.8981264507144378
1570181040,0.694315412767232
1570199400,0.8956863486863883
1570220940,0.8070984858781336
1570237980,0.08820123757962506
1570262400,0.6412385784119112
1570279620,0.14748707605571823
1570300500,0.8040829961924207
1570312560,0.7857309247002014
1570334880,0.8126149087316734
1570359840,0.8905162196873365
1570384560,0.7462965002738786
1570408560,0.038195952883617726
1570428300,0.48091688268906746
1570440720,0.9440580719515276
1570457280,0.3165741386294674
1570473360,0.8263555012448068
1570493280,0.21295902133541825
1570512300,0.3756034797956637
1570531380,0.7565783857192094
1570545660,0.7942759134256041
1570562220,0.18615876832938327
1570576260,0.8921353954588551
1570598220,0.30401288272695637
1570621140,0.4515443177461094
1570635840,0.0702647962233006
1570654560,0.7517985897527681
1570670940,0.7387705374055539
1570695420,0.8430270087656815
1570718940,0.8527722943657592
1570737480,0.9911996636338727
1570759260,0.8617672546114005
1570778280,0.5583964447352555
1570792140,0.6702139775791849
1570814520,0.8563737257849356
1570830420,0.08130644713002456
1570845480,0.8561515103352586
1570864260,0.7058868168751887
1570887960,0.3624898921139845
1570901160,0.1558908236072984
1570917960,0.16017497556862784
1570940100,0.32554554385150425
1570962540,0.7654846237783947
1570982820,0.38220659248457434
1571002260,0.2410737901078308
1571018640,0.7929316914994606
1571041500,0.06480184585227883
1571057340,0.4987364369176752
1571070960,0.8298503923339521
1571084580,0.2862008476002281
1571098320,0.5829193198729378
1571110320,0.5352324684145803
1571129880,0.8189924314482742
1571153160,0.9161725310075695
1571172300,0.37213765049482334
1571191560,0.6645453445634572
1571215260,0.5671488170380687
1571239080,0.8651304076091503
1571262120,0.2698095830379517
1571287140,0.01131631452414852
1571309100,0.822539181133676
1571330280,0.009243598708247366
1571349960,0.01590820830258475
1571370780,0.9232960510666403
1571385180,0.11431060577413196
1571404260,0.5774365062549033
1571421780,0.5072099689969247
1571442660,0.8530985231884132
1571467200,0.7977715234315839
1571484360,0.8377605511196204
1571507160,0.919604988981486
1571528340,0.7348754695194758
1571550540,0.7639853111196568
1571561880,0.7758421018241932
1571586240,0.18196299157330761
1571602740,0.7150438561209606
1571626380,0.225686073201051
1571639220,0.14393757025896545
1571653920,0.9855550718857772
1571671020,0.7237888153654904
1571695740,0.9355527878064672
1571713080,0.1750017677520432
1571732940,0.07265614751187534
1571748660,0.032525196234804
1571768340,0.6450381869289169
1571790360,0.5975695123121427
1571813940,0.32146340826721775
1571835420,0.14814677548845454
1571858580,0.795129469834137
1571873580,0.6079011894114527
1571898180,0.43875839502424885
1571913420,0.7740638664423363
1571931360,0.18877444365587387
1571955480,0.4619000691985617
1571971020,0.019341815622139828
1571988540,0.5933816000890249
1572009540,0.88587174281222
1572027120,0.738149867228331
1572048900,0.8780127354838659
1572067260,0.8471177026622217
1572078480,0.6279610468820864
1572098400,0.5644733689598344
1572110280,0.4523996608293042
1572121500,0.8789047366031911
1572138600,0.23910582441238276
1572152880,0.6133500351938098
1572176640,0.14276991199426942
1572193200,0.30087563384658084
1572204480,0.004280471718968018
1572225360,0.5968733783726669
1572249780,0.07456516114055983
1572267900,0.8413453011315326
1572292920,0.5639283127197036
1572314700,0.8528362018638322
1572332640,0.205412322700074
1572351900,0.8062394728598326
1572376320,0.7904396210487221
1572395760,0.46241310937276586
1572420420,0.843523766358521
1572436800,0.6243902268918162
1572453480,0.097984235443427
1572474000,0.4245499241479759
1572496680,0.2907278642407555
1572514680,0.23597874572077027
1572528660,0.9190830075095855
1572551280,0.6092967708797928
1572568140,0.16621535167865328
1572585240,0.5372962775697587
1572598680,0.10449470217999388
1572615300,0.8638330856947614
1572630780,0.7305931368326908
1572652080,0.6204361910666897
1572664320,0.2595235976767484
1572684900,0.7115372220195341
1572708180,0.6186599336490808
1572723960,0.3259136259974782
1572739200,0.7733352970776605
1572751440,0.3357151846030333
1572774960,0.22644156335227383
1572798840,0.06963421178673002
1572818700,0.1932486130664115
1572843780,0.33541385115121464
1572864120,0.6179801201729662
1572877500,0.9255222453258123
1572889020,0.5235921128108438
1572907140,0.7800458909304903
1572930060,0.5265726625681205
1572945780,0.08648932701479134
1572961260,0.27841077511261153
1572977100,0.5237140727644942
1572990900,0.8923595944108421
1573012800,0.8434625313516209
1573031100,0.5608656797648842
1573043520,0.07268695057312974
1573059000,0.34967958969014473
1573074900,0.9073405568230597
1573099980,0.4715544905651499
1573113780,0.5235475809592336
1573126860,0.4098647477730472
1573138560,0.7003690586708299
1573154940,0.6981812047866438
1573174800,0.9250959732390551
1573188120,0.3907291987594753
1573211520,0.14400676360549686
1573233300,0.6596181493126047
1573251480,0.5001292956803933
1573269840,0.9556735075705857
1573283760,0.02735162904538503
1573302000,0.708387580809228
1573320720,0.8338424937148505
1573345320,0.7440830769199344
1573370100,0.0086104189820117
1573389960,0.4805415145550249
1573408620,0.1472432726643372
1573425000,0.817337127276158
1573449000,0.4793769359712451
1573461480,0.16372057255964914
1573481280,0.7405192654101842
1573499040,0.7284901401775324
1573523640,0.5534560390744514
1573545120,0.8339605341596737
1573565820,0.7792639405339797
1573582860,0.5196559705829482
1573604760,0.33619678801881087
1573616820,0.24261429538841978
1573635720,0.8459197725633334
1573656840,0.003037023964184066
1573669380,0.5974268774292976
1573689000,0.6476714778964647
1573708740,0.9150627995246416
1573730100,0.6813225652554316
1573754340,0.139858922238271
1573778880,0.7005443011298367
1573801260,0.9066331137390717
1573824180,0.8064223183767946
1573835400,0.643791598427483
1573850100,0.31504158146473404
1573861080,0.330515544718579
1573885080,0.013532091680302864
1573898400,0.9027265708421881
1573915800,0.7793700866688167
1573926780,0.05114138429670364
1573945560,0.9362308781911886
1573956900,0.6520463646312569
1573979580,0.41843554035590613
1573993560,0.5233277551665435
1574011260,0.4704345397055796
1574025480,0.9173044151794636
1574037600,0.7944140066156472
1574060400,0.8095550192851096
1574073300,0.013167044860775445
1574091900,0.2173101875380204
1574111820,0.8725250478174967
1574136000,0.6956018514600979
1574146800,0.004595800155744247
1574163120,0.6398424583032494
1574178720,0.6431076627081257
1574191800,0.8134154617283795
1574209140,0.8658701871555696
1574224320,0.17623229671810584
1574238060,0.6428526759419193
1574255520,0.6988041850574812
1574278080,0.004851791966226973
1574293020,0.7530052247082029
1574318220,0.8853738845334438
1574337360,0.3774999149870313
1574348880,0.7869648436883208
1574368140,0.8831067746259725
1574385420,0.9675812481560735
1574404860,0.9694822112079647
1574421240,0.2241800662446451
1574442720,0.806331523092028
1574460300,0.8439944767185339
1574483820,0.09841307346586825
1574504940,0.8185958397969861
1574528400,0.2003247126176541
1574544900,0.10007284258270012
1574562540,0.07137484222763318
1574585520,0.6942583843364457
1574604000,0.3256451592396282
1574618340,0.6367406706818248
1574636280,0.3559997530655484
1574652660,0.8761434669594376
1574665920,0.011902910562126664
1574677080,0.8146354941206441
1574688960,0.9318225440619196
1574702220,0.8839175421066428
1574725620,0.2700676973501771
1574744520,0.43818763409474
1574762040,0.706518161028213
1574782500,0.9404864311979224
1574795940,0.94974390222702
1574807880,0.21355731751711304
1574819280,0.01761830889750667
1574834880,0.8604771879126977
1574846040,0.9319706563246271
1574861340,0.8024539737509173
1574878740,0.063310073226175
1574890620,0.816001973554205
1574910180,0.37532979438935654
1574923140,0.5526148552665126
1574947980,0.20404453162027522
1574961720,0.5084956777444123
1574984160,0.010407316604408239
1574996040,0.8320685722260271
1575013020,0.6133580072349968
1575024480,0.31352443139176656
1575044220,0.3482880603344736
1575062400,0.00245902467439014
1575073500,0.42786877728674094
1575097440,0.7082585748959283
1575110700,0.9104820113936083
1575125820,0.1266294311096711
1575143340,0.3067501382084721
1575158700,0.9229267206172326
1575178560,0.7406109778006656
1575198240,0.6312695142244469
1575219420,0.7491396637685757
1575239160,0.7157436725409816
1575264060,0.11271262166537444
1575280980,0.39689033142510033
1575297300,0.9802401294209709
1575312840,0.9137058444491533
1575329640,0.6769463467287302
1575345660,0.33624977972083236
1575358620,0.5653181390110338
1575380940,0.265619085833068
1575396000,0.4585613062373904
1575411180,0.01778987272167745
1575424860,0.6024750655985105
1575435960,0.08586921445045588
1575459360,0.8566099276395228
1575476220,0.019364227660270596
1575496560,0.3878216399845946
1575516360,0.4813175213774997
1575539220,0.7879107540195154
1575558720,0.379309920082667
1575570480,0.11193994181422906
1575583020,0.9135629114092219
1575601140,0.887263840583926
1575626220,0.34062559689419103
1575647040,0.5291872950667325
1575666840,0.7407123745224279
1575681000,0.3300240436832763
1575694680,0.9184650914221021
1575713640,0.3559253229399739
1575736860,0.9550701664818204
1575748260,0.8584317469572545
1575766560,0.768421341941856
1575787260,0.9211314315156469
1575807720,0.9255014674847769
1575827760,0.6475184018783103
1575844560,0.41031574185634223
1575865260,0.5704012630263273
1575883980,0.038037232725675926
1575895380,0.2733479284771873
1575913740,0.48085966154348125
1575932880,0.7747605987069501
1575951600,0.06461258704229994
1575967920,0.4162843139443018
1575991320,0.5467601652497611
1576005660,0.8271127863101327
1576021860,0.6580380003696797
1576039440,0.34465400509016486
1576058280,0.7156875528930161
1576079760,0.08895040584513048
1576101420,0.5297961221403563
1576119780,0.7035530524935557
1576144800,0.00793497715176347
1576169280,0.2702548235983385
1576184340,0.22649994531359338
1576197660,0.5930050420143304
1576214520,0.9162183757717239
1576232760,0.5815643377033762
1576254300,0.1057697002754001
1576269180,0.9135674059750954
1576282620,0.1338827910556453
1576295580,0.3145486915917617
1576307040,0.013915208369322779
1576325340,0.9617822004624264
1576343460,0.11058037522852157
1576362480,0.9050566770336098
1576387320,0.7574215030933441
1576411500,0.9289355144527162
1576432140,0.7766516518704628
1576451280,0.4720691066536189
1576465680,0.5535195609115772
1576480320,0.7502009549389859
1576496160,0.6841809817961708
1576519740,0.7657981703892077
1576542600,0.8847013242996746
1576555860,0.7958143960554235
1576570680,0.7925571087076763
1576586220,0.8643806338724439
1576609800,0.8938385738134081
1576625520,0.9173570077098786
1576647120,0.06757925119512828
1576667100,0.6516995061869455
1576682580,0.6281014941857999
1576704360,0.6816351882147383
1576726980,0.20921510352064804
1576740120,0.4113124208840291
1576751220,0.5921768748476728
1576768680,0.5369056383080785
1576788420,0.293720603246222
1576812420,0.3201375980447574
1576833300,0.1937562893868835
1576853820,0.24647223928832662
1576877820,0.8549977297156806
1576898580,0.4369889010503758
1576922460,0.6364863598458698
1576943700,0.8200988273441693
1576962540,0.759219489428367
1576981260,0.6874007677854559
1576996260,0.8001665858670148
1577010900,0.8355399762333349
1577026560,0.8659468016883847
1577041080,0.6390939237305303
1577059980,0.06555537598793167
1577084640,0.06452166721869922
1577105640,0.44256730692854357
1577120700,0.33679453236597423
1577132700,0.5824373829104648
1577155560,0.5887080599510672
1577166960,0.5764346914636767
1577181720,0.8578421485260534
1577203380,0.18994376445707933
1577217780,0.8657796055939678
1577232540,0.6722974144249282
1577244120,0.7791426341633071
1577269260,0.8203217002512255
1577286060,0.8338527560172937
1577306700,0.3916636388188849
1577329920,0.1692486238540161
1577355120,0.9434586402753316
1577372280,0.1969989245381338
1577395980,0.3400777975822407
1577416320,0.45704218652883527
1577439600,0.20558794271419262
1577451720,0.7095633926696123
1577474220,0.08615387502121588
1577489820,0.7945484466897963
1577505660,0.021651908736473848
1577524440,0.9013969414649872
1577543460,0.03044214408665995
1577554440,0.03247663355233063
1577578920,0.6791077804559635
1577593980,0.8123714081500417
1577613720,0.7440765176713494
1577637000,0.7010593144185788
1577659980,0.2733433941088563
1577672280,0.585539266908748
1577695140,0.6922053201219116
1577710320,0.8292293422993594
1577730840,0.6896438648373717
1577752860,0.6294713244128727
1577767140,0.6272220973504606
1577781960,0.854511203198006
1577795460,0.6811501448682671
1577819640,0.8078296439640884
1577840700,0.81396622241146
1577854740,0.7586838347208227
1577874240,0.800924478926005
1577895060,0.26888042987156835
1577911140,0.4744049993923572
1577934300,0.902083383950871
1577947560,0.8108984734225464
1577966700,0.6570138376588555
1577989740,0.004505810837333498
1578014760,0.7762355800298192
1578039000,0.4854470325630195
1578055080,0.8323385725839695
1578076920,0.25565204652988843
1578094500,0.5429974209767654
1578105900,0.8299996840057526
1578129480,0.9792329149334207
1578147840,0.1530541775396501
1578163320,0.4670399124866845
1578180660,0.01347521291768231
1578203160,0.8234884851034462
1578222900,0.7805927947305045
1578245640,0.8496802429216462
1578269280,0.4995023554917872
1578290160,0.5236264254824606
1578304020,0.4309088099755606
1578324060,0.12568341631312158
1578339600,0.8705960542401794
1578363720,0.9743476970646162
1578377160,0.2848853461952598
1578397080,0.8800064463162429
1578417840,0.8976761969914608
1578441960,0.20351751903935414
1578466560,0.24044280331833698
1578482700,0.5710708608410396
1578493500,0.8524325637498359
1578510720,0.642740985378031
1578527400,0.8983672108290599
1578551880,0.9516099724822424
1578565740,0.671952471691605
1578586320,0.12827554274847755
1578604320,0.7455023137423468
1578625020,0.16493099520878654
1578638220,0.5104388178276814
1578649920,0.6706531696603428
1578665400,0.9397596460101261
1578676860,0.8424515000536728
1578693720,0.25920720683944953
1578716160,0.6442825357371333
1578729480,0.7084105558422117
1578750000,0.046554370205266815
1578763500,0.6042688311437808
1578783600,0.4406837475782803
1578807600,0.08234265319869297
1578823200,0.5943719045596249
1578841800,0.790021976504931
1578860280,0.9455713905584533
1578877320,0.005458123831873125
1578895560,0.9318123587535121
1578912600,0.43694634131848226
1578933660,0.3438232023275759
1578955200,0.31724064307437566
1578974460,0.8537992137942574
1578996000,0.7036633183110083
1579013040,0.812185334989397
1579029960,0.10544408204593717
1579051320,0.9672926600846119
1579063680,0.09225649088518209
1579087320,0.02257671600330081
1579103040,0.00718306912341829
1579123260,0.1819586882954201
1579138680,0.28991039894343973
1579163640,0.24136224707920473
1579177140,0.02622035887847483
1579190340,0.749083616098555
1579210140,0.8460626726570212
1579230300,0.9378709899630601
1579252440,0.4280714483183977
1579272120,0.33220837505328904
1579293420,0.8361947987642875
1579305000,0.17770367338287757
1579320000,0.6363630651998562
1579332900,0.8906974725577502
1579355760,0.6958217829085394
1579380900,0.0059081143555186535
1579394520,0.920402012521539
1579410000,0.7621084340629963
1579426560,0.801436947087774
1579440660,0.8502058748389869
1579458420,0.7597998635545569
1579475760,0.8578071323141482
1579490640,0.8892038777911858
1579508640,0.9360657261881309
1579529880,0.41034805460753926
1579553160,0.7939406856193829
1579577880,0.7901333893754132
1579596480,0.4006305515888855
1579616220,0.2473299034819308
1579632780,0.0020051253515116357
1579654440,0.7559841289820242
1579678980,0.731887889068955
1579689900,0.8011957997280724
1579713900,0.5920617418405614
1579728660,0.14405651518555168
1579747920,0.7392003091034327
1579760760,0.6021612792600092
1579772160,0.5426448929447829
1579792320,0.7434158635155337
1579808220,0.6454061880661947
1579831500,0.19310023684755684
1579853580,0.44136689944851015
1579866660,0.8902243410443411
1579880580,0.46405502827146206
1579898100,0.4049218261482463
1579921200,0.1487554241043701
1579944780,0.0962189983491589
1579965000,0.7549908649192476
1579984440,0.020259652276830725
1580005080,0.5160293239014266
1580029560,0.7718898360878035
1580054040,0.17502028583923845
1580077560,0.7860445557178238
1580102280,0.4910626527791316
1580121600,0.4530987296967045
1580137200,0.4339481610208724
1580152980,0.8467449278117775
1580165880,0.2588635078653341
1580189940,0.7061507845916547
1580211420,0.808637662523217
1580226900,0.4736550742127924
1580249160,0.8685098126804713
1580261160,0.704138764922903
1580276160,0.014407593312208417
1580291760,0.92583901520797
1580308800,0.8598699884741597
1580322420,0.001428853699496467
1580346240,0.5445503955282438
1580369820,0.6719903263946627
1580383140,0.8048626749837618
1580401740,0.9371157239363369
1580414040,0.40572921735445394
1580432580,0.6483898133695608
1580457780,0.256811680094947
1580479980,0.896649157172576
1580490900,0.4973406018797988
1580512680,0.8964842583080254
1580526720,0.4735316973172748
1580546820,0.08060952776659613
1580557920,0.7836357871301692
1580573940,0.3496194437698631
1580591640,0.19581195764835158
1580602740,0.8034977443439566
1580624160,0.8481019151116804
1580638320,0.32839652518194207
1580661420,0.6073761003996557
1580674140,0.13605385793418578
1580689680,0.9075821074766538
1580708160,0.9396481512028145
1580730660,0.42093682963473705
1580744700,0.7716502582652304
1580764080,0.7330544161476635
1580783580,0.5183188642893647
1580806680,0.3965834229379806
1580824020,0.941812782792338
1580848920,0.9099262271122226
1580863740,0.8865453598613896
1580879220,0.8061189607224277
1580902560,0.8852156290666523
1580919900,0.2935439841148674
1580934720,0.6300089543355967
1580955060,0.755511720379629
1580974440,0.5662473127498561
1580989020,0.2682104466533462
1581000420,0.895085915288616
1581018720,0.7381681994223349
1581042900,0.24497197022721645
1581056400,0.5410690127908634
1581070020,0.053075660136874224
1581085860,0.8487118687517522
1581106800,0.9211054056708736
1581129420,0.40704054806046636
1581141060,0.884097197516536
1581155220,0.6068358670804653
1581174300,0.017056635469715184
1581195720,0.8363848044193825
1581207720,0.6729209110783252
1581219600,0.10766523892758768
1581243840,0.7586945299481995
1581268740,0.5411659939316491
1581289680,0.570898805689321
1581304680,0.6354993563846436
1581326340,0.8306029365786135
1581338400,0.3756345373358175
1581349800,0.5184089010414743
1581369420,0.38277732032793843
1581386100,0.26980352425336124
1581401760,0.870729529300339
1581421680,0.6921838175687125
1581439080,0.8667409216679869
1581453780,0.25857917678552034
1581478980,0.4841637559944313
1581501360,0.01869542926487311
1581522540,0.006555713281443782
1581542040,0.5070228712808107
1581564360,0.5722585066339035
1581578400,0.7353562608682872
1581592140,0.1719142471212698
1581616200,0.6135708255557155
1581633000,0.844962998183976
1581653700,0.30011474218953665
1581678600,0.9245129017389956
1581693180,0.01146439546959931
1581714840,0.4178524292239355
1581730980,0.790423076387815
1581742740,0.7985850162444377
1581763800,0.5776427717902598
1581780540,0.9245231989617095
1581801120,0.40102746541287976
1581824280,0.6867044091806919
1581841680,0.7604569808542545
1581863340,0.6933684293179021
1581884340,0.9531859227417672
1581905280,0.7726100872402255
1581916980,0.72380545655039
1581931560,0.21647484078197177
1581945840,0.9567038437864955
1581958080,0.10805150670884105
1581976200,0.6488725305156129
1581997500,0.8155502233623563
1582010100,0.747661823927632
1582031940,0.3612375899330286
1582056840,0.7809189469547201
1582078440,0.01283930129387945
1582098900,0.959573067399916
1582116900,0.8174035321643152
1582132860,0.05865079204936118
1582143960,0.04767381575381634
1582162500,0.0061304879633904755
1582175640,0.8699172228162259
1582192980,0.5480119955444009
1582213020,0.2556457670129405
1582225980,0.3271738521903261
1582248840,0.8991099895924467
1582272060,0.9117384347857561
1582284900,0.04636596359406537
1582302240,0.7226452365970956
1582317360,0.46441008264100414
1582339560,0.3260436802995481
1582362960,0.28349011527668244
1582387020,0.6648900577424377
1582399320,0.14616662903488375
1582411560,0.5124497522316154
1582431000,0.018909314288530175
1582453560,0.7538974403190292
1582466880,0.5336133793550909
1582481340,0.7959565910935773
1582495020,0.4251191255855753
1582519800,0.5386123715963265
1582532100,0.909916648707894
1582545000,0.6314677758093677
1582566780,0.4031244259995353
1582581840,0.4580182282033824
1582603740,0.5914072853946424
1582618440,0.7079970542158982
1582631100,0.4400020546763989
1582654620,0.8405002204960639
1582670520,0.6386697084945263
1582688700,0.5454536380262571
1582701960,0.25519116221978816
1582715340,0.7150129184290549
1582730760,0.2788272872813286
1582748580,0.7840471110796894
1582773720,0.06400876762678459
1582788120,0.22619846941429106
1582807380,0.859159196051621
1582822500,0.9265636045614499
1582840740,0.4847054309167993
1582853160,0.5069014420537086
1582872540,0.7869660595014636
1582885500,0.23450655856175684
1582897980,0.8384587602782871
1582921740,0.7952576448910227
1582941180,0.7498744758948295
1582963680,0.9539396214505521
1582985400,0.41532836537554435
1583010300,0.7994477512171012
1583021100,0.9135756662703594
1583037540,0.8658933942279421
1583051160,0.32787989189112204
1583062860,0.05280547958010897
1583087880,0.22674520943048798
1583105340,0.7984424718747009
1583123700,0.47220309490107476
1583138340,0.7935850549083251
1583153160,0.6630550360132743
1583174880,0.579505024639895
1583195040,0.7582412887805142
1583212380,0.013103553763880749
1583229180,0.7516523985183116
1583252940,0.11058211923862327
1583264520,0.824284691521757
1583289300,0.0037394086663954376
1583303520,0.0033252940612597294
1583319600,0.736760301059919
1583333700,0.9268466733324205
1583351640,0.6922361033066917
1583367900,0.1898722711428415
1583384220,0.47190757632220737
1583406120,0.7493156852241762
1583429340,0.1654363645418485
1583448360,0.3474496158209043
1583464680,0.03891642508967568
1583487480,0.524782428695987
1583503380,0.622195885289325
1583515140,0.7307220235832428
1583532840,0.805320875808641
1583553960,0.7726471635343555
1583568300,0.779051049793778
1583592900,0.23366471419574183
1583617080,0.18171691327964462
1583628660,0.7748068227258161
1583645340,0.8494187261531907
1583670420,0.866494723621661
1583686320,0.8527462168978491
1583706300,0.8842105080796501
1583728920,0.8461778316088224
1583741880,0.3718660748167476
1583761740,0.760355404156231
1583777520,0.24792829254295218
1583792820,0.15714841441080518
1583813940,0.9405873880968413
1583833560,0.2702725209692219
1583858700,0.71057595190234
1583875260,0.13663198126959375
1583898060,0.3775394829323277
1583913780,0.20753435295053452
1583929800,0.22365848290876963
1583947740,0.46947172743315624
1583965980,0.6254581878799808
1583984820,0.8738831900101887
1584007440,0.48601511976951456
1584019620,0.36419884032169214
1584039480,0.7217567124069207
1584050760,0.02212605456200237
1584069780,0.9469124776287714
1584083940,0.6501082130000636
1584095640,0.801883643050201
1584108660,0.05038821689016549
1584122040,0.9666820238003566
1584136020,0.7598645167395645
1584148860,0.917562238869374
1584165780,0.263933738072851
1584180000,0.4251904367311381
1584193440,0.11417729265786314
1584214920,0.2671095456765277
1584230880,0.07402628448015008
1584250080,0.11399029919308283
1584265800,0.6685073948756346
1584283920,0.7380949420791454
1584305340,0.7001220857388437
1584324660,0.06382819329311931
1584337920,0.007480768251639917
1584358500,0.6263860043319207
1584371820,0.04733551387945739
1584387300,0.024124295537448114
1584407520,0.07481166941309697
1584428040,0.28652854033834574
1584443400,0.746885060200376
1584457080,0.17206831099648923
1584475440,0.7641000415482926
1584494400,0.6148871973613005
1584516060,0.8347489572177204
1584529980,0.8821341991629958
1584553140,0.6466995629102873
1584564840,0.7275380487707338
1584584880,0.8794746666460439
1584609180,0.8963451290630402
1584631920,0.8068809491779175
1584656580,0.7644836681936934
1584679740,0.2987202170796495
1584694560,0.5016665837093314
1584715380,0.5737028512671392
1584729060,0.8798619314392926
1584740880,0.32876419580475624
1584757260,0.7606989109094087
1584773520,0.01957836804316785
1584796560,0.6324948166496135
1584810960,0.6132493113696073
1584829080,0.3980979294275836
1584852720,0.729697298304257
1584874380,0.7566406318389945
1584886800,0.8573336589523651
1584897720,0.7905162338638108
1584919440,0.6871101950987069
1584944340,0.9126513029482133
1584957900,0.8312824923553382
1584976320,0.27259537215447444
1585001100,0.149357536772478
1585023180,0.7602407867256618
1585045320,0.5845585724461058
1585062240,0.16468024780482632
1585076700,0.8560520943245721
1585099260,0.7892849017755224
1585110660,0.7260323783354308
1585126140,0.5341618459403172
1585141860,0.7618650867754594
1585155300,0.48460764869198314
1585172640,0.22319895847892862
1585184040,0.7399621095354803
1585198620,0.6928189805620868
1585220100,0.8114052678674052
1585236720,0.8872779513487647
1585261680,0.7368918148877699
1585279500,0.01405409667290624
1585292160,0.8011209504570039
1585306200,0.49630291438783203
1585330620,0.9862179798483339
1585352760,0.8033773808251023
1585373400,0.8781741398737755
1585387080,0.8096030151994403
1585405680,0.09550960696094006
1585425960,0.8038240557471499
1585445760,0.5119510016043705
1585459440,0.7041003727713998
1585483140,0.7475373918140411
1585494960,0.9292651594146972
1585512240,0.9191409872045404
1585527480,0.727782075094487
1585545840,0.8860525626700606
1585565040,0.003000610870345409
1585580820,0.47580411329354794
1585604940,0.7067398459440908
1585617120,0.8940564375309111
1585640460,0.8710991563538708
1585651320,0.7305123087307913
1585676220,0.6108241870429375
1585698600,0.24018143177151752
1585721100,0.6438092109178638
1585733460,0.06287218672065453
1585752120,0.9759532018606656
1585772520,0.8529815973001211
1585788780,0.752457246697045
1585807740,0.7871490523196366
1585820880,0.8035841455700001
1585841940,0.9010169311448162
1585852860,0.6584241524149608
1585870080,0.40651366666394895
1585892820,0.9733303669576454
1585916640,0.3824455999879021
1585936800,0.8932482410304854
1585953600,0.0037663613366863483
1585968480,0.9707661509527694
1585992780,0.8412279343957373
1586005380,0.8216465703745808
1586024040,0.7930716367760848
1586035140,0.10823616063124197
1586054400,0.05269518224976805
1586072220,0.4166615463443102
1586087220,0.4811977334353146
1586101740,0.3396443217162945
1586125680,0.5768973799019725
1586136720,0.029908708344624575
1586148540,0.8005236181200486
1586163180,0.005069343222250027
1586181420,0.5349645794127287
1586204880,0.6793850187964642
1586222760,0.5963487689102175
1586246820,0.34396275296115236
1586267820,0.5548428179042146
1586278800,0.2930371199841725
1586292660,0.6416125653209175
1586306700,0.7443932764392904
1586326500,0.751098142250718
1586342280,0.6051151644366903
1586356860,0.9231329726177007
1586374980,0.7878182702116036
1586391900,0.28244358178894713
1586414100,0.7101196570316655
1586428320,0.85310611642387
1586442600,0.16209228674267742
1586466000,0.9256129463638754
1586482620,0.36349862853898635
1586501280,0.547234624368182
1586525220,0.9260547579934033
1586536260,0.24426072614283545
1586556300,0.006478712320672176
1586574480,0.23332956028373378
1586591700,0.6208435740762716
1586615520,0.4955247372673527
1586628420,0.7210401785107067
1586640840,0.6176896074430911
1586661360,0.7138830825555075
1586685060,0.8696220008250144
1586700720,0.9043072918991045
1586721780,0.6693831148003352
1586737320,0.9251233542894646
1586759580,0.48862211119943005
1586770440,0.6571795704867878
1586792520,0.09715227958703121
1586810640,0.17894512730726958
1586821920,0.9242284981660037
1586835180,0.8751780663602895
1586852280,0.4169358974841151
1586868720,0.9630117604018221
1586892300,0.9004757211419251
1586907300,0.03932674848187135
1586928840,0.6198211085040928
1586949840,0.7352081943140399
1586972220,0.1701433558053093
1586997060,0.46109281588838813
1587017340,0.875169260156518
1587032760,0.7062427569558463
1587049380,0.004244264912766052
1587063840,0.19722473054089057
1587087420,0.4590771927859474
1587112380,0.09162624033921409
1587125220,0.7070335984109457
1587143220,0.6291178983691916
1587167100,0.8683517295672329
1587178080,0.3732740262248626
1587201600,0.709868160110761
1587222660,0.9355849910665563
1587240840,0.49548170237792494
1587258300,0.735463268285761
1587278160,0.5573553976402801
1587296700,0.8038547345744677
1587318480,0.8326411656785706
1587333900,0.6132913359882255
1587345000,0.6227089874120144
1587366240,0.03935133871928514
1587379440,0.8579610637350462
1587400080,0.015713290715649645
1587423180,0.6995775333742986
1587439200,0.7771290048006143
1587454380,0.5739695694326838
1587471420,0.7619260319952827
1587488160,0.6896957361936581
1587510780,0.9345659027861714
1587526740,0.9009673670208926
1587548040,0.801392616545467
1587561480,0.006946789917975079
1587573120,0.7306379345987724
1587589260,0.04492652873064525
1587606120,0.6225479515988686
1587622020,0.7329747086095215
1587636300,0.24312359331028863
1587657000,0.6957505371989676
1587674640,0.9449413430570888
1587699780,0.11483456752968473
1587716580,0.5819533773572289
1587734700,0.6994689027006415
1587751080,0.9237453654048571
1587774960,0.8651726785506986
1587797700,0.8679169242644204
1587809580,0.1103814130853313
1587827640,0.46211630655902014
1587842460,0.11007180028542765
1587862920,0.5994653183192337
1587887040,0.5564251449860984
1587900960,0.008727666571481933
1587922980,0.24665733896395195
1587938460,0.009538402491669614
1587951180,0.20533219192760593
1587969120,0.2864843148839358
1587992460,0.27359553027620964
1588012500,0.9441698594740162
1588032180,0.17225437346576558
1588049520,0.5476568674036569
1588065840,0.6105343782929792
1588088580,0.8495648044014242
1588109580,0.04072686227173143
1588125960,0.8768574838882469
1588140360,0.8068837003100908
1588163580,0.2678280953089932
1588179000,0.8754207165273126
1588190940,0.5145635294141906
1588209000,0.9010468113615825
1588222980,0.8629901026762599
1588246800,0.6125262617111995
1588257900,0.44586011721891816
1588280040,0.7074517585973703
1588304880,0.29052347470313933
1588318980,0.4909039288504192
1588342920,0.8822917574941684
1588358640,0.8710567958523309
1588383060,0.011972301991031687
1588400160,0.6332959079102106
1588420740,0.7103495738626797
1588436160,0.5866975167028247
1588454880,0.23825057806978797
1588474020,0.7948670184741775
1588498140,0.6145593263194287
1588513020,0.9242003960591096
1588534140,0.7344043719743564
1588552620,0.872150451022014
1588572780,0.8349797725275965
1588587480,0.26496177227914725
1588598940,0.8477597835101722
1588612560,0.9043907588225579
1588631400,0.2496979446683915
1588648740,0.3992927867338648
1588672500,0.5527252838234735
1588695480,0.666817638662107
1588712700,0.9637023323781274
1588734480,0.9118958800245791
1588755540,0.8161430311956805
1588772040,0.019149715141581453
1588785960,0.8518252838848185
1588803240,0.8606248819799488
1588818900,0.5813994620230305
1588841940,0.7941781875140315
1588860600,0.7596728769357831
1588878060,0.30178358682265194
1588890240,0.03411877425305549
1588904040,0.9266057344320039
1588917960,0.5998771908736259
1588938240,0.11615832007117283
1588960500,0.32032411234898406
1588972680,0.8381734905314119
1588983660,0.7042772232279233
1588996080,0.9604722162550753
1589016420,0.6157247451493676
1589034600,0.807069102407673
1589053560,0.20613736645616973
1589070960,0.7798426694160868
1589083560,0.129951691809008
1589108220,0.7748423088322007
1589125320,0.030752816678256287
1589141160,0.5855494143201474
1589152200,0.22186846248530923
1589174820,0.2581189156348253
1589198700,0.38057435423448466
1589214480,0.8696655990778337
1589238300,0.6147320966256541
1589253060,0.3295525734058201
1589265120,0.9380095629441731
1589286780,0.0024862251677969117
1589303040,0.5943351330937069
1589319120,0.6289892027259564
1589333700,0.97248531963664
1589351400,0.5483436888826652
1589372160,0.8091084262844244
1589390820,0.46595676710298867
1589412780,0.675736931537178
1589432100,0.8041652794226237
1589452980,0.9329915822875087
1589476980,0.47832870175189335
1589492520,0.335174182790044
1589512080,0.6448733013649766
1589533140,0.01117589051666215
1589552700,0.4652253111341111
1589576520,0.9018802085128335
1589598480,0.5974723835032474
1589613360,0.20565785747682314
1589627700,0.6607297631937701
1589652840,0.701441038324617
1589675040,0.5970116553405357
1589689980,0.8804151973696575
1589715000,0.6307014707350913
1589727120,0.7497733196557457
1589747340,0.7865781500495324
1589772120,0.9261298211352362
1589788500,0.7538691091056101
1589804160,0.1568707407979557
1589828400,0.8175583072594683
1589844000,0.3296680067490871
1589867520,0.8347167433173416
1589887020,0.01562147173316347
1589911860,0.8189448660207348
1589923500,0.8428845292020681
1589942280,0.46861062390586294
1589953740,0.014417889247616182
1589966100,0.401881208419094
1589981640,0.6712501751431019
1590001500,0.11341251089365582
1590021900,0.30626065010532766
1590039360,0.8659466277223115
1590050400,0.477398802799894
1590069000,0.141287936864961
1590084960,0.9233640636537758
1590106140,0.571266932027216
1590117180,0.2905433483891764
1590128280,0.6500578378483136
1590144360,0.4871738385994108
1590164160,0.727538006159573
1590180180,0.7709490302789855
1590204420,0.0894258134611857
1590215280,0.8244132882400697
1590237720,0.38002004860959726
1590250680,0.42549430180523484
1590264300,0.6846511573540127
1590284640,0.9515371806973676
1590308160,0.524950376178389
1590326400,0.44568979973416306
1590348720,0.30549268524821105
1590370020,0.7044540797367659
1590384420,0.08700129109682847
1590400680,0.32094071810636293
1590422400,0.8650378310267833
1590444360,0.45114509773563494
1590464940,0.8826133080554677
1590489840,0.8758374921430383
1590512460,0.5043038414219436
1590525720,0.11030205368205707
1590541080,0.894484347327341
1590561180,0.8168578146751717
1590579480,0.4865605920391548
1590602220,0.9479826113366202
1590614100,0.8331519760916758
1590629760,0.8887672271677948
1590646080,0.7022652172554968
1590664560,0.8290123379208705
1590689220,0.5436502955715159
1590712680,0.256146329418053
1590737700,0.0470917322126989
1590750000,0.868924035502501
1590772080,0.6684595758949164
1590796320,0.7932179475258079
1590811440,0.3523092320487678
1590822660,0.7012482409823045
1590839640,0.7224445705692897
1590861720,0.007791983441582151
1590884040,0.46546392008541276
1590899760,0.5335311057300901
1590924300,0.7391655368588029
1590936000,0.6687198845567646
1590961140,0.47957374922191226
1590977640,0.6797783662226006
1591000260,0.6380797723475139
1591016160,0.9006518884057688
1591040460,0.4954617627934359
1591062660,0.42587216714669573
1591080960,0.14733027130546691
1591099440,0.2548359406943652
1591114740,0.8961420719233082
1591138380,0.28567594877051294
1591162260,0.2929205645177237
1591179720,0.696600157642774
1591195920,0.08881326122004882
1591209000,0.5699474619790977
1591225740,0.7327923477261713
1591241400,0.785282535198335
1591260600,0.20970167060057016
1591284720,0.26901836129129403
1591306440,0.8061377842275377
1591321920,0.13518885093589542
1591338480,0.673742890539066
1591353840,0.5360038804674734
1591366860,0.7016422333208275
1591378260,0.2818361672447799
1591395120,0.20762994221529824
1591417020,0.8874389293536646
1591430880,0.7812569082974103
1591449360,0.006052181213058263
1591462620,0.5218793198461777
1591478520,0.15027993636388565
1591502520,0.5048044859262799
1591527360,0.8395056363639712
1591542540,0.620736053740254
1591564560,0.0923861134771712
1591583880,0.004809200954812428
1591604760,0.6114216863242171
1591616160,0.7923955825585474
1591630920,0.7569334825280913
1591642260,0.08582743702054076
1591656720,0.49606496934244326
1591681800,0.37244058563392324
1591696140,0.16088891477251083
1591711980,0.9231904467195783
1591725900,0.014627502307112655
1591750800,0.25905177500738125
1591767420,0.5976688878496499
1591780500,0.8871237268846881
1591791900,0.27496780247608243
1591807800,0.7267532961411263
1591830600,0.5656944382962654
1591852500,0.8348743373625724
1591874460,0.6941999070811308
1591885680,0.8369928892666464
1591905420,0.8472430396277671
1591920780,0.32685302942608646
1591939980,0.7968276674048357
1591957680,0.7081209922648769
1591979220,0.6941817665085352
1591996920,0.9628416476862619
1592010360,0.015755508205852833
1592035020,0.02048411038994068
1592051040,0.5084801270421252
1592074860,0.7886105649118547
1592091660,0.2464714128789165
1592115180,0.6741921656928678
1592127840,0.2718787876991948
1592138640,0.5363275860702679
1592159040,0.761189407182645
1592180580,0.7757494421156098
1592199840,0.25285724336188126
1592217660,0.00414331994787173
1592230800,0.5764318237804876
1592252160,0.5351542690756153
1592276220,0.5115451404798919
1592300160,0.5988863689756565
1592312220,0.18974442305781478
1592325780,0.7114214293778278
1592342340,0.8910660876719135
1592354460,0.5210220426479749
1592368260,0.32490163137547573
1592392260,0.5716984429604566
1592414760,0.218321781435914
1592435520,0.48170878498734065
1592449140,0.3660836386493172
1592468220,0.25984813313726607
1592480040,0.563176043346133
1592494680,0.2050550508172667
1592518020,0.5819338656429857
1592529420,0.21848539568902342
1592545800,0.49922361370907997
1592558820,0.9848366970498443
1592581080,0.7426899217906502
1592599320,0.796045253965553
1592621040,0.7264674489443059
1592641620,0.01393110318493681
1592665740,0.14508843256397608
1592690100,0.6499419789501666
1592706180,0.7611506048601915
1592729280,0.8028523606122555
1592752320,0.49198500566069825
1592771100,0.7321617804688341
1592782560,0.612383343045842
1592805960,0.5072184939497995
1592829420,0.56179904424308
1592844420,0.5320113481567699
1592862120,0.7178956419765397
1592874600,0.8479461255174358
1592899440,0.31744269461112723
1592920020,0.17486249568528212
1592943300,0.4862475462786048
1592968140,0.7193212678369472
1592982540,0.7307882455107111
1592998020,0.8935300894335245
1593022080,0.10907666850140056
1593041400,0.6207518949714982
1593060240,0.8767777502827813
1593079920,0.5071101950190685
1593105000,0.8598520724958143
1593117000,0.803514656617636
1593130440,0.6928832406239896
1593150720,0.2141440445636018
1593173160,0.30549310190316736
1593196020,0.21491467034525366
1593220680,0.5354506510196256
1593236160,0.6593170070157587
1593256260,0.761486670023496
1593267180,0.44506631641922867
1593278580,0.849249577664604
1593294540,0.5014275793572586
1593311220,0.8075189310964206
1593328380,0.9180006936389402
1593340380,0.820387979545608
1593360420,0.9351545587837159
1593381000,0.5686937874359518
1593394500,0.7913728595448263
1593406920,0.5641847033134528
1593418440,0.7000824785322701
1593435540,0.21709270237058212
1593459960,0.45855953344058653
1593471660,0.030551732085311395
1593490920,0.704133783769778
1593504480,0.4430453748404869
1593521820,0.8377139924959387
1593538080,0.6429295814498035
1593560820,0.7266114696178656
1593580080,0.6414277549703442
1593592200,0.7631385189945733
1593613380,0.9001596581216028
1593634680,0.3412705674186129
1593651660,0.728064114062439
1593675300,0.6448920559488388
1593699720,0.4228834634082358
1593716580,0.6121847888907588
1593737580,0.8301556418350242
1593754500,0.4424992722312468
1593777120,0.8980335386650523
1593802080,0.8420678948196085
1593827100,0.22301734853637956
1593840300,0.05935663776657974
1593851640,0.24606298229846263
1593872160,0.4444219112788995
1593894540,0.12311506431481169
1593912960,0.9168296612879414
1593925440,0.7350941228109209
1593943920,0.4674474444158886
1593955620,0.10400508322719558
1593976200,0.3177708280014787
1593990240,0.8855766127043843
1594009920,0.9548678643596327
1594030980,0.3726606254985232
1594053660,0.7367615203413236
1594068240,0.5527416826467834
1594084140,0.8335270031806894
1594106580,0.6535565528144415
1594127460,0.9435560985113001
1594145100,0.9532461950447841
1594162680,0.8626798378507834
1594177320,0.8462109179979975
1594201200,0.7282147020881692
1594214460,0.7985858625367049
1594231140,0.7167977915063081
1594253460,0.41527443554869176
1594264440,0.8324685282383514
1594289340,0.6242205663599112
1594304820,0.9889418168837727
1594329000,0.8672907060169183
1594350180,0.07871314963722563
1594373100,0.2957478804242158
1594392540,0.19381588551166234
1594407180,0.685540754203692
1594425180,0.6118399867495905
1594444200,0.7611670053697269
1594458420,0.34022242258940744
1594480380,0.43000981260730287
1594492560,0.7950978671794552
1594504560,0.4204835749821192
1594523160,0.4854512338599969
1594534380,0.22893104801023179
1594551120,0.7098794739131671
1594563600,0.7105429105530225
1594574640,0.9140047289543154
1594595040,0.7813965757648542
1594618680,0.6311286818451719
1594641540,0.5366771235028881
1594659600,0.16829741610921586
1594681980,0.21013734105609472
1594706820,0.1843413103128694
1594729500,0.8266009063874282
1594743300,0.9067458269788266
1594763220,0.040830187891325045
1594784700,0.7519387752292779
1594802280,0.20065445897774223
1594822860,0.8954286830954368
1594841280,0.7219560913651124
1594854120,0.5886753796679514
1594876560,0.6974358282548423
1594892100,0.9254107275901323
1594914240,0.3725689791808069
1594936020,0.8909931793996849
1594960440,0.9659343663792967
1594979340,0.7524482814439747
1595000880,0.7270819982011794
1595015220,0.6840635166883035
1595033700,0.5577209098556479
1595057880,0.8609867374192787
1595081340,0.759166741607237
1595098680,0.31089756536614477
1595118540,0.4279876834007488
1595142000,0.8363260583081789
1595161620,0.21288860457165235
1595180100,0.18342678577795407
1595203680,0.8904992665406695
1595216460,0.1142023867756985
1595240400,0.6808299541789672
1595256720,0.17780529522192665
1595277420,0.49729115353428216
1595296020,0.43664066422550407
1595316600,0.8931828816532422
1595333700,0.9112009368377334
1595357880,0.6500439933561286
1595382420,0.7847247310459855
1595401320,0.9151067270024065
1595420520,0.7440584392742691
1595443860,0.09043558804865337
1595465400,0.18819414921604535
1595481660,0.8009820328861468
1595492640,0.9546507060372542
1595509860,0.31088816303959727
1595534340,0.342418877026536
1595555580,0.82604332137004
1595575140,0.6564227592791424
1595599920,0.03820302787879804
1595623260,0.40909421512887423
1595647080,0.9163367268824105
1595670240,0.7778132949281389
1595694480,0.5894455772704725
1595706780,0.7899165263618114
1595727480,0.0062119890183502295
1595741940,0.5788011444045387
1595766780,0.3824253001170801
1595779560,0.127263060404953
1595793840,0.7619438585048198
1595806980,0.17593086762408489
1595829960,0.10985193655546274
1595845080,0.3486911189586182
1595857320,0.7765256116972693
1595873040,0.4933445000193747
1595895420,0.6461525268925661
1595913480,0.2844085307954408
1595933220,0.8253952305851552
1595956680,0.852360027723081
1595978760,0.8833510781318259
1596003120,0.9909669585019859
1596019260,0.25690368462374347
1596039720,0.39117524047267
1596056880,0.6433476766680389
1596068640,0.5313107140892243
1596079680,0.3538568875856844
1596096420,0.5026355566157337
1596109800,0.8210230123966027
1596131160,0.7356947669254336
1596155820,0.384689907515109
1596179880,0.4747796978347871
1596202560,0.5382343228966466
1596215520,0.5062956615909164
1596234060,0.49424428355815364
1596258120,0.9551567514828513
1596270600,0.4055895626408914
1596293700,0.25471499402360626
1596315540,0.7532863765994388
1596338520,0.2490147681757768
1596354900,0.4408338638975124
1596375660,0.0953418174285258
1596393900,0.6510280329456103
1596414180,0.7807560725127612
1596436260,0.9772384126836335
1596458160,0.5993021067875102
1596475680,0.9107601789324876
1596495840,0.19404758916140272
1596517320,0.7679263411897695
1596536100,0.9106266195669813
1596554640,0.3636767905169648
1596574800,0.4798039285419368
1596594300,0.024402151146669875
1596618900,0.8881573044453379
1596641580,0.6149070935831796
1596659760,0.5451184354286356
1596681300,0.3351184831200351
1596695160,0.9463710177294229
1596706320,0.04837309817047665
1596721740,0.6129140190177653
1596734340,0.4328976921958126
1596753060,0.019244467982938426
1596777420,0.023561135844980118
1596797280,0.914761355883444
1596808860,0.974307111163115
1596826320,0.09367146295153003
1596846420,0.7935534349356959
1596865560,0.6562698448601308
1596880320,0.5867787943502034
1596904320,0.8639908334783603
1596920640,0.8098164804416379
1596934800,0.2489972922970534
1596946620,0.6798949692239338
1596962520,0.45942379564720526
1596981600,0.4561033499951039
1597005360,0.9817779058114968
1597024800,0.7788918415571251
1597042200,0.9521126240482366
1597062360,0.5700182621181384
1597084560,0.6257394189531267
1597095360,0.7378505261282094
1597108320,0.6023857786490325
1597124220,0.8624842709362905
1597145880,0.80486521381485
1597160220,0.6950593317298417
1597178520,0.5864575648887028
1597192440,0.7252933462925909
1597205100,0.8526111912928097
1597222380,0.8093869861275974
1597241880,0.918424637322921
1597258500,0.7204022627599879
1597271820,0.04690786183794668
1597287300,0.9446067904470643
1597309440,0.8559460940702003
1597323300,0.8070974413791681
1597342980,0.19124146037993295
1597363440,0.6917826915174624
1597387320,0.2317116831876824
1597400520,0.7903566770959867
1597425360,0.5973380272122514
1597441020,0.5962630058763508
1597453560,0.9548676371400022
1597472040,0.6163575283468758
1597495320,0.7468077882726165
1597519200,0.5943443178256343
1597537560,0.40391027651528333
1597551600,0.8702963271158842
1597564740,0.5590854118484422
1597585320,0.5295068689588172
1597610280,0.8615527287325758
1597625880,0.31960254247363484
1597647600,0.567131275576165
1597669260,0.5470308188868491
1597685820,0.92485967652006
1597709700,0.36612209957223835
1597721700,0.1876691891225529
1597736760,0.7054059751492876
1597752420,0.37676130781799955
1597765920,0.013749319455801719
1597779600,0.6428320301397068
1597799700,0.6337867787992705
1597811580,0.8282224639887553
1597824540,0.8184293012080038
1597840320,0.467527732671563
1597864380,0.18172298005454476
1597881120,0.9430371282127576
1597892940,0.5173643691888343
1597914900,0.6418897250806147
1597930080,0.8816547612815152
1597950480,0.5627220080771341
1597965300,0.4683702023926592
1597987500,0.14433535204988823
1598001900,0.804694850547987
1598018340,0.9388044921281068
1598032380,0.20154538707968572
1598055420,0.09358893949736037
1598068920,0.8063941698517822
1598087940,0.8338890792744742
1598109780,0.34325752668218834
1598134260,0.8401677871226871
1598153700,0.671367084749176
1598169360,0.8880036418093211
1598182740,0.7839210658853545
1598194920,0.03840436910961092
1598212200,0.67585099849804
1598233200,0.9279630598405901
1598250000,0.5146571451613486
1598262120,0.8413278333524119
1598280360,0.781017801887447
1598293200,0.4223644760158903
1598315520,0.9048689489407586
1598326740,0.5962434088882891
1598350440,0.7665761796643812
1598369640,0.3280807245595335
1598392980,0.12103409575247241
1598408400,0.16659982761551256
1598426820,0.29723700265283853
1598449500,0.8351932530146946
1598471760,0.5717152474930093
1598485080,0.6768874957301534
1598497800,0.019700790534514755
1598522760,0.8909337294363686
1598541540,0.029797189217989073
1598565240,0.08555491899304128
1598589060,0.5174264861916182
1598606760,0.32994245566027075
1598619780,0.6687193349644056
1598639100,0.9329644395706429
1598657400,0.28813636667522746
1598675520,0.763559807009814
1598696220,0.7505109642581654
1598714040,0.9697978466670687
1598733060,0.5418970408222606
1598752680,0.6199120551471429
1598777520,0.6498543524415658
1598802660,0.42944227319092
1598819760,0.31865561423411426
1598835660,0.7540830269553745
1598852040,0.9337843563520174
1598869020,0.7890771631736383
1598880480,0.7698061728487636
1598904000,0.6591650264645691
1598917680,0.8009596963441665
1598936400,0.27483302828797296
1598947260,0.3009554408903481
1598966400,0.5930806873705735
1598979780,0.9078005095904491
1599004440,0.6910575064479864
1599015240,0.780685157910874
1599037680,0.5490877651969375
1599055200,0.7293291455909114
1599079620,0.18536451697028283
1599102720,0.1521423717311763
1599114960,0.48521251686079153
1599133740,0.7017534634473651
1599149760,0.8612646351628062
1599164400,0.735073388835864
1599176820,0.39082461654492145
1599201420,0.8446210210326152
1599222660,0.8120877269872482
1599244980,0.37528881549141146
1599265140,0.32903515311948606
1599278700,0.733840227711526
1599291480,0.4628855295955561
1599302340,0.33123924942980293
1599313140,0.7132473381953588
1599329040,0.9011914456529323
1599347880,0.13811356528498703
1599367920,0.8572440030311741
1599387240,0.06299691423143254
1599410040,0.6889729969078356
1599432600,0.05096717835704889
1599443580,0.06061143312638073
1599463560,0.6375578258182352
1599474840,0.6965016973799726
1599486120,0.6903406309424036
1599504300,0.06104292161291225
1599525840,0.9313679229334542
1599538260,0.5290442436394833
1599554040,0.9731536512356411
1599565920,0.9511814385868291
1599587580,0.8415620759236726
1599612720,0.631440379179377
1599633660,0.36358951682312973
1599655860,0.8483794332127031
1599679020,0.48281839791595926
1599702540,0.7776127488399587
1599717600,0.7557583167078784
1599736380,0.31300384977305173
1599753840,0.2538596985354291
1599766680,0.27001725836169144
1599783900,0.9866172894076054
1599798000,0.05734995420062591
1599815880,0.6745975268723237
1599829320,0.8048941986015801
1599845340,0.9861419125719914
1599866280,0.3011478377872457
1599878100,0.5630281842697947
1599898500,0.46171573387002796
1599912540,0.6731360361146823
1599926340,0.26238169001841705
1599943560,0.05917408988485695
1599959580,0.008742267613673207
1599973920,0.5051152463769062
1599991800,0.41298761894093183
1600011300,0.6201749269138163
1600027500,0.4401614171016084
1600044780,0.6490914994305222
1600065420,0.28639282370872987
1600089000,0.7768039913545995
1600102980,0.8487163830878278
1600123980,0.7868270163995613
1600143600,0.9170432716541763
1600161180,0.05214365409319273
1600180860,0.0446160565586288
1600196760,0.03911138606496216
1600221960,0.7958598708821119
1600238280,0.5210556346802527
1600260660,0.7609977046829013
1600276860,0.7421325780201455
1600301100,0.4716169706930029
1600323720,0.2855706826197154
1600342620,0.4997567439898802
1600359060,0.11821451445234292
1600378320,0.15325073769695985
1600403280,0.7196567609143605
1600414560,0.6538523148726118
1600439220,0.6530568853998159
1600457580,0.8040411934488572
1600482720,0.04269220776872475
1600500360,0.8239845340168032
1600518420,0.3242179117811608
1600530240,0.5946701378187181
1600543860,0.9608558976010448
1600561140,0.7444128948557079
1600572840,0.05619774040822285
1600591080,0.19077746845810872
1600606500,0.4859881404607303
1600624560,0.7809474071977377
1600639020,0.5746615471172356
1600650900,0.773654089478179
1600662900,0.7536163486372652
1600679280,0.6751509350446002
1600698180,0.9579374873705819
1600714860,0.6719568745542427
1600730400,0.10164059870464193
1600755600,0.20683797619605174
1600771560,0.5722676204946442
1600789500,0.7378091607945442
1600806960,0.7987298173731675
1600823220,0.6643046980933441
1600847820,0.7823953724400226
1600862280,0.5345249953794352
1600886460,0.8636445807813812
1600899600,0.46993729214512703
1600912920,0.2741270848480138
1600933560,0.4024115126313289
1600948860,0.4284148125688585
1600961280,0.7224831088503236
1600981260,0.23839559366408397
1601001060,0.44469481064033534
1601022480,0.30755028450346794
1601046480,0.5161702613523594
1601066520,0.00349831287340462
1601081340,0.7393298515671874
1601101920,0.5409760113601378
1601123100,0.5419475129727394
1601138280,0.5744838116370001
1601156400,0.4804281028203775
1601167380,0.24442009995185826
1601185260,0.13838634521852447
1601207220,0.01388182865633084
1601232060,0.016567103206729855
1601252700,0.8569768860944842
1601267640,0.6672585179781313
1601291400,0.2483813915603714
1601315280,0.6131030654534559
1601334840,0.043024233274348095
1601356200,0.6734533999258161
1601374380,0.8956926571281286
1601395680,0.5751785879227419
1601407500,0.9020997104907335
1601423700,0.9486096862767988
1601436360,0.6091742472701962
1601451900,0.3457545593399568
1601465160,0.0789827704206537
1601486520,0.26522813293482583
1601505960,0.8352267130332969
1601517840,0.7853689987664125
1601541840,0.6645170317449628
1601554680,0.9195316788297877
1601577300,0.09936822751017828
1601598780,0.7323367401470723
1601611200,0.5632713773160073
1601622300,0.694641391279754
1601634840,0.17184448711585296
1601653080,0.6984474522603151
1601675760,0.7616802186385481
1601688240,0.27826781585307914
1601710560,0.9036348329171825
1601731860,0.5416600989037879
1601749380,0.1317363949762727
1601764740,0.28291678500045886
1601785620,0.6686020937995023
1601805900,0.33255300047825026
1601827020,0.5220604477568128
1601843400,0.3400635625777792
1601864700,0.15564852856586728
1601888100,0.9141824242003364
1601902260,0.9529586498474177
1601913600,0.7519797335091783
1601935980,0.7720800686168382
1601957580,0.7818198899283567
1601975220,0.7338483196575192
1601986080,0.87888021194397
1602005760,0.2673321445531334
1602017700,0.952542625581598
1602034740,0.7203016313438596
1602052860,0.18312586410322285
1602077400,0.023735286208909828
1602098100,0.7580009850825534
1602114240,0.7059559732992993
1602128760,0.8303275691503963
1602139560,0.6577039550855133
1602163680,0.18498764719411523
1602186780,0.89904315857472
1602200880,0.4812959564860554
1602214140,0.1481884597858346
1602235800,0.7583858966965019
1602250200,0.7354717642816876
1602265920,0.27439530334907114
1602288540,0.1874097926188343
1602301620,0.47995013522756835
1602321420,0.745244015395722
1602333060,0.5364185692492246
1602357300,0.895821499863642
1602381060,0.37213769303393557
1602404400,0.27323823635427424
1602423960,0.43169865464651136
1602435060,0.5246938057075583
1602455640,0.49977671115047
1602476040,0.8741455382621242
1602488160,0.19515393795981872
1602510960,0.9117804551296198
1602534000,0.9378672622639644
1602553500,0.7948355570643862
1602566820,0.8520172788314722
1602589560,0.38900988705792044
1602600360,0.2898949158188795
1602621900,0.7184900490006558
1602642900,0.9201144752125354
1602661740,0.47547197288015475
1602674280,0.6129922049699762
1602698340,0.6798136044649138
1602712740,0.006185590373492112
1602734100,0.872899277070307
1602756660,0.8619523617276521
1602771300,0.6657991057380664
1602790800,0.8992099430359733
1602813540,0.7949659086554602
1602838020,0.2409793494647427
1602855540,0.8743662322163075
1602876240,0.5260912977591112
1602889980,0.01905829597739976
1602914280,0.7534640426334607
1602930600,0.28330169718158726
1602942840,0.8618071867667083
1602958680,0.3607520277406643
1602972960,0.9167082416031631
1602994740,0.19292033433986883
1603010880,0.7951694715245707
1603034340,0.7214066122990708
1603054260,0.5735979343412294
1603066860,0.03071424358262083
1603080780,0.663398467939796
1603103580,0.6107823709093076
1603115700,0.7052571090805411
1603133760,0.5010940859145568
1603155540,0.7305703941578204
1603168440,0.8613490125175548
1603186380,0.7766681618244621
1603209120,0.8230946307765433
1603222740,0.878485683180755
1603239900,0.8546255929453765
1603264200,0.3057377973395717
1603275300,0.7784412516349914
1603296180,0.7002336512464112
1603317480,0.9413043427405411
1603333740,0.7476059711455079
1603358340,0.19677497653936527
1603377180,0.399569669707549
1603399380,0.2129543381232551
1603414320,0.6787877259513435
1603432260,0.6813220420242424
1603443660,0.8748067254648796
1603458120,0.8703867136419087
1603474140,0.8530160437686489
1603494960,0.09903161911712684
1603519320,0.9131908305723033
1603532580,0.49581578432180295
1603551780,0.6601785228468549
1603563600,0.38259044572077666
1603582560,0.06746635419865936
1603598220,0.9550727091005039
1603614960,0.9842861324998753
1603633320,0.25943184755940346
1603651080,0.8417663458551701
1603666440,0.8800611270245168
1603679700,0.6601643266910696
1603692180,0.5915749773012259
1603711440,0.30051652398235046
1603733280,0.3643424599002524
1603756500,0.7580413857658449
1603769460,0.3574179937194443
1603785720,0.36702869215921513
1603800480,0.2709990524632486
1603820160,0.0386377222131809
1603834740,0.01988797543135855
1603851660,0.3781418641359428
1603872780,0.7949316115521222
1603892220,0.05692090824744004
1603912680,0.32172106461918815
1603935300,0.26880964022602094
1603950360,0.7098541363935847
1603963800,0.5912646733700344
1603982580,0.6080365268219345
1603997760,0.8217266018463109
1604021100,0.2904191481320765
1604037300,0.42094442375832614
1604048880,0.9104347989053265
1604072640,0.008080758788971902
1604089920,0.8686492405695038
1604111160,0.11084421462156767
1604127360,0.8807368384109081
1604149860,0.7576658638074741
1604164200,0.5076750942437952
1604188140,0.9031627629183506
1604211480,0.6524571494296412
1604226600,0.0120568581413877
1604243340,0.1829990551828151
1604263800,0.9541550584098544
1604288280,0.5594053156948238
1604306400,0.5257805805277749
1604328780,0.2985999016707858
1604339940,0.851348720294509
1604358960,0.06458294679973985
1604381460,0.939164078487887
1604406180,0.9478142124516971
1604417580,0.7886534394853723
1604429460,0.8551573494979353
1604445900,0.09490938789562775
1604461860,0.4880974648073678
1604486700,0.9107873757531074
1604508900,0.7388971603179427
1604533860,0.5215144443394414
1604554800,0.6656556965409828
1604574780,0.722141911587871
1604598000,0.44453093127553767
1604622180,0.5503268713555108
1604634360,0.1484719114311097
1604655060,0.34430806696238675
1604671980,0.4853338321940319
1604689320,0.4544295859390179
1604706600,0.5401359985359663
1604731380,0.7305963161728037
1604751240,0.6716708535233087
1604766000,0.1850039985678127
1604783460,0.28709848782209846
1604798100,0.6194032258629677
1604814960,0.5588315094389172
1604825940,0.12685901553103182
1604840460,0.7230708875631053
1604852580,0.4252915868369505
1604873280,0.30915643358134354
1604896920,0.6806678743772491
1604916720,0.18380651279322494
1604932260,0.905287674283538
1604949900,0.5391107546130948
1604966400,0.8853703906462633
1604989140,0.8225220176960919
1605003600,0.011772171152724359
1605021360,0.15950922842724358
1605045660,0.3434212853800529
1605060180,0.6198373484084321
1605076320,0.2861611142558013
1605098940,0.6578940032294451
1605122760,0.5663951683731577
1605144000,0.2655892254558678
1605165840,0.23158226651030678
1605184800,0.8008816376275611
1605199500,0.8492840223546603
1605224100,0.8829526262733903
1605236700,0.9077589362990554
1605252360,0.7091403026301306
1605269520,0.03390679592778413
1605284460,0.9448088547395719
1605302040,0.5135278958964314
1605324600,0.424318216729751
1605337140,0.8693854343595828
1605359280,0.13355274377496615
1605370320,0.6972704894981715
1605395460,0.8325089241904078
1605415200,0.0843643435315659
1605433140,0.4557592657920898
1605455400,0.4631063534799394
1605480240,0.8321493958066929
1605492180,0.975677161415546
1605503700,0.2926350023315682
1605526500,0.7123082619827443
1605546720,0.01653340932318273
1605560760,0.7228988417869817
1605578700,0.9437366715789589
1605599940,0.8223816527911787
1605622380,0.6727365995191317
1605647340,0.08347936062521696
1605670980,0.835797183416177
1605695100,0.17084982172246502
1605710520,0.8906465819353107
1605730140,0.8862342110368069
1605745260,0.5111006710639959
1605767760,0.8634706328081242
1605788760,0.790735044199558
1605806160,0.9037820055116614
1605828900,0.2890057108623771
1605849720,0.706259742828156
1605866280,0.1437504853880431
1605879780,0.7240780845364982
1605891600,0.5645707598648417
1605904560,0.8678932602589693
1605928020,0.6194976158928763
1605951000,0.24774058246706127
1605970080,0.6471963888043459
1605983160,0.7038526580314222
1606006620,0.8169628096836737
1606022760,0.4285720862919364
1606034580,0.737993040228887
1606056000,0.009616910043159694
1606069440,0.8474928524668082
1606087500,0.5142565309636532
1606109460,0.09992022511371708
1606132440,0.905146575707917
1606151160,0.8294575788212254
1606164120,0.6948068134853698
1606185060,0.24142334273099764
1606206600,0.693573926219092
1606231440,0.7438157662646048
1606250580,0.7536211766320005
1606275060,0.2945670580261605
1606289640,0.974038757361786
1606304640,0.12162708825960948
1606319220,0.7276835349499029
1606336800,0.8233789679291217
1606357320,0.061564344175423946
1606370400,0.6202083066095495
1606390200,0.006198868990441857
1606406400,0.7996161491276836
1606420140,0.4363981507990561
1606434360,0.406883466976392
1606459560,0.8245456517613636
1606480260,0.8883535629696617
1606504620,0.7091242019107074
1606525980,0.9459181858276714
1606537500,0.08778142158625934
1606558620,0.7978945212838673
1606580040,0.3489496634262496
1606597320,0.7523014251719079
1606609740,0.6738826216757463
1606633020,0.7738676177840301
1606650060,0.555977757176773
1606665180,0.4099979539390002
1606681200,0.9302945856173419
1606704840,0.6553941767514598
1606718880,0.872761293520162
1606743780,0.18058130246018286
1606758960,0.7332250799724456
1606772460,0.33792854896994573
1606791360,0.6747158154020692
1606805580,0.6239382644013648
1606822860,0.9880123903124628
1606843980,0.2718125410169967
1606856940,0.9471728983099843
1606868220,0.28393941843966714
1606881300,0.7625612205676032
1606903500,0.9049026299342491
1606915800,0.25381110744130786
1606931040,0.5549200659465738
1606956060,0.8987599813427751
1606980300,0.3508251920033184
1607002680,0.3534254949610205
1607014080,0.8821791229152831
1607037720,0.41477642118004365
1607062860,0.2451350363614225
1607083020,0.5599569976379561
1607100420,0.4620095622895688
1607111880,0.034702398524129055
1607127480,0.18255946828335112
1607140620,0.23467456557379637
1607160360,0.561847973357559
1607173500,0.6071390651383918
1607185020,0.1604382049239831
1607209020,0.4130403665778217
1607234160,0.5172041270292524
1607251620,0.7583217327732633
1607272260,0.5441588810984115
1607290680,0.039180244077804495
1607310900,0.1288054725542237
1607323500,0.43654123938632233
1607341260,0.7108856355242372
1607361000,0.8888053383684538
1607377140,0.8119579060209439
1607390880,0.6876859934698758
1607411280,0.5694314707010544
1607423340,0.13835889880203117
1607436420,0.9019614941328677
1607454360,0.16485285730650798
1607474100,0.45554131216464677
1607485800,0.6627888040957984
1607508000,0.680187546991798
1607524320,0.038732995525249114
1607542860,0.2844972035255374
1607561880,0.007172334103941219
1607577660,0.8215387095983251
1607601060,0.8422722740531484
1607622120,0.4107273717260702
1607637720,0.029815564425435936
1607653080,0.7937978495823014
1607674260,0.8328636987308882
1607687220,0.07031785361231137
1607702640,0.8696160767883693
1607721180,0.6976553309841655
1607737020,0.9423379382897838
1607759340,0.7406836690549234
1607774940,0.7106948539847813
1607792460,0.8188269004391608
1607809800,0.7038432868130713
1607823720,0.6958625726740816
1607835660,0.23127379180469546
1607851500,0.6219742444553729
1607870520,0.3286763530291817
1607886240,0.8205348030760473
1607910720,0.9290548813395233
1607932020,0.6166732008302822
1607949180,0.5638583649542235
1607972820,0.7182146315408742
1607992920,0.20686037398911344
1608017940,0.5092050201395172
1608037140,0.48971951051172347
1608050520,0.9049300779955327
1608069720,0.8139118114192744
1608089820,0.5331642677255525
1608101340,0.9718122161429934
1608117720,0.6137309151289473
1608128820,0.7426188917750287
1608144480,0.13696101463979424
1608159720,0.12176941398285
1608173100,0.908026986809314
1608197280,0.7427558756479391
1608208560,0.21941501960108922
1608222240,0.691583063343717
1608241920,0.7858690274765765
1608253440,0.28292210746714747
1608266400,0.4920330362995156
1608277200,0.9606386798842559
1608291960,0.6333401588351256
1608304980,0.026199710906229648
1608329580,0.4204039266392391
1608350820,0.9832720148082987
1608370080,0.5986122463177433
1608381300,0.8541113343948964
1608398520,0.7329374617498141
1608416400,0.37124997362279655
1608438600,0.4077596609301323
1608450720,0.18460382362173547
1608471480,0.0018694137740751643
1608489240,0.3054178973256617
1608506160,0.47616466172155775
1608530760,0.04101330627042341
1608549420,0.34492665598618905
1608568620,0.714599361019486
1608585420,0.5661117856054172
1608599520,0.17787059456034138
1608621480,0.9563443164271631
1608635220,0.48744633692091754
1608647700,0.8490663884644905
1608671280,0.7500188943359712
1608696360,0.9650524719371834
1608710580,0.8405945855484882
1608729360,0.5074146044860871
1608745440,0.724863597766972
1608757440,0.23752216021477096
1608779700,0.7980782889145703
1608801660,0.5863172835537008
1608821220,0.6953761708325679
1608833520,0.01886574625289946
1608850200,0.9125666111969065
1608870900,0.8400207372906027
1608884640,0.47353962505580127
1608906420,0.46977267722985405
1608917760,0.37156171351565137
1608936540,0.875146220193686
1608953820,0.7958414828513553
1608975360,0.7027125436190562
1608995880,0.8672740763795276
1609007700,0.1355073087797139
1609030380,0.3679282786385189
1609055040,0.41200819142828177
1609067340,0.5365854753231911
1609090860,0.7316900278704385
1609107720,0.7673767606332816
1609118760,0.5497196558726982
1609131840,0.777271640011714
1609154760,0.8570684691592811
1609178880,0.7727047048071933
1609191840,0.9319794211733636
1609208820,0.7751967699184518
1609227420,0.4778766026455718
1609246020,0.923208885623043
1609263660,0.2611264220711185
1609285920,0.7201405290068005
1609304220,0.796109684633987
1609324320,0.12800863464898798
1609345560,0.2617926989570909
1609356420,0.446509032201197
1609370820,0.651763030418303
1609393500,0.602049418195779
1609416360,0.6420023842553639
1609427940,0.8265068070871926
1609441920,0.4404721249036697
1609461660,0.9275225140392497
1609472460,0.6536638504843808
1609491420,0.326961043767927
1609506300,0.03066123204044225
1609530300,0.6699635465027083
1609554180,0.8550903168550696
1609569000,0.050570194507390864
1609589760,0.022258793459717367
1609603200,0.774090036956896
1609620900,0.5332031423974165
1609642140,0.8343494202572883
1609654680,0.4680935096444508
1609669920,0.8012453756674741
1609693560,0.3943904930781496
1609710060,0.2549373099087598
1609723800,0.9563284480201508
1609746540,0.9802212771576062
1609763520,0.6406775453436576
1609786260,0.6317134514815541
1609800060,0.8660944693280953
1609811640,0.70683903895992
1609829880,0.5676132954984561
1609843800,0.6934578313700047
1609868580,0.725196524389842
1609892520,0.8817514110803714
1609917000,0.5600805444705046
1609930860,0.917378318689516
1609950540,0.826210794847639
1609962300,0.8422116631384272
1609976160,0.3406620416513123
1609994160,0.48035992067227196
1610018220,0.5376280686686513
1610035020,0.9054117250626426
1610059440,0.21556089595835326
1610075520,0.30146402311557113
1610088720,0.3630505950579635
1610103720,0.32872219158042587
1610118240,0.4732888597437572
1610133240,0.5844435930891572
1610144580,0.17515674634743747
1610169780,0.33088738093595327
1610186520,0.05996688445252896
1610198940,0.7291244511418142
1610215800,0.43210730002598385
1610235180,0.6321078903336131
1610259540,0.7268538910841211
1610281260,0.11065472470579932
1610304600,0.46754185624877426
1610323680,0.33715946736466645
1610340420,0.7487386348693617
1610352300,0.6677944905655482
1610366280,0.3193883259226858
1610379300,0.5797734538558604
1610398080,0.7182689405763298
1610419320,0.11226568543132279
1610433180,0.3019089627583219
1610444280,0.8317390577531089
1610465760,0.18641127546193192
1610479200,0.5012990434344547
1610498820,0.2596814113696006
1610511900,0.8420262917933201
1610532600,0.8009487079215947
1610545980,0.7015673354378963
1610563560,0.6735838564080384
1610581800,0.8665042753096002
1610605020,0.7109328411554201
1610625300,0.6884155629584435
1610642880,0.5875437398889317
1610657340,0.7365942439095277
1610673720,0.8315131943860506
1610691840,0.4838449594199428
1610703840,0.9252623757845468
1610717640,0.22298603985195387
1610729760,0.5409208774576859
1610748540,0.800296860697365
1610769300,0.47175097363158847
1610784720,0.7680461688684511
1610808300,0.609970540206253
1610827620,0.8230122583005923
1610848020,0.9340142298639875
1610872200,0.42336329745760126
1610888040,0.10354851960368855
1610900700,0.28280838715975626
1610919360,0.7621134228542985
1610933400,0.6514595400729823
1610958120,0.07428145624192134
1610971980,0.9187223923292922
1610987700,0.5361556169434288
1611009480,0.4332776193300147
1611034320,0.8542019029970591
1611053640,0.458560313307941
1611073920,0.8768318918175013
1611095460,0.01990694477710306
1611109920,0.766181168277935
1611124620,0.8546621994306952
1611138000,0.07165739864862558
1611157860,0.7168172722246631
1611177900,0.7627676397219869
1611190740,0.6407859216204327
1611211260,0.7644294895226266
1611233520,0.24662658568197893
1611253080,0.7140087089618491
1611267720,0.846127794351546
1611285540,0.6528808957438508
1611302760,0.13788827546214483
1611319380,0.7759592210359542
1611340860,0.578191224000635
1611360180,0.6275938690974117
1611377880,0.13124400812025488
1611391440,0.8148909111143632
1611403320,0.3866432018667114
1611424800,0.011845475669960127
1611445740,0.8610283259250667
1611466020,0.5024468620237699
1611479760,0.643561221767753
1611497400,0.9418696456553544
1611521940,0.6238609246742011
1611536460,0.7343601903405871
1611552780,0.8682215759392924
1611571680,0.8355175425263062
1611584460,0.050211161098612726
1611606840,0.8340939929275962
1611630120,0.15619047284781615
1611649680,0.7034341836181476
1611664980,0.7693358269317655
1611677880,0.6866408495249344
1611690600,0.8052486594667657
1611709320,0.007183496465373727
1611726480,0.48899457255058476
1611743880,0.54830610867748
1611761880,0.7748313137584584
1611774180,0.26360337432464565
1611786240,0.9299027796158315
1611799920,0.8546792444094551
1611824400,0.9013413363032899
1611841500,0.5479023670396566
1611862140,0.0440208536579207
1611877860,0.8171296346393617
1611894960,0.2804348704674911
1611920160,0.6110575002837489
1611935280,0.9603844408065518
1611949320,0.964993433314455
1611971040,0.17513607131851539
1611992640,0.7337153097638195
1612015080,0.5433740773565008
1612030500,0.35665349669697505
1612055700,0.7576400629973492
1612069740,0.5991722751299969
1612087620,0.9106480967466003
1612101720,0.02235960099736544
1612116960,0.01529689389668649
1612136580,0.29653466018952146
1612153320,0.9512317315466875
1612175640,0.43800179929011157
1612188240,0.31046479344237565
1612204140,0.3709246968523931
1612228980,0.24722916254784646
1612253940,0.5466856573638535
1612272900,0.00523606696614899
1612292100,0.1137528035749702
1612313400,0.9643653517874851
1612331520,0.02740550431762788
1612354860,0.06752949805709337
1612375200,0.3181019246932152
1612387440,0.7038208547030076
1612406580,0.7795949660408461
1612420500,0.36288678304521704
1612442940,0.48538878510610844
1612457520,0.8300131075868098
1612482360,0.7333272622865212
1612506060,0.9655273844195084
1612530060,0.363841240514593
1612550100,0.037916898220274185
1612561380,0.15071739576472715
1612585620,0.8664892594021367
1612608540,0.6685456074030416
1612624020,0.5614674674038241
1612637640,0.7695212668241561
1612660260,0.4527513518224409
1612682280,0.30827641080872775
1612707000,0.6429469561422662
1612718520,0.31313912068546534
1612741440,0.2814940925046288
1612755060,0.8343843140726533
1612770000,0.8497661971006136
1612786380,0.37938625970652706
1612803540,0.6310024920862022
1612817220,0.6612586324783103
1612833300,0.4135419642620573
1612854060,0.9238575924397415
1612869300,0.1520998652229518
1612889280,0.42200226762467935
1612908660,0.7563024766535532
1612928880,0.6289868707400735
1612941060,0.7576578817469458
1612952520,0.8252086277465603
1612964280,0.0348274573589627
1612987080,0.5483342831843041
1613006220,0.9727815873167602
1613030040,0.1950155244630007
1613042760,0.20100278620455633
1613067180,0.07486968869739591
1613082480,0.7679944584965225
1613104740,0.7160794190754836
1613121780,0.42755892064915435
1613145840,0.958254478053297
1613168340,0.858293857828899
1613181660,0.6903074587101672
1613203620,0.006340508141914081
1613227140,0.027797852189891288
1613245980,0.03070266932948003
1613269920,0.8137910016683064
1613292600,0.8924769259553333
1613312280,0.6387501112624647
1613329200,0.8717343959473495
1613342580,0.046058128177475136
1613358420,0.8800374057445715
1613373840,0.40641944671027064
1613391540,0.7241755020211355
1613414940,0.16176923065041893
1613439300,0.42998835928487344
1613454600,0.8316129883917105
1613476920,0.6406845154361843
1613500980,0.8053750455158092
1613519100,0.7673011992678187
1613542140,0.5151666828237411
1613558760,0.820927299776789
1613582040,0.4942068281426222
1613599320,0.8507069256359672
1613619360,0.3402719200111521
1613634720,0.26148757270267015
1613653800,0.059910513191353945
1613672520,0.7697628220605018
1613687700,0.039671622734888216
1613698680,0.733745832800163
1613709900,0.7130016111893516
1613735100,0.6908198873861607
1613753400,0.07645771133483013
1613767560,0.3056616199903284
1613779200,0.7390442008341425
1613793840,0.7806129704435182
1613809860,0.8048970792010027
1613834040,0.853163256409027
1613855040,0.8941791523450918
1613867100,0.170036780457762
1613889720,0.2626845615055368
1613907960,0.6302490849906204
1613927940,0.8615664887005678
1613942160,0.8605154803503101
1613954640,0.9640415495943413
1613968140,0.6507258633000534
1613981220,0.3778453835110436
1613995020,0.6134960625510281
1614014400,0.7477694395367726
1614028080,0.925968874318986
1614041220,0.4956043619560855
1614057960,0.14833280274010496
1614079380,0.8378943412920398
1614103380,0.9546271373545914
1614116640,0.7267767307976222
1614141840,0.26928010055635226
1614159180,0.037842093241058056
1614180060,0.5677821315343416
1614196620,0.004557454051860941
1614212040,0.7061970716898209
1614233340,0.8901169475241161
1614249300,0.4805065247406481
1614264480,0.011110308389758987
1614279180,0.7019518690246872
1614292020,0.502195338371047
1614308160,0.6248459036808504
1614319080,0.7521243592788704
1614342300,0.18804830003883402
1614357420,0.8653605337628308
1614373320,0.053557702671380956
1614387960,0.4275481863758147
1614410580,0.40773877258651237
1614423360,0.08681793823466827
1614441780,0.7338062811324111
1614452760,0.9406513412211452
1614474120,0.9664081368743844
1614491520,0.9159706875626826
1614504000,0.6120495800556076
1614521580,0.3116092559409206
1614538800,0.4632841390704282
1614560160,0.9860992003522925
1614574740,0.06090265072736386
1614587820,0.503368093048119
1614603240,0.5456581214452516
1614627480,0.945407890468105
1614641160,0.3069717813020928
1614665400,0.681138981289119
1614688080,0.8632997793812853
1614704040,0.028003059486347615
1614715440,0.6316511110913003
1614729360,0.5177637662508788
1614752640,0.9212241410591699
1614776100,0.2894635936914834
1614795300,0.7336458235385034
1614817800,0.19700858075500846
1614838920,0.48140265543011346
1614852540,0.31673270003439524
1614869340,0.7083211551130508
1614891360,0.6218625561170444
1614913020,0.27614227588116913
1614932100,0.7411959549626431
1614953280,0.9125087732954505
1614965220,0.6101094261032787
1614986220,0.43270338634030675
1615005900,0.8761577964625968
1615028880,0.8126221460139329
1615047000,0.00631722040628407
1615062960,0.9334442939749054
1615081860,0.5347723162482776
1615092840,0.2363079636168228
1615106820,0.9049927766867317
1615121040,0.805311273859568
1615141680,0.45769673652016013
1615154880,0.3337959724593947
1615168440,0.29231009286246046
1615187040,0.5970613268757416
1615202160,0.2595191799153742
1615215960,0.11757003111132505
1615238280,0.030795351152245905
1615258980,0.2990943990805198
1615273080,0.8352740605667657
1615295940,0.894735660434513
1615318140,0.8160590172224043
1615339560,0.4012158082535196
1615357920,0.7525278081934662
1615372440,0.5443541256377202
1615384560,0.003999047391361037
1615403460,0.931687619072152
1615426200,0.5632699432961608
1615449420,0.8569775059865203
1615470300,0.6291798451587156
1615491240,0.7708363419869454
1615508340,0.2667550218401279
1615532820,0.595539535803266
1615543980,0.6447510478931594
1615556040,0.527623194829866
1615579560,0.22974118886127975
1615604700,0.6783244790329787
1615625400,0.4500700757177676
1615639260,0.8858388816638114
1615657320,0.4177382392532691
1615670460,0.8593291206510972
1615693740,0.9817924841799093
1615716660,0.4796549752402488
1615741800,0.8699595893250982
1615754460,0.1548713044932269
1615767960,0.9060163065502621
1615791180,0.61049628844945
1615808460,0.8753652938582897
1615822320,0.7888193130312787
1615842660,0.5592510666379739
1615867200,0.8521351113117057
1615878240,0.9046659223709946
1615890960,0.8483536862307522
1615909140,0.2905787735565797
1615924680,0.8390148754724018
1615948620,0.7879035362977894
1615972680,0.8479680461624898
1615987620,0.5317828358966189
1616005740,0.7814262923274593
1616025480,0.824445262141339
1616037780,0.9448602669428872
1616059020,0.14907957857673393
1616079240,0.2653725709767184
1616102220,0.8883938539196621
1616121960,0.7931231902599672
1616145480,0.768018668664455
1616168700,0.029904024331870106
1616189640,0.950226596513962
1616213880,0.8355136491342653
1616236140,0.6472197557010835
1616249220,0.7773167504997106
1616261400,0.09211087614160463
1616272740,0.13700046666475033
1616287200,0.978827081728265
1616304540,0.6364733097975697
1616328900,0.7905003938485714
1616342760,0.766151609365348
1616362560,0.6773199573190042
1616374860,0.40554641245396206
1616389560,0.9175550366641468
1616402880,0.6365554901528487
1616419440,0.5618205466674461
1616438400,0.208915084662458
1616455980,0.06007712296803267
1616469840,0.1209571683440595
1616486340,0.8043845970644752
1616498280,0.42029334856708217
1616514360,0.8361261477162768
1616533020,0.014895441956854086
1616552640,0.7163060004695918
1616569260,0.7534901080207267
1616584980,0.2774002972937213
1616596620,0.30372480286636416
1616614980,0.5761050934362077
1616638500,0.6075465323151743
1616654700,0.8516038878310142
1616668200,0.5503736158521803
1616682840,0.8146827623719526
1616694780,0.9532173169892658
1616708700,0.16556112975328133
1616731680,0.05399768029578628
1616755200,0.6672477930306545
1616777040,0.9217002854065195
1616791320,0.2240139457196548
1616815560,0.8007026163424762
1616836680,0.6524078782944469
1616860740,0.6806534993777242
1616882520,0.7116613229038908
1616896320,0.8195321565966424
1616908020,0.8768858798308918
1616930640,0.4706896284573542
1616942880,0.8428006836815439
1616965080,0.6537474692639381
1616988300,0.21073136038914225
1617009840,0.8864334891246389
1617026340,0.3153245731751968
1617039120,0.2537541039643195
1617053640,0.9244607281611076
1617072840,0.19238807877380715
1617097860,0.9777776821300229
1617113400,0.6034768913816093
1617130500,0.9396349966708253
1617147600,0.6659712030921263
1617167880,0.5005747431075661
1617191340,0.14646062938891946
1617208140,0.8730970572662854
1617224760,0.40434756479657125
1617248940,0.815997995684077
1617265080,0.7000757772779089
1617288600,0.10719472047610906
1617308220,0.9546748624945912
1617332880,0.5649467689074655
1617352320,0.9772991823320223
1617369480,0.6411423564905936
1617393060,0.019690553618260224
1617417900,0.7605752205383755
1617435780,0.7516253014677869
1617448260,0.5394778786308037
1617459540,0.6353918143728071
1617479400,0.26517843933670854
1617502920,0.7492775409112166
1617515880,0.4947918037868879
1617533220,0.3922547320030715
1617552360,0.006209225510480058
1617574080,0.1003531818385366
1617595980,0.23626711045434576
1617608040,0.9888829187017127
1617622800,0.2370541433383964
1617637860,0.9276064600326946
1617660540,0.5859403593778592
1617680820,0.6000728012078343
1617702240,0.9061225752067853
1617716820,0.32650878569425
1617738900,0.7949740546849596
1617758940,0.7546269028576011
1617778680,0.2880298494468242
1617799020,0.8503998270239705
1617817080,0.08020734553409482
1617833460,0.8726626564582104
1617853140,0.7916692810925179
1617874320,0.7710788310063793
1617892200,0.5694702593439309
1617908940,0.8286512944507092
1617928140,0.7983369544552756
1617944580,0.10648143780628849
1617962280,0.895387129685165
1617976500,0.8214722381778633
1617990960,0.25586674112925606
1618009980,0.5519031996707444
1618026000,0.8599455127133593
1618049160,0.19623797849902247
1618068300,0.07441987336697277
1618089420,0.5513255070209299
1618103520,0.5488983880543911
1618121160,0.810628888404922
1618140720,0.7827540736697767
1618152120,0.21117338505554867
1618163520,0.2585308873626796
1618188660,0.05009081768726131
1618202580,0.9808927189489958
1618217820,0.5112158546852094
1618232520,0.8627942685913703
1618244040,0.0741844094713532
1618255440,0.8585792653209234
1618269240,0.07664320252582778
1618280460,0.7722684964287416
1618291320,0.6846090090286406
1618309500,0.011231466238356828
1618333800,0.7863280727501869
1618353840,0.8699139491619332
1618368600,0.93400188230367
1618389300,0.345662586378125
1618405200,0.8353951330614331
1618430100,0.08320699904405957
1618442580,0.5410335545380488
1618459440,0.8327136071881719
1618481820,0.1398233132591339
1618501680,0.76639128847176
1618520100,0.9038601514428898
1618532820,0.1242824075285148
1618556160,0.873919208186981
1618570980,0.7687414214120144
1618594020,0.41982135769263346
1618605660,0.7787914577410621
1618616940,0.7155306509182344
1618641360,0.48422012253619595
1618655700,0.64118690353218
1618678140,0.3215697118409565
1618692120,0.7490111498581484
1618713780,0.837066287499139
1618728600,0.6166217574930914
1618753320,0.5187635984717855
1618777560,0.2589430269252472
1618799760,0.1996381636051842
1618815240,0.7900175797308516
1618838340,0.8661069421657153
1618862760,0.30709658898424613
1618875780,0.6206878586472325
1618897860,0.8006604362795186
1618914420,0.060582478480349894
1618928160,0.09173447457813576
1618944960,0.2395542565853807
1618967400,0.9418949783025921
1618986480,0.7412013305340687
1619003700,0.6025939748438099
1619026320,0.7568843581831778
1619037300,0.20822598996781394
1619058240,0.849275268162114
1619072220,0.8755218068701262
1619089560,0.14552018650225387
1619110200,0.8027432717353178
1619131500,0.989947326317516
1619147040,0.6235662468286782
1619170740,0.8411264359369568
1619182680,0.13585385707747494
1619193960,0.6562491602509039
1619206740,0.720809641150548
1619229060,0.8783709633638458
1619244660,0.5597420055567848
1619257560,0.7618858457213457
1619271000,0.5109829379192583
1619282640,0.6918012808399486
1619305800,0.7095166279638042
1619325540,0.6519996773036478
1619349060,0.36733998037699367
1619364960,0.26008596342209706
1619378820,0.5168217061350718
1619396820,0.5698509636667322
1619408580,0.9253081049144822
1619430180,0.8350691278979843
1619447820,0.6695072963086695
1619467080,0.8825619790005687
1619480760,0.9041831516074736
1619493000,0.7614826667876251
1619513100,0.9466439588226255
1619526660,0.11839861626992
1619540100,0.8910316540012003
1619558040,0.6124211320225794
1619581560,0.09075717929553591
1619601060,0.20813238664383105
1619615280,0.29565649014751205
1619635800,0.01571779449374076
1619655120,0.9741796826628759
1619667600,0.7064156338743599
1619686980,0.7311032776086537
1619703060,0.11391780328300356
1619715900,0.7105234198971315
1619732400,0.5807391964517328
1619748180,0.8561565092109422
1619771400,0.7610156731987059
1619791260,0.08459804382048129
1619808720,0.764334868279437
1619827260,0.9542205962691903
1619840760,0.15000779387345956
1619851800,0.9875732277337632
1619876820,0.2375113841714364
1619892120,0.9244284587761671
1619916660,0.9159865999038421
1619937720,0.2869760577152232
1619961480,0.06316005172925196
1619977380,0.23051033759181508
1619988180,0.1720313361942179
1619999760,0.3882630600679118
1620022260,0.628204748459571
1620044340,0.6229390234655073
1620064080,0.6202913278230473
1620076260,0.24389537967683908
1620088920,0.6636866405841185
1620102840,0.9036193075916015
1620126960,0.8142582975197452
1620140400,0.8628663206607878
1620162540,0.3913541938080126
1620174120,0.5593119754880937
1620193740,0.855768266776223
1620207420,0.30998741116445777
1620225300,0.9079648223158939
1620245340,0.7551310489037901
1620267300,0.5373075341262257
1620282240,0.03958592094396369
1620302160,0.019158058833891604
1620323520,0.12965986804433552
1620348480,0.059987829428986235
1620372480,0.7622388207132278
1620386460,0.44411136201632956
1620401940,0.9875316116562253
1620417060,0.8264280134946671
1620435780,0.4893811067184958
1620460020,0.798627581303921
1620474720,0.09995968486118574
1620497580,0.35878977625522823
1620518520,0.19788255071218586
1620541320,0.42130845733874395
1620557760,0.3219738708896831
1620582240,0.4483424523958367
1620593640,0.5688648775760292
1620610320,0.8419588676599961
1620628620,0.19717576579626925
1620643080,0.003473902140401979
1620655740,0.23872417087151498
1620672480,0.8138328806046249
1620694680,0.7589563624988696
1620715500,0.8500080676413977
1620737340,0.6411580468191225
1620756840,0.007998775203392861
1620778800,0.9442211250676436
1620795420,0.8197875970691921
1620809160,0.00224144689612857
1620823680,0.6250914814703193
1620841680,0.26145787785384905
1620860220,0.005528100771586133
1620873780,0.8946838349846336
1620888420,0.6489342493770892
1620910020,0.04911852871218258
1620929580,0.5513881199385888
1620940380,0.0911755140589423
1620952500,0.04103359593851435
1620975660,0.9325850949065964
1621000440,0.4011895944891733
1621018740,0.8715906613354576
1621042140,0.8016274782971775
1621057920,0.8193999636443784
1621079400,0.9074262685623489
1621097160,0.6346773769823199
1621117260,0.9838242445098296
1621135020,0.8047213903801232
1621155480,0.9857383800653499
1621174920,0.5337991585347859
1621189380,0.8879544075339288
1621207920,0.5956973185279114
1621230960,0.47044856076256775
1621247340,0.637644739395861
1621258860,0.35728321946526764
1621278000,0.7249984532841356
1621301640,0.20946745605046718
1621314420,0.3993018051679774
1621335360,0.8868107767705329
1621347240,0.753425015445958
1621359840,0.8224371315949488
1621375200,0.8550488821497837
1621392120,0.5606734799959113
1621411800,0.35962628089858273
1621432020,0.782402698088799
1621449060,0.9278079332400225
1621473960,0.006760604690690746
1621485360,0.4178357062141467
1621507140,0.7979073923670341
1621521780,0.8660416103852847
1621544400,0.6334775109076155
1621556100,0.8065042541809686
1621574640,0.3446842198549633
1621591620,0.12687518939516945
1621611780,0.38939674683201064
1621630080,0.6688936257364877
1621641300,0.8349981716365718
1621653900,0.022472983711748593
1621666140,0.7519474769281304
1621682760,0.7531132798135401
1621693740,0.7973693085073439
1621705920,0.6055912577066793
1621723380,0.7964875783091648
1621734720,0.6476328474619313
1621756680,0.21017156321260452
1621769940,0.8043192625778823
1621782300,0.7001070413527539
1621806120,0.5838687473777897
1621831320,0.14107141618320124
1621852620,0.9005874151499061
1621867980,0.7672918673513596
1621888260,0.7594053154329868
1621902540,0.8998014490622834
1621915860,0.8643117941736528
1621939080,0.7771439517575466
1621958940,0.7041461836432741
1621978980,0.7429124006145296
1621995960,0.19638382864589504
1622011740,0.76896223862212
1622035080,0.9003438806738201
1622049900,0.8961184908164231
1622069160,0.9510990234054008
1622093700,0.7846629116793724
1622114880,0.16472805036846738
1622128260,0.8913384603406388
1622149680,0.8979218118085908
1622161140,0.8961728210739562
1622177340,0.858669863977745
1622194440,0.48576862535612647
1622207460,0.383096477719288
1622228940,0.9618188739897158
1622244060,0.9636030933350591
1622265420,0.42208265825562635
1622277120,0.9582512479059666
1622289300,0.2231449676870437
1622312040,0.9244503718808059
1622329500,0.3315212326377971
1622349000,0.9521661681615541
1622368380,0.6078813764865305
1622384520,0.828503242441265
1622406420,0.9584668914020327
1622428020,0.584511220252275
1622449500,0.10751963984433945
1622466240,0.2355989910740239
1622483820,0.08075152644636224
1622496960,0.7949742979239901
1622519280,0.6505139632122421
1622537700,0.8527741955683196
1622557200,0.8127371066340381
1622569800,0.8442983104658777
1622589960,0.45481305004312167
1622602920,0.656019001122183
1622613780,0.8019645753125837
1622626440,0.9438244325235101
1622640540,0.6009888373760374
1622661840,0.05650906566887581
1622676960,0.5786889104839817
1622688000,0.5806427137331059
1622702880,0.4121202990332541
1622717100,0.8152085709497521
1622735460,0.7386280554242602
1622759220,0.8006947684691643
1622771040,0.9180529210745723
1622789520,0.8574718923211925
1622804820,0.8021455463452752
1622816940,0.6430891014439035
1622835300,0.715873185994117
1622851800,0.692500874246792
1622867880,0.7779435545909104
1622881920,0.3646566065743246
1622906580,0.7974619086642669
1622921280,0.6334861858245676
1622935980,0.8737530636309365
1622954580,0.9021865705139127
1622968560,0.7906444180381027
1622992860,0.25495424174755316
1623003660,0.7839231061300277
1623016320,0.2796868186916003
1623027180,0.6184241719337851
1623047700,0.15625408204686028
1623066000,0.37492379460795805
1623078840,0.9032045625877596
1623101280,0.5155705239572392
1623114300,0.7303093298205514
1623133020,0.596231966764052
1623157800,0.6285250719234731
1623180960,0.053985447942708216
1623195120,0.6912133142391791
1623210120,0.7059417499489207
1623230460,0.7838397375730086
1623246480,0.7083937434198164
1623271260,0.5439616303657744
1623283740,0.5743437437956679
1623303420,0.783788135676546
1623325200,0.8081648035731641
1623341640,0.015403769869226067
1623365460,0.4094627384232688
1623380880,0.08324611540419694
1623396420,0.00733064318432036
1623418680,0.27509078645804536
1623437880,0.4826524727841035
1623459000,0.6778690034402058
1623478260,0.507146020202659
1623499140,0.4842295464739662
1623523020,0.8218775727145274
1623543900,0.8890687087128091
1623564420,0.05440050922346337
1623589380,0.8477832614802117
1623607740,0.006133095395200719
1623630720,0.7566653180712115
1623645360,0.9149452354323806
1623657780,0.00279748827268731
1623676740,0.5926031343270102
1623688320,0.014839788673465887
1623702060,0.8430197377506113
1623720420,0.005782525632859104
1623744300,0.7469862530019442
1623769140,0.8665199970532981
1623790380,0.8796860361884584
1623807840,0.3484649565321147
1623831360,0.8910299166981469
1623856080,0.8390464639625439
1623875940,0.3763672263223833
1623893220,0.441041521114961
1623916680,0.9230644390804409
1623935460,0.01990193357993207
1623955320,0.47555790905476286
1623977460,0.8654255096534587
1624001880,0.5107393543476212
1624026960,0.8605703927763352
1624040100,0.9264980401129497
1624058580,0.5994796436004252
1624078380,0.5698774858283004
1624095720,0.8215835353748561
1624118580,0.49208613076624164
1624131300,0.6339885153035771
1624148280,0.6250791708876704
1624168560,0.7784532159150364
1624193340,0.7463167877761209
1624212660,0.23928719152691455
1624231020,0.8468549091344485
1624250880,0.6767579984386354
1624271580,0.6647208320914042
1624283220,0.5586307337342012
1624299300,0.6254839549066732
1624320000,0.8931944687841589
1624336740,0.15980296961844978
1624357080,0.8332742474765511
1624381620,0.4841384267093347
1624404180,0.4163830006386927
1624428180,0.08985474099647817
1624448340,0.9442338370310625
1624469220,0.9076332835707962
1624488720,0.8018878365770641
1624501560,0.49987133732062905
1624523760,0.8134219486071923
1624547700,0.649889344672601
1624561620,0.4348956730845841
1624581180,0.5336119457904063
1624592220,0.1288614982001597
1624603860,0.727295925466779
1624625160,0.7897005702191562
1624638180,0.022859819891325052
1624654980,0.8648240949776133
1624675200,0.11634145942161928
1624692180,0.738219728609655
1624706580,0.6920725572908999
1624719720,0.828814019811229
1624733520,0.7474700220486152
1624747860,0.6274121758839045
1624767240,0.5796084319672272
1624791900,0.8803696363465502
1624809000,0.8677046836702369
1624829520,0.6984102876378945
1624848840,0.7229599516973394
1624868160,0.6088832210651114
1624890180,0.14864622467354224
1624905660,0.6740580906422354
1624924860,0.8179538132466826
1624940820,0.4924932630564391
1624955640,0.1713303566634635
1624966740,0.6076939782540205
1624981920,0.07725741328484796
1625004960,0.3788091776055428
1625026980,0.8070153037059288
1625037780,0.9263711925346054
1625050620,0.013603061759948661
1625072880,0.9106122019980251
1625092080,0.45577069360497435
1625103840,0.47149456843458265
1625128680,0.8142555104188604
1625141640,0.791629340023233
1625153160,0.7472431847805319
1625167800,0.8422070223686244
1625186880,0.8379959452092797
1625202060,0.9358054157619627
1625225520,0.9471957352096179
1625238240,0.6442785678807733
1625256120,0.3940027768798591
1625273100,0.5777053384685582
1625297760,0.5397380289870348
1625309460,0.6747330290070892
1625334060,0.6317642874007033
1625345820,0.005970426671035932
1625364960,0.6740865885280106
1625377140,0.3269159329978644
1625388360,0.020545916028461182
1625403720,0.19246237139274577
1625421600,0.07862156601814813
1625433480,0.44069642093186756
1625447580,0.9357435506392335
1625468160,0.21533792010450778
1625480280,0.1408401924209649
1625499420,0.4455851870483416
1625524140,0.7714991107860585
1625547840,0.8731162872526951
1625559600,0.33780997486728853
1625570940,0.8687941693849056
1625590500,0.1987231725157529
1625611020,0.9750336908496061
1625632860,0.887529601983918
1625645700,0.11382636439615669
1625664360,0.4150089881464289
1625689320,0.9092661088043646
1625702580,0.715152322029369
1625723580,0.8059735456953916
1625737980,0.22982654454201318
1625762580,0.35909530394716355
1625776200,0.7058300172290318
1625800560,0.9394836307418004
1625824020,0.35513849059103664
1625847540,0.9885126164858091
1625867580,0.40033305872611596
1625878560,0.6667342194501897
1625890620,0.9568147531626785
1625902020,0.9385936378545379
1625926860,0.7596415469084065
1625937960,0.7395893339652058
1625956440,0.8052998711725745
1625975220,0.9942800733428264
1625997540,0.13020301805360476
1626022680,0.06445387716014775
1626041520,0.6428545529867313
1626054540,0.7366169994066419
1626070200,0.11785592168304243
1626091560,0.20436039990637855
1626109800,0.03255131533625832
1626121620,0.5386644386772315
1626140940,0.16346368441557627
1626154920,0.8798332044925261
1626180120,0.7763120808207687
1626191340,0.7303971907129565
1626206460,0.6607123313055854
1626220260,0.6531780055406686
1626236460,0.3742088662048867
1626259560,0.6164657530674984
1626280920,0.8272032282470992
1626292680,0.21607312157102682
1626309240,0.7417022588969093
1626321780,0.1395287126713323
1626337440,0.6962101134961912
1626350400,0.24148479029879613
1626369600,0.014664566220614385
1626381540,0.32087699547684556
1626395340,0.4227097416922687
1626411360,0.4587885638308996
1626427440,0.3673153384636268
1626448020,0.22394079459062044
1626466980,0.4800586126765948
1626479220,0.8806892603655255
1626501600,0.07088977098122824
1626515520,0.8393393628026926
1626532800,0.8820791990049632
1626553200,0.32045555375802215
1626568380,0.09775086881723316
1626589020,0.7223977730603869
1626607560,0.23230056842733318
1626622740,0.43479235061365273
1626644160,0.4040494295913817
1626659640,0.3228113964448791
1626672780,0.8014967164323319
1626691740,0.1115655696072028
1626705120,0.628660233405172
1626723960,0.6468754130802907
1626738180,0.2933445088138848
1626759300,0.4774011863949015
1626781080,0.8071175580698325
1626804240,0.19480601121292573
1626824400,0.9127967986914425
1626841800,0.3483302060565982
1626862920,0.8279450723083995
1626878940,0.04790146648690924
1626893820,0.7747174030638149
1626912240,0.37846748733969143
1626925800,0.06609161896111138
1626940860,0.516944756476209
1626955200,0.061525280957242995
1626976680,0.30512230678211005
1626988440,0.9142402469057032
1627009140,0.5366540745590599
1627032300,0.09348036113966965
1627045980,0.6789365606677829
1627056900,0.9291421655115479
1627080120,0.8011743454109878
1627092600,0.036648448580872
1627116240,0.6533914417182876
1627134660,0.6598785876733632
1627147500,0.7345998450374167
1627163640,0.42412678897582573
1627176480,0.0627014654611437
1627196340,0.34595676149513854
1627220460,0.47487904703389533
1627232940,0.5001133032723315
1627251960,0.7970656809383612
1627274100,0.4395901644169384
1627296480,0.7687538314598656
1627315440,0.11770969881818431
1627340580,0.3347623338244823
1627351740,0.012170827836372503
1627374420,0.5587005574567154
1627386120,0.6700514485166355
1627399320,0.4936561404705642
1627419120,0.7182826066997114
1627432560,0.32645988275125953
1627454220,0.7827097655076678
1627469520,0.20228971917791255
1627489980,0.7900966017317254
1627508760,0.2147243249768578
1627532880,0.5747085430750514
1627554780,0.019400321996899395
1627576680,0.6089580989344054
1627593180,0.9197265343485125
1627608720,0.3180888465291637
1627633920,0.29842267020037194
1627654080,0.29695904407263446
1627668960,0.3611751310818688
1627689120,0.6287802135449877
1627707480,0.5482730732448363
1627729920,0.27413847828270343
1627748460,0.8174526165122667
1627767120,0.7794608154227731
1627780860,0.6746156916341239
1627798560,0.6667358190382
1627814640,0.6722429721150229
1627835520,0.5618955960266222
1627858140,0.827027898012362
1627876740,0.5572690467584966
1627897860,0.6924738924634767
1627915500,0.6523862331980934
1627930440,0.45310304794416323
1627944120,0.6481812943978134
1627965840,0.16482474235972455
1627979220,0.8328356152297184
1627996740,0.889290444143151
1628015820,0.6465476398048282
1628030400,0.8597163141353645
1628047500,0.7443209914233639
1628070060,0.9012687831826162
1628088720,0.6108751164973016
1628101260,0.7755896914827148
1628123340,0.8228115019455249
1628148180,0.6725516488343087
1628161500,0.24360759113384026
1628182080,0.9446854632750994
1628196960,0.1024467555008213
1628221800,0.476776052679188
1628244660,0.8540266464220921
1628265720,0.9146715271266658
1628281200,0.5108659353033999
1628300580,0.5833507036387305
1628316780,0.5470783288519282
1628331600,0.035005601078160746
1628356200,0.6539563517509936
1628379660,0.3464563260659751
1628390640,0.5336348437441335
1628407740,0.7875035764889602
1628424180,0.550055488729668
1628438820,0.5197299119727986
1628452260,0.30331975313103665
1628473380,0.8806640366683813
1628489940,0.9430009048277943
1628515080,0.5501713808454735
1628535480,0.7992454596666926
1628560140,0.3461290469876905
1628582040,0.012611137439735891
1628600640,0.003481552047251472
1628623800,0.6621699617735288
1628643300,0.8650467517943519
1628663340,0.9124133076532207
1628681820,0.7322335738730572
1628703780,0.8137958281727319
1628725980,0.10104691286180265
1628748900,0.9401030117173054
1628768520,0.1945018292841584
1628792580,0.7798078067275568
1628814600,0.8873479868607281
1628834640,0.7530308296957293
1628855220,0.9785414275073869
1628867040,0.0710941344087019
1628886660,0.7110200421265161
1628908380,0.34614208449664297
1628924880,0.9377344864816013
1628942040,0.7073741419613856
1628961240,0.8849494508011194
1628979900,0.2742924800317417
1628992440,0.9092403520090657
1629014820,0.9001227860031106
1629030780,0.4969376955417848
1629055620,0.6429798132337476
1629078900,0.524023167861222
1629099960,0.8177732681654071
1629123960,0.11792271984216969
1629144300,0.7342315339543709
1629161220,0.8432444178048829
1629175380,0.8576825005176597
1629186420,0.900487371701358
1629199440,0.2739752863624247
1629221220,0.5839698425559631
1629235800,0.8138454995304495
1629248100,0.5047905992690268
1629266940,0.8517494332172572
1629286260,0.8585683377199521
1629299940,0.8947095545009358
1629314640,0.011626317950612267
1629331740,0.01686022935310496
1629348120,0.7937939627259661
1629360720,0.8971985270665356
1629384300,0.6001564563682696
1629402240,0.17689040431216282
1629418020,0.8797380419273517
1629434580,0.0642671948300653
1629459180,0.8631515864829837
1629481080,0.8949544766519423
1629501480,0.9039210690499853
1629520020,0.06782170183734254
1629544680,0.0018350570213776425
1629564360,0.9226157651535254
1629584820,0.8313058967410158
1629601680,0.46928269909655207
1629621840,0.8898893030853761
1629645480,0.7845558244186007
1629664740,0.1089224756060406
1629686100,0.752410000784051
1629710940,0.3277892501180017
1629722280,0.1925939142287743
1629733200,0.8195018143730057
1629752100,0.6127644554993769
1629764580,0.7124555711396264
1629785160,0.8475298838193934
1629799260,0.9103867971133155
1629821760,0.1846457690915793
1629846240,0.0901880562746252
1629869760,0.015971789434411732
1629890400,0.36727351428614685
1629903840,0.6722037033493896
1629919020,0.9042365144545214
1629937020,0.6307491990965107
1629959640,0.9108357668585163
1629973920,0.7191349793605887
1629998940,0.8509388562610425
1630012980,0.3793850449635125
1630034520,0.784393049216687
1630048080,0.7348182666279407
1630063680,0.17621294008078553
1630086840,0.924323881927904
1630106160,0.072101866020618
1630119060,0.09499777241633763
1630140840,0.013476074440204211
1630160820,0.8506565623208903
1630172580,0.8472805381444839
1630196520,0.7090163806324271
1630209660,0.7670628869255548
1630223820,0.9210671218386408
1630249020,0.024690142911041754
1630266360,0.7926862126677087
1630277400,0.544066454927094
1630291200,0.06500160066623398
1630303740,0.25597585301091713
1630321440,0.3044001430959342
1630338840,0.6072910320812311
1630351680,0.7929949732807453
1630371960,0.3977186834147174
1630392600,0.6057393801365039
1630406520,0.4740334150524805
1630423140,0.8760961363445665
1630448040,0.03593115843729948
1630461360,0.21436739687870499
1630480920,0.7043118998904415
1630505520,0.8531812811222403
1630516800,0.8845117437312138
1630535100,0.7856751337331487
1630559640,0.7316365325574412
1630579440,0.8969162453651468
1630600560,0.7438812857102954
1630618080,0.9089510466777682
1630638720,0.7588553336572755
1630661700,0.739550434417555
1630681380,0.6048244025884265
1630702380,0.3017466820934597
1630722600,0.4715045730962854
1630735200,0.07560392994686463
1630749960,0.7460525445190996
1630770900,0.01964804646802573
1630792860,0.41496584461752617
1630818000,0.8959271593622435
1630840260,0.7900539448935565
1630853580,0.2660389627113267
1630873620,0.652491489824755
1630889280,0.7257525256195967
1630905420,0.7321053412166477
1630922340,0.7652666064868642
1630938600,0.9784655623848775
1630952700,0.24947231359735897
1630967700,0.8070407206648341
1630979100,0.31939202865981553
1630994880,0.6327567025081634
1631014080,0.05937812418356958
1631030220,0.44547746311400405
1631054400,0.8038850815550626
1631065980,0.7390921214830412
1631085120,0.7502171828016578
1631110140,0.8144470102028945
1631129640,0.8874453758009583
1631149320,0.2068345569993839
1631173020,0.225952413031962
1631184300,0.5902696140258118
1631206800,0.8107216877627359
1631226900,0.13013617015645995
1631248380,0.8871744353038769
1631259540,0.3407064303306123
1631273580,0.8430209566973582
1631289780,0.7414701187980856
1631304600,0.2200953604783201
1631315760,0.5845712271221163
1631339700,0.8046688750087203
1631356080,0.5959213513813452
1631372820,0.8407576195300557
1631392080,0.004113730634577312
1631405760,0.7234409263147401
1631421840,0.3559450854809912
1631433720,0.4872758631108444
1631454060,0.5798974234383766
1631466960,0.7108596692535795
1631483640,0.09377035031903891
1631497800,0.8117091978576128
1631521560,0.5434385986376586
1631545380,0.6972585849290747
1631561400,0.058906804448315274
1631575740,0.9350353644072954
1631599860,0.871362267805677
1631616000,0.7391830074768375
1631641080,0.28606441755248796
1631656260,0.7021879582915801
1631677620,0.4121457522568316
1631693280,0.48543841143697775
1631713440,0.621922563594365
1631735940,0.7555820042117981
1631757120,0.6561960029343101
1631767980,0.7961366172332999
1631781120,0.4087150591052925
1631803440,0.7666407068100473
1631826180,0.46094394100056063
1631849160,0.9487946189250535
1631869500,0.6854650257283945
1631881560,0.29128173778978905
1631893980,0.04176782632690025
1631905680,0.24393284834025836
1631922900,0.18451771916362344
1631940780,0.9352064516331221
1631956080,0.8815454581555472
1631976480,0.7630731324619118
1631994660,0.720012655969535
1632011220,0.7627482917934059
1632025500,0.519743706506553
1632049560,0.8133678468046518
1632063240,0.9006899339813611
1632075660,0.8704235817487841
1632086580,0.5425434552017039
1632103680,0.0520988989118906
1632124500,0.6768320520339637
1632141120,0.21808322453862405
1632156420,0.8529558718222502
1632177060,0.6969923036832498
1632192540,0.131048242608018
1632215220,0.0037431970838144144
1632235740,0.9636800594190205
1632254580,0.7396214523023259
1632276420,0.3548774100691937
1632291660,0.3180454347057392
1632308760,0.5633238549867766
1632327600,0.9759715598548357
1632348720,0.005089820023447784
1632361860,0.5767906339685656
1632385260,0.8488812354504047
1632399600,0.7154907095281039
1632410460,0.23512043641915686
1632433320,0.37965033580342356
1632451740,0.8954557899974641
1632468840,0.3985426768758835
1632487380,0.6636461936740847
1632500460,0.46879331296372395
1632513840,0.2582924247841295
1632536700,0.006468755420240662
1632551100,0.1454857950661692
1632563100,0.8950443858408963
1632580140,0.20136748048833952
1632604320,0.5166100362096275
1632620100,0.6108572643535739
1632636900,0.8344330956735394
1632659340,0.8726245093327478
1632681180,0.7996428194262574
1632697860,0.7792111441167111
1632721320,0.7293322740370493
1632740340,0.20947057284070067
1632753180,0.32901659597256544
1632768420,0.7943687851783331
1632790320,0.2664077930040756
1632814080,0.5257586917125757
1632829800,0.8771488196806386
1632846180,0.4173341854223956
1632870420,0.17537564380587095
1632882900,0.6420934536861527
1632904380,0.5870434405482443
1632929520,0.7137802492228885
1632952440,0.047173282429007486
1632964740,0.18059845119848664
1632980400,0.7607653602234191
1632992340,0.49705968425841535
1633009740,0.7714063205894216
1633034040,0.6280194136547287
1633051200,0.3405746703049821
1633074720,0.7567465907934372
1633088220,0.43610327463624465
1633101720,0.03606885772594824
1633124640,0.8727901480354783
1633149600,0.667057129355835
1633171980,0.8492347638432654
1633191120,0.4839839711663242
1633214100,0.7381603936760316
1633225560,0.8307742161172778
1633239060,0.8837457512113971
1633254960,0.49308571535378015
1633271400,0.5969062724369364
1633286940,0.640717853927062
1633308120,0.8662484774816159
1633333320,0.4795596959820542
1633345620,0.6274072800007043
1633364820,0.37826839275236335
1633387260,0.2550254260440926
1633400820,0.8843523771914217
1633416780,0.847067790474887
1633441500,0.7456878188027113
1633452300,0.5552230399589277
1633467060,0.7880036139456468
1633483140,0.7702013749501717
1633504440,0.5648106056997898
1633529220,0.12350610854665674
1633554300,0.6882013014613063
1633570620,0.9081853820948628
1633582320,0.8953757670140502
1633597980,0.6647493010160357
1633610580,0.8079017532698799
1633623060,0.9140145987768047
1633638600,0.8871704525535086
1633655220,0.28945017542031826
1633671120,0.851526845746961
1633683360,0.8251460315072123
1633707960,0.8571484843522081
1633718880,0.29690941501221124
1633742760,0.6080178458040708
1633763400,0.876357275706844
1633786380,0.8354937351118211
1633804500,0.8967290939342877
1633821360,0.19257982546002644
1633843440,0.28155241507600676
1633868640,0.7507420417313398
1633889940,0.007841834709265355
1633908420,0.03247298274856328
1633924500,0.9213045705005468
1633942680,0.004912929142364559
1633965540,0.6879701649038579
1633983720,0.7353955791163385
1634006340,0.865157197300116
1634030760,0.8433485532721477
1634052060,0.914216181349771
1634070720,0.8858427431519086
1634081520,0.8936301921419948
1634098560,0.5118742299318528
1634109960,0.8898485641268232
1634125260,0.9498362383679824
1634138880,0.8144451019140346
1634157360,0.34306796999240374
1634172180,0.9118775713189289
1634192100,0.782380604207065
1634212020,0.887062363390197
1634229540,0.052200860486219094
1634240580,0.8288789366625124
1634265180,0.36006355792976774
1634282760,0.7891162628387968
1634293980,0.28097410105624865
1634311620,0.9657589089594727
1634329200,0.8751080358649096
1634353980,0.8464283399199277
1634366100,0.8797557952328349
1634387160,0.8463773924140415
1634403540,0.33012730452847056
1634419320,0.7176569379190408
1634443140,0.6001416811828671
1634454720,0.25697271617892076
1634470500,0.896318736238823
1634486400,0.004171092615545432
1634501580,0.5725302164431
1634522040,0.12158764962207416
1634539440,0.9060130607422299
1634553720,0.013203650850574771
1634571780,0.512360599296254
1634583240,0.9181295865325125
1634596200,0.7002723895787292
1634607360,0.961655168135188
1634629320,0.597159624151072
1634649420,0.5538666589895958
1634673360,0.7921055166265683
1634692920,0.7932624854430785
1634715480,0.8223989499219213
1634738880,0.4487963322817763
1634757720,0.7590623798653205
1634779980,0.8281361935823762
1634803860,0.7627455819416296
1634817660,0.3009801751579026
1634830260,0.7053024652065224
1634842140,0.2749862725417895
1634852940,0.17159842560967867
1634875140,0.5506672713269939
1634893080,0.9169386040275107
1634907540,0.889552000975191
1634920980,0.9251451684110038
1634944080,0.4522242508944561
1634967480,0.7655117398515965
1634986740,0.8272978095702611
1634999220,0.1807190383183858
1635022620,0.11664587289078027
1635047220,0.8191681238890826
1635060660,0.7718858654646379
1635077520,0.2647676753246605
1635093780,0.8907802424874702
1635109740,0.8791709327998383
1635134160,0.9335598157883552
1635148500,0.7800289961750855
1635161040,0.861544423315175
1635180060,0.9308404135002034
1635198600,0.7682307720578264
1635220020,0.2016055045830849
1635237300,0.7582808589040559
1635252840,0.42391008233859717
1635277980,0.4832221779959362
1635290700,0.8951889742761745
1635304380,0.9593253738272022
1635324420,0.5966647647172563
1635345180,0.2627074063218597
1635369420,0.4992523591979943
1635382680,0.9233978310451758
1635405540,0.7291719752382259
1635423240,0.892831163391353
1635439500,0.928284143314243
1635458220,0.33412722409719964
1635471780,0.35922383616615866
1635496320,0.736342162305582
1635518460,0.9298829680924192
1635538740,0.8888953609901074
1635556260,0.4524771809733857
1635574260,0.8952020500312456
1635596160,0.5558911997412408
1635611940,0.20129115166414416
1635636180,0.6618875501071456
1635647760,0.2692169393270937
1635660360,0.8797675657648703
1635674760,0.39414607166676097
1635699780,0.8996680423041121
1635715320,0.5710004329578796
1635726540,0.04978281808147522
1635744300,0.6450356515326578
1635765900,0.7431226762084792
1635777180,0.9278139573173824
1635793800,0.7412606718681837
1635808560,0.9485651523895436
1635822120,0.37807590471173064
1635834480,0.9236856576300622
1635859260,0.42043968333679904
1635872640,0.03802315494711031
1635891900,0.006258113333239102
1635906900,0.11376101104753371
1635930180,0.6770485385576572
1635949500,0.9168181875235479
1635969540,0.41751061215718066
1635981780,0.25887546327972993
1635993480,0.7559511695587317
1636011840,0.5260016376110055
1636029780,0.23906243628783935
1636049580,0.24678498079992264
1636064220,0.47122864477612936
1636083720,0.5870556294150125
1636094820,0.005824350966999455
1636111200,0.9025955940506427
1636131000,0.22428087485638795
1636146780,0.38574132453094256
1636169940,0.09575577398900006
1636189560,0.9314557009880144
1636213500,0.7247447783521711
1636229280,0.00845376171000435
1636249560,0.16893538728208038
1636260900,0.24811830830617432
1636280040,0.3431947792683229
1636304520,0.8655698776070826
1636315620,0.9436369958666585
1636329720,0.25604087956017374
1636346520,0.9922417177303642
1636359420,0.47988439574229086
1636373340,0.5922831323824943
1636386840,0.39733874382334067
1636400940,0.8476721122908648
1636424400,0.019800842914064837
1636442460,0.6067345384284816
1636463100,0.6843296375106326
1636483560,0.5813292636663399
1636504680,0.23287998355582443
1636522800,0.8707040448251078
1636547640,0.5098866901698794
1636564560,0.7679289581378583
1636578000,0.5475409695932685
1636600740,0.8831132156254028
1636621080,0.8679725690996295
1636642980,0.6942590344062771
1636665420,0.21463419956406113
1636684140,0.4937959632575796
1636698960,0.011631803407138638
1636709760,0.8649942461054106
1636733160,0.48589778536321043
1636750680,0.7162817848697834
1636772460,0.3816516740459917
1636787100,0.6488520173184105
1636798860,0.7788806575359138
1636810860,0.5234956021908718
1636829580,0.21016738830216186
1636846740,0.4954668047693258
1636863480,0.5692904344290922
1636876080,0.05007753232668933
1636888620,0.5986063717706424
1636903920,0.9519324624280596
1636915140,0.3609546043550317
1636939200,0.6050291783719411
1636953660,0.4234526466490015
1636966740,0.9474789139169254
1636985880,0.6393012540459416
1637003220,0.26606613550356845
1637019480,0.015972457775241086
1637040180,0.4967270278259778
1637051400,0.7294031919179282
1637072640,0.8941299643096902
1637084880,0.07482592118323889
1637101560,0.8490949949282708
1637121060,0.7714985092611681
1637145240,0.9797415005546424
1637169360,0.9003154132432638
1637182560,0.7518130544996973
1637193780,0.9178063158661216
1637214120,0.2481446597835604
1637227860,0.8626250524191302
1637242920,0.4259475089676923
1637266200,0.9508965139849112
1637282580,0.2718711136010825
1637303220,0.833978493263944
1637319000,0.5904342605999526
1637340300,0.6697268282524207
1637354100,0.020660812905787924
1637373120,0.4114921355738739
1637388240,0.9008075694856149
1637402760,0.6370463958213508
1637425800,0.3031264434450743
1637444160,0.5978464859724186
1637463540,0.3128045725434682
1637475000,0.05279717449078676
1637492580,0.6085036225818784
1637516520,0.29298934265406623
1637527380,0.9469455418517833
1637543400,0.07707527924062105
1637554800,0.7150408052699238
1637576460,0.5471396910181094
1637595480,0.7260044709321659
1637611860,0.8882629572775887
1637623920,0.8380540167096309
1637648160,0.5422186689929399
1637664000,0.8376347556872296
1637678160,0.14234904281833388
1637700600,0.7774786522598519
1637717100,0.15911773357840975
1637734320,0.4715857583225144
1637751480,0.7914575045108118
1637772660,0.07066896175194981
1637796240,0.05754631893981046
1637811000,0.7786163072578853
1637828280,0.09622867641863599
1637842800,0.7539867189302918
1637854740,0.9846497407703418
1637878560,0.24634242805832965
1637898840,0.708259615540006
1637912820,0.1953592273949155
1637936640,0.5403079790851677
1637953680,0.05460155251922529
1637976780,0.059626709612936805
1637992140,0.05890702776865998
1638006600,0.8240842692824327
1638017400,0.5416675763288903
1638032280,0.6370199114520132
1638054120,0.7850454773924158
1638075540,0.6569750619244831
1638091860,0.9013657814812146
1638114900,0.8439736668335632
1638125700,0.8739176942668423
1638140100,0.53915620011207
1638161400,0.9466347096422685
1638174960,0.7043598313442697
1638195840,0.8208611042438119
1638210720,0.7480818092385924
1638224400,0.0184985627554425
1638237060,0.7087225437188571
1638249000,0.8897159074655763
1638260760,0.2652545648404393
1638282120,0.3623234878642252
1638305040,0.8704258020971017
1638322140,0.6246986339018064
1638338400,0.8354878083312081
1638360420,0.08439054658343212
1638385320,0.47767950489284494
1638400380,0.5760999016102495
1638424380,0.9148932664744478
1638449100,0.42455458304739846
1638462960,0.003972635080768868
1638477120,0.6443882809585657
1638499380,0.842450390844177
1638517740,0.6468964302614971
1638528840,0.8482129453000804
1638541680,0.28894513777261066
1638556920,0.03174661981421075
1638576420,0.9046348231121021
1638587280,0.2735843335996532
1638608340,0.8995758655986629
1638620520,0.02838342347070924
1638634200,0.8676449522729787
1638649920,0.08073034575526132
1638668340,0.5528790986934006
1638689940,0.11869083868346975
1638705360,0.025330652679480273
1638724500,0.8499589525012434
1638738780,0.8921831444661575
1638760380,0.4366360533144539
1638782700,0.6269564864239965
1638804120,0.023489454205276927
1638818580,0.4787905092341418
1638842820,0.7441327890509498
1638863220,0.6731407055686885
1638883140,0.49129916662041984
1638903000,0.09781219886703185
1638922980,0.6919890095623664
1638947820,0.7428945386398635
1638966060,0.20479695768018638
1638979680,0.700880159927238
1638995040,0.5876748347916225
1639007580,0.9223788273174446
1639029840,0.1908977975969775
1639051980,0.07899906651838895
1639065540,0.7227093517954727
1639081860,0.8641673049434796
1639099260,0.9175517836421978
1639122120,0.3715482820217898
1639146420,0.6568193481910312
1639161780,0.4134200984818639
1639184760,0.5243865128009303
1639196940,0.09243332226498649
1639209420,0.7250777694632388
1639234200,0.749032215225865
1639253760,0.7585612428732911
1639276200,0.6742527908329125
1639287420,0.19841940038048858
1639306860,0.28024468802802455
1639320480,0.6511265867163022
1639334280,0.01332287727057893
1639346040,0.5264238219911861
1639361220,0.3048407382734676
1639375620,0.9433608170952601
1639387860,0.05597126561006006
1639402740,0.7718854214986001
1639427220,0.06740817002924934
1639450020,0.872359024651592
1639475220,0.7929137833076577
1639496640,0.39922720484333485
1639511460,0.1732379429703144
1639525680,0.09713667607542294
1639540020,0.7029825748851111
1639561260,0.04942693586232971
1639576500,0.831827735484127
1639593000,0.8572997563304352
1639605180,0.8198361854284989
1639623360,0.8925470080643851
1639647060,0.7353892453696843
1639670580,0.6900624426937176
1639683060,0.8408093067767574
1639698240,0.6093923071418323
1639717500,0.8004040320193644
1639729620,0.2618158532619524
1639742940,0.04839700046141407
1639768020,0.5023829839817667
1639792140,0.23104644575939406
1639806060,0.18443039254970162
1639828140,0.25103554938678996
1639847100,0.6085451560260137
1639869660,0.9588011580473124
1639890780,0.3461007508017405
1639904280,0.6179725216081489
1639918920,0.2758898130615552
1639935360,0.5511842682218118
1639956960,0.5497022971639844
1639972200,0.08067947009896644
1639988520,0.1269244843842649
1640002680,0.38362118959288927
1640025900,0.025518549012944636
1640038620,0.04073479346774459
1640056860,0.5760951269969419
1640078520,0.8192196900668125
1640102520,0.9569439317462105
1640120460,0.43047799428996414
1640145600,0.5597681782914805
1640169360,0.007791274833246041
1640183820,0.25710932585955004
1640208660,0.44842493510501136
1640223840,0.7454811010558519
1640240160,0.14613107084654522
1640262720,0.43878689223358325
1640275560,0.8137386101544671
1640288700,0.6226930586088124
1640311200,0.7221801368749909
1640330040,0.8359698929879901
1640354220,0.5043326761564432
1640377080,0.33493853364736204
1640394300,0.9116401281309113
1640405820,0.03866481523651758
1640422380,0.7227696318920895
1640436960,0.7534091166171297
1640457720,0.787162024054905
1640478360,0.5502573262477722
1640494560,0.2959770762104834
1640507220,0.2426643265107353
1640530440,0.8568501101230036
1640555160,0.733690092186326
1640578140,0.2109516521169204
1640603220,0.8874906123671398
1640624760,0.1373262800884742
1640646300,0.7737950979832847
1640669340,0.29553193565363467
1640681040,0.7522117624329616
1640700720,0.7488718455422516
1640724000,0.7807347598784731
1640747460,0.0749488265057022
1640770740,0.5365647844480879
1640790540,0.8025734711945866
1640801700,0.8426012186395905
1640825880,0.9876282557270253
1640836740,0.24169893097814307
1640861940,0.5719367798843478
1640883600,0.10604065666504273
1640895180,0.5900084508805068
1640909880,0.5388469413078537
1640930160,0.9136761996742575
1640949360,0.5742537450205738
1640965260,0.12858954831689928
1640981640,0.8204114177648522
1641003420,0.8159548597532534
1641014520,0.1113711537984388
1641034620,0.8001758810611308
1641051420,0.7908932045762721
1641075360,0.5492058949631891
1641095160,0.48481538449366735
1641115680,0.750238830283418
1641130380,0.39671378144399727
1641155040,0.8758059391371421
1641166080,0.7651071248320365
1641176940,0.8830758724579855
1641198600,0.8983816074809465
1641213900,0.6379558878999534
1641228540,0.028721169081920066
1641251760,0.5880417513468457
1641266100,0.7212896158306704
1641280680,0.7410170856741131
1641294240,0.4770552512673147
1641308760,0.9666753484205279
1641324240,0.8821759239477147
1641337560,0.23588978347367534
1641351300,0.8329140835082742
1641363240,0.21752120965028426
1641385320,0.6644391162200687
1641397380,0.39852494339226646
1641421440,0.4516065613006386
1641439080,0.23142206080035022
1641453360,0.07519600407891017
1641469980,0.053000024114192856
1641493920,0.794081034213857
1641504900,0.011425827371651417
1641528780,0.7967609162250486
1641550740,0.8787596634353712
1641567660,0.7435218275915088
1641584820,0.5475684949854515
1641601680,0.4441175926425738
1641613500,0.13848929934413312
1641637800,0.8173012266915135
1641653940,0.5131936956915907
1641668940,0.42867773920591323
1641691380,0.7777873502558792
1641712680,0.7547292395606495
1641733620,0.3457624303244759
1641750060,0.2793954009605173
1641769560,0.8510540579781394
1641780540,0.0052853159722549385
1641795180,0.9003336476276341
1641810420,0.32514874520006865
1641829560,0.9708137088857518
1641848460,0.8110620004009358
1641868020,0.7099191782944696
1641893160,0.4669396951137347
1641911340,0.8673957454953456
1641930360,0.41358633154305335
1641944340,0.8925464970773503
1641955920,0.8776271108218816
1641967020,0.6732792033913756
1641988380,0.6477169985073963
1642011960,0.6318666480544428
1642034400,0.8305951483459779
1642045200,0.37563947471110454
1642066500,0.585404613824456
1642091700,0.8014125330393544
1642106880,0.7231903715214517
1642118040,0.08258436871553797
1642133520,0.7599046921060201
1642149900,0.6859751848887904
1642161420,0.04671848605750261
1642181280,0.5500546542412595
1642200780,0.6530566224899924
1642219260,0.4793675273326988
1642233060,0.1383628975141668
1642244220,0.08666748369072498
1642257180,0.8779462664761571
1642282140,0.8177195676301198
1642301160,0.7489569480084859
1642325880,0.5951355300970185
1642342500,0.5384960075890248
1642363980,0.2756669970039094
1642379700,0.3995579893484321
1642393560,0.2864610117279434
1642408140,0.759248214448847
1642425780,0.33863290498146104
1642443180,0.5639622495029903
1642464900,0.35760316570059225
1642487100,0.23512520220155556
1642511340,0.7300145822217562
1642528440,0.8433094228223799
1642547040,0.02875445922095146
1642560660,0.6349070142483731
1642576440,0.7896362451734819
1642588620,0.6676799803848259
1642602240,0.28980543137062775
1642624020,0.5880096056456917
1642646160,0.6753659921396549
1642668660,0.8498408997014633
1642682520,0.7320667740472209
1642706700,0.9458416255739199
1642719960,0.8385552657046765
1642735260,0.40152739019742756
1642755060,0.6871959220016672
1642773420,0.7990307915089456
1642790880,0.6220417527708002
1642802520,0.518705322845314
1642818720,0.1830989188909468
1642829520,0.7392496667390914
1642843140,0.7062840480129995
1642854000,0.7305817310120706
1642871580,0.7566392402183901
1642886460,0.8114230096818684
1642897920,0.801613279280585
1642921440,0.09323681262933159
1642942440,0.9123070002634985
1642965660,0.8018575108162509
1642986780,0.5456217700291562
1643002080,0.8337629512462045
1643026920,0.5554307639974899
1643052060,0.0438798763092001
1643068500,0.5009279939456862
1643085900,0.34954615830249597
1643106540,0.8326602739563638
1643126340,0.7442574092028607
1643143920,0.8633258832057045
1643166180,0.3214617791657984
1643190660,0.8926267953409972
1643203200,0.8516246946702621
1643216820,0.6958581320058547
1643233020,0.9722163389831961
1643256840,0.7250809845379786
1643268660,0.7241275300647951
1643283420,0.8667666610593415
1643294940,0.7732554408649123
1643317140,0.5445949471838945
1643331240,0.897156889056993
1643348940,0.16070541113070602
1643374140,0.6412825241147048
1643389860,0.8382191928630707
1643403420,0.14555668329899024
1643418780,0.6995316280352989
1643439420,0.7511874258176174
1643451000,0.4995496709409177
1643463000,0.033542749156344705
1643480100,0.9028238418032382
1643495280,0.7627947077311711
1643519700,0.5772897175471342
1643534040,0.9293163441071497
1643549640,0.1503005261368377
1643565720,0.022563961322582093
1643586300,0.7894553261840548
1643598120,0.8801553179405508
1643612160,0.7107913555838481
1643635860,0.5762169198231168
1643652960,0.030677344033725535
1643665200,0.8009898491796326
1643677860,0.2240308346377316
1643698320,0.8068097670497352
1643709180,0.11967462222560123
1643726400,0.24109636928982758
1643745360,0.13329707148557235
1643762340,0.9151988383669899
1643776020,0.8600233432219835
1643792160,0.8154560238026864
1643805780,0.6244494532307847
1643829360,0.21341760279487315
1643849820,0.810656986586707
1643872560,0.7238412678603738
1643897700,0.9502726723308067
1643921580,0.1089730985491463
1643936460,0.7070247094738756
1643957580,0.641952401177417
1643979480,0.3118606639002528
1644004500,0.7625902784024551
1644029520,0.08997356416425746
1644053220,0.04019082548690401
1644074820,0.6112814059025287
1644091920,0.7976665913277432
1644115320,0.5639906806232472
1644137280,0.1481166662227824
1644161220,0.6424070971720615
1644175140,0.9072186951379873
1644197580,0.08477362602261213
1644209520,0.7198330455516031
1644222720,0.011966144608966098
1644233520,0.27715921940146726
1644247620,0.6976550152852907
1644265140,0.8226216575865635
1644289140,0.855964910661024
1644304020,0.9030907438255718
1644324360,0.1840835478120737
1644340800,0.8834754246616742
1644353940,0.6032528557981838
1644375480,0.45035559345393034
1644400500,0.7011108828054049
1644411780,0.35065158154392734
1644427500,0.9092184353597013
1644448740,0.40881782332703104
1644469800,0.7602548085896478
1644486480,0.1600609001945098
1644506820,0.95350449821994
1644518160,0.011237553624747315
1644542520,0.44173890452699066
1644560880,0.6199127019571339
1644574920,0.2857361433797943
1644597240,0.10255793361464764
1644611880,0.6037537945784555
1644625080,0.484148615218909
1644646320,0.6652722107885938
1644667980,0.6681398119192623
1644686700,0.5464114208654176
1644711300,0.32335285043878015
1644730980,0.07950251446370246
1644745140,0.4172354561982411
1644768660,0.8553252225190098
1644793560,0.5719840074074035
1644807060,0.4990650866046503
1644821700,0.534005823487533
1644836640,0.8948590929862157
1644853140,0.8136381273477744
1644876300,0.012331926993745574
1644897480,0.6869297451600055
1644909360,0.8505417682807224
1644922740,0.7407401265642981
1644944700,0.6270705665180138
1644961980,0.5172145679710568
1644984000,0.819997168897451
1645004820,0.18440378403384095
1645028460,0.47404735709441664
1645044000,0.42091318215748674
1645058940,0.0038706669086883234
1645070940,0.40511683731083314
1645093440,0.30977181711355833
1645109760,0.054034993083655156
1645131480,0.9250912472568235
1645153620,0.7115138398973683
1645167780,0.8797731291962387
1645181400,0.4270606036130262
1645197660,0.22929858132438521
1645219860,0.8195463358363952
1645233840,0.7372598490588
1645252260,0.9412828560827593
1645271160,0.9773494393983726
1645284000,0.577361272202311
1645307940,0.820514213340171
1645321200,0.44147703895948004
1645342200,0.6646056945989974
1645355820,0.37928910355864137
1645378500,0.7929620979212169
1645400880,0.9539304702159321
1645421460,0.8839558168435767
1645434960,0.6090543086050098
1645451880,0.8899861423472925
1645471500,0.7248183942575025
1645486260,0.235942281776804
1645509300,0.414760730125714
1645521480,0.022973322509734172
1645532640,0.8746775850527734
1645554060,0.4574335108744549
1645570080,0.637915547570971
1645581060,0.5489643087973154
1645592340,0.8538614910510737
1645606500,0.681027752510292
1645622760,0.7985637999297381
1645634760,0.5754980309737023
1645659240,0.05668134421834334
1645683420,0.8432598322814621
1645703940,0.0751433765483886
1645721160,0.3650205907488394
1645738440,0.7784404151575597
1645753680,0.47799948633845657
1645765320,0.006959258034154388
1645777200,0.5473942062154382
1645799460,0.9100663497443499
1645818840,0.8994894543487978
1645838700,0.4317195267991749
1645851960,0.8147483074152567
1645869840,0.49448302155877405
1645890660,0.8084294744010505
1645913280,0.8629858672582638
1645936140,0.06954727647966713
1645960440,0.8357282266092301
1645974300,0.9093380383880758
1645992960,0.8632028044489498
1646018160,0.7730596318858067
1646031600,0.6117587305098731
1646051040,0.12806205728292627
1646070060,0.1364429387008833
1646084940,0.2029145694552256
1646099520,0.5520044954004337
1646115300,0.20526894811229582
1646135820,0.4336212369299389
1646152140,0.7297941290350584
1646170920,0.8710449748174541
1646186220,0.560117966218127
1646199480,0.9878110022527307
1646212200,0.7105295191033189
1646225400,0.4176978570676281
1646237520,0.2988242486206754
1646251620,0.8716283319500102
1646276040,0.8202318005977447
1646297760,0.7355232342324116
1646310540,0.35882363148175533
1646321940,0.942551211678461
1646339220,0.764336280608843
1646356800,0.5261551483758122
1646376720,0.2580400367918847
1646393700,0.506731209508722
1646413080,0.45503524029005843
1646430360,0.9236804122578073
1646450220,0.41754572175632365
1646461080,0.368833500626762
1646482080,0.8417485637427508
1646496120,0.3364395450430169
1646511060,0.9001997821564492
1646521980,0.7505786645692566
1646538720,0.6140962649231944
1646560440,0.5443587859698721
1646573880,0.7901043655182326
1646598480,0.6062435206783616
1646617920,0.9641986285448512
1646641560,0.37465870872590445
1646656680,0.3069495524467676
1646671140,0.8392970145769215
1646693580,0.6217394956439083
1646714580,0.7470521403911217
1646730300,0.7296585287963416
1646741820,0.7655446602508873
1646756940,0.46696457512171535
1646774700,0.0702189420026289
1646796240,0.03203327394606087
1646810400,0.7186858863048194
1646833620,0.829599301210286
1646855580,0.4863044341514852
1646874900,0.8915695429351169
1646889660,0.8300298750268278
1646908800,0.474193504608994
1646928060,0.892747760881494
1646945400,0.5346593409308042
1646964840,0.2472575237166561
1646980020,0.8170854319055688
1646999640,0.23741503633341643
1647024840,0.9137949673081756
1647049560,0.9207196025472834
1647073320,0.7934780286764176
1647085680,0.6919754785825137
1647104940,0.05668769718274774
1647126480,0.7984058292344182
1647144660,0.26299937419065555
1647166200,0.7774784020786821
1647178740,0.9060147993823368
1647197760,0.7290749347611791
1647222840,0.6440524074213998
1647238980,0.5511867606507685
1647259440,0.3934953063992775
1647279720,0.2538520230003925
1647297720,0.7487249578462634
1647312720,0.8528996370266646
1647325380,0.9355384695695684
1647337980,0.8730034674550532
1647359280,0.9441153946138069
1647382860,0.6785667581148208
1647406200,0.7697224979861663
1647418500,0.648169286798946
1647435780,0.07619753236975205
1647457620,0.9566799348028738
1647472440,0.8184104870725306
1647491640,0.6076666719097046
1647505980,0.7435447730910885
1647520680,0.06792482829747806
1647532440,0.2256530324480264
1647543720,0.45406402527151957
1647559800,0.34989073260446235
1647574440,0.8643470490891314
1647586800,0.42675453280066716
1647606180,0.7275104626462877
1647621240,0.7742324371106676
1647633660,0.24846111911984614
1647654960,0.5722012093064197
1647668340,0.29664196294906653
1647689460,0.6969522072048048
1647700860,0.030075986173337767
1647713640,0.5972240497536422
1647725160,0.6107679812890187
1647745140,0.8480840597131019
1647769620,0.8124227313303518
1647781620,0.031127370907898622
1647801420,0.30682672051783816
1647812340,0.6823348179992683
1647832980,0.722943038148515
1647850260,0.7706135674767681
1647867120,0.7896459932305838
1647882060,0.9178358852207735
1647896460,0.11243001586758773
1647920100,0.02435764926259051
1647937380,0.6859394031470593
1647960240,0.0029097194787433274
1647974820,0.9185519749034636
1647998160,0.36374474177696137
1648008960,0.6805266186852468
1648026420,0.9718929278759383
1648041180,0.1137358482931672
1648063140,0.7888324077477878
1648076220,0.7062975854745229
1648094160,0.961061534266763
1648108440,0.3598113329231334
1648131600,0.5722575938055131
1648145760,0.9244361442756189
1648158000,0.12851120848127195
1648179000,0.5888836448576453
1648197120,0.8925919017115685
1648214520,0.9346302058750775
1648235700,0.9026275105829316
1648260360,0.599120247400633
1648273620,0.20424352100626963
1648296900,0.49207376719795737
1648311720,0.7076297588135768
1648329840,0.5065492203896136
1648342020,0.22519975170188303
1648360080,0.6150319149282438
1648377000,0.876911894666177
1648395540,0.20076594050141963
1648410540,0.9296275669562254
1648424580,0.13919004251335973
1648441800,0.9280156940929545
1648464660,0.744574588649298
1648482060,0.4183636640944019
1648500180,0.045965915491237255
1648513380,0.613484955140587
1648537860,0.9059225513204064
1648562460,0.8619521713314067
1648577520,0.2786901571083009
1648600440,0.86927009525185
1648613460,0.580047019562901
1648634580,0.6154626708414918
1648646040,0.02425955717592643
1648668840,0.8353163447328447
1648690320,0.9426670634606882
1648706940,0.697358179926571
1648732080,0.5381396367545052
1648755540,0.7695833341106451
1648779900,0.22291883635070817
1648793820,0.3597456032149256
1648812660,0.00274665253880481
1648823460,0.21888928891906306
1648844820,0.6817139273766843
1648865940,0.41258959349609914
1648880820,0.4319037591444246
1648903080,0.7644880130770458
1648922700,0.14053290087781758
1648942260,0.022791678045645532
1648961460,0.041779964165230096
1648980480,0.8476218879802065
1649003280,0.9360813052786014
1649022420,0.002785739193932393
1649035260,0.377311769214313
1649046600,0.23250388522039905
1649068680,0.9190111792442033
1649088060,0.921906291173127
1649110740,0.6399468303423127
1649134800,0.5440308303957753
1649150820,0.647516883401555
1649161920,0.8491190632945361
1649184300,0.4963020743867078
1649199060,0.3552815523534209
1649218680,0.7804890117711947
1649237400,0.6604153437926112
1649261760,0.46309310085460875
1649278620,0.3979790271668088
1649302080,0.9429289829057854
1649323380,0.05406368620745149
1649344560,0.8586424101895886
1649357700,0.7244917609365542
1649375700,0.9579960053109216
1649395860,0.3579642383255217
1649407500,0.7408155925737214
1649425980,0.7095597068580788
1649439180,0.9318963736413653
1649461980,0.1621591953913634
1649483340,0.47921006182980225
1649503860,0.12287019801993153
1649520900,0.8073811549373657
1649542200,0.8802601291684266
1649559480,0.4015842057775619
1649574660,0.7228791968496924
1649596020,0.6182339836310217
1649620860,0.5710025761866238
1649641260,0.7937533457822327
1649657520,0.8476768258821946
1649678460,0.8903782769274999
1649698680,0.6495407594915688
1649718480,0.7408493645974459
1649734380,0.7812176345417312
1649755260,0.3400919336551283
1649779080,0.8162601692240455
1649790240,0.9176895694302423
1649812200,0.5777407419953329
1649823120,0.8567482064838875
1649842740,0.8687099237436755
1649856780,0.2893856623078825
1649881860,0.5621918821068346
1649906640,0.2371295272620932
1649925120,0.7151910762822713
1649941500,0.6574810859531146
1649957580,0.060279161841676775
1649972400,0.8579358009885402
1649983200,0.8081290955193057
1649998920,0.81296235167991
1650022380,0.32989597651557284
1650036900,0.2010069649520092
1650061560,0.264772866264453
1650076740,0.2631793761726211
1650093180,0.7118067951143698
1650105600,0.0542164816274773
1650127020,0.6664893501353061
1650149520,0.5544983604030905
1650169260,0.41329362610526854
1650185760,0.49166344043955473
1650203280,0.8493827147181852
1650227220,0.9325768282809892
1650239880,0.31787934427981074
1650250800,0.7040080171119837
1650268800,0.39591262402347327
1650284220,0.3859585688060826
1650305640,0.823572248242258
1650324120,0.15723851144230477
1650348240,0.4602901586198419
1650365160,0.045648263006426035
1650389040,0.5058150568722882
1650413460,0.63282707281097
1650438300,0.6340632172762388
1650459000,0.7644356645016942
1650474720,0.0647540451139577
1650496260,0.22900678089801063
1650509280,0.6199244128284449
1650521880,0.10956478570498623
1650539700,0.2006221492179302
1650560160,0.5885928794123241
1650579720,0.23923489693507055
1650602100,0.5682568471141809
1650624900,0.6204048532330438
1650644400,0.830884672385825
1650664200,0.5864414952953608
1650683520,0.3809624131417835
1650697380,0.8942098781049294
1650714600,0.38295601933989964
1650738720,0.11845736655472491
1650757320,0.2669601918218043
1650775860,0.6579886306144078
1650789000,0.8007991939420268
1650809640,0.8419926530493109
1650830820,0.1394327676671739
1650841740,0.49095074871971744
1650853920,0.36602811182511397
1650875700,0.7533833162506691
1650886860,0.42962394177471647
1650905820,0.18420850456537682
1650925620,0.8443841211061934
1650946020,0.9192345231586966
1650968520,0.8768457783944107
1650986460,0.9127590050368841
1651008240,0.5339297437448995
1651028940,0.9595968876818943
1651041960,0.8302002549431728
1651060020,0.07260087300230897
1651077600,0.9243109864462898
1651102740,0.7119914492410124
1651119720,0.47472045890216574
1651143000,0.5132891104308965
1651158540,0.95054150926874
1651169520,0.15845399322162895
1651194300,0.8073802516596098
1651211640,0.4435649586723196
1651231560,0.40052514171744796
1651247280,0.3248198404968475
1651262160,0.9303645618722396
1651284900,0.3532005744198212
1651305420,0.4355285951592146
1651321080,0.3990046253801077
1651345680,0.6311058571915237
1651361820,0.7861838848233295
1651385520,0.6515155683676481
1651397580,0.767635827745641
1651416960,0.7149862562338535
1651440840,0.9544032060317482
1651456740,0.16562175557011874
1651480860,0.8570419982272373
1651495320,0.06798421927433389
1651518540,0.94663094924221
1651529460,0.46077280359186235
1651543380,0.150048069684786
1651560600,0.7078668636871078
1651574460,0.45599552091567397
1651587720,0.1306482890301967
1651609920,0.7770740762580874
1651625460,0.6382400045668486
1651642800,0.6672985254636096
1651659480,0.6075899127621559
1651684260,0.41458390135093776
1651696020,0.824784264259687
1651716240,0.26557976760549096
1651727340,0.24180705808802813
1651748580,0.010437236188978159
1651772940,0.8847114014388551
1651797300,0.003966871581208042
1651809120,0.6122007380554544
1651833360,0.2978653090050336
1651853940,0.21159260960592666
1651875720,0.0077195191634325646
1651890900,0.8239794686269928
1651909440,0.007779703916034508
1651928280,0.7505684400560374
1651944000,0.9546233060861213
1651960320,0.19150110172451662
1651976460,0.5235471083002636
1651990980,0.31187794893957665
1652009220,0.03177545523440079
1652029440,0.7639152959153086
1652043300,0.743485561825073
1652067060,0.7852247723652106
1652084340,0.03837447281591802
1652106360,0.48255699994290857
1652126640,0.8716696774314506
1652145420,0.8927646306712671
1652164140,0.6243077706508613
1652183640,0.20170885619291679
1652201880,0.6250146152966851
1652225040,0.7289108405137494
1652243580,0.5830412135939868
1652268720,0.010043009199396874
1652293200,0.8997965156029962
1652312340,0.823573086113845
1652333100,0.7880460913271268
1652355540,0.8098959760745612
1652377620,0.925668988298679
1652392200,0.3507675671924247
1652417220,0.027210367887511258
1652441400,0.870817399780842
1652463840,0.13374401995642485
1652486460,0.4480011429947085
1652508060,0.6440388957267006
1652526540,0.05385137747313088
1652550180,0.9475893180988031
1652561400,0.9549230667265848
1652578560,0.6761194430822959
1652594880,0.6670423702664968
1652615040,0.7630609363728176
1652636280,0.5985383976950687
1652651100,0.8381683449211489
1652664420,0.024678485485527646
1652688600,0.5568707450973301
1652712000,0.8200634064399088
1652735340,0.860320338831767
1652750280,0.7467574505522273
1652768340,0.597984362827645
1652781300,0.874789871481741
1652802000,0.7813732733522458
1652816940,0.6042845096183038
1652831820,0.9009383875165524
1652847480,0.8893096171073179
1652862900,0.4379923531571891
1652882520,0.9144344634440661
1652903220,0.9314948371541092
1652927460,0.8038756953445106
1652943300,0.14867981983929038
1652961960,0.8320466581965413
1652977560,0.006811631850472101
1652989560,0.8901626315225291
1653011640,0.6607743729203902
1653025440,0.832093513040971
1653038040,0.8112353853527385
1653050160,0.8668286997649335
1653061740,0.7731499363236325
1653078120,0.9244524946924324
1653099540,0.2161839026419373
1653111300,0.8722528831611464
1653124080,0.6958994471836971
1653146160,0.6781680076140115
1653169200,0.7912611089741773
1653182580,0.2929321218934387
1653199980,0.7005090595535957
1653210960,0.21452651503044265
1653228000,0.6471146423314147
1653239520,0.7820297756644281
1653253500,0.798247645194381
1653264840,0.43572995965077677
1653281340,0.8945184315086862
1653304800,0.4608369388443288
1653324540,0.6737548887421541
1653335880,0.6582898035087762
1653357480,0.7600977825286851
1653373980,0.651241726045979
1653396720,0.36472117243811353
1653420420,0.047755877352550866
1653441840,0.5230935084135564
1653465300,0.6520581722268467
1653486300,0.6546852279384028
1653501360,0.09258128354987508
1653514320,0.8931162039054258
1653525300,0.7418079356736793
1653543240,0.8591886282499955
1653567060,0.12428271648113015
1653578940,0.35962230493263153
1653599700,0.08614932804172427
1653623160,0.6766371754870519
1653648000,0.9189628402442253
1653669540,0.4404467788327436
1653690960,0.8556013847712831
1653703980,0.279302614543931
1653726360,0.22512405662383275
1653749760,0.9749258177464679
1653770040,0.05064722694064029
1653791220,0.782685490188227
1653808920,0.21067479117138183
1653829260,0.76040141504603
1653844560,0.9439281442777441
1653857160,0.5718751236680412
1653874200,0.7810212160501219
1653888780,0.8861389281575475
1653911280,0.9018337936244769
1653933180,0.5458060202068621
1653958320,0.35947653427687115
1653975660,0.22490872264436856
1653988860,0.19745922527090012
1654006860,0.9406361360409445
1654020540,0.6865648057119319
1654041180,0.9861116277638754
1654056780,0.6679382647728865
1654081920,0.9184112067069504
1654101360,0.7909679016775256
1654126200,0.7389388758237889
1654150500,0.779503790276552
1654170840,0.9820118921486352
1654184040,0.9198406068812285
1654203360,0.36106985363569805
1654214760,0.5701227013453243
1654232940,0.6058516822766206
1654249800,0.9466701935203957
1654261380,0.9832135746253893
1654281600,0.15025744584503642
1654300320,0.5465312140540813
1654318980,0.11510812098452287
1654335180,0.5120276771607541
1654355580,0.5259565852224304
1654372500,0.2604226725312195
1654393200,0.16210346123246236
1654417800,0.2866623005490484
1654438080,0.02078088708177915
1654449300,0.16734033289553235
1654464660,0.26621070314616785
1654479960,0.8577134289025702
1654493100,0.9622836370577043
1654512300,0.05305954221784037
1654527120,0.9261939244932349
1654543320,0.43283650383195876
1654567140,0.9813142887513185
1654585500,0.5564947271686279
1654598400,0.5078088129309358
1654619700,0.7863681197278055
1654632240,0.6125486727289843
1654650060,0.909595512139269
1654668660,0.8346128380810509
1654680840,0.8014370159190668
1654700700,0.00849213399868707
1654719960,0.5820186470987727
1654739520,0.8328768052033185
1654751160,0.16933241278867686
1654765560,0.6048120177208045
1654781640,0.22478973999571772
1654806780,0.7600304103308083
1654829100,0.8837994010952285
1654848240,0.7121676804942393
1654862880,0.818482487734218
1654875360,0.44963655060079966
1654889640,0.9591544668956699
1654914420,0.6631102198023214
1654928100,0.37063885316756856
1654947960,0.10887701985388733
1654959060,0.7895820678283266
1654981260,0.6970122998182857
1655000880,0.9449435156414889
1655019240,0.9063368373055021
1655032800,0.30559779498887696
1655045760,0.03912081695827265
1655067780,0.7826156596712506
1655092500,0.24145764079262305
1655104320,0.5732692896773371
1655126640,0.22653677995920557
1655139240,0.6967753491486265
1655161320,0.44414281124433286
1655181720,0.6363326367929142
1655203380,0.787475962671365
1655223600,0.5592970497660668
1655246820,0.23970656683373354
1655261940,0.8204445862637375
1655285280,0.8042437431419591
1655298360,0.39706137561371163
1655310300,0.07800422453572112
1655334060,0.01861809542337123
1655348340,0.6962485426917878
1655368620,0.0023433146052669997
1655384340,0.7862190308371084
1655402400,0.8739948385235642
1655420580,0.02078200148628317
1655433420,0.1314883174389035
1655453220,0.6047636192788814
1655469120,0.2086644668549371
1655480880,0.771702464142298
1655501100,0.1923770364161485
1655515200,0.5785794059688978
1655528220,0.9310984032692651
1655551320,0.7838663760351612
1655570700,0.6752373336244366
1655595300,0.49656972967477975
1655619360,0.4707489774584681
1655642220,0.4573035949312324
1655659260,0.04843144115455892
1655670300,0.12976717367909185
1655689320,0.016508959638143014
1655704680,0.13139229710607697
1655721780,0.6426273391105548
1655733060,0.6119278744741852
1655745720,0.46406975991641136
1655761800,0.16397177315952735
1655780940,0.5769201839413287
1655796120,0.008266462913984012
1655808180,0.420920459281091
1655828460,0.5348486714563959
1655852940,0.24446205727861006
1655876100,0.06827355825374402
1655901120,0.9418754344380404
1655917260,0.9489723448571372
1655942160,0.19194157561557243
1655958600,0.8884176050898018
1655982780,0.2340836772596042
1656007740,0.7495603347629755
1656022320,0.21953636362851686
1656045000,0.3976098891744178
1656065040,0.8782101096578832
1656080340,0.15267102002061686
1656102600,0.7039907829287997
1656119580,0.8084619753700065
1656137040,0.6987783209341238
1656153660,0.005219130280909881
1656175140,0.2399682793609862
1656187680,0.4415196087251019
1656208200,0.4909414170915123
1656219180,0.020896161135830628
1656231060,0.2921172715138778
1656243900,0.4668779229001161
1656255420,0.06986315023169737
1656277680,0.9104930439868721
1656302280,0.295508337198623
1656314520,0.9048204241855645
1656339180,0.33161859358715445
1656359880,0.4895118044154557
1656381720,0.1848831679863095
1656397980,0.055945386432467006
1656416820,0.9070437765972675
1656428100,0.9646232295840461
1656451080,0.8283980323226389
1656464580,0.6618870279642319
1656489360,0.8604716881975474
1656508920,0.592868371112274
1656531240,0.5997420883295077
1656542460,0.01320748364875024
1656563640,0.8937231591343048
1656574980,0.3289750014255484
1656586500,0.1003588251377521
1656600360,0.7908388612521502
1656615000,0.905056500242737
1656637260,0.005129815485831992
1656653160,0.46085884651923575
1656670440,0.6347089902656842
1656688260,0.771398073312674
1656703620,0.7350386384175883
1656718860,0.29317282159905583
1656733920,0.840340513762204
1656757020,0.279381280433795
1656769320,0.643457763108271
1656786720,0.9171181734877798
1656803520,0.9753892648715359
1656815100,0.767941770298771
1656838200,0.747688483091202
1656861420,0.701333600419797
1656877020,0.7223998949302592
1656888720,0.00630502479973988
1656911520,0.9397178601449178
1656932400,0.3987579985814709
1656947160,0.7436218737898865
1656963300,0.7333402313625755
1656977040,0.663362581647063
1656993960,0.9384984095731674
1657012920,0.8488477274075691
1657024560,0.13812837327457061
1657040100,0.3874316284461357
1657056240,0.23437202556660458
1657080660,0.7031583709706444
1657095600,0.2533864736756516
1657108380,0.9095569477502743
1657130700,0.21430829298666876
1657155240,0.9147657245648755
1657171320,0.3357059113722308
1657185420,0.7154547692217099
1657209180,0.0924060033862735
1657223280,0.7420771823668636
1657246620,0.7342668436572676
1657267980,0.8605394258626258
1657285440,0.5766642306083163
1657306680,0.6060609402945906
1657328700,0.3696169931426837
1657341720,0.06355727657784165
1657362240,0.7795565835896093
1657382220,0.3834245090202097
1657398660,0.5203672374476954
1657410900,0.7268006897101574
1657431000,0.1762010399283238
1657447560,0.8242770812431622
1657464840,0.9465688329962125
1657482660,0.15966907989470558
1657500960,0.9743186151041999
1657514460,0.638482653326298
1657526760,0.354591760949048
1657539660,0.8806488532629888
1657551780,0.9708886871097255
1657570800,0.6596325884689499
1657594620,0.8672491876399578
1657618020,0.012951958996245457
1657630980,0.6456930887591102
1657651680,0.943499252726151
1657675320,0.6450635485788926
1657692900,0.2743360930537654
1657708380,0.6059516728748678
1657732800,0.7272110870938835
1657754040,0.9745101528252862
1657778280,0.8190427238115798
1657795380,0.7636919774758176
1657811160,0.4890941938273516
1657829460,0.5369074247150983
1657853640,0.9232499754130419
1657868280,0.8970018971208091
1657893060,0.8832675855495163
1657908300,0.4291883526002044
1657927320,0.3288677697287392
1657940460,0.10592572834622388
1657958580,0.7561728501030923
1657981500,0.45918876550625215
1657999260,0.348347915049826
1658010300,0.8539281298683755
1658033760,0.8333563921889989
1658057940,0.46426704779990857
1658073600,0.2075309127418764
1658096460,0.6932438646026471
1658115300,0.7444533933197889
1658129940,0.5978451912798748
1658155080,0.6242887746113234
1658168940,0.7186143456213024
1658189460,0.5285438076151736
1658212860,0.8858346150789602
1658234520,0.49295204445124813
1658251920,0.49337813541648307
1658264280,0.7862030579425484
1658278380,0.33771229765950733
1658300040,0.5764388448891923
1658319120,0.5450105415723776
1658340540,0.21948131809288296
1658365560,0.45943961140709644
1658387460,0.631939772360324
1658411580,0.6235659137505571
1658423460,0.288840320045413
1658442540,0.5708744413216913
1658461740,0.8678384417419095
1658480940,0.8407846416810988
1658503740,0.16971186351183815
1658525760,0.500477903525094
1658548680,0.5590327555191115
1658564640,0.1422317714354029
1658586060,0.8286994454704777
1658597400,0.2774029418869839
1658612040,0.7796771896543611
1658630760,0.6292129906488536
1658651400,0.035580755237801076
1658663880,0.5626705445003635
1658676660,0.865139036990058
1658691780,0.9124183716094353
1658716260,0.8612982686500236
1658731800,0.6463165044529335
1658752980,0.7401738615317992
1658772000,0.9003640863596747
1658789580,0.0023018314592269957
1658801040,0.5874657725859374
1658814840,0.4901276568639704
1658829240,0.7746669422894995
1658847900,0.8110616514330967
1658858820,0.17228569276899552
1658881020,0.5970846023758297
1658904900,0.9213958101431764
1658916000,0.4566301298243995
1658933580,0.009450504789483187
1658955240,0.13434016847037814
1658974560,0.7831137832487811
1658985600,0.6977419473100172
1659003900,0.8654484573462358
1659016560,0.9307993826843141
1659040980,0.31355529216910916
1659063420,0.5063613016727999
1659080340,0.14163093115670608
1659098400,0.8226140826996658
1659120960,0.5244696874923324
1659142620,0.9088439092645768
1659161940,0.6498500007231437
1659178140,0.3344927965613718
1659199920,0.551704970070841
1659224820,0.495556279850002
1659247500,0.7589426162043851
1659262860,0.9850265885828984
1659281760,0.6120491488631673
1659301620,0.8506241966219351
1659319800,0.9323493315987395
1659339300,0.6108925512572946
1659364200,0.907450944212716
1659379080,0.5387756620250028
1659393180,0.6136829627860344
1659408360,0.9161812550939152
1659427080,0.38317388962369975
1659449160,0.8126140005537404
1659474120,0.9548308932572964
1659493860,0.90718812585425
1659517740,0.5841199527172259
1659534780,0.7129200155681018
1659556680,0.5901232422845568
1659581400,0.7012747153542691
1659600900,0.536998210624653
1659626040,0.09261871247857983
1659641760,0.18829795896719662
1659665820,0.4195105863398079
1659678180,0.6603752667322754
1659698160,0.20127824675710762
1659723300,0.3166379036674606
1659739620,0.814766955361554
1659762300,0.3726864382316619
1659785160,0.9865374218496499
1659799920,0.6932212487407189
1659821400,0.8517756328548647
1659845760,0.01713492695734927
1659861240,0.7395371965838717
1659880920,0.6269093233273477
1659894060,0.9285913439265301
1659906240,0.18130677824351146
1659926820,0.6893857559622
1659942540,0.9784860005031066
1659956940,0.41521164930665827
1659970560,0.25652647516486193
1659993120,0.1728926508690627
1660006740,0.939181522233684
1660030200,0.9564137872395351
1660045620,0.012537404203513312
1660066020,0.8959288771324032
1660077780,0.21049868713162037
1660095240,0.42198209583052726
1660116240,0.7786787120487613
1660140120,0.0625528952497266
1660159320,0.8489430541567218
1660176300,0.07962781885648708
1660187100,0.16671583009793609
1660200120,0.7490133610327206
1660214100,0.33783120748834494
1660234860,0.8164100675029802
1660253460,0.5480832322192954
1660278180,0.8291174367227166
1660295160,0.1273598268212716
1660319580,0.941953910709569
1660336680,0.2687009836525005
1660360140,0.024126817740307213
1660373040,0.6836715522290965
1660390500,0.21716643180271955
1660412700,0.01573873158492956
1660430880,0.014547979317198423
1660445340,0.7639029144542278
1660465920,0.8108332894829131
1660481160,0.5169919482025362
1660500120,0.5958760773053625
1660521000,0.17264295312737507
1660545900,0.8142773508518156
1660560180,0.8015574968295942
1660581360,0.5906547365744617
1660601220,0.04969730264409329
1660624980,0.11057335512408711
1660644300,0.8910542105192847
1660664460,0.8096642541404565
1660687020,0.67891531736042
1660698780,0.5543826552844657
1660712760,0.41805981546890403
1660724760,0.5272988448315514
1660747560,0.7208925414921057
1660762080,0.2271239141630159
1660784640,0.455592884076416
1660804500,0.5440056210608428
1660829160,0.007513995584166605
1660853520,0.819317830232996
1660878660,0.367595647669256
1660903140,0.6994418865544832
1660923120,0.5465661956787506
1660943040,0.9419996789321676
1660963140,0.8540469848197697
1660978020,0.739363941249904
1660997880,0.5868115894544597
1661019240,0.6570443020591915
1661033760,0.47800591625258726
1661046900,0.9621713442145132
1661065680,0.8295241055389568
1661080680,0.1681328503308382
1661099040,0.2974132529181352
1661120640,0.798022393497877
1661145780,0.7508083462694856
1661168340,0.7776713945571005
1661193000,0.09347796636067623
1661204100,0.6970632325497991
1661215620,0.8589924393748726
1661236380,0.04304792442393981
1661259720,0.38769034983448836
1661275620,0.1340348032568725
1661295660,0.20120806074308212
1661310300,0.8216868910860328
1661330280,0.05280276718558575
1661341200,0.3093594434712489
1661358840,0.06728715220451921
1661373900,0.14443089451761726
1661398320,0.8711899477229279
1661419140,0.7509273226254547
1661441820,0.748661590749404
1661463300,0.33987377394098117
1661476260,0.7737684696673952
1661498760,0.8490553106839864
1661514840,0.86211518272196
1661536680,0.9825059215815847
1661551320,0.9487746824251474
1661563140,0.09960133807742155
1661577300,0.9385656507324444
1661600820,0.9844069048229888
1661614740,0.33779757809046856
1661637240,0.7337142643835314
1661658300,0.8511258168411383
1661677680,0.8776114776003994
1661694120,0.7286232098436645
1661713020,0.8195258133524826
1661727600,0.9182532609923635
1661742060,0.6425382603454058
1661757840,0.09434717499229031
1661777400,0.5957439392560533
1661801160,0.8871314746000155
1661812680,0.42102109358962736
1661825700,0.8588574435193075
1661849460,0.9162552991788567
1661873580,0.3559672977117149
1661888640,0.40069159190485604
1661908620,0.23020549072685592
1661927400,0.6176410635073384
1661945520,0.6705946826703265
1661958780,0.5245253247188438
1661969700,0.13333340886558773
1661981220,0.6032486522389638
1662004740,0.6921346263592505
1662029040,0.12616890508976722
1662049320,0.1186013179670107
1662069180,0.21629465341849724
1662088140,0.07147778608973171
1662105540,0.5986161846727923
1662125700,0.4430148766167812
1662142500,0.880241248983149
1662153720,0.9093728579474938
1662164880,0.3057057362493141
1662178500,0.8422781927673779
1662201240,0.7935530135977767
1662217200,0.636713594639964
1662229560,0.5064526978756857
1662244800,0.4906729194217681
1662267240,0.6882915921027721
1662284820,0.6619367048575374
1662304080,0.8943812081006227
1662317220,0.36828280685055603
1662340920,0.6851791001358041
1662352740,0.16783198219002485
1662377100,0.7659613721118659
1662400320,0.9598811690630542
1662420060,0.037800807535439324
1662433200,0.453321350897117
1662454140,0.8991943222849339
1662475260,0.008945687318245415
1662489420,0.9152640990518643
1662506400,0.8422485252144893
1662518760,0.30182024278080877
1662541680,0.888160527959722
1662563760,0.6141524516739159
1662588660,0.2097969535594599
1662612840,0.3936761934784967
1662636480,0.6927405009412482
1662650580,0.8013039357751961
1662665100,0.8788442249596584
1662688860,0.0030902010695388832
1662702420,0.8493356754395006
1662719640,0.7589365686576052
1662741300,0.32767710377558085
1662761040,0.11540177587471598
1662775140,0.375776321723186
1662799440,0.666948608322574
1662814260,0.5008492824086656
1662838860,0.7435144452941774
1662854340,0.8248360900036164
1662877620,0.6662459962433886
1662896040,0.7895257658081944
1662919500,0.8155589707232295
1662934980,0.8483509691676807
1662956460,0.21577688351344768
1662979800,0.9433465481332215
1663003320,0.8989086900597055
1663015560,0.0749999682838785
1663038840,0.7878850944090183
1663053600,0.37098305721268166
1663068420,0.9049726341667542
1663089360,0.059840530830710954
1663108980,0.8855095874725435
1663133520,0.771871156217329
1663145100,0.46913231422502344
1663167240,0.9137318728778878
1663181100,0.16143451113105656
1663192620,0.966047689056554
1663217820,0.832537298620065
1663235460,0.8241920401133863
1663248960,0.5869609775935533
1663271280,0.314722131326274
1663288260,0.6363524905151615
1663305060,0.46959015320675923
1663318980,0.5105942640203882
1663330260,0.9257436424252714
1663344600,0.9719282989485573
1663357080,0.021905580568856334
1663374180,0.834303417364757
1663393320,0.47873573474852193
1663405500,0.3665778690702478
1663427640,0.8920306754143884
1663451040,0.022611599831511404
1663465200,0.5239833390697362
1663489560,0.7090023345127605
1663502640,0.9308776468295921
1663522200,0.09478540492735767
1663540020,0.5909374466504566
1663562760,0.7497869860969464
1663580820,0.9166056612853286
1663597800,0.9515756191556594
1663620420,0.5554426718398312
1663633680,0.823979792987378
1663657560,0.97532647548727
1663679340,0.700578260841186
1663698900,0.8547246317228309
1663716420,0.652893641171505
1663729200,0.1995030642757332
1663746300,0.015454446626494919
1663767600,0.30344482513804943
1663785000,0.3310502111217032
1663799520,0.3275680489263523
1663820820,0.3832218750514458
1663840020,0.3942605274292303
1663853100,0.6259705731222142
1663871100,0.348555868183918
1663892340,0.808803991106196
1663915320,0.4339688890355462
1663929420,0.015499684871798418
1663941780,0.6784675938931104
1663966980,0.853322553059401
1663980780,0.3888305602312571
1664003340,0.6634268372911886
1664023320,0.5044411972085977
1664042700,0.7411146019943605
1664054820,0.9358595063651567
1664067300,0.8485669472649857
1664088300,0.29703273450271145
1664102280,0.8764056770341677
1664116200,0.5853702851541571
1664133780,0.33461981878678293
1664150520,0.2734866614992974
1664172240,0.6180671068907964
1664196120,0.8135718262214663
1664214120,0.18854770034393498
1664237160,0.5689662490695089
1664261640,0.13656822701719587
1664284080,0.7494548377859401
1664303400,0.4298499735190965
1664317680,0.9168194341263209
1664332440,0.7791172074211683
1664354640,0.8916665901087921
1664368560,0.9055601747621181
1664381520,0.9497114628062983
1664393280,0.6063958930045827
1664417280,0.8650791728479563
1664440560,0.7676553192386453
1664462160,0.9317533269571936
1664486580,0.1941490194315269
1664497860,0.7144775709806754
1664521500,0.7524873298805222
1664536200,0.21792788694342718
1664560680,0.7748662314734837
1664577480,0.9467697826323359
1664601120,0.4419784932760714
1664619480,0.630665876570728
1664636400,0.040105110665620405
1664653260,0.8443236920526549
1664676780,0.7559163242012908
1664696700,0.19872532612969437
1664710140,0.779787454737753
1664735220,0.6476499905821143
1664757960,0.47580458001979414
1664771760,0.07321867839620293
1664787720,0.00561492175331812
1664804880,0.5129964770279504
1664826660,0.025238832308822262
1664838180,0.9341239929403308
1664851080,0.5049759238507874
1664863680,0.06621070830525724
1664874900,0.06774126596526486
1664899860,0.5808716458985526
1664912940,0.7763014364999223
1664926380,0.42040328770929525
1664950740,0.5924415864315273
1664965920,0.3953111236869408
1664981280,0.23045449021895859
1665003240,0.8970541087674538
1665026340,0.9607179371822236
1665047940,0.9065758999390372
1665064620,0.4370269476638462
1665078360,0.5985334049637457
1665102240,0.9576790151518262
1665118200,0.17906242464583133
1665137100,0.012164105126463275
1665151620,0.7744426044033976
1665166740,0.824366703527516
1665179280,0.7592692520360439
1665193620,0.1952692101372675
1665209520,0.48233419799773347
1665230340,0.5346659187314647
1665251820,0.17308489452009906
1665264120,0.7467641319835567
1665282660,0.6552963795678881
1665295740,0.8097567517199622
1665314820,0.7114008082125014
1665338220,0.9613095120023318
1665356160,0.6527425419779862
1665375540,0.7790857327731056
1665396060,0.22740282500298786
1665412560,0.3060245316816316
1665431940,0.8033989743138774
1665443640,0.06055535202090892
1665456720,0.8160013098785164
1665472920,0.9086353848962212
1665485220,0.7979849262118386
1665497880,0.7610058098305872
1665513780,0.9102964430240558
1665530340,0.3172064124601739
1665551940,0.13713226124618644
1665569280,0.023153621921823707
1665592320,0.8870909256435615
1665610260,0.6768726819684409
1665629100,0.7452362786878554
1665642360,0.0699020996352288
1665666360,0.522838930224326
1665688620,0.4876569030592972
1665709560,0.7717501266758577
1665732840,0.03121628274730335
1665753360,0.14609394652993737
1665773820,0.7833540635588049
1665797700,0.9411094700300482
1665822060,0.014291587954632767
1665837240,0.8667691822022078
1665852840,0.1539782385925008
1665871260,0.5140072219301345
1665885840,0.7311487828033952
1665907800,0.5042077577149917
1665928320,0.67448611034954
1665947640,0.3432896483717569
1665968220,0.20982314961460102
1665985200,0.8518657221276762
1666004460,0.7939920848473089
1666027680,0.1361028390068664
1666042200,0.12559794181291994
1666054680,0.12755400597679914
1666076940,0.8048967139958025
1666092300,0.8376396914012256
1666113120,0.6321114054378707
1666123920,0.8783518299808473
1666141740,0.5574778048698938
1666161420,0.21216717838019172
1666180740,0.855192065578225
1666200720,0.5640733419895735
1666216020,0.14374348089263778
1666232760,0.5197770587378372
1666249500,0.5931209409535322
1666272300,0.06636703856177209
1666288380,0.5223550769162808
1666301340,0.827904592091711
1666317540,0.6593899722420535
1666335840,0.6957987031152759
1666348980,0.7781426775400531
1666369080,0.23834087285893213
1666390380,0.4863241200074894
1666408860,0.826300437917264
1666423260,0.49486700824532437
1666441080,0.4481534702632829
1666453380,0.2949008279390431
1666478220,0.734304365699245
1666501260,0.3342853404143239
1666525860,0.8272113369499547
1666537620,0.7083250225506825
1666556100,0.9006221602391437
1666572420,0.2302611220701273
1666584840,0.7285442350685569
1666601700,0.5505141126083646
1666621200,0.6009998190058425
1666634580,0.49629038267473746
1666648980,0.6746550402250187
1666673400,0.6579772877022512
1666696860,0.037243042231370406
1666718820,0.936093821386965
1666729920,0.9262144048073964
1666749720,0.2739737470904344
1666761060,0.0061738341308183375
1666776240,0.725346108463389
1666787940,0.058395876158973785
1666804680,0.8517426947402654
1666819020,0.7206971553982615
1666838760,0.3778886931186138
1666852200,0.8760290526823153
1666866060,0.8185991788430211
1666884060,0.6686390064944314
1666895280,0.022951106071311025
1666908000,0.6174021679161007
1666931700,0.7166787046811515
1666943100,0.8238305817635833
1666965840,0.05068990856569469
1666983540,0.7770883879544549
1667007960,0.42566107922303165
1667025900,0.40622779169274825
1667037840,0.6181619458058338
1667051940,0.5617541320858704
1667068020,0.7380441672344598
1667091120,0.0974320417590683
1667104980,0.9103450903543655
1667117340,0.18883643868161473
1667130300,0.5315171006252145
1667149260,0.6576389024301279
1667168580,0.8752751862008198
1667187360,0.5634434441476421
1667204820,0.8867246712272778
1667221380,0.8836368638551784
1667236980,0.29306566119932254
1667262120,0.6977948122804819
1667280480,0.9692822580599257
1667298120,0.6598929180870039
1667316300,0.032041481096868434
1667339460,0.6826416376796317
1667350860,0.6767951855732599
1667368680,0.8872555198885343
1667380680,0.8919727862229216
1667394300,0.9279893543424972
1667411460,0.8520087721001579
1667432520,0.4294848730703854
1667454120,0.3597237105606269
1667474400,0.8898746433320494
1667497620,0.10176362443598234
1667509200,0.3099207249340915
1667526120,0.7411088429674217
1667546640,0.8471230111031987
1667557680,0.8923620079276929
1667581740,0.8864008014099013
1667601900,0.94595995356966
1667613120,0.6942203992936855
1667628000,0.3460012887929483
1667644200,0.9680680034881672
1667664000,0.1464726019828367
1667679480,0.021176225881858683
1667697660,0.895521734194941
1667721060,0.9532727163848618
1667735880,0.8266180658506822
1667749020,0.9722223499314558
1667769180,0.6663888960934831
1667781420,0.7815778870041183
1667794740,0.7167445501120375
1667818260,0.32542448973281557
1667840700,0.7182494522341255
1667851920,0.7029937208772163
1667863200,0.8042424819465046
1667883060,0.1168105267433809
1667894340,0.01006570455732281
1667917080,0.18380856481620197
1667932800,0.875253758067319
1667957880,0.5784863917549964
1667980920,0.2797243129671867
1668001920,0.47583341849478034
1668025800,0.5705590813594098
1668048480,0.15536276016447448
1668073320,0.675968231000857
1668092580,0.7603328956976165
1668109620,0.9244703789289808
1668127800,0.7508333154419362
1668152640,0.7741700633157562
1668167280,0.49949877864238323
1668183900,0.2969662621272795
1668198180,0.8775689793898787
1668216840,0.9110381429575369
1668233460,0.7416245525363516
1668247260,0.4052217026626501
1668271140,0.8697343960240272
1668291600,0.3190883567508981
1668314580,0.631125294966583
1668329400,0.6978719741156738
1668343800,0.8872007959609364
1668368040,0.7323122726428372
1668382440,0.35239843449200725
1668398160,0.6212217179008768
1668417480,0.6456911580776153
1668442260,0.48959680551542817
1668466260,0.7461472209455231
1668485520,0.5387106749151757
1668498540,0.07094252180716325
1668515160,0.1150465054902778
1668535740,0.9270439997297888
1668556500,0.7561319069749513
1668574560,0.4581638602335061
1668588900,0.8367563691411039
1668609660,0.03925699601123949
1668627960,0.6665216471438749
1668648960,0.24485234758605298
1668666600,0.7556269099046694
1668681960,0.8686728915778882
1668696540,0.6639994386982584
1668716700,0.8545949073784634
1668727920,0.7300118998920861
1668740880,0.808862753613884
1668753720,0.8795995940625092
1668769260,0.9225749398001609
1668792360,0.38703314914461523
1668809280,0.8366408504184872
1668820320,0.8251107785544213
1668836280,0.8442182056472083
1668852180,0.7110387434811628
1668869400,0.9186257686881432
1668883320,0.6092281232030213
1668895380,0.018124931223509274
1668907560,0.7014279059838402
1668925860,0.888284015696192
1668944400,0.4706135926672973
1668958440,0.6518029156099111
1668982740,0.8779033416670667
1669004340,0.9779004609903443
1669021800,0.9252092587782041
1669034340,0.005426987704129577
1669057200,0.8038196042734149
1669072020,0.6748904888429355
1669085400,0.9243264400195773
1669108560,0.7579436158998952
1669129740,0.6350801148660958
1669140840,0.016243018605893503
1669161900,0.6570596744137898
1669175340,0.07623492461223541
1669195980,0.24856138478027062
1669218120,0.9882511039942548
1669234080,0.5769527502182159
1669245540,0.6868949316439135
1669268280,0.4287836996876869
1669286460,0.6040874184748072
1669300080,0.4965920314626127
1669318260,0.6393765924004032
1669342500,0.7025253929591067
1669365600,0.10545278511670142
1669388460,0.7842405519351467
1669408920,0.8526672383898123
1669419780,0.5082536976312583
1669441980,0.2870721905163316
1669461660,0.7697492417473366
1669473480,0.7425904904587961
1669491300,0.7805618920789742
1669504620,0.9067132102793849
1669524240,0.7771566614485806
1669544100,0.09977173021449437
1669562760,0.2746806390954193
1669586040,0.8830295169184407
1669610880,0.9057343611897668
1669627560,0.8788515475317649
1669652220,0.622978459392824
1669675620,0.6428748926681958
1669691100,0.6602332107277099
1669713900,0.8319394667530742
1669737000,0.832235482579069
1669751880,0.7102733781456151
1669768320,0.6399687616433014
1669788000,0.8944450501347088
1669806540,0.5967976937774659
1669831740,0.8628579276108047
1669852860,0.8978417662469815
1669869780,0.9074196081357451
1669884840,0.06950288251850065
1669905000,0.7606355894027417
1669922460,0.5592545032189967
1669935660,0.0667980548231657
1669950060,0.791144536599844
1669974780,0.8296052365496905
1669997160,0.7241567422284529
1670019960,0.3483284149098633
1670031120,0.7340931291474203
1670055660,0.46318597122243327
1670079060,0.6250737914765395
1670099340,0.5267163440059207
1670122920,0.29526863886038107
1670134020,0.19737858439298722
1670146440,0.9224562965142105
1670167740,0.01275327679670037
1670191440,0.15443759907847146
1670214780,0.650551332091849
1670228280,0.7525957695873311
1670250600,0.746324005992496
1670271420,0.4878863499601355
1670283000,0.7380197807083574
1670294700,0.8140617721311045
1670311080,0.20142742975228872
1670326200,0.14522103684274335
1670339280,0.33640187044907727
1670358900,0.5789919590503347
1670377800,0.8188575321537718
1670391660,0.7444381287391963
1670412180,0.7412591131432182
1670434560,0.8573061782256208
1670448180,0.9223962554568942
1670461380,0.4457095442857321
1670472900,0.5433164895502957
1670488140,0.7705143110352892
1670511300,0.9535896296535461
1670528220,0.0191283767819714
1670542980,0.4074208928042135
1670565120,0.13345811225201712
1670582880,0.3652135938408641
1670606220,0.9346498132579821
1670627880,0.6730640516455588
1670649300,0.8582490674623684
1670667540,0.9052552389930868
1670681280,0.838792989772212
1670705760,0.27954620937980096
1670724360,0.19130183513208923
1670743680,0.9451711544275851
1670755860,0.08171810876176838
1670771700,0.07376602111860125
1670785740,0.707708084817032
1670805540,0.6855195037352885
1670824140,0.5800587222996222
1670841420,0.8749634385074894
1670857500,0.9188879164949749
1670868660,0.6857721396340779
1670887680,0.9079258479167669
1670912820,0.25563195998524174
1670933040,0.7322343509870681
1670949360,0.48770737085249866
1670967240,0.8678079608637866
1670984760,0.030219691849530807
1671002880,0.9198375166388968
1671025500,0.4952877470588383
1671044520,0.9049441910612293
1671065820,0.7214392408188584
1671081180,0.25619367114341224
1671099960,0.9117532581105062
1671111600,0.8131150786997092
1671125400,0.9849187883681951
1671148080,0.7640113084597228
1671164700,0.7059371189092729
1671179460,0.7604968358199264
1671200280,0.8345402403164341
1671223680,0.7655657856391859
1671237120,0.9898660627124921
1671257640,0.6043662262296647
1671278700,0.936966022982001
1671303420,0.15081930558671894
1671315900,0.4589629156827013
1671331920,0.2735352079951476
1671348600,0.0025313691928811766
1671364560,0.7908563948612675
1671378360,0.9282410251067595
1671399420,0.9304088478775948
1671421080,0.16347880969447093
1671439740,0.515443074225101
1671450660,0.9366121918218041
1671475860,0.397487231715704
1671494700,0.6072320054112188
1671511800,0.8334308643920262
1671527940,0.9686222032565844
1671551160,0.8878154496869088
1671563340,0.4341763185502528
1671578040,0.4923192505901911
1671597780,0.909590790252325
1671613020,0.4188632655737467
1671637140,0.4313092889204332
1671656940,0.0034667317816257223
1671670020,0.4548271909050072
1671689400,0.7543943822167805
1671703920,0.3155372051989297
1671718500,0.3999469713180885
1671731760,0.6846897984214584
1671743460,0.9167214761287605
1671761400,0.5456940854031288
1671773100,0.5955239936698329
1671793200,0.7815513009011508
1671809460,0.7417395123205356
1671833040,0.6458091034714093
1671849240,0.30890345090249116
1671864480,0.9612748798605191
1671881880,0.3498782820659265
1671897840,0.2608881222270557
1671915660,0.3457451177013721
1671936720,0.17251195084064672
1671952620,0.3672521319803048
1671972780,0.4994277956478399
1671986580,0.23760297332659938
1672003740,0.8918392827589384
1672018080,0.043801246255029784
1672028940,0.960862992200448
1672047360,0.8233345643427483
1672068240,0.2676250210196834
1672091880,0.9335242878517664
1672116660,0.7904795867257208
1672138620,0.22844254590336655
1672153920,0.8685472478113
1672166880,0.6006621584495324
1672182600,0.18750305514911553
1672207320,0.16843141953520666
1672221780,0.9804371310386448
1672239120,0.4353639790636372
1672263120,0.5311558330924687
1672285320,0.278231580844368
1672307160,0.8787797835256681
1672326360,0.6696656140678614
1672347720,0.32502700301444803
1672360620,0.7426444489595652
1672381680,0.6933354694794343
1672392780,0.23801746813910304
1672414620,0.958764616397213
1672431540,0.012508986348289796
1672456260,0.03321472539977864
1672468200,0.13218954333173635
1672484580,0.9491350103393061
1672502640,0.14990215723191289
1672526220,0.3443608521315445
1672546140,0.31584308368664993
1672569420,0.6258934150366962
1672588860,0.3382203747749279
1672606500,0.009253320767310056
1672626180,0.0029322051863185893
1672648320,0.145506623051587
1672667220,0.7014994844220335
1672689480,0.7102945619107531
1672704360,0.9009505881218312
1672725540,0.9321856337701467
1672740120,0.008543519003704876
1672759320,0.8740811412319486
1672774320,0.21122385080634412
1672795020,0.7847914006908003
1672812000,0.2216575575274891
1672835760,0.9014751261843477
1672849200,0.015181851619073638
1672863180,0.9265821717512476
1672874700,0.2621663775975416
1672885980,0.409166862506901
1672905600,0.17456592995552583
1672927380,0.8223299614905215
1672947540,0.8241481010020354
1672960620,0.9672472741390417
1672983480,0.07120197567249556
1673005800,0.788097048517537
1673021220,0.7604415488414521
1673038500,0.572050077014138
1673057880,0.7135210003172048
1673083080,0.7491404893280734
1673103180,0.01585587819984792
1673124060,0.9036422229350671
1673135280,0.06447490910793754
1673151000,0.5524204343849649
1673165160,0.3349697693892982
1673178180,0.6362097467494834
1673195520,0.24697968299795364
1673206980,0.6867583095397655
1673230620,0.6393999579417762
1673242620,0.498875595881045
1673258880,0.7247333694661061
1673276400,0.5085958035716923
1673295300,0.18140251768882987
1673317080,0.1533262802794579
1673329200,0.6946090698082571
1673341740,0.9369062664889065
1673363880,0.9944780590736374
1673375640,0.010003208488998938
1673394540,0.17481213267015475
1673414220,0.601774301726853
1673435820,0.816101089892164
1673455560,0.6097874775735709
1673467200,0.49011727092340507
1673486340,0.501240909303543
1673506140,0.24205999519943341
1673525880,0.8652061286821413
1673537700,0.7003567577163615
1673557140,0.9166298609471403
1673570400,0.07723773217162107
1673585160,0.45995896787222157
1673609580,0.7183829555293137
1673633280,0.0041164275665698784
1673648700,0.8215611497084144
1673671020,0.6948236227834995
1673692020,0.7811914963607581
1673709480,0.4465454521652517
1673725200,0.35691799179612094
1673736720,0.6442548763991484
1673750580,0.760446716338674
1673771460,0.9237463406798199
1673788860,0.8360862125312382
1673802840,0.1465975748275842
1673822460,0.09914599729325066
1673844240,0.776591890530256
1673869200,0.603317896733141
1673880180,0.010594559667683722
1673899800,0.033601354285346205
1673922480,0.3568410299348658
1673935500,0.5009967418589657
1673949120,0.8152906665095199
1673959920,0.8789374267052872
1673985060,0.07530223885961176
1674003780,0.5775095229679797
1674020340,0.30796734673344317
1674032520,0.8932300269543477
1674049680,0.48633102059617217
1674065520,0.7865440914455597
1674077580,0.9204328052108784
1674089640,0.9488638542234648
1674112140,0.22608665608830597
1674123720,0.614341135804748
1674143940,0.8592024298570893
1674166680,0.850614713457131
1674185820,0.5770867690528259
1674205320,0.16842125964036675
1674222420,0.9847141591989174
1674242520,0.9009204581665858
1674263160,0.6115931881828182
1674287700,0.17794025983225853
1674311520,0.015015401673308467
1674331440,0.9008895973947108
1674342540,0.8272007723080277
1674361500,0.7603111638859565
1674386460,0.6808817137891716
1674398640,0.7203194839792477
1674420780,0.5434935174771585
1674445680,0.7697388559438958
1674465960,0.811983261996753
1674489000,0.9306240379823292
1674509100,0.14470293536366838
1674526680,0.9164710653955175
1674550320,0.49838358729168764
1674561540,0.6329456456411051
1674581580,0.1580711068057057
1674605820,0.49339203357552064
1674629640,0.8936774428187265
1674651660,0.27180469736290214
1674667800,0.6591478097757197
1674683820,0.9341378195002882
1674697440,0.8740565387741562
1674710040,0.9274361329775698
1674730260,0.47401588116779064
1674747960,0.8923552073408162
1674770040,0.9879454092391852
1674791340,0.6014142508099187
1674810600,0.04558498193536587
1674834480,0.18737752860114784
1674849060,0.6123383872765664
1674869160,0.6096621522724983
1674884340,0.02127065831838458
1674907680,0.22292185344966106
1674922020,0.5871261006060042
1674943860,0.26531520191279856
1674968400,0.19304717698800009
1674988380,0.5000608562637945
1674999300,0.460161922074695
1675020960,0.37013391197474854
1675039500,0.42063026998931674
1675052400,0.2810501159551767
1675073160,0.9558955663242695
1675089060,0.5892445512939506
1675112340,0.4818121305054029
1675132020,0.6422990136941036
1675145040,0.4077001207547649
1675159260,0.5130475738574775
1675170240,0.04316811386950401
1675185300,0.7187081615453595
1675197180,0.7493645197654544
1675208700,0.8775606668478636
1675230720,0.8334375214058605
1675241580,0.6253978787668243
1675256340,0.6557533911399356
1675268220,0.8545815706627188
1675279860,0.7043157835608803
1675294740,0.6064840164179539
1675307340,0.7065624576545294
1675328520,0.6764677535684452
1675349460,0.8037717339873407
1675369140,0.629537635443133
1675388520,0.9583830156798301
1675410660,0.7227460731806936
1675423380,0.16410568596074734
1675445940,0.6592196161510078
1675465080,0.8920002735497229
1675484880,0.2633289142360604
1675505460,0.5648791140626989
1675529520,0.37655871199732244
1675541640,0.37018257271261956
1675553640,0.5747428881930783
1675576020,0.7399677880886156
1675595340,0.8172235076852254
1675608960,0.7846270301465958
1675626840,0.3024938771208161
1675639260,0.9061091877461842
1675659420,0.813348043981279
1675682820,0.11137420184272183
1675693800,0.47926270559669515
1675711380,0.5941771124504056
1675729920,0.8242220349133155
1675742580,0.7635288670416478
1675767420,0.1379196376549478
1675788720,0.11373556885131053
1675809300,0.5732458554629635
1675823340,0.8175748490829211
1675846560,0.33198899736106247
1675865520,0.6849128872994124
1675878360,0.9173176352687065
1675890720,0.09829895287282982
1675903320,0.9826970153043468
1675924740,0.3029792104173858
1675936080,0.8700080925190237
1675956600,0.5008743296570604
1675976340,0.4078254010902754
1675992180,0.7582793387305367
1676012820,0.11104494679059124
1676024880,0.5421496275785109
1676039820,0.5255250217889555
1676060940,0.3229575283587394
1676076300,0.9265701037520248
1676098020,0.9428232047604389
1676121960,0.5183209176299096
1676140560,0.5181703690062766
1676163120,0.8063988772285021
1676175000,0.5653145815711171
1676185980,0.8010300113167672
1676197740,0.5933191130005998
1676210100,0.21051970280743643
1676221500,0.217536058897353
1676237460,0.2600182736361921
1676248440,0.5463880569143931
1676270940,0.8949465319745721
1676281920,0.5270357544853009
1676293740,0.8751500700861397
1676310060,0.6026009734291301
1676325360,0.004226730838664941
1676344380,0.4450522402282939
1676366700,0.7595867373025189
1676385960,0.8606421249155971
1676406480,0.9259887362121947
1676424300,0.8617213432315791
1676445960,0.07640969620608729
1676464140,0.7716712784478466
1676479860,0.8945723767019979
1676491500,0.943121820614548
1676507220,0.7394746143424091
1676532120,0.866170768646582
1676546040,0.05135235331660909
1676569920,0.8176233405126783
1676581140,0.8539742616347983
1676598840,0.4775043694268808
1676618040,0.36203774406843586
1676640420,0.20673566619505893
1676653440,0.8192117529906833
1676673840,0.07350197435975164
1676697360,0.4594780367067019
1676711340,0.5038492299353033
1676723400,0.0934768632122959
1676737200,0.347435945950703
1676756820,0.13581075262684167
1676771940,0.39294746196675134
1676788740,0.8283063505704323
1676801160,0.8901376832308266
1676812740,0.8073074136303068
1676830260,0.7487613040140704
1676850120,0.009649563219683945
1676873340,0.4959478727917443
1676885160,0.8892581774720003
1676897340,0.4548982617778383
1676914860,0.8255404557631618
1676935920,0.2466128989895754
1676947260,0.9456874092461212
1676958600,0.2330344278470693
1676974200,0.6338143819440408
1676988720,0.741187583826382
1677003840,0.6526348267114406
1677020040,0.8799790687532278
1677042660,0.8668421572728141
1677060420,0.8410669151486121
1677071580,0.6522432002534654
1677093360,0.6076870824547737
1677110880,0.646525595777812
1677130200,0.7969778898954311
1677146880,0.7944742141858757
1677158940,0.9650388828152414
1677173940,0.8035587158374343
1677197760,0.9015487815800133
1677210960,0.708248261342675
1677234000,0.6673039469277673
1677248220,0.1606606912686203
1677266580,0.18776791584098226
1677286080,0.6986543240579808
1677300900,0.5304880274005236
1677324780,0.7726756686993581
1677349260,0.6711685495640864
1677373920,0.11153574807051501
1677390420,0.8450776251076464
1677410640,0.8760017241750804
1677422280,0.8158668326494802
1677439920,0.8722745132518162
1677455160,0.377603484140962
1677479880,0.8757465930186836
1677501660,0.6155893535164839
1677521460,0.8670031224480139
1677537780,0.9501678916788269
1677558120,0.27825538936148386
1677575220,0.2999910437293757
1677587220,0.14020494906198339
1677601080,0.9759931877108151
1677623760,0.25747558582706814
1677647820,0.9165862366337878
1677672720,0.3477751986365004
1677693540,0.5916463679944781
1677714780,0.7968902728091133
1677732420,0.9114624884794722
1677753840,0.5882191415753887
1677771960,0.6368619845983504
1677796740,0.7498720976617189
1677808380,0.07357521471528339
1677828540,0.7095766125493602
1677846360,0.8594683885565451
1677861240,0.8657185250576817
1677885540,0.6182242422722335
1677910140,0.7293046226450016
1677930120,0.1504345847648163
1677954120,0.3825788944284744
1677975240,0.2958669913509445
1677988740,0.155147884719381
1678004760,0.8995164266282474
1678024320,0.6760407290798908
1678042020,0.39302805693306886
1678065660,0.32364848588126627
1678086780,0.6916503045915613
1678105020,0.9627817406791004
1678129080,0.11431814345631489
1678143960,0.9897541134069203
1678156920,0.9358202085499004
1678170000,0.8067276024965364
1678190640,0.7779538962816034
1678206300,0.9407626282475325
1678225620,0.6560613365412249
1678242120,0.06885787198196536
1678255680,0.9295320170984638
1678275840,0.29412408054999056
1678294140,0.8132887603981509
1678307400,0.6088390858510513
1678326960,0.012836951567705871
1678350600,0.36457055153427487
1678364640,0.7841422465685243
1678375620,0.3810934243581147
1678395780,0.19752782053403883
1678420020,0.19407080922137177
1678440900,0.8396354756025153
1678454460,0.34749502393944137
1678476480,0.7591746485114476
1678498200,0.940551913530271
1678521360,0.04746337695288942
1678538820,0.9800368203957189
1678560240,0.5796318359379982
1678581600,0.7928324678473562
1678594440,0.6376638228674723
1678605780,0.4439029253662622
1678622280,0.8007281435120562
1678641360,0.9132296885136669
1678653420,0.10762896941003157
1678676580,0.1715707688653684
1678697460,0.3815117650937273
1678712880,0.6946963866560213
1678728360,0.7012095088553688
1678748040,0.731249217781599
1678761960,0.5522018721860051
1678786020,0.744721589250966
1678806360,0.678854119423288
1678827120,0.9931723850211227
1678838280,0.747601195480932
1678863300,0.08993518831319885
1678880220,0.83535986084484
1678898100,0.7268329934432987
1678922640,0.16140334703366518
1678946340,0.0018971068542055739
1678970340,0.8053775517261165
1678990380,0.6898933750304928
1679014080,0.7358201554513248
1679029980,0.4944985084557446
1679046480,0.8644780803220653
1679063400,0.2920307125227246
1679075460,0.2648358276083158
1679097000,0.47763856798274057
1679115420,0.7427343360283397
1679127900,0.7405636695836304
1679141820,0.787933597645203
1679162640,0.21013477247232606
1679186520,0.7265666425571836
1679205240,0.8464422342789627
1679228760,0.4206989153084518
1679245920,0.12234845960908643
1679259120,0.7930050562269091
1679271300,0.8746804949947564
1679289540,0.5974208890385662
1679310300,0.8037793374508542
1679322120,0.07695797674305324
1679333580,0.10394386704698455
1679347020,0.3166712869479168
1679367120,0.5938923346848171
1679379000,0.9003241445755037
1679390460,0.451619060454521
1679415000,0.4153668525494336
1679440020,0.502708712809063
1679463720,0.8835119975888127
1679482080,0.3996757179284095
1679503080,0.8854901494730302
1679519100,0.8948303282338153
1679533020,0.9099083753092941
1679546100,0.9069215137864663
1679569560,0.37549854265079396
1679594100,0.7488373720062224
1679613840,0.2693166727061538
1679627520,0.28960595544560397
1679645100,0.766425051614374
1679666160,0.3587797596848985
1679680740,0.4824770763779057
1679698920,0.10818571502574846
1679715180,0.44681444080303906
1679728260,0.6040098352732922
1679747460,0.10491258181079616
1679760300,0.3782249719132533
1679775120,0.82668313681141
1679788680,0.5471894332404454
1679804280,0.20749219062504248
1679816040,0.49430474452419626
1679831100,0.9471154030553726
1679854680,0.2444990214497757
1679869140,0.033547649800727185
1679888820,0.06302901059579474
1679906760,0.9361160921676107
1679921520,0.7880875802962959
1679941920,0.7429388247934282
1679960580,0.900873512232006
1679985420,0.9604219376432078
1679998860,0.5247461218739792
1680019380,0.0961622566140225
1680040080,0.9512431545019355
1680054720,0.8777698870757027
1680070020,0.9498390183262929
1680088020,0.6026424308535814
1680099180,0.8638577230128174
1680117480,0.8609923759921685
1680130500,0.7810822951364633
1680154260,0.33284948531459874
1680171720,0.3429015548205816
1680183540,0.012229440838418953
1680195420,0.43482076026762745
1680207960,0.011338533993493844
1680220080,0.4124923649144419
1680241140,0.8689447254709057
1680257520,0.8523258177366618
1680272340,0.049073434876179954
1680292500,0.9300751202128665
1680317340,0.09663340602309078
1680331740,0.5761771052015613
1680352140,0.7996322128030553
1680373200,0.7289124618105762
1680393120,0.23861950950929264
1680415140,0.2028614783655509
1680437040,0.8542314238059704
1680452400,0.7696977316213164
1680471000,0.6162582003996786
1680486900,0.8850810178744551
1680501780,0.41110302298198054
1680520980,0.6361582159869138
1680540540,0.012849977595992773
1680565620,0.4954043433218288
1680578940,0.49130884292070753
1680601980,0.9005089287037104
1680624240,0.905017179586008
1680646680,0.7101343656439169
1680663120,0.5943528998673181
1680687240,0.2590097582369391
1680709560,0.046865115437889036
1680727980,0.45494704522636653
1680747360,0.1570411515468024
1680763680,0.6611385056253614
1680782100,0.7251898527573182
1680799620,0.19897719529828642
1680819240,0.09069747943875621
1680841320,0.18139638127426438
1680861300,0.9148415810444739
1680878640,0.4505697543179034
1680902040,0.6090408757440828
1680914280,0.003055907005218746
1680926220,0.9570838844606221
1680950400,0.9612526444601595
1680966540,0.8093173158932995
1680979260,0.12146119592293891
1681000800,0.7029411245704139
1681017420,0.4885166428503914
1681040400,0.5307862527313634
1681054140,0.4629489503092326
1681072140,0.6539523006201868
1681096920,0.08479197985925432
1681121280,0.608232907826632
1681134420,0.9496630472581031
1681145580,0.5098461124782043
1681161000,0.8553321998512294
1681182720,0.8616833221471176
1681194900,0.3925154832406693
1681215720,0.7460264458593328
1681229040,0.2707771730147792
1681251540,0.4967884105744508
1681269000,0.8541082990599085
1681282020,0.8329446116104775
1681293780,0.7261020246656349
1681315920,0.6637713873277802
1681337580,0.6864180405247279
1681358220,0.2402349216085148
1681375800,0.01697378132321863
1681388520,0.004305004934548497
1681405500,0.9142006249945314
1681430460,0.7039265211910423
1681447680,0.8556132759450928
1681467660,0.7410237195897098
1681483080,0.015035541830879446
1681505700,0.5584345785235241
1681529220,0.5912285185592485
1681548300,0.5466069792354902
1681561680,0.7002263827964965
1681577280,0.45770786847967004
1681599000,0.16252792243070016
1681610280,0.4457700875610835
1681622940,0.298164417240664
1681642140,0.7682891073267601
1681664100,0.7425068023298937
1681688160,0.5448984332107492
1681704480,0.43572093194096473
1681717680,0.37072983930041736
1681742340,0.9764000357552189
1681765200,0.508285307743088
1681784880,0.028039769939121145
1681796820,0.6249028978800517
1681818480,0.09576394139619236
1681841280,0.9210183837745824
1681862220,0.8503030347767433
1681878360,0.778140085787129
1681898940,0.5696656113698146
1681912920,0.6716613426105398
1681937760,0.7669906324675873
1681949700,0.006840431690705808
1681966320,0.824022069792161
1681990560,0.6105320759536409
1682004420,0.9869716897010551
1682016240,0.9370897106154047
1682029620,0.5134907685390486
1682053380,0.8343339659835467
1682067660,0.7160152405738459
1682079900,0.6526121595917124
1682099880,0.7431243270945909
1682116680,0.009801361413730697
1682135640,0.49207548016593633
1682151600,0.010457745476634929
1682172720,0.5242188447197279
1682189040,0.8173953540199069
1682205960,0.8675848303235951
1682227620,0.8390852009267767
1682245380,0.7377237809704279
1682268900,0.8212824282417559
1682285820,0.8011916268111584
1682304780,0.6176085778458578
1682324880,0.8628081855973766
1682344740,0.554011154176892
1682366220,0.678619222545932
1682382180,0.8452532246411446
1682397840,0.6905013709577651
1682421960,0.02324884634107038
1682446200,0.8064629960160135
1682459160,0.40612498323797774
1682476200,0.5283735465712266
1682495700,0.6531530745820046
1682510700,0.4501350493725841
1682531700,0.19321883624881347
1682551020,0.7680116948948742
1682574900,0.6133747359979369
1682593980,0.9401517236294812
1682616060,0.7404292020651617
1682639100,0.7596000365261104
1682661960,0.926570046863187
1682685360,0.907755996536559
1682696580,0.7268990553267328
1682716380,0.6975875530232957
1682734680,0.7834655637730888
1682751180,0.047318875222002565
1682775660,0.7688768595976267
1682792340,0.638602183924941
1682812620,0.8272036594811712
1682834640,0.7052413363774955
1682852700,0.360309442270515
1682865300,0.7763074226130754
1682877480,0.606850614816352
1682889780,0.5954564975876203
1682902380,0.4129048304567968
1682915160,0.9128351875924912
1682938980,0.700336088249932
1682953500,0.24615550686029014
1682968500,0.6573217681240622
1682989440,0.015273147350959432
1683004260,0.6582291310089504
1683025800,0.8684041028541706
1683041820,0.3162976708369638
1683054540,0.6037545614853728
1683065400,0.35589352861691975
1683090420,0.8262188262618266
1683101400,0.763532380446315
1683123660,0.9141959131592159
1683140880,0.5541756879464675
1683165300,0.7370460482940114
1683178020,0.8639902577298337
1683197160,0.786268042715343
1683215520,0.8432280354444754
1683235020,0.8247036499377915
1683246900,0.08452289479319997
1683260160,0.7101422620537178
1683284100,0.5149600135379784
1683300960,0.8010724720290441
1683317100,0.2439988599867215
1683337980,0.14416129313829706
1683350940,0.7822001915615509
1683375720,0.7721431784279374
1683398040,0.27691152084219484
1683410700,0.41194830717694336
1683424260,0.7488461720951792
1683437580,0.6123184500049027
1683460800,0.9048453188840774
1683483840,0.7929896798794707
1683508740,0.8210148333849122
1683533700,0.5787313687830086
1683547200,0.6928830467377247
1683569340,0.6222066542644105
1683594420,0.9745977149323953
1683608820,0.7384356062982169
1683633240,0.9173995809470262
1683648240,0.5583365609108005
1683670980,0.18748597503760317
1683687420,0.6496865870912487
1683698460,0.5997084245223527
1683723000,0.7482954838280157
1683747120,0.09598162838219323
1683758100,0.3895803023929761
1683782820,0.32540573076991935
1683797460,0.162042296971803
1683809880,0.8117256422749576
1683828780,0.2554420178976848
1683853500,0.8990148907160613
1683876480,0.6171635167022995
1683899940,0.29572439891406627
1683923880,0.01436549704929246
1683937620,0.8971904396491333
1683962400,0.7722862010231915
1683976500,0.6917462619615193
1683994800,0.7402556664535127
1684011780,0.18902112366665047
1684029960,0.8761204090523322
1684050540,0.7678799619108745
1684066200,0.9432290118090465
1684087800,0.5316118785784263
1684103220,0.4148990170690622
1684121580,0.6032260292395292
1684137840,0.8939570375335445
1684155240,0.8626351990503053
1684176600,0.976109745271065
1684192020,0.42733383987325685
1684213920,0.9294397362441293
1684225920,0.8207995684153658
1684249920,0.9605575052910724
1684267260,0.7150258556095034
1684280340,0.0026704751767568976
1684293660,0.709256201780499
1684307880,0.35115744140793353
1684320480,0.8482215909499682
1684335180,0.7554522230981106
1684351260,0.6663012654504727
1684374540,0.7837565418249537
1684393140,0.7532078438792226
1684418220,0.6998626016661177
1684438140,0.7420913337040962
1684456740,0.9782273631108248
1684479960,0.799408936997626
1684502040,0.3359560169185698
1684524360,0.5978759248363894
1684536240,0.0511422779403759
1684549800,0.5975923121903745
1684570920,0.3400704323885973
1684593660,0.9016551922696681
1684611120,0.7749105199589004
1684629120,0.07640356691533468
1684643640,0.5562070822848703
1684656240,0.9294503207915705
1684678980,0.4113617477275834
1684695000,0.2390559517956152
1684716780,0.7960943925713869
1684730520,0.7420283259057481
1684746660,0.840723223040874
1684769280,0.7480794385950333
1684789320,0.7937485045445121
1684814040,0.8875827839246915
1684825920,0.8670332827771413
1684850100,0.8408240798528839
1684872240,0.024407462058061696
1684888140,0.6912914747111121
1684907520,0.7746409636103953
1684918920,0.8592338007594945
1684942500,0.9304625786879221
1684962600,0.7540776231006083
1684977420,0.03738941803398277
1684996320,0.8134857877620107
1685018400,0.7867789313753464
1685033460,0.8772914569904224
1685058300,0.8866057255108287
1685082120,0.6774420371139511
1685096220,0.27970226874447635
1685111100,0.22433789317596617
1685133660,0.13115953867921806
1685152320,0.8906861584349312
1685169060,0.5829166936986632
1685181360,0.756734571953609
1685204580,0.06715534409728341
1685219700,0.8154057461644277
1685238660,0.04683718832858658
1685261640,0.47230959333912736
1685272500,0.06425672750351244
1685286540,0.1137226830130366
1685297880,0.7159717488626949
1685318340,0.47552503713727146
1685341800,0.7142222762863971
1685361420,0.9881963244448417
1685376600,0.1211047810492293
1685390400,0.06263151477283722
1685412300,0.8481606020603498
1685423160,0.15978424858273904
1685442840,0.7318709070426568
1685460840,0.7368962428659713
1685485800,0.1597603403990537
1685499120,0.7358180640073857
1685519940,0.8774661323812055
1685534160,0.8831120256516589
1685559000,0.8013614371449858
1685583360,0.8484078103636898
1685605320,0.6219569737415477
1685619840,0.7823099586790546
1685636340,0.48937710790620254
1685657280,0.739574685597617
1685681760,0.11117633119430441
1685702880,0.8583439475598285
1685723520,0.7275463944077588
1685742000,0.7411984473719744
1685764620,0.7943830396134702
1685785080,0.5380758092106915
1685798880,0.6350045594072184
1685812500,0.5418867517605143
1685836080,0.8524073927218218
1685855220,0.09246924452571778
1685870040,0.8945486293263321
1685887800,0.5979693187204906
1685910720,0.7657587919011082
1685935380,0.024619643517510392
1685957880,0.6172762350975389
1685973540,0.17975513648611413
1685996880,0.6821303826248549
1686013620,0.7843277649376723
1686026340,0.9598458262738458
1686040920,0.8497921949807432
1686052860,0.27785344654468563
1686077460,0.9062959824194731
1686099840,0.9709557811401776
1686117000,0.6340506971087035
1686137460,0.8502389931269491
1686162540,0.6990551702324053
1686179700,0.0030873498682784445
1686191400,0.8586691816834378
1686208740,0.0857250511569228
1686232440,0.7532168759824402
1686255720,0.839169823319938
1686276660,0.7187832183198988
1686301440,0.7453891641008812
1686319200,0.23720619794663117
1686334920,0.8227769813074131
1686356520,0.8584622504050756
1686372360,0.7188732176868167
1686387600,0.6584212143455247
1686407040,0.5161427243753551
1686423720,0.7628312492058257
1686438960,0.6102374475449324
1686458940,0.15713460173030788
1686479520,0.48651472378520155
1686504480,0.25561149587613013
1686527640,0.7972747337218186
1686550320,0.38980341596079615
1686570180,0.03889608226141924
1686583800,0.9091668192487925
1686597180,0.7788258549611717
1686616620,0.6718079874266344
1686638220,0.5971905156748754
1686656040,0.49608175677282096
1686680760,0.7113048820336995
1686692280,0.17294233567437586
1686715800,0.9046994810898201
1686728220,0.09212900275065455
1686749460,0.6073222854393134
1686767040,0.2705102199762651
1686784620,0.5304548872692151
1686801000,0.007255218216655437
1686813060,0.7521656707466298
1686825900,0.2538698338948585
1686846720,0.7942557464825886
1686864060,0.2963274555232365
1686879780,0.2588386947956225
1686893880,0.13023174803175055
1686905460,0.557500369662906
1686924960,0.4392332453749988
1686936660,0.89075873488334
1686960000,0.877673980481036
1686977880,0.7643381510123963
1686994560,0.2661793339103397
1687007340,0.8623092466928289
1687019160,0.8023848022187539
1687037700,0.31373008878519804
1687056660,0.38451809819087934
1687074780,0.5361763720170354
1687095960,0.870037363685426
1687106880,0.5016221303176166
1687120800,0.9111367654411906
1687133700,0.8987040847648387
1687155600,0.7986292098498061
1687174380,0.4025744732002684
1687192260,0.32854753928953234
1687212900,0.4021289487597514
1687224540,0.571347895340814
1687235880,0.3031289942736362
1687247640,0.6553413685311709
1687261440,0.3298744758048574
1687276080,0.7906915879056315
1687292460,0.6162234353443612
1687305180,0.028944462193227983
1687322520,0.7962894441233352
1687343580,0.6788569785544175
1687360200,0.05636298627478023
1687378980,0.6525959018540439
1687399200,0.9477414036918412
1687412520,0.21024918704661918
1687425120,0.37322852284275565
1687444980,0.17215598234118984
1687459380,0.5990499226670526
1687480980,0.5503283655245633
1687501500,0.27047299009060566
1687525500,0.5989017699272322
1687536540,0.8823851915399619
1687551600,0.7977015233329329
1687568280,0.20733386512603055
1687587300,0.6027467123316675
1687602780,0.5389478193816908
1687619940,0.010221368105337775
1687644360,0.9181423802069049
1687666920,0.9649110682899402
1687682760,0.16423184963446427
1687700520,0.7226273062840316
1687725000,0.9411092865495122
1687749840,0.2966332435011896
1687764420,0.48020469795883935
1687785540,0.8297959641944455
1687798680,0.9145516321639972
1687811640,0.792231892401072
1687825500,0.7097884338613881
1687847640,0.4960766750602836
1687866360,0.856934055984502
1687884240,0.5799121801826124
1687897080,0.24640728834022857
1687922040,0.21282791223152422
1687935360,0.6366686808821839
1687960260,0.0171753535022587
1687977000,0.009517047395348636
1688002080,0.9470151550065506
1688014020,0.8470898937537007
1688025720,0.08791858648480685
1688038260,0.9725403966652574
1688060040,0.8407135147857819
1688071800,0.8722355059585792
1688094720,0.8417731934226904
1688111760,0.756618190011708
1688124300,0.4388882414111125
1688144520,0.8270784904038352
1688168040,0.8549255202830961
1688184240,0.8820169194688778
1688205240,0.8445445745524935
1688224680,0.011531784138552877
1688244720,0.4801618709337592
1688263560,0.8009707785602108
1688275440,0.8557601229204921
1688297700,0.8911196557043877
1688309100,0.7605227041719247
1688321220,0.7183928858599974
1688338260,0.20493843011190832
1688352840,0.79757959607307
1688366100,0.9723793365082448
1688388360,0.04733720392863139
1688407620,0.7241894980641383
1688420940,0.49381516509286927
1688439300,0.4032680867088955
1688462160,0.8475699396541719
1688478240,0.8687497365717796
1688501880,0.04387520390696796
1688526120,0.49076963135903345
1688547660,0.7845289283092334
1688561820,0.8907760436130445
1688579940,0.45739184499823976
1688601960,0.3832047729285075
1688620800,0.8418476777932362
1688645400,0.9056898768838236
1688662800,0.5238274472057863
1688687100,0.8148585382450618
1688699580,0.009890222307952487
1688717460,0.5607464865007492
1688734860,0.11599472247820834
1688749980,0.7265733252952091
1688764860,0.808421993034832
1688784240,0.8655808692054076
1688804280,0.47295472709398817
1688815860,0.27021238600765124
1688832660,0.4805568115132943
1688847060,0.3912481505182142
1688860680,0.5322694053353312
1688876340,0.6644864902698541
1688887740,0.061726134584994895
1688900580,0.9310067956142233
1688919600,0.700666807922231
1688941260,0.7780790015514881
1688955840,0.020414097068869014
1688979780,0.8325880063083708
1688990580,0.9383266277195403
1689008400,0.004005928023097054
1689027840,0.15292989044860458
1689044820,0.9016481726437534
1689069840,0.8720174393824354
1689090840,0.6463277982603379
1689110400,0.6723224485335877
1689121860,0.8206715082205107
1689137520,0.5956804091300274
1689160860,0.7648195695279201
1689178200,0.7444187892115587
1689190200,0.4097594504444376
1689202980,0.8892198578029815
1689219600,0.7698310232459767
1689236340,0.8743964107632526
1689260580,0.9626543812043413
1689276360,0.012849613247448152
1689291000,0.4050243178525252
1689309840,0.2070312449769474
1689327960,0.5984488463367212
1689346380,0.036885199290728685
1689365220,0.8391219253105275
1689385080,0.8236336040797808
1689406320,0.09926343167806075
1689427560,0.6496453329897522
1689445200,0.18261428098959356
1689464880,0.8846889751155814
1689488820,0.8041707707875778
1689510120,0.9635470219437272
1689520980,0.7215420299521248
1689534840,0.5370359540361026
1689555360,0.480662848079823
1689577200,0.8765405634489482
1689594360,0.4551303932274996
1689615480,0.54195981467634
1689628740,0.7115366819383608
1689642000,0.5128443729736109
1689663960,0.6674871012248976
1689685680,0.9252195173084752
1689709980,0.0030701203865645963
1689731880,0.21632538446316035
1689744300,0.6850749802295859
1689756840,0.07327976947946796
1689772500,0.4942639720431431
1689795180,0.8831235393183829
1689812640,0.9898407837780986
1689836040,0.9150124216166763
1689851820,0.9271973428345779
1689874020,0.003878502391185889
1689889920,0.7020193665342641
1689901800,0.8613942658054989
1689925920,0.8134074845340028
1689940380,0.7256523646022385
1689963900,0.8336489690714683
1689979080,0.5687243421637456
1689993480,0.7631344151021775
1690016520,0.024057225601164522
1690027680,0.5255579838528195
1690051500,0.8517526344159612
1690062540,0.7122816584325448
1690073700,0.00502852487825885
1690087620,0.5879273881391109
1690106880,0.9218528881734424
1690125900,0.9204069543663046
1690141620,0.6797005805409881
1690158720,0.9361947151820045
1690172700,0.6993774678814659
1690195200,0.5971960039118
1690211880,0.2493396204416197
1690236480,0.8334818010081032
1690258500,0.3726704969331099
1690280580,0.8319815055173301
1690302600,0.8446644860872946
1690320060,0.4420514257427084
1690330860,0.7060799490157559
1690352640,0.8878558928457833
1690369260,0.8160675471967398
1690391460,0.003067235720994577
1690405200,0.2764254738347604
1690426320,0.7586728087267974
1690437120,0.4018478331485019
1690461180,0.020060693516198144
1690483080,0.9647270572115576
1690494420,0.8955526209372261
1690514160,0.885788631359971
1690538160,0.7404030073845208
1690561380,0.26294732708196317
1690583700,0.9320916507185644
1690597560,0.05539824793708365
1690618920,0.8642076375248602
1690634400,0.6789699423489205
1690658460,0.7061642971258506
1690679580,0.8683107697316553
1690692180,0.2067521749425359
1690711620,0.6888333659239859
1690723500,0.009336925582990683
1690747260,0.3321035621327661
1690766040,0.1520695705738906
1690783140,0.8210892777045443
1690795500,0.006335140945826498
1690817580,0.5371770774267295
1690840860,0.8730474665637584
1690852320,0.8759326668180275
1690865580,0.8982913675943741
1690882020,0.43102556107492646
1690898760,0.7692112075251912
1690917120,0.4861224872995058
1690941840,0.7036120499264618
1690956180,0.5657435646613116
1690969200,0.9320202327781607
1690994280,0.7281906498224661
1691013900,0.9229667073783356
1691035500,0.9873855139793788
1691059620,0.6528126988178201
1691076960,0.047535857518842956
1691101620,0.7008550847326751
1691119920,0.2469501421675762
1691134080,0.7872874466130295
1691156220,0.09476994113876178
1691180100,0.9821437364724082
1691205240,0.025021691502275192
1691227080,0.7287923014448794
1691246820,0.7253192330898812
1691258880,0.865478294824475
1691274300,0.9647791675440709
1691286600,0.27816031241723915
1691311140,0.9198847390337913
1691323380,0.2433676348224246
1691335740,0.7396157478991645
1691356860,0.7785572737717558
1691367720,0.6600397922009311
1691380380,0.9108656393032909
1691395500,0.6158969390861277
1691411160,0.8904718608458144
1691435400,0.2970187402231279
1691449080,0.14196614987668946
1691461440,0.5012339742789553
1691473440,0.10105088198046737
1691487780,0.6987847869575954
1691502660,0.6703009136255667
1691517600,0.8394542270957048
1691530800,0.07029316944358761
1691546040,0.6063013466810226
1691571000,0.9840764902327682
1691586000,0.17081480116185405
1691611140,0.6086155627347964
1691635860,0.9195001358559778
1691648580,0.6403437227330925
1691670660,0.24768252291996418
1691684460,0.9411733235988303
1691699760,0.10333803300382692
1691724840,0.5391384697595074
1691736180,0.03505083998929066
1691752140,0.007960434882330215
1691776860,0.03161681550592584
1691791800,0.7169183152977429
1691814660,0.9292264155745482
1691837940,0.07010266893736102
1691860500,0.3780273185352811
1691877420,0.5439252811333836
1691896500,0.1905607645141056
1691919300,0.007830333882518588
1691930160,0.08961710816645624
1691953500,0.03769318601535974
1691970180,0.6447139961172765
1691982000,0.829620035235147
1692000720,0.902048994616669
1692020100,0.005946929232731943
1692031800,0.9066740139775792
1692047760,0.5072320920019999
1692068400,0.676597389870707
1692090180,0.7853145073224268
1692101100,0.017829433436415187
1692119580,0.8665003839883471
1692140460,0.2678585228951859
1692157980,0.8198473773828516
1692181800,0.02738888933740788
1692193320,0.9461470018572935
1692217320,0.4997584851115887
1692240780,0.904186816846955
1692255540,0.5754152496428191
1692280140,0.6395648702431739
1692302760,0.2501094015024904
1692316680,0.9015079935537833
1692328500,0.6283745889937116
1692344400,0.19187458497027735
1692360840,0.38550530720320975
1692385620,0.09340002107494493
1692404940,0.751823089368373
1692424080,0.014074414850453082
1692444780,0.8894340304841767
1692456420,0.7909846859565979
1692474540,0.4104066107579066
1692499080,0.2797164526699815
1692516120,0.21798189731707357
1692533580,0.7728166676140504
1692552240,0.8211252530024601
1692573600,0.24449242764855345
1692596160,0.2219443445628436
1692606960,0.5061268389312517
1692626340,0.9140417357396386
1692638580,0.4334666900533471
1692656760,0.12779174596879567
1692678480,0.08428299660775995
1692692760,0.2736003037554546
1692710340,0.025577077474677985
1692722700,0.5869013236206532
1692740400,0.07414107132202788
1692752400,0.8921931966018943
1692773640,0.6137331632336748
1692785100,0.7332267592852921
1692799740,0.29543020025895633
1692811560,0.4072860178625064
1692829200,0.5819321322007343
1692846000,0.9112559242518888
1692866160,0.6149527851767616
1692883320,0.8178177663266348
1692902040,0.8138552745905911
1692921000,0.04040760237299724
1692941280,0.46633832694502536
1692955740,0.7465877827168855
1692968580,0.9248773104291672
1692990540,0.11135271892113892
1693015320,0.7914447392479736
1693033080,0.760291335678894
1693056840,0.9295796816127027
1693080360,0.516148425784124
1693104720,0.9015973603709232
1693120440,0.8879197435560537
1693140480,0.837276218578212
1693152240,0.44445646916451753
1693169520,0.5381822236184268
1693181280,0.5893970939039077
1693202580,0.8715719456569733
1693222440,0.6557222741794505
1693246320,0.6253657393899871
1693267500,0.5580011989698616
1693279200,0.6262862532585305
1693290600,0.7873984528333201
1693302240,0.671350642003201
1693325820,0.2494307495030422
1693338240,0.8405863672128145
1693358940,0.7718775531677036
1693371060,0.8636498102230601
1693386180,0.03975722533748263
1693407600,0.9101413305666678
1693431660,0.3095987821550043
1693442460,0.20021593440255603
1693457940,0.5090368894253469
1693480860,0.6506047124632555
1693496520,0.6370395868440747
1693516620,0.2897894880365298
1693536420,0.023595325154319474
1693557180,0.7168406355332829
1693574160,0.5998237633920624
1693593900,0.11402902955893517
1693608480,0.6506779743417358
1693620000,0.6229535606334112
1693633260,0.14776843447084584
1693656180,0.9499335992550431
1693673340,0.7124128541600205
1693684260,0.8378704905012898
1693703280,0.7686597903170973
1693721640,0.09162086146243684
1693740600,0.6839977789743455
1693752720,0.5597004689534751
1693767840,0.7115865309109605
1693780620,0.4304090787128929
1693794780,0.8269431613567682
1693818240,0.5019406773653712
1693830480,0.946507268212015
1693848120,0.812256619511863
1693863420,0.922847876405685
1693879080,0.8888257832783149
1693894980,0.8826084297010519
1693917240,0.8901988467469291
1693939260,0.7775249171498426
1693951560,0.8559238520254517
1693966440,0.09504266773787806
1693981560,0.5269232757650549
1693996920,0.8951839782386997
1694015820,0.7116995175060095
1694036040,0.6058781284602796
1694052300,0.7894042959644885
1694066040,0.9543408515764956
1694084040,0.1216675782114146
1694102760,0.921343283170465
1694122920,0.698004899696187
1694143500,0.4098916187213365
1694156640,0.6023946642883148
1694181060,0.7879203513609759
1694202480,0.02178861808313452
1694220480,0.2765022494703483
1694235420,0.9001958896861163
1694250960,0.5701406053534878
1694268960,0.8334866959441867
1694284080,0.011867965798805764
1694307180,0.8373548714259745
1694327760,0.5360835011830385
1694343180,0.9233909097702867
1694366880,0.5379389102159959
1694380500,0.8032264969015747
1694397840,0.9515348856940535
1694417100,0.8829253837293781
1694437860,0.849958111231297
1694454660,0.4443129768174697
1694478960,0.8266219692925294
1694496480,0.05464489811464188
1694520900,0.880148768387534
1694542200,0.04922400690443641
1694553480,0.11418033612843956
1694576160,0.03483214147844843
1694589960,0.17285274162804828
1694613540,0.21273612270214945
1694625660,0.4974195757841582
1694641140,0.5105972896205858
1694665140,0.2396762888189389
1694681940,0.9821800662433142
1694698080,0.2327930389347349
1694719380,0.5399446941759118
1694740140,0.7335682557633889
1694760480,0.6420864695627764
1694784060,0.19852866772492608
1694805720,0.42225939738675733
1694823180,0.5440509405609487
1694845440,0.7588037715492668
1694865060,0.850172043708266
1694887860,0.938708299068421
1694903220,0.8503034917443067
1694917920,0.36696940397080324
1694940060,0.07853956057710294
1694954340,0.9734973148223459
1694972940,0.6275098391592202
1694995980,0.7044461488813366
1695011280,0.9033405164147688
1695026580,0.8855764663382973
1695043020,0.9196530943722556
1695059820,0.8655301070002704
1695076620,0.7270516755581674
1695095220,0.38633604861016413
1695112080,0.7841702088970015
1695134640,0.3865327520284384
1695156660,0.19203511950033333
1695173940,0.3580980136191647
1695196500,0.03764917372301729
1695219720,0.7227448062339955
1695232620,0.6479127998725747
1695250140,0.009387804445777425
1695271620,0.1525841172457287
1695283260,0.11233101099659819
1695300300,0.3091197961641669
1695322320,0.7768175192230301
1695341580,0.4129066240545437
1695366780,0.2575617468532478
1695381300,0.7104509065131097
1695399720,0.39787055433200685
1695417780,0.43457583681153855
1695436380,0.2337139373349653
1695458580,0.1161610674576294
1695475560,0.2188457324063083
1695489720,0.8542935652531028
1695506700,0.8111118982881402
1695521040,0.750614216350417
1695545580,0.9579633795174604
1695557220,0.7369105830062217
1695572280,0.6929100563125483
1695589200,0.8679222875267452
1695604500,0.4850662333474895
1695622380,0.532823154734179
1695635700,0.7846425144629858
1695654000,0.649926970803034
1695676800,0.8056062306317164
1695689100,0.8300552622006303
1695700860,0.7312753561467173
1695717660,0.8546371613513574
1695742380,0.8576500789950844
1695759000,0.8615810919805347
1695774120,0.4584289787741
1695786060,0.7906818846857463
1695797640,0.8939927287865256
1695810360,0.8053478610685497
1695830520,0.38758292596336885
1695853440,0.12981037352885505
1695876900,0.007433773909199812
1695887940,0.8450427799474358
1695907860,0.9264420730048344
1695921120,0.7057771553169863
1695938460,0.8485120247807645
1695957120,0.4128996900872886
1695969120,0.14323372678018403
1695987120,0.9454746554316674
1696002360,0.8120079291006682
1696017180,0.9127014110056337
1696041720,0.3466999198998899
1696059300,0.3823369181023084
1696073940,0.8870873016911273
1696096800,0.4678556766376737
1696120140,0.8190730971304099
1696136100,0.9450447258915334
1696160940,0.584844917308688
1696180440,0.13643874523860272
1696199520,0.01373868315450716
1696217640,0.755508001320015
1696234500,0.04065131790522375
1696255740,0.7891111041764926
1696271280,0.4591450664136899
1696296360,0.8590630962484049
1696317240,0.916717721872545
1696334820,0.8597187148037059
1696356840,0.6832563545286162
1696376940,0.8492412311466406
1696390740,0.7444669566746349
1696410120,0.03151817783202755
1696423380,0.7616058433534455
1696434420,0.3755982440270584
1696453380,0.702516212781791
1696469880,0.800748734785081
1696481160,0.8838943063988676
1696503600,0.6677789448650016
1696522020,0.9247308624754098
1696533780,0.7223061874154149
1696553160,0.8300432293102618
1696565820,0.8689456609260096
1696579260,0.6708277252557123
1696594140,0.3637042217014711
1696608180,0.9037146421352338
1696624440,0.9207305159751071
1696640400,0.08643357407590738
1696653060,0.3829265509873873
1696676400,0.700461870684921
1696694280,0.2826668759941857
1696718340,0.4857418491052083
1696738860,0.6826169972374484
1696750140,0.380275546684266
1696765380,0.0025790798286296746
1696783020,0.6617788677136347
1696804800,0.40743610562286786
1696820580,0.8907965388946905
1696841520,0.8655811316152704
1696855320,0.12429091981363234
1696874340,0.783018581896584
1696896300,0.1658220082394999
1696915320,0.027152726318838534
1696927980,0.9547877893984159
1696940760,0.7558749782347436
1696958580,0.6748190190500142
1696974180,0.6633574554674149
1696986420,0.7328176414720781
1697003640,0.5719046263444421
1697018700,0.5889181066113068
1697030760,0.4926273978902378
1697054760,0.3023887297442218
1697073480,0.42467498161378664
1697089860,0.7229439329800524
1697100960,0.24650243236196479
1697121060,0.8087564630754094
1697141160,0.8341506616445558
1697157420,0.5265739661955215
1697180700,0.9911989738366582
1697197320,0.9886506012481258
1697213940,0.8211179417095067
1697235900,0.7245804635879014
1697255220,0.9123723598947422
1697279640,0.8830201433518148
1697295000,0.45603857590979224
1697311500,0.32732371373443375
1697326260,0.45599254227847275
1697338860,0.8545947179371955
1697351580,0.7123125180418916
1697366580,0.5160657288373726
1697385240,0.7908169297111488
1697405460,0.854437764641754
1697419440,0.28351537963619705
1697443140,0.35426912877853445
1697468340,0.9018094989445629
1697482140,0.8240665006479791
1697505780,0.979129119394555
1697517720,0.4078652205882418
1697528760,0.08821658383084116
1697547120,0.07541496926003168
1697571360,0.3554189354440891
1697591880,0.8343572480558104
1697611560,0.8910196264846284
1697632620,0.805381745882376
1697653920,0.5517967462258443
1697676360,0.6626055979042682
1697689800,0.6146298537781998
1697714220,0.2575621337050569
1697735880,0.9839216606121539
1697760840,0.3857917657106434
1697785080,0.40744691415208856
1697808240,0.5296341987550753
1697822400,0.5839661071660063
1697833200,0.42588834662200314
1697851020,0.6753629065205119
1697869800,0.8207933576150181
1697888400,0.04747527491022676
1697910120,0.9248521993396961
1697923140,0.10760071608095415
1697948220,0.6417844622023642
1697961240,0.8352280809828861
1697976600,0.03975850459291402
1697996100,0.4557859439603204
1698009000,0.4161667224672704
1698024960,0.06526635800866719
1698039720,0.8689884244709902
1698061260,0.33781815814231275
1698073800,0.8336756991410217
1698096420,0.0591458996270654
1698109740,0.473743450324569
1698130020,0.9590191095196214
1698154080,0.8666936133799898
1698169380,0.8246775238890292
1698193860,0.9428023891691227
1698206160,0.16962843842953304
1698229380,0.023194614810895
1698242340,0.18997995804621984
1698256080,0.4148756858985205
1698277980,0.09510762903406016
1698298860,0.84359226740369
1698311280,0.49555385144099356
1698335760,0.019574495755353152
1698359700,0.8329930731485345
1698373560,0.26233457462286336
1698390840,0.13396902278340633
1698403680,0.02271295026831458
1698418320,0.681206976271911
1698438540,0.08408522330651139
1698450660,0.22275437347526938
1698463500,0.6971091395165768
1698484200,0.4058779524649291
1698499380,0.5942747720481186
1698519840,0.032918668042088074
1698537480,0.8037089029089344
1698552360,0.3061512336802302
1698565380,0.6804683278906684
1698578820,0.1488746733539575
1698591000,0.7036176974448909
1698602760,0.8361493355478609
1698624540,0.6518496620522495
1698638100,0.8460323123976223
1698656160,0.3893826644626099
1698674160,0.8821632822923231
1698698220,0.008901019977496968
1698709260,0.7745345001780191
1698729780,0.6833844569072631
1698741780,0.6804000219822663
1698759120,0.13846328103793562
1698781200,0.15896733345406858
1698796200,0.57569114162736
1698813420,0.005009675025668828
1698829500,0.05520166783794798
1698853920,0.5171812096684043
1698868680,0.4420550639625505
1698884640,0.5755472700115193
1698905160,0.32455701682795823
1698921780,0.3940997137757075
1698935040,0.5585389973223857
1698960060,0.8747405162440294
1698979860,0.8395679271124925
1698990840,0.687646132330282
1699005180,0.7457027355077674
1699029840,0.6113459317389357
1699044720,0.8522063292838387
1699056900,0.03797561684467082
1699071420,0.7914594691651727
1699082340,0.8137092953074365
1699098540,0.14906621846734316
1699120440,0.8436991444081474
1699138440,0.8279096078102969
1699154040,0.44837502701166776
1699176540,0.34785053407646704
1699198740,0.2717261798681108
1699222860,0.5660467971525135
1699242900,0.6005019866133341
1699253760,0.8648714370060366
1699266900,0.030574825320146944
1699280820,0.33728062981921164
1699295340,0.732317875593749
1699312260,0.054088963318165574
1699332660,0.816425231354991
1699345560,0.9013193413163225
1699370400,0.6378002817585369
1699390920,0.5661071523872149
1699412640,0.006444148322299385
1699429860,0.92243198385341
1699454640,0.032322700874958754
1699469640,0.6829915533763181
1699484160,0.9136801118543263
1699507440,0.9037285522070853
1699523040,0.5097562875153554
1699535880,0.8591941059087689
1699560960,0.3697408994226095
1699582320,0.4135161443833952
1699603260,0.7837314993676008
1699615020,0.9820997802935301
1699639020,0.568662117710484
1699652220,0.6555638430688947
1699675560,0.608980318348246
1699686720,0.7572031306712207
1699698780,0.520255566975861
1699711380,0.4867360581488078
1699734720,0.9033092886293308
1699756980,0.0857788307820037
1699779360,0.9246865649310755
1699793280,0.8301627018008286
1699818480,0.4614062161419838
1699837380,0.9164073704614392
1699861320,0.8204720184538921
1699874580,0.8487693272967682
1699886160,0.7715763197737264
1699905900,0.8164444330324451
1699929720,0.20317301302521024
1699954680,0.17990541835351287
1699970520,0.3965140738069712
1699992600,0.9359857372186733
1700005740,0.6262586816911873
1700021160,0.3460030170830471
1700043900,0.6115461093608946
1700056200,0.7834884909798091
1700068380,0.9317977678819316
1700091360,0.6683431942109722
1700107560,0.7893884802341135
1700132040,0.9222493920975617
1700153880,0.7381741911415759
1700172060,0.9364880429086394
1700192640,0.2904984573775165
1700208960,0.7771282737122334
1700231700,0.5318211819425707
1700250120,0.9731090372019822
1700273580,0.19598323792053945
1700297460,0.25543580362172996
1700318400,0.3129018750334027
1700332140,0.3370648552284163
1700342940,0.8686156140431228
1700355300,0.4986262654886071
1700374080,0.8584915553375628
1700386680,0.6642253043059893
1700402940,0.2066863562267675
1700419140,0.7929545507731992
1700439060,0.46758773044796076
1700463840,0.9099200270745993
1700484240,0.7660220966406176
1700496240,0.11573064999426211
1700513100,0.806420005644374
1700526000,0.8450361749442379
1700549880,0.9064888433325335
1700562600,0.8434535292270692
1700575920,0.8983399126339908
1700599080,0.6006471260400467
1700612700,0.8602411319321353
1700629200,0.7379845765835046
1700649600,0.6829858158794224
1700674500,0.8595473392884307
1700688720,0.32697689247503997
1700702040,0.559590082717391
1700713560,0.6913161526480724
1700734440,0.224317823174398
1700747580,0.9032794671612137
1700770080,0.29879766027786575
1700784300,0.6993432222881913
1700800320,0.7066297521014318
1700825280,0.9583279738042003
1700849400,0.7938030847362659
1700869740,0.5636629984536293
1700881260,0.2728409028943636
1700900160,0.10790546578791262
1700911860,0.1320686850730346
1700924880,0.18670837712799415
1700943120,0.2649166174159644
1700961480,0.8506800528235071
1700976720,0.8414311104327993
1700994600,0.02136517069567668
1701011820,0.079866310127648
1701023340,0.37094757581232873
1701042720,0.5659866120402709
1701053520,0.6757422105099811
1701075240,0.7538759910638034
1701090360,0.49353720607163964
1701113400,0.6345294435202495
1701127680,0.8553437198758688
1701152280,0.12067524666336935
1701173280,0.7458018575083025
1701187080,0.5695763935901265
1701202320,0.18803146782541968
1701216300,0.007355157061040072
1701234420,0.9689916867724919
1701257460,0.6333102021902526
1701268260,0.7249922738002843
1701283140,0.6239934693764734
1701308160,0.5876192468380004
1701321780,0.21412536190367537
1701346500,0.5269479500656239
1701358020,0.12383676973524253
1701376560,0.8898044902070428
1701395100,0.6136070939356009
1701408240,0.1771176544119379
1701426960,0.8348988762889533
1701442260,0.5213677959317413
1701456060,0.8308615143946766
1701479820,0.8819924611681321
1701496200,0.6661016703137848
1701508980,0.8497361238173665
1701533460,0.7941075707573385
1701548880,0.1718131936205797
1701561000,0.7481477615941218
1701574440,0.8348298509501362
1701590340,0.8340540124765623
1701606600,0.8034793784752742
1701626580,0.46692698551974043
1701651180,0.0037152071874840386
1701671340,0.7439832229462284
1701696060,0.6099285176195951
1701716220,0.476829065617688
1701728880,0.3043754203237948
1701746880,0.33154411494231767
1701762300,0.19152928620274665
1701780540,0.7985464841358811
1701791700,0.311516195669242
1701811500,0.15385835676967274
1701832020,0.5623426629684667
1701856740,0.5898265078168898
1701876840,0.779947419512625
1701897060,0.41504456339643636
1701919080,0.15901726543158776
1701941820,0.9088582100997392
1701959760,0.9171119405661319
1701984240,0.6724891984690269
1701997440,0.6665872298041203
1702012620,0.32772248874839
1702035000,0.19898442010194756
1702050840,0.9068433046313741
1702065840,0.6393300630598184
1702088100,0.32834937533102365
1702104960,0.40924661492677106
1702126500,0.4437684065135585
1702140000,0.9659425852856861
1702163280,0.25038646632716133
1702183020,0.42033161311430356
1702201980,0.7093319963339509
1702217400,0.5198235083590537
1702233780,0.4283078631481906
1702244820,0.8005845050432774
1702268220,0.9234596277921956
1702282200,0.8969406399026161
1702297740,0.7659703528382643
1702322820,0.5520395742743247
1702347360,0.2481340461869501
1702367040,0.5741099582304301
1702387140,0.4673537990140084
1702399620,0.4634708971323493
1702414860,0.9864432004426894
1702434240,0.5951574091329297
1702447020,0.745683773555882
1702463280,0.3891704871401185
1702481400,0.7436704184009515
1702504440,0.237735592074802
1702519920,0.08500495184782551
1702543020,0.5757572446899412
1702557180,0.44144937986451194
1702578780,0.5694705353518661
1702590600,0.3543121406161896
1702614600,0.03801279182761058
1702626780,0.7615049517004258
1702648380,0.8266527227756308
1702673280,0.9891338545432005
1702693140,0.601137467644147
1702704660,0.9122677386824944
1702726380,0.5937825652106856
1702747140,0.09142195564058736
1702762740,0.09204301307045379
1702787700,0.6999743135417669
1702799040,0.11064692894869477
1702815300,0.8020252925885478
1702838760,0.524247353344096
1702860900,0.4408867335025143
1702878180,0.8435010479438316
1702897980,0.556611944673955
1702922160,0.47703205515985353
1702942440,0.8163211740974025
1702960440,0.8073507572500085
1702985580,0.185511028991124
1703004300,0.6093300952787265
1703022180,0.4833754021659703
1703035440,0.7362521524467005
1703057700,0.8045058967149468
1703079240,0.817770441599659
1703104200,0.1465802164870674
1703121660,0.1574053304486692
1703141940,0.8958383048540688
1703152800,0.5197100921591419
1703172960,0.8088933684404387
1703190480,0.9030191906456777
1703201400,0.8349342859030925
1703217660,0.9216542153090995
1703231700,0.665853874694977
1703253900,0.026596721332287188
1703272620,0.8226406551877137
1703287440,0.9213279422298918
1703307300,0.6715527423991395
1703332080,0.3985967460984484
1703353620,0.25915998580453
1703378100,0.9091439640759819
1703390940,0.6256238112538888
1703413080,0.7425780686361381
1703426760,0.6332355609975979
1703441460,0.23341675070440526
1703466420,0.6126452266038471
1703490060,0.24205857261033684
1703506980,0.8561352704121313
1703525760,0.5621607061919731
1703548380,0.7168041788164659
1703569500,0.20796623399994602
1703583360,0.19982169551596385
1703596080,0.005125386464550501
1703617140,0.04247912933566336
1703634000,0.235654044206372
1703652000,0.48503385679892846
1703667240,0.2455394283140744
1703685720,0.855492359019219
1703699220,0.4977809031823367
1703711220,0.8767939566841988
1703722740,0.5034259933295707
1703736300,0.1954079285020711
1703752260,0.5806497507079355
1703770740,0.850962731692001
1703792760,0.9387524706788607
1703803860,0.8567856683859423
1703814900,0.9205087123350775
1703835060,0.024035765251908852
1703850420,0.6267430770728183
1703871960,0.5843359670022282
1703883240,0.8055665029966727
1703895420,0.8805361933119681
1703914260,0.7033987116666439
1703937660,0.5820237012551797
1703960400,0.7969669041725076
1703981580,0.7663083156429652
1703992380,0.7735447326110109
1704013620,0.7340712968925793
1704037440,0.8238778592553244
1704061980,0.5654491858826893
1704081420,0.023612074061681174
1704101580,0.5162113610577477
1704114660,0.46405306825835296
1704127980,0.7009557240516684
1704139680,0.8118578622527435
1704159240,0.9464182707983151
1704174540,0.47162057438078886
1704191520,0.17523585948272125
1704207300,0.7837170087464321
1704223260,0.6837978886065597
1704244080,0.6634420734772537
1704266580,0.585273539874316
1704282900,0.25534120206861993
1704293760,0.7085795439769705
1704305700,0.9099909677651432
1704327780,0.9772673410942792
1704343740,0.2085810723947179
1704354660,0.2578593149909384
1704370800,0.43339826594991115
1704383100,0.21191993076581855
1704394740,0.5305866158064911
1704409500,0.10218725610159556
1704426780,0.783040035552043
1704448440,0.7493711008774359
1704462780,0.6687917297820034
1704476760,0.8842583750490168
1704497700,0.18601835327688068
1704511920,0.6397784172345002
1704529200,0.5400083437567519
1704551760,0.7324192222427054
1704573540,0.7632885405645334
1704590280,0.015106907801171956
1704603900,0.11360651107880451
1704616020,0.6517211649342393
1704628500,0.7061442833000716
1704642600,0.8322496454272513
1704657480,0.4632881670653173
1704677160,0.3687167151556429
1704694200,0.34723395202767654
1704713040,0.04257142592294312
1704735780,0.48667064080804623
1704755100,0.750248238794374
1704767880,0.8698836586281097
1704786780,0.5314264336260439
1704811020,0.9761928145789863
1704826380,0.9048945031420131
1704850140,0.1097794818231733
1704870420,0.9810718637168035
1704894360,0.39705441659683793
1704915360,0.4152482444876229
1704926880,0.7416496601614233
1704941580,0.7214322377080732
1704962460,0.32879281784167097
1704982980,0.9719005961381642
1704994560,0.00884430215852901
1705016340,0.04036267307309542
1705041480,0.2967547768419285
1705056480,0.9031718036056344
1705069500,0.8004182744847954
1705082640,0.8655930600659727
1705099860,0.10608935572380404
1705122360,0.8586096934189561
1705138440,0.5599042309982452
1705153080,0.5554522215837768
1705165260,0.6174391635228424
1705178280,0.10087695547694941
1705196340,0.0259448355308765
1705219080,0.7116531036716514
1705238760,0.4460380619120078
1705258440,0.7387102723794348
1705271340,0.6380957437948165
1705283940,0.5619057511672285
1705296240,0.9095491003299
1705307820,0.6959637200563239
1705319280,0.48532581806634906
1705337160,0.2469779980283783
1705352940,0.9372035447134748
1705364640,0.7718164777432001
1705389120,0.7064473111195719
1705400640,0.3536648961355028
1705413900,0.5721257619859123
1705429200,0.5608301678989579
1705447440,0.5816146859070029
1705463040,0.18009087262739198
1705481820,0.5829951198072634
1705503900,0.17700789692588442
1705520940,0.8251188122007014
1705545720,0.8695965900044983
1705570140,0.5444291400815293
1705586340,0.7835812119811059
1705604700,0.7806089721593144
1705620600,0.2576659888452375
1705643640,0.8570643331135692
1705655880,0.4923220566743484
1705667940,0.08930223213087163
1705683540,0.8122024103307517
1705705740,0.7477694297001157
1705717800,0.5979113176114832
1705738200,0.8957426833902251
1705750140,0.7198326535075465
1705770420,0.7960047361857464
1705791180,0.8054052082063146
1705809900,0.7933353038508487
1705828320,0.9040677660263721
1705845480,0.4177351841541587
1705863300,0.7264634314479057
1705877760,0.637334553834761
1705897020,0.6157456598466308
1705916940,0.584133344663611
1705937100,0.1736270751836074
1705953720,0.8530097352163746
1705975200,0.2863501707454726
1705995840,0.43583174792203017
1706011080,0.63278926404203
1706033340,0.014422562339508132
1706049960,0.6445642879276686
1706070120,0.6771080128494621
1706085600,0.8505693744501489
1706104800,0.020712017432140666
1706122320,0.6739734539518528
1706134200,0.6622455246957263
1706155620,0.7073506800724078
1706173140,0.3482684270790979
1706188560,0.9476066315585873
1706205900,0.01915691192265486
1706218680,0.20648062180231047
1706234040,0.17005259408112394
1706256360,0.15685712239581023
1706272860,0.20715524475190714
1706287320,0.611022160289025
1706304180,0.8336959137317355
1706325300,0.38267446563401875
1706345220,0.6861653452859958
1706365620,0.8404732664086418
1706387100,0.168417480195944
1706406300,0.4502761000206877
1706428080,0.6293430337997936
1706450400,0.11557536144313052
1706471280,0.9366084538990982
1706483160,0.8867787188382324
1706494560,0.3131632781952252
1706515200,0.6383662017566759
1706539260,0.12587167923627804
1706552820,0.827846077923003
1706575200,0.4832380378201235
1706600400,0.05876056954885557
1706614500,0.6853108853957788
1706626020,0.6201171803652221
1706650800,0.554737732839864
1706675280,0.8855299909699341
1706699040,0.334353420835497
1706711700,0.9265909628309483
1706725200,0.28485498281773197
1706747040,0.5193087263530825
1706759040,0.7368685179256869
1706772900,0.8889097015290913
1706784660,0.915996426471073
1706809320,0.7241817244970914
1706832960,0.2517225702525684
1706850660,0.31945635204945244
1706862240,0.9733638880101947
1706876400,0.5321633553104425
1706899320,0.7271408984377347
1706922060,0.11729634385136858
1706939400,0.756309382290407
1706956860,0.7321663842714844
1706974740,0.6082272591917068
1706990040,0.6719504317270465
1707001980,0.068901506522094
1707023100,0.840618859174964
1707038280,0.7609533261911248
1707054060,0.5035202710606755
1707073920,0.173775529260918
1707096240,0.4857672652176999
1707113760,0.8586252240464312
1707135360,0.47607201983465297
1707153720,0.19902076762592957
1707177360,0.9188458833076603
1707196320,0.17441991160043
1707220920,0.3366064128360513
1707239820,0.7538259841018916
1707256980,0.3039690375817864
1707272640,0.6165438737432043
1707293280,0.7010880604790322
1707315180,0.09524811875939798
1707331620,0.9335111213323205
1707349740,0.9786799007966583
1707361440,0.6699429165993178
1707377100,0.7342278634550095
1707388560,0.5404495970228416
1707406920,0.11071486854841667
1707418500,0.6489433385642442
1707440340,0.8897876949311989
1707463320,0.46314919637249785
1707484440,0.8628804240133996
1707505380,0.8780804875626649
1707523140,0.05113567397162141
1707546300,0.837250374874068
1707570480,0.6663046906757448
1707582660,0.9274700193147654
1707602940,0.008240039263177906
1707621120,0.030196760859507232
1707637140,0.7617099548014838
1707659400,0.8072525635462657
1707671580,0.6759404435746136
1707696540,0.6716731143459801
1707712200,0.5769459476470717
1707730140,0.8373094499579572
1707753180,0.39193437860609426
1707775740,0.9494049430508581
1707799440,0.09088688839450496
1707818940,0.8546544842508296
1707836280,0.5443109683788605
1707847860,0.42849720448972617
1707868260,0.7199114699362252
1707893220,0.20514960188469497
1707916440,0.05641168443457735
1707930540,0.018237745458014615
1707944940,0.5940445789891414
1707955920,0.8914719150678103
1707976440,0.775113570453338
1708001220,0.8593197620305131
1708014060,0.3178846163096865
1708036980,0.042172850170845474
1708059360,0.9750136544183883
1708081080,0.44930710704544596
1708092240,0.8181767984841064
1708108260,0.8585740024347696
1708126980,0.3806043522412762
1708147020,0.3132657649183741
1708163880,0.1865359841304328
1708184280,0.8253413345875397
1708209480,0.05275486221983937
1708228620,0.814611192361734
1708244280,0.5652772239902666
1708262580,0.38518717698009697
1708280880,0.676322700529472
1708294620,0.8238202978365684
1708319340,0.017529616184253104
1708339860,0.6999327692333297
1708363500,0.6932756142932395
1708388220,0.24222545290603503
1708407420,0.7024274469428814
1708430760,0.8562068235172065
1708444500,0.6733911853888432
1708464960,0.39613419939955213
1708477260,0.21956366171432598
1708501140,0.874238402136613
1708522860,0.723227629336803
1708547220,0.8177997132786431
1708567680,0.8605228934947335
1708578840,0.7425306650125063
1708600980,0.8967366580962045
1708617060,0.8009753179862588
1708636560,0.3228345117398256
1708655520,0.6635940234318466
1708679220,0.7945293750116897
1708693560,0.9672662274491735
1708716240,0.6930319096915847
1708727940,0.6388740912742203
1708738980,0.007437962034332222
1708759980,0.23430135236953917
1708778280,0.3094100826651352
1708802880,0.7510029501534097
1708819980,0.8447916073842819
1708833240,0.7755302997681432
1708852320,0.827958446096689
1708869420,0.5904656722039526
1708891080,0.9922550492203357
1708916160,0.9913845648846563
1708940220,0.3388389481368831
1708952820,0.6004847513758896
1708976100,0.8052101333815134
1708990800,0.7613007597302421
1709014380,0.00314106722417603
1709025840,0.008407989239559363
1709039520,0.2760781113331088
1709055240,0.8525897014726148
1709071740,0.356797607949464
1709084040,0.7263355191012234
1709101200,0.14356611868111074
1709118240,0.8480331382970648
1709138760,0.8932146316784643
1709155740,0.6725592810161518
1709173920,0.017348432647195537
1709198520,0.741449771314617
1709216940,0.3444940689081949
1709230560,0.07731830790522945
1709249040,0.20484894001953483
1709265240,0.23874562012107448
1709289120,0.7850937541306533
1709302860,0.825484817288282
1709328000,0.8571994022145066
1709348880,0.13711499257794302
1709368980,0.7423925081751597
1709381940,0.9445889542595844
1709395740,0.7549052015514621
1709414580,0.3541411177170165
1709433000,0.9046179687774701
1709451120,0.39138469284789107
1709470140,0.4010581551039031
1709494620,0.051762785767230875
1709514300,0.5250284576821127
1709537280,0.6014279374366606
1709558340,0.8045742645695712
1709575680,0.4964084977934915
1709591220,0.7662351459056603
1709602500,0.8714607927301068
1709613720,0.5402895539749554
1709634720,0.015610675303386508
1709651220,0.3361931904364377
1709666340,0.7497141508977843
1709677320,0.014317319708886566
1709701080,0.6266514109913303
1709718000,0.8404941608935214
1709734140,0.9072438364855827
1709752200,0.687647842994364
1709765520,0.3201961390456467
1709784240,0.56729966471683
1709802840,0.6113258044268461
1709823660,0.7037303095035684
1709838300,0.7376586812446181
1709862240,0.07265667647354658
1709886000,0.9332865395022575
1709910660,0.812850354808274
1709921580,0.32240764342625555
1709942520,0.07030958090144308
1709961720,0.87163918193646
1709973960,0.08022794244382742
1709989980,0.018100668538927014
1710006360,0.23874207761933314
1710017700,0.6029365138072161
1710041220,0.10756369683874513
1710058560,0.6780311552150293
1710071880,0.5769569803511104
1710093000,0.7385056078411472
1710108420,0.9175768260807844
1710133500,0.04047256247846528
1710145680,0.8852962247769611
1710164340,0.2762331202018318
1710185340,0.13817352381354403
1710202500,0.6293402023363073
1710222600,0.9176763698360169
1710234840,0.5730607706259794
1710257160,0.7616433085544914
1710280020,0.3056290353564842
1710292620,0.8854413308479002
1710307860,0.580622762655501
1710321900,0.9097614983125807
1710334560,0.938184757514946
1710355740,0.7070659689828928
1710371520,0.5717788118543616
1710390360,0.9082094233361044
1710406320,0.600809190565524
1710428760,0.1611458146888114
1710440700,0.6702972807953456
1710463440,0.5193556086323194
1710488280,0.46526559714566323
1710508860,0.2530108332892475
1710525660,0.6705923693310066
1710542100,0.17780080937738388
1710554520,0.16392411225098102
1710578460,0.8879059366663399
1710597780,0.7432797181942129
1710614160,0.34928208283133333
1710630720,0.572034704911411
1710647580,0.6124822112725403
1710660300,0.9465631695699859
1710676620,0.3877730148239755
1710700860,0.8722410433535148
1710712200,0.948137638322586
1710723240,0.29568143965975174
1710743700,0.6658076157521253
1710758220,0.7795991672037395
1710776640,0.5155850781030824
1710796920,0.3439982217913528
1710808020,0.05751785344439984
1710826560,0.840089784783021
1710841620,0.7197842519036306
1710864660,0.23228471099720802
1710889740,0.500166379548147
1710911460,0.29317312678003077
1710924960,0.28856131956334624
1710941700,0.7745065148433891
1710958860,0.8555736472876602
1710972420,0.3622146597393895
1710992820,0.3915518699270888
1711018020,0.8743518898337084
1711036320,0.078679751828449
1711051260,0.5246546889880271
1711072680,0.1316954763344867
1711093320,0.8803393261523467
1711109280,0.4133366585196473
1711123800,0.2806863693724139
1711137180,0.661173007680282
1711150560,0.2012339997458981
1711172940,0.22895989345084838
1711187700,0.4275373344901574
1711202700,0.6635606711654073
1711221180,0.14461442032612917
1711245300,0.3584229925667961
1711259460,0.0016482131313085497
1711271160,0.12842550851051654
1711294020,0.30648911725739153
1711309260,0.8697546087363969
1711332360,0.9371577811103582
1711354860,0.5789025237193439
1711366680,0.6033547943627303
1711379580,0.7624846243536918
1711404000,0.01723413849198451
1711418520,0.6186093531928956
1711435380,0.5039535717476054
1711457940,0.6996690775293779
1711472340,0.2732591589689046
1711491180,0.744185977745192
1711503000,0.02373401746421515
1711526040,0.8144817263186659
1711543620,0.7610176785261966
1711567500,0.5917482199603605
1711591200,0.4954187987930368
1711609680,0.223273802208258
1711632600,0.7343345065445267
1711645320,0.01759106351604043
1711661280,0.8877985953399756
1711682760,0.8889405381988129
1711706400,0.7908801560526655
1711721880,0.8832846185537049
1711745280,0.8592110764746069
1711767600,0.21262078385902533
1711787220,0.535260653478193
1711799460,0.7833693130812296
1711819260,0.6476839403982112
1711838400,0.7173654253736234
1711851840,0.714109266495608
1711866960,0.7118633250533848
1711877820,0.7664812803016123
1711891020,0.5325816227151059
1711904040,0.15335352967873878
1711915140,0.6562280516321297
1711933440,0.9542914415659909
1711952820,0.7640272317312444
1711964520,0.8615036038264368
1711975800,0.9753017899317196
1711987140,0.8218547146419516
1712012220,0.1454924348700618
1712036520,0.053376097372259235
1712049600,0.5588467112107608
1712067780,0.659326726147996
1712079600,0.8262044487106975
1712092980,0.17133901125453763
1712104320,0.71557027590493
1712124360,0.8494114381980641
1712148480,0.0653140056221611
1712168940,0.6569379533953208
1712182260,0.27587151162068185
1712206440,0.49169999239495715
1712226060,0.8078498549835451
1712240640,0.5100247749149206
1712255820,0.5239876765542162
1712275020,0.7015460136847497
1712292060,0.7942506507892899
1712316840,0.19728954445953192
1712333580,0.9510374703331002
1712355600,0.7278794526002564
1712373540,0.8985265118041988
1712397120,0.7758308036911529
1712421960,0.8515960454445332
1712442180,0.6434183915849147
1712453700,0.6680237641192877
1712474040,0.5793059082297077
1712495040,0.769487576607369
1712511840,0.5501925798208601
1712527140,0.8774516847757073
1712551500,0.6771915073324436
1712563680,0.2310412504340534
1712585160,0.5669389170890468
1712598540,0.7822093348268437
1712618580,0.7341570992151341
1712636460,0.5745302247256204
1712648640,0.8612962557675607
1712667480,0.8300407737250467
1712690640,0.18780615583812418
1712705400,0.7491095466379089
1712729040,0.8329362554585064
1712750100,0.7260374060668664
1712769960,0.9857219251203823
1712781000,0.9092829729809545
1712796480,0.7832420406749935
1712811120,0.2602814573261451
1712830260,0.29183189380753727
1712844480,0.527022366856486
1712859000,0.7909479142581195
1712882880,0.6796927589847235
1712904660,0.7141829780873745
1712921460,0.8024575890980522
1712941200,0.8777863545103454
1712959680,0.9457255732311713
1712978700,0.4319774314698209
1712997300,0.8139909821529281
1713017940,0.4001659285673357
1713030420,0.5576241536199679
1713053400,0.5832787322185464
1713078420,0.7115066704558873
1713102900,0.14982273672960789
1713115200,0.8031162866646158
1713128520,0.5453691493900276
1713144960,0.9621233192136935
1713157020,0.767411365701464
1713173160,0.5397719434279509
1713184200,0.19638403871674873
1713203820,0.5578127640603621
1713217620,0.3974928673759769
1713240240,0.407312773811059
1713262740,0.22211308968120422
1713277380,0.020741215643776373
1713301800,0.8357891690664668
1713317760,0.666646358718706
1713338460,0.8566581172360114
1713358200,0.6361582905342169
1713369300,0.8730005367543547
1713392100,0.7796753420305939
1713403920,0.9277055622890191
1713422700,0.10895571116423762
1713435240,0.18909081691860466
1713460260,0.2532164564074913
1713473640,0.812823494125237
1713491940,0.761829585066903
1713513960,0.00247135857397032
1713531540,0.7777047041346972
1713551280,0.9070155635785793
1713569700,0.7469687752679817
1713585000,0.030046062710735594
1713599040,0.7256834756263847
1713619500,0.4299949580798789
1713631080,0.13359259215464797
1713645180,0.8329027928331552
1713664920,0.06416877035209374
1713683820,0.8712686093113439
1713706680,0.9109730209131072
1713722220,0.8485499797146095
1713740820,0.8414061682217059
1713757440,0.8366058063923866
1713770400,0.8070433053538185
1713787380,0.36051727280951007
1713810480,0.7274621747303881
1713823680,0.6334289074932392
1713847080,0.9072562238963027
1713859860,0.7733777955042963
1713883200,0.593280103090004
1713906720,0.31412014858316184
1713925800,0.009660925693522088
1713937380,0.4975513830895386
1713960300,0.821730462954946
1713974880,0.18357387178763904
1713995160,0.7689269748306395
1714011000,0.8366961631373553
1714022880,0.14886222346815095
1714045560,0.5713969337465488
1714056840,0.6448542396816128
1714080360,0.48995594052497987
1714096440,0.8451388856417383
1714120440,0.7081509982452789
1714138860,0.8892091402540274
1714160340,0.6663997682156955
1714183860,0.30753589387351676
1714207020,0.44547057176611776
1714226400,0.2648778298613241
1714244100,0.008798928846821602
1714267860,0.8931436877453149
1714282920,0.7385093982569202
1714300440,0.25116109200563574
1714317960,0.520667024218534
1714336320,0.12693546334734324
1714355640,0.4142705030497595
1714372200,0.005116075664277411
1714386240,0.6614307844629992
1714403220,0.5358927804377123
1714417800,0.8236149988766498
1714430160,0.8285297056424136
1714441860,0.7732046313745148
1714462800,0.8960073528152223
1714480680,0.0820103134843472
1714505160,0.8827315753942113
1714528440,0.439633457932893
1714545120,0.42219219864040486
1714565100,0.8664544630499638
1714587600,0.8212240898049346
1714601820,0.7765217395353695
1714624440,0.4650359879431596
1714642320,0.32289855900138315
1714665120,0.21422831935989622
1714688400,0.5979058511140591
1714704480,0.5610362702209694
1714722180,0.6334170842179876
1714733580,0.7244596884677751
1714745700,0.22942575774256005
1714767480,0.7449384696500014
1714781280,0.30055116052865566
1714801440,0.9047672467066203
1714812600,0.4123073706529859
1714835040,0.15232680491017728
1714848240,0.8780186798269018
1714859640,0.4200876580856022
1714883040,0.11988393259969131
1714895160,0.10423400127835684
1714906200,0.7436890399779338
1714919520,0.8010561452628939
1714936860,0.5961671838209346
1714954320,0.13092448117132727
1714971900,0.8011578403877826
1714989900,0.48749733566482933
1715007120,0.7213875182711398
1715027160,0.15581341263590237
1715046180,0.20996941371113853
1715071020,0.9121390089700085
1715092860,0.8717971681837552
1715117880,0.9134451334842587
1715140980,0.00582924092340523
1715157000,0.7504899960456288
1715178960,0.7371714265848768
1715194140,0.8142684542511162
1715218080,0.2624488885927373
1715235120,0.7726160837501629
1715248440,0.9638420397341694
1715266380,0.08926743607007392
1715278980,0.42113455764499286
1715299560,0.9214335647361596
1715311920,0.8525442167489279
1715336580,0.6649418420979861
1715353800,0.048380885306430046
1715376960,0.96711373909807
1715401560,0.48345942452126606
1715422140,0.5168125940647833
1715438880,0.06375393819897998
1715452320,0.9455320732196251
1715464800,0.6372577597200229
1715477280,0.7028945388535222
1715501280,0.6522075328602392
1715526180,0.0174083513176149
1715547180,0.03694604757532996
1715570400,0.9377402865022599
1715590740,0.8867708240004242
1715607420,0.9154012301704707
1715620080,0.7086413592096301
1715640780,0.6059055516690683
1715656560,0.3184252954009977
1715671620,0.9137111813363621
1715682780,0.8517027934898086
1715705340,0.8115135200325001
1715726700,0.8614947582017595
1715744220,0.7260745632831471
1715755740,0.494379290212659
1715780340,0.6446173791842345
1715791320,0.09648333844711891
1715816460,0.42106643120752635
1715830800,0.8572191888065367
1715852400,0.7531938859771585
1715869920,0.635865900711661
1715887920,0.8763569035765685
1715900820,0.8726343305264637
1715924040,0.6566252566927453
1715935080,0.007387914288724631
1715954580,0.6894878158708267
1715970900,0.018452096354458197
1715992620,0.9009589972579517
1716009540,0.8535080733889361
1716032280,0.8942055391297353
1716046080,0.7826166234512706
1716064260,0.2699652094618875
1716087300,0.5431721859377348
1716103080,0.757767318477571
1716117240,0.6363486291178996
1716138240,0.7339250845848956
1716160920,0.8192901083652129
1716180780,0.06839630708168772
1716197760,0.030888849295640924
1716218220,0.7506130158203024
1716229620,0.04032392037999304
1716242640,0.010143851550555555
1716261600,0.3118341298769756
1716280860,0.12020870221767643
1716296880,0.9476087937114839
1716309660,0.8320360469871823
1716329340,0.8692682731014688
1716346380,0.6620541783276387
1716359460,0.9112567175654711
1716384360,0.740069035198015
1716401700,0.6435603496195268
1716413880,0.8907258876396398
1716435480,0.8794322777424074
1716448560,0.7646660953404454
1716463020,0.9720045684393503
1716477120,0.8606677087739689
1716493740,0.11449961248161328
1716506160,0.20708202700736983
1716519360,0.5694438990888064
1716539700,0.5862012012095947
1716553560,0.5398083235587476
1716565320,0.3562813614783966
1716581760,0.47981928763604775
1716606240,0.817000371021621
1716621840,0.5377481846835643
1716644220,0.8764443319044736
1716668520,0.7595193103582729
1716681660,0.2666221363137186
1716703740,0.5227689116237239
1716723780,0.09133168586206535
1716745560,0.17409605602232828
1716765120,0.2930295703967177
1716783660,0.8493084667158636
1716803760,0.5215026315933565
1716827340,0.001928404642003644
1716848340,0.007421270321230565
1716860940,0.5118231725067827
1716878340,0.5302601835111583
1716893700,0.8391912758362856
1716909960,0.4639834422132198
1716928020,0.48670085994709145
1716944400,0.5951483789906601
1716957840,0.9141941486912935
1716970980,0.5612835747264057
1716992340,0.4919701842481873
1717015200,0.7681689151140101
1717030380,0.7904514923537013
1717045860,0.5658391766473995
1717056780,0.8923116859234143
1717067640,0.853014702835078
1717081800,0.6221063936066936
1717104120,0.8134706638028746
1717123020,0.6694840931826485
1717140600,0.869156660993426
1717165140,0.7556739442383028
1717181280,0.8261872060992862
1717200900,0.48644241858567405
1717222680,0.7636123742406531
1717240140,0.32613652868614673
1717257180,0.7656918366106594
1717280760,0.4937837594556341
1717293720,0.8486689825237899
1717317000,0.6866100320305258
1717342200,0.7280288199899916
1717358340,0.19997691655575045
1717375320,0.6855819128024683
1717397220,0.44588899472657995
1717408380,0.28045824214730675
1717432980,0.34440823858423913
1717444080,0.8043881632613337
1717464480,0.8947049909810736
1717481580,0.7478442736028705
1717506720,0.2745627113695484
1717523220,0.02969307070522237
1717542300,0.4217010152034709
1717558740,0.348635744527565
1717580160,0.07743315756821638
1717596600,0.5054090391140194
1717615080,0.4746270857669981
1717625940,0.012775175962266959
1717647720,0.7061797667018003
1717671960,0.4021934165873892
1717685220,0.9353763748342188
1717702620,0.8714847044347844
1717716480,0.41309810457325913
1717737540,0.46981187870941804
1717752960,0.8137879206930817
1717766280,0.06777427660571658
1717783380,0.13913248877718531
1717800720,0.9092902477875368
1717819080,0.7509479852726756
1717842780,0.5330198744849654
1717862940,0.14595893869608134
1717885740,0.6069816188399328
1717908420,0.77312380672988
1717920720,0.7802982406371605
1717941900,0.8454506334062313
1717964520,0.7643493321334832
1717981860,0.12495543822463655
1718000100,0.5706042805962761
1718021040,0.04219345003964858
1718043900,0.9044717341658448
1718067420,0.005935083038163047
1718082300,0.833907827898702
1718096280,0.7052507814155811
1718108580,0.7877988918908273
1718123460,0.3436971884955258
1718147880,0.6006725808047725
1718170620,0.036539945756948834
1718188260,0.5410569669961619
1718204040,0.9377445038778571
1718225940,0.7521369548203525
1718238960,0.48164997993973246
1718258760,0.7795174177797488
1718277420,0.6600683926006543
1718294280,0.8017340007765151
1718319120,0.9197215631406899
1718338920,0.8698427150200925
1718350620,0.6514088299725496
1718364840,0.5817660743865545
1718389380,0.3399050937126417
1718409900,0.7381076634224417
1718429880,0.7268606976894999
1718451420,0.7014500700216838
1718468580,0.49949132834855486
1718488920,0.8355478035581606
1718505720,0.10106575623017336
1718516760,0.20204480582817477
1718540460,0.6023401891228192
1718557560,0.4489454012618265
1718580120,0.41486095897596453
1718598660,0.5857496385856017
1718618820,0.8972682414489941
1718636340,0.6753569059776438
1718661180,0.728804078337872
1718675160,0.48666772077459797
1718700180,0.7861987270174788
1718716380,0.4622002332658592
1718740920,0.3707719534742665
1718755800,0.7941518801416523
1718771520,0.9889836612128606
1718790600,0.798120894917892
1718814840,0.855051101290609
1718833620,0.6118805964456026
1718848440,0.7931932748248887
1718869920,0.5197996013679512
1718881980,0.3315074032862023
1718902140,0.8417896655014442
1718926080,0.707662059550454
1718944980,0.26861591893558645
1718959740,0.9105214068534483
1718972280,0.3451953544006727
1718993160,0.7036267937455915
1719017040,0.8850778530444265
1719028740,0.3315167482973896
1719043080,0.8829468128645368
1719065520,0.6993635687576429
1719089400,0.9754292066476289
1719106080,0.3263743063516255
1719130560,0.8740148948106703
1719152460,0.9227954284750322
1719167520,0.8716217664006188
1719180840,0.9643026746589438
1719196920,0.3229026064982997
1719218700,0.0781140121008809
1719232920,0.22347954347546134
1719247740,0.890623681229173
1719270780,0.7459790032687771
1719283800,0.694218776028606
1719296340,0.7167243960512323
1719315180,0.055397024330941166
1719340380,0.9731514851269853
1719358500,0.8227128858272765
1719379440,0.24324942306270841
1719399600,0.5555464507961115
1719414540,0.9257242081458557
1719427500,0.9404297778210962
1719448260,0.4583036667894433
1719464400,0.6508017836997841
1719489540,0.5325463286113433
1719504360,0.9060105708486977
1719515220,0.9026537996973767
1719533520,0.17494833476431623
1719546060,0.853325465832698
1719570180,0.8311400676485725
1719586260,0.6600651076373534
1719602100,0.5584447984427011
1719619020,0.5804033310523077
1719638040,0.8325535164832925
1719654060,0.6407108387288346
1719675240,0.561180820030518
1719699720,0.8673918278367228
1719713820,0.2259119310730992
1719737160,0.5271496863838507
1719754980,0.8200887908978188
1719770040,0.6319792333194925
1719795120,0.0249974679122811
1719816600,0.8987275024032748
1719841620,0.9269174900112799
1719854220,0.501251065813976
1719874380,0.07286648263337937
1719892320,0.7886780288092942
1719907140,0.0024794336468508815
1719929340,0.7582488034199858
1719945240,0.486663520314319
1719963840,0.6210356947532611
1719982560,0.5774473324992841
1720001460,0.28173394006576097
1720020540,0.274916332940631
1720038300,0.22675892731507263
1720052220,0.4042128444819964
1720073160,0.9268559339372731
1720084680,0.09462041744179103
1720108380,0.014178110132991004
1720119900,0.8023090156789444
1720144320,0.20118230652317204
1720164240,0.6230287019756632
1720185720,0.837446311961073
1720203540,0.01605699936792166
1720220160,0.3128536607082689
1720238220,0.8555452305096864
1720249740,0.3276584870451636
1720273320,0.8336699397641594
1720289820,0.46675511371856143
1720307700,0.5850714326774785
1720327620,0.6779668413137807
1720346580,0.70074220345581
1720359540,0.6473134897555791
1720382760,0.15552154704383087
1720398780,0.8889584399102414
1720414500,0.01750449787479659
1720435560,0.2111815925210065
1720457100,0.9297496383871476
1720478880,0.6217714421302799
1720494420,0.7158314929436331
1720505880,0.6786470112577629
1720530180,0.017921369476691394
1720553460,0.03749079299085149
1720575240,0.758749293432577
1720593240,0.5998630037575905
1720614480,0.7186572525994286
1720635720,0.29045360275894255
1720650300,0.26098669440569533
1720665060,0.5200822341711713
1720682880,0.7420727210107152
1720695000,0.7477261173495113
1720712280,0.9143478706081876
1720728720,0.9425940335854487
1720740420,0.5792529245926049
1720763040,0.8088670901602143
1720787340,0.1710461292491833
1720802580,0.47856112710326243
1720818480,0.7766709463827999
1720832280,0.23056355889136024
1720847640,0.7811971285206392
1720859220,0.6496704365782228
1720880940,0.8058060002101161
1720899600,0.8273708860643693
1720920540,0.5908041281982983
1720942200,0.7813981698975029
1720955580,0.19900558559356124
1720972560,0.4424956994480564
1720995120,0.04837517224828045
1721015460,0.6412258798312542
1721035020,0.12182756037089476
1721049360,0.03277888123015913
1721062260,0.48552396985925694
1721074800,0.9314111382521797
1721087760,0.7627993205250633
1721104380,0.40214642147665847
1721128500,0.31943202635313217
1721149560,0.133653349217849
1721165880,0.5610571809649463
1721189580,0.6595586802375683
1721209080,0.3871150882592241
1721220120,0.9042074568684172
1721242320,0.14627995171431668
1721266680,0.17077856372907174
1721288340,0.2108533004696054
1721306700,0.7410697389913455
1721324220,0.5756626711984814
1721347740,0.7430525568694196
1721362860,0.12836780400225686
1721377020,0.0533231907665145
1721388900,0.5428874941260886
1721405220,0.09739894437435954
1721422260,0.8944546553486008
1721443800,0.1828212244511966
1721456040,0.8686752350506197
1721469180,0.20815381082277473
1721485620,0.550394569971514
1721505660,0.18754427318555514
1721522820,0.47613671719794176
1721534520,0.39628444277940345
1721558100,0.4030695914961663
1721578200,0.6743217130299295
1721602800,0.2020124720529108
1721614620,0.8767580881585152
1721626080,0.7063795157449531
1721637600,0.8805241949732074
1721654460,0.7957264600529317
1721669040,0.19883817659044545
1721689140,0.9354283488862142
1721705280,0.5953825761596442
1721730300,0.80313388004077
1721749980,0.845420102314288
1721770500,0.3551960362661353
1721789940,0.02163745337018373
1721809680,0.9476840694388381
1721824920,0.5199569477398452
1721838660,0.6259597102041904
1721860800,0.24793219427998994
1721880900,0.014151882168713678
1721900880,0.4883038316698256
1721917920,0.9628469912815376
1721929980,0.9260502741257493
1721952720,0.8542590536587715
1721973060,0.964323729434917
1721993880,0.8427744083681247
1722007320,0.7518868331432705
1722023520,0.8394795342193737
1722046440,0.9467870717749635
1722059580,0.7453158040929501
1722081540,0.8462675646856082
1722092760,0.016486369847547797
1722117540,0.4623802978302362
1722135660,0.2858142188873484
1722156180,0.2789416263992941
1722173340,0.7891996846725159
1722184920,0.313951075171737
1722204660,0.8944487140170287
1722228780,0.6229202208760387
1722253140,0.8672200163702859
1722275340,0.34353752065419135
1722299220,0.06885442276986305
1722322980,0.7238819854365459
1722337620,0.5514190196059943
1722354840,0.15455687605082746
1722366840,0.10775419198588786
1722387180,0.9726027058423672
1722407160,0.6227731105193559
1722426000,0.8081505902336279
1722451080,0.7033294470124172
1722476220,0.7252964380617161
1722496980,0.7021570231621764
1722517560,0.00423285987073828
1722535140,0.8647503435493222
1722546240,0.01845702677525177
1722558000,0.7988293721824979
1722575100,0.6773568228218652
1722588480,0.15341517714097447
1722603720,0.9267577410628351
1722618660,0.4210826955913775
1722637980,0.3859233112965601
1722655800,0.23091064195658728
1722680280,0.9106989256747484
1722692820,0.8203382506147953
1722714420,0.10421940169420783
1722734460,0.018683656428538163
1722746820,0.9218243454244636
1722771120,0.7668907117471376
1722792780,0.23004268045349172
1722807060,0.8503888842176852
1722817980,0.9618402032548217
1722831600,0.04362671996627466
1722845760,0.6413086811133348
1722862380,0.8737566510426967
1722874860,0.10523693433622563
1722891060,0.8659642342872144
1722905220,0.6993820784481141
1722928620,0.8484797989297231
1722944340,0.8654337130334024
1722966600,0.3348763613010252
1722977400,0.6432931978365087
1722993480,0.13315561954746213
1723007580,0.555607957106582
1723021080,0.241542734210151
1723038480,0.8617226327070802
1723056480,0.08962335046236206
1723076220,0.644752733952655
1723090740,0.12351060902846069
1723102320,0.09147092521537534
1723118160,0.8341481264299488
1723142400,0.8953341223601227
1723161660,0.8932968969998656
1723178760,0.8516994044642081
1723190880,0.7917581447717692
1723215240,0.7834217276404847
1723228920,0.5494171677752285
1723250880,0.5285413001111584
1723262580,0.5371177121827807
1723279920,0.0032159426877870667
1723291320,0.41658522359073036
1723312020,0.752588019695907
1723329720,0.886099328303464
1723353060,0.03102731400514073
1723367160,0.6189681169542333
1723390320,0.025025805209614085
1723411800,0.48826013308320027
1723435080,0.7124764931961773
1723459140,0.8969832142294649
1723476660,0.9615435237554648
1723499400,0.5320026415095176
1723519860,0.13525367054910348
1723530900,0.8974450839570809
1723553640,0.6141833142587396
1723575240,0.24129255016164936
1723595820,0.8490885144309834
1723618320,0.5456543034648254
1723638120,0.5556986906155448
1723650540,0.8643438041972804
1723663380,0.5968200474536727
1723681380,0.7760699623984118
1723704060,0.6535957574858469
1723718040,0.8391976815410216
1723743120,0.7399240065662077
1723761180,0.48713580101088944
1723781220,0.007661476300373476
1723794720,0.591693539434059
1723815180,0.24335275471397566
1723836840,0.9491894638273061
1723860780,0.9651223537464226
1723879260,0.5327567258457259
1723902840,0.1935628092385792
1723925460,0.2197462532154098
1723948200,0.9016925757225892
1723969020,0.8448751957602568
1723986600,0.47438393530741896
1724000700,0.40383126370801614
1724024460,0.9880011924209549
1724039700,0.8963782661871924
1724055840,0.8285015306121296
1724073120,0.8449326381034734
1724086140,0.26753918814699096
1724097240,0.04742413454305552
1724116080,0.4076281159719466
1724127600,0.6775688575282252
1724143980,0.48637384543489737
1724156940,0.9410587763553357
1724168820,0.504409826331588
1724186160,0.2257778049595815
1724209560,0.6928463923172868
1724233920,0.9113623994367507
1724252820,0.8293203615029265
1724265180,0.6880524509789268
1724282160,0.9500397724387395
1724294040,0.42969426212570777
1724318880,0.9163023529919825
1724335860,0.41931188803863956
1724356260,0.39870217207497466
1724375160,0.8193674825462155
1724387640,0.5398539355791796
1724399040,0.14072398118453455
1724415720,0.3422149416956673
1724434860,0.3561753390707972
1724454300,0.010716719253200129
1724472480,0.2067262477477932
1724484420,0.6310647574379427
1724498160,0.7886827516966409
1724515500,0.7189491082481752
1724529540,0.42912327022151664
1724553060,0.6472884540164573
1724571060,0.1906042682235837
1724594820,0.14677327045276345
1724617560,0.927103939251976
1724632620,0.05559260191831941
1724653680,0.017174925308338668
1724677800,0.8248241901324196
1724700060,0.8768668604145629
1724711400,0.1502463293438432
1724732640,0.11829546221073517
1724744220,0.7992696465919663
1724768520,0.054542753535762614
1724791680,0.5924374575128958
1724804340,0.3398362198885168
1724815680,0.724197685006678
1724835240,0.9639497804331314
1724848560,0.07271287379425591
1724862780,0.5037535668946268
1724881380,0.02309951322081763
1724901840,0.23667043902751173
1724913420,0.6498567200645456
1724932260,0.8438987755682883
1724954760,0.8925954377661972
1724977320,0.09364698783391003
1724997480,0.11555279121587261
1725015120,0.3054804452884356
1725035100,0.38781005672180174
1725058440,0.04712989464888812
1725075300,0.6307706853719094
1725096660,0.8849801179220582
1725116160,0.4403678465850182
1725131880,0.2795285490686241
1725147180,0.94689474200811
1725161340,0.5213283293229837
1725181020,0.8341077456607396
1725199920,0.4935235152336622
1725217980,0.8700941093065422
1725238260,0.05874013623323809
1725252420,0.36293403201125796
1725271320,0.8036917871374464
1725294060,0.7433826239645129
1725309840,0.8397118576535739
1725334380,0.09808690072358865
1725347520,0.9246902174724946
1725359220,0.9287674167248376
1725380700,0.7775194298520202
1725400920,0.24887225107863375
1725411960,0.2099147238850012
1725431460,0.6313267091061657
1725445380,0.9151861618822144
1725465300,0.13682161643533294
1725489540,0.8709351415325475
1725510900,0.5993985174719126
1725533700,0.577232561764403
1725548100,0.6551326269575819
1725560940,0.5548818567783933
1725585540,0.2932124397601854
1725608040,0.8035447817231306
1725631740,0.5236827403891237
1725644760,0.9363236742987655
1725656760,0.7008050907414635
1725680640,0.46872985756619256
1725700080,0.8646034557969686
1725712740,0.9327931917238129
1725736320,0.7684788186736837
1725760680,0.7853137633186382
1725785280,0.596245452973318
1725801180,0.10823277784196597
1725815760,0.5166182873604632
1725827820,0.8668576151474362
1725841080,0.07411400926732566
1725858360,0.2746874968237164
1725879720,0.028869326068451318
1725900540,0.011208174711116188
1725922680,0.7894583168301619
1725940200,0.899846108298678
1725963180,0.8201878905728672
1725987840,0.28985080498484367
1726011840,0.12468476529849123
1726024260,0.1312110847572851
1726037280,0.024704567505065892
1726061280,0.4650473359245481
1726079040,0.6340614932927696
1726098540,0.5117821981377874
1726110240,0.7552802823311741
1726125180,0.37997234054765294
1726149420,0.9097466042006356
1726174440,0.061073263287871084
1726194780,0.011433256621646968
1726217160,0.43154371511940387
1726233840,0.19286626311462107
1726256460,0.8407360302771387
1726276860,0.4659360734970812
1726301640,0.8428204772544542
1726323300,0.8607255819846471
1726345980,0.7337698683926248
1726361100,0.3499317462972822
1726372440,0.15126667650543182
1726384620,0.09657583430129621
1726407720,0.7317298200954551
1726431180,0.8903243409449233
1726449180,0.7118110484273619
1726462320,0.8929006914453025
1726478700,0.7145349923024672
1726491180,0.1938690156874564
1726504740,0.7491513301572689
1726516920,0.672233700850045
1726538160,0.644095616242837
1726550520,0.39598009682084306
1726572660,0.14627631413849365
1726595700,0.33439887813625707
1726607880,0.4077335772165971
1726632120,0.21032438483486485
1726643940,0.22290904752803742
1726656000,0.8068427356126153
1726667760,0.9414677036409039
1726690020,0.45658417636761456
1726713720,0.8222330552506275
1726738860,0.589285539212508
1726756020,0.8626539100579824
1726776720,0.3335911803475086
1726790340,0.5759718272616986
1726807740,0.8802983091430879
1726826460,0.7921411962253007
1726840860,0.43783357800229605
1726852620,0.9805177575533309
1726871940,0.02420724994112841
1726888380,0.8743583781159501
1726909440,0.5921123297863752
1726930440,0.6098502021388537
1726946700,0.7797267923330754
1726963260,0.3283832020713345
1726976640,0.05820530685692889
1726992720,0.22492114799829924
1727003640,0.8841599839422939
1727026860,0.04529060638014582
1727039820,0.7559367721716301
1727052780,0.13814311686827246
1727076240,0.709496835030323
1727087340,0.7655624820272577
1727103360,0.7143331158307314
1727127960,0.41410244149362874
1727145660,0.7685674877486462
1727163180,0.5085225660878834
1727187900,0.6695285091513526
1727207580,0.2950633819769012
1727218620,0.9569674975746498
1727240100,0.5316676893541052
1727255580,0.6262316468293635
1727266500,0.8221584801589994
1727284320,0.31860945304633337
1727295960,0.8141000630837641
1727313360,0.9136095134926755
1727336520,0.5475772626952176
1727347380,0.6459478583593485
1727369040,0.08846472683407418
1727394120,0.4868052167452531
1727416140,0.5443271482904938
1727430060,0.5808024403451122
1727449320,0.4180020455031993
1727470080,0.19200801871185275
1727482860,0.08656411886334887
1727494440,0.9193213320896352
1727507460,0.03152703110868629
1727523540,0.420853434441876
1727545080,0.8013429713848306
1727556300,0.6258709314146004
1727574300,0.5508264078990144
1727597520,0.8205052421047782
1727621220,0.24269439868084608
1727633040,0.3147227057549962
1727644920,0.8826803376268797
1727659260,0.4633309864157306
1727679420,0.8912374536509259
1727692320,0.005401918878221882
1727704740,0.31559126127866927
1727719920,0.8042186689921973
1727733060,0.5384799251744264
1727758260,0.9097997420480863
1727772180,0.9126794999208862
1727794080,0.1018507393634794
1727815140,0.16156448086567302
1727833020,0.7911273004956858
1727856180,0.6134827647353768
1727870160,0.9767027274183452
1727883240,0.6867565959295924
1727905380,0.4957541549637188
1727919360,0.7670602331749576
1727943780,0.0823121333486752
1727966100,0.5998026738719968
1727977080,0.7828780625847322
1727999640,0.5130227819760557
1728018660,0.2879854916968087
1728039360,0.7905395633071538
1728057360,0.15204668359913542
1728073680,0.8645275175690275
1728098580,0.07108651670580766
1728111360,0.03631738189676654
1728133260,0.8255404676080729
1728153000,0.7195058585557518
1728169020,0.24965546865051738
1728189480,0.8103594095350302
1728208800,0.7898002006618716
1728220020,0.3493368882386867
1728244920,0.07244372108904384
1728265140,0.606368789389344
1728279600,0.010655463877860864
1728292140,0.9212543459464013
1728309960,0.9018549938218563
1728325860,0.07803304185892278
1728349740,0.6439485561746955
1728363360,0.07839499151532095
1728377880,0.0341564714945861
1728393960,0.9836772421659276
1728415320,0.27458652457129445
1728432180,0.8930323223903269
1728443760,0.44289897948525847
1728457980,0.326411406627409
1728469920,0.5990507048477987
1728486360,0.31859842996330356
1728507480,0.3376846897946741
1728520980,0.753994312898322
1728538620,0.6760221314953506
1728561300,0.3538923887617397
1728576840,0.04683909935091702
1728594840,0.6511227029334442
1728608880,0.7393885876511663
1728622440,0.33004659912945045
1728638400,0.6482925365074206
1728663240,0.729462906706282
1728680280,0.7560210529133613
1728702180,0.008221359245622511
1728717240,0.5715273932173418
1728730500,0.8575740790474595
1728744960,0.7277715039371982
1728759480,0.36134414322288066
1728777840,0.8665193496192605
1728795240,0.7987316994976726
1728808680,0.4707609416202292
1728832980,0.9048804024186367
1728844500,0.8064779084120667
1728856020,0.9654138933983477
1728872760,0.8055350553843207
1728892080,0.6016437469352344
1728916320,0.8499568391297362
1728941280,0.010927066016916426
1728963900,0.157755845744101
1728980160,0.921341685233622
1728990960,0.3503693598373421
1729008960,0.7681557082205098
1729022460,0.8537225708493248
1729047000,0.5382540197154592
1729065180,0.037980615100055445
1729076520,0.7671554630331342
1729095720,0.690116345229511
1729115820,0.040007782488491114
1729136640,0.2549998864074138
1729157940,0.4765934043849535
1729172280,0.42429502168163236
1729187040,0.6350364421956582
1729207620,0.7478994305037292
1729218720,0.668897200128659
1729232820,0.42155126342340554
1729246500,0.5477096101709213
1729257840,0.5023717478461219
1729271220,0.6891739499164216
1729290240,0.9570547221904923
1729301640,0.6450059341049874
1729323060,0.19680252722976976
1729341180,0.8316822513476744
1729357200,0.10481438086912548
1729376880,0.8376450286086832
1729399380,0.30593568485946243
1729412880,0.9118074266687956
1729432380,0.9666633777362974
1729449720,0.8535956801087595
1729467780,0.9899978832566181
1729489980,0.6486451670184378
1729501320,0.7586875235532698
1729521840,0.4726429394606525
1729534800,0.8582189610305702
1729550100,0.47849754433538855
1729569540,0.6663796598918207
1729587300,0.8042950993433337
1729606500,0.8802122660357942
1729623120,0.634972972061016
1729635900,0.4852662520233265
1729649940,0.8842975656894341
1729669620,0.7530464097350025
1729690560,0.7347159340529759
1729709640,0.9336098616349369
1729730880,0.7728013868230583
1729745880,0.44663178386444335
1729768080,0.9199488305447989
1729782000,0.7275759641028383
1729801500,0.54256312979273
1729819080,0.7506902640336746
1729841460,0.9139158868621022
1729862220,0.3268747493143494
1729875240,0.3803638088890481
1729887660,0.4303981019785299
1729900680,0.9625070991462434
1729925460,0.8989855300834205
1729936620,0.03113358144551131
1729954380,0.6573538727176951
1729978320,0.8525746313454122
1729993920,0.9727715276145382
1730014200,0.7314492232000787
1730031000,0.19727793848688657
1730044020,0.8669895733368104
1730056920,0.4871186996873517
1730073480,0.26493502218641785
1730089740,0.24919063506085123
1730101560,0.11853397912049767
1730121720,0.24190380597691152
1730138100,0.027898996549935086
1730156280,0.4369373454086139
1730177820,0.911093374634821
1730197740,0.5090714162598305
1730217180,0.8106132713263389
1730228220,0.7279612878895377
1730243220,0.3670810192336158
1730264100,0.7204813147261444
1730287560,0.051375266293302996
1730298600,0.7774903377422343
1730314320,0.7485685805062656
1730326560,0.39266497269679085
1730349360,0.8454585432435204
1730368140,0.15314524596132595
1730383260,0.9235038174726191
1730402400,0.31297255617449604
1730415300,0.9758852732515645
1730435940,0.9126181389689246
1730461020,0.5294565129687034
1730475300,0.71528202193351
1730488560,0.0804160892319529
1730502480,0.8298365211887131
1730518260,0.6707290273503271
1730532120,0.45928426016635693
1730556600,0.06851896032190793
1730581440,0.08766686530869715
1730593980,0.6937286259274448
1730614620,0.8242637647081598
1730638860,0.9406532837109101
1730660040,0.9195683731023263
1730676000,0.18755752505949752
1730693460,0.7677865341508687
1730705820,0.8161605394829002
1730724960,0.13177870583098997
1730742000,0.24329790949469268
1730755860,0.6405619663802196
1730772780,0.8208583197473416
1730797080,0.0875311225025936
1730809380,0.2534607410793484
1730833500,0.5933921307896609
1730854860,0.775081978977072
1730872920,0.6246217052844605
1730890440,0.13808554218949326
1730910300,0.0167205235460023
1730935200,0.8944552157223293
1730953080,0.3451554405704632
1730969400,0.01003644878406561
1730993700,0.10774469132986707
1731018060,0.027252599691858496
1731032880,0.35117018704110275
1731045300,0.6503041631774816
1731056820,0.7285761161887996
1731077460,0.6475127263112049
1731090840,0.12561165801705895
1731109020,0.34774583511478363
1731134220,0.388476939567639
1731159060,0.891154205994379
1731179880,0.45409860439302396
1731204840,0.8660850390806736
1731216300,0.7656240573887703
1731240960,0.7500327202356294
1731253200,0.15103426026433167
1731276480,0.603454139619123
1731290040,0.7183609425452432
1731302640,0.5716485472961592
1731323640,0.4812149969658108
1731340800,0.9056239163148492
1731364020,0.6863208105095351
1731380460,0.8840062936396768
1731402000,0.934113603821868
1731414120,0.9332927329248565
1731438240,0.3162235861215143
1731459780,0.7562287396134861
1731479880,0.7193374079271179
1731496260,0.3601134015975973
1731515520,0.09420152754145825
1731537360,0.5399965241372378
1731557340,0.19750214631340157
1731573480,0.08305638766388818
1731597840,0.09909344602457766
1731611880,0.6051226979845898
1731629760,0.004720882544948077
1731654480,0.8227399927311865
1731670380,0.24335514793941443
1731688380,0.675343876155035
1731705360,0.4072914386914794
1731718860,0.7688180651469932
1731735540,0.02858784657996622
1731750480,0.9121622421892512
1731773640,0.4954254333833715
1731788100,0.6415519054992866
1731808920,0.0037462240484184236
1731833880,0.8825255123946157
1731850260,0.6891137040786652
1731865380,0.22102756037958152
1731885540,0.1280386036989317
1731902220,0.9143724366725909
1731920760,0.860560024372103
1731944460,0.8221353784664092
1731961800,0.4366212321662015
1731977580,0.9066833902651517
1731990540,0.027042417694613175
1732009320,0.9846337044349908
1732030260,0.6578457957762431
1732046100,0.35843942431959275
1732063020,0.6290683457236049
1732074720,0.7775867706837396
1732086420,0.8756178164434404
1732100280,0.10691822908474996
1732116000,0.9135545746227329
1732140720,0.010546652794620436
1732155900,0.022316586405834546
1732180020,0.541264749556277
1732201500,0.6586136084475551
1732212360,0.7679888860938152
1732234020,0.739725343625172
1732252800,0.890316062039575
1732268340,0.014671757298499326
1732282860,0.10458887637105951
1732299960,0.7884656978554789
1732313340,0.6589208044892934
1732327920,0.5628314263065939
1732339440,0.015926240772420015
1732356420,0.03235100096573663
1732376520,0.898149932519222
1732391760,0.8197637067493153
1732411980,0.054271178676792084
1732427460,0.3061011204133864
1732439820,0.8220479929060309
1732461180,0.0319267981313764
1732478460,0.866667778347634
1732490520,0.8029619543520551
1732512120,0.8990519328922064
1732531320,0.8404035591038141
1732551960,0.7044949745272305
1732573020,0.8716587617676588
1732594440,0.9281699047689951
1732613160,0.7057040125178902
1732630800,0.805802483571059
1732646520,0.7722425357471012
1732660080,0.006805415819215231
1732682460,0.6146671695926285
1732695120,0.8535761584966782
1732715820,0.6887138489286354
1732728480,0.30640059710385054
1732745940,0.8567823258009627
1732757160,0.008956559298587507
1732770660,0.9388926489832887
1732793160,0.47585976186366374
1732814880,0.013142617220328189
1732830420,0.8896192861563277
1732846020,0.33466207393415226
1732862400,0.3336004771158063
1732881840,0.7994219236188946
1732895940,0.03989172937856255
1732910220,0.7827408471965063
1732931340,0.5696316489668365
1732942260,0.7579172401258241
1732956000,0.89968996035573
1732972680,0.22163975097825178
1732990680,0.6826016182470447
1733006100,0.9263300342779931
1733022660,0.6799777059136051
1733043900,0.7314004051830254
1733054940,0.5293267618694752
1733075940,0.6396364167704252
1733088900,0.7677759378406057
1733108100,0.8440764379506018
1733119140,0.7848845403934043
1733142120,0.7347871582943728
1733164980,0.00907609999139596
1733182620,0.19357232452821535
1733203800,0.11451110035926224
1733214720,0.17363971441125872
1733229960,0.777532279480549
1733241780,0.71865655542978
1733252760,0.22711417595449035
1733271840,0.09382892779611154
1733294400,0.7472303906625702
1733317140,0.013702219699707602
1733332500,0.9262068413756649
1733348400,0.4403097055806237
1733372220,0.05722054460359003
1733389620,0.7814281237256534
1733402520,0.6932639382763915
1733415120,0.22945334560936959
1733435700,0.8178247122299592
1733454780,0.05671130750051278
1733465640,0.917562107762335
1733477340,0.7812894138362987
1733491320,0.6790023717495768
1733515140,0.5911881210583548
1733536500,0.11118296972714566
1733555940,0.7399865141420916
1733580540,0.6970900403243371
1733600520,0.0044316922639501925
1733617080,0.29771759168907347
1733640960,0.7696355789691015
1733660460,0.6029454341160038
1733671440,0.0041374243793993485
1733689800,0.9756762537654649
1733714400,0.09770844010191856
1733732880,0.6237421207777557
1733748960,0.39012103443615465
1733771400,0.08541798685252394
1733788800,0.3011714378564486
1733805480,0.5242809938167987
1733820960,0.7195008078013191
1733837340,0.6535824567941995
1733852820,0.5747961430301903
1733871900,0.9018960493387588
1733896680,0.8008967957045003
1733918880,0.8119978457440211
1733938200,0.009694597094517601
1733952540,0.8897140465594119
1733964900,0.3878586741180196
1733977140,0.7912043291403604
1733992320,0.7185453795263839
1734016800,0.9846506764545794
1734030180,0.7179553532415978
1734047160,0.7080985732304581
1734069540,0.7514478689430006
1734087600,0.989719649405569
1734100980,0.7385626247445702
1734119880,0.8952826770413899
1734143520,0.6593126214300522
1734167340,0.6617586066169564
1734186960,0.003923807229510608
1734201240,0.0832151212922705
1734217200,0.41233548223561733
1734236640,0.6550248546952876
1734260280,0.7041577792021618
1734276540,0.6361594841175741
1734299880,0.2585101078821923
1734314040,0.6304405157008152
1734334440,0.8507243762142364
1734353160,0.4605725763459133
1734373740,0.04136383062478868
1734387540,0.8532511302042471
1734398400,0.19335273504300782
1734418020,0.5393728915780164
1734429120,0.20363706086985867
1734441540,0.6734324493007081
1734460680,0.7844869617343124
1734482640,0.5937233231741154
1734505500,0.08452686826385528
1734517020,0.6276906106568771
1734535980,0.8673546974383433
1734556260,0.38985832264742987
1734578580,0.9559984195673893
1734592440,0.9219307428934926
1734610140,0.8450953469864081
1734622620,0.7240803170995697
1734634140,0.3676843440036853
1734648000,0.8371368035890282
1734663000,0.008641170692516752
1734687000,0.6836114603200033
1734702720,0.0030498152542076827
1734719280,0.8768736715353538
1734732600,0.3801044062214504
1734744840,0.2944629995011061
1734756180,0.5387239093480547
1734776040,0.17060322302464603
1734797220,0.032860479019637304
1734822240,0.8947736686305026
1734835680,0.9151287638456784
1734859800,0.04790693033765156
1734876060,0.6068298894974239
1734887580,0.336303061571962
1734910740,0.8141827042700621
1734929040,0.8200540565425506
1734941340,0.30052896516324284
1734959760,0.7212834202607221
1734984120,0.21591531784668505
1734996660,0.5095646535268107
1735021560,0.34973635626348226
1735044840,0.3834681539841443
1735057440,0.09801626002318274
1735076460,0.7348465824868161
1735094460,0.5460675396435892
1735114740,0.4901818833146504
1735134060,0.14246801688231558
1735158360,0.7451104682877012
1735182120,0.030107515726590494
1735201260,0.9803171362144512
1735216560,0.46941189044961584
1735230960,0.5868838498975252
1735242360,0.3502390228615122
1735255440,0.43089221635094266
1735273920,0.3827320798805812
1735289940,0.831814315597921
1735303500,0.8969515748562219
1735317060,0.8223548603556871
1735334940,0.007240664272496915
1735355460,0.8289503924790869
1735377660,0.8581134056020779
1735397340,0.3005113743650325
1735421280,0.7603556318997213
1735436400,0.15899173646419928
1735452420,0.05619174673754251
1735475460,0.724079975457142
1735490880,0.35616384509086796
1735512780,0.8977173570300817
1735536480,0.5835917588899507
1735551360,0.5297598557985537
1735573560,0.7939191479659741
1735595280,0.5426695880127
1735615320,0.6307257455940207
1735631880,0.8990028076621916
1735654320,0.336180803158458
1735672200,0.7173997359560582
1735684260,0.18576235324331722
1735705380,0.9028941870985
1735719780,0.5097563905931151
1735731960,0.897241116343762
1735754040,0.2621805582354047
1735770840,0.5275398753511251
1735783200,0.8990801782958036
1735803300,0.727892676548013
1735819980,0.17244685569231846
1735844520,0.004371754653209651
1735861620,0.6442115076598148
1735877520,0.8041642239750572
1735898520,0.8893872718307525
1735911300,0.8598975487393603
1735930440,0.3455773147814474
1735951740,0.09564308607839672
1735967940,0.18632357072472885
1735992660,0.5794150503960918
1736005080,0.7736618665477348
1736017740,0.051460365219469825
1736036220,0.7308754260056243
1736048160,0.020642189012093692
1736068800,0.5642627199097582
1736082960,0.7384202493989119
1736103120,0.015250127141168754
1736115420,0.6475432092091191
1736131020,0.6140227610699917
1736147220,0.26902092386509946
1736160240,0.8515045356443292
1736172420,0.9060986709490176
1736194380,0.59120392016935
1736208180,0.9367642677490959
1736224020,0.609557104787505
1736237940,0.9129194045025056
1736258220,0.7104159025011353
1736272680,0.9059189210209191
1736293260,0.4123415306864868
1736317800,0.7866418805120593
1736332740,0.9008682981824184
1736357700,0.9273702081432329
1736372820,0.6427089030024775
1736386680,0.9085476972881212
1736398560,0.617660252356609
1736417340,0.5465701459450645
1736436900,0.216456727484269
1736452920,0.808021477467771
1736465880,0.4253173441863842
1736480160,0.6861897828404494
1736499180,0.9365420807759205
1736510520,0.40665368268060204
1736527800,0.07929146813451952
1736551260,0.5086272601952546
1736564760,0.48200468897616494
1736588520,0.5833539275469181
1736609520,0.8554773571867472
1736629800,0.8079357826307771
1736654400,0.893055938004062
1736668500,0.8890570870583212
1736688660,0.8707838347167735
1736709960,0.6714726127112136
1736731260,0.8092170621869245
1736744880,0.9482933186784896
1736769480,0.5531479591407473
1736788620,0.6839825100201902
1736803500,0.9091973406046376
1736826120,0.8871951062580876
1736850420,0.863552765846556
1736868300,0.9001189675008144
1736883540,0.14064332545786803
1736903100,0.8797800867842362
1736921760,0.769788224569943
1736938080,0.5165812602459945
1736959260,0.8953276430063771
1736976960,0.8397858384572858
1736998560,0.06358803766396409
1737010560,0.2654201543230352
1737035100,0.8789143723389911
1737047580,0.8093678343263665
1737060420,0.05051167069257728
1737083160,0.9522667703714314
1737101940,0.003381589073630364
1737119580,0.2767463672151415
1737140280,0.2926260050247061
1737157680,0.8215515959250506
1737173940,0.4430468702949998
1737197580,0.7761791640663309
1737218160,0.6793654972648623
1737234480,0.8964428647832212
1737258960,0.7494833041470604
1737274380,0.3209096628171023
1737299160,0.5234483912200635
1737321480,0.6815011732272965
1737337920,0.7096962194108262
1737362700,0.1096754727313778
1737387180,0.47386793064107813
1737398700,0.7399311446230008
1737420120,0.02100377113900082
1737436740,0.9551691703651682
1737452820,0.05855144064345834
1737469020,0.9281970262121975
1737481020,0.027098188267333075
1737505800,0.888571570317775
1737525480,0.028656831620410078
1737540120,0.8884587085197215
1737555720,0.8332965138362223
1737578040,0.8271140553845481
1737603060,0.7780425305646721
1737622560,0.3185001771581701
1737642300,0.8757551491837187
1737659520,0.4309204889910362
1737671820,0.2180154488635849
1737691740,0.6812811632121439
1737716700,0.9003727032658554
1737732540,0.26495699588593197
1737757740,0.8480286648808112
1737771780,0.6667177428991131
1737795000,0.890783921845409
1737813660,0.13498201662912815
1737832980,0.5025574237232932
1737854340,0.7856619722469658
1737878580,0.43716555050446515
1737902040,0.8355432998997674
1737923940,0.8242237203685778
1737939780,0.5870480134358019
1737960540,0.010798742508006751
1737985080,0.8645988549806713
1737999900,0.57009134926293
1738022820,0.9097360985021883
1738036860,0.805258367813956
1738048560,0.13346267211516263
1738071420,0.8343011495329636
1738091040,0.0389324036956819
1738110180,0.857563224872671
1738131060,0.9263641911898778
1738151580,0.9054217247518201
1738168080,0.2406095739890292
1738191120,0.9316144113583684
1738206720,0.6030672391090536
1738221420,0.6508675579351773
1738243320,0.5009005627916151
1738258560,0.24496315221017945
1738281900,0.9019237805995926
1738301340,0.042562948482890446
1738318920,0.8987776870955579
1738334700,0.8762346624846433
1738350060,0.4453246630077578
1738368900,0.583713110404692
1738389660,0.2288185782555041
1738407000,0.30227574153414866
1738428540,0.8919459464271624
1738451520,0.011972018338077275
1738471020,0.5050751193657939
1738494240,0.01929584480863196
1738511580,0.806292030398887
1738527180,0.4912011575972947
1738550220,0.6864835879672306
1738569420,0.1471340813136338
1738590420,0.8766778218706914
1738613460,0.39443518296830715
1738626000,0.11779005097048593
1738647300,0.7580340620140116
1738671780,0.5354033069340197
1738696620,0.7646995404136905
1738718820,0.7429758619779554
1738735440,0.8270479786967486
1738757220,0.5985529610447683
1738768560,0.8098760197413954
1738791360,0.47893278812526247
1738811280,0.956195902151423
1738825380,0.7703149709457
1738847340,0.6100235149097427
1738864260,0.07048373958108357
1738886880,0.37942421210661337
1738905240,0.3821451927425906
1738923660,0.6563569931958615
1738936380,0.0036631314646261843
1738950060,0.005962709963786545
1738969020,0.012748530594700004
1738988340,0.15606282114287837
1739004900,0.9289287412786779
1739021820,0.06662161946217084
1739033880,0.9072102202555906
1739046780,0.6279820305585199
1739071080,0.7093337908021853
1739090340,0.07027735590936227
1739114280,0.8320026012753006
1739134440,0.7553292855901459
1739156940,0.3538460697038029
1739170920,0.8822934950280986
1739193480,0.916568314791232
1739211120,0.9217411989041258
1739226300,0.9760435169266055
1739241600,0.1562895570399622
1739264280,0.8388825968732285
1739288280,0.7724476521942794
1739300160,0.4300898679868432
1739313240,0.27951324112881637
1739331960,0.24881722549621368
1739354100,0.839846982118672
1739377740,0.8302241452084298
1739402760,0.7542627744989926
1739424120,0.7260747434848875
1739447400,0.5530630685857745
1739460720,0.20817453601532906
1739481420,0.9705782047896978
1739498280,0.7391673442249448
1739509140,0.7549174974751469
1739524320,0.697373910890815
1739541720,0.515399337567841
1739560860,0.8741074897295694
1739578200,0.020195023538516908
1739595180,0.2485060860403147
1739619480,0.6661306821480679
1739630700,0.05375299125526555
1739655060,0.9283754992103159
1739672520,0.7203333629886731
1739688660,0.9112478869146655
1739707920,0.7460799249502037
1739728260,0.9686876257268625
1739748660,0.9111600887223338
1739763660,0.8225321390992929
1739777520,0.9136743568444902
1739796960,0.8329890481472759
1739809800,0.7583636844209428
1739820900,0.8556198694335719
1739835780,0.5808843243307797
1739860320,0.215550330454064
1739872500,0.4503766233896622
1739885940,0.9166019850856258
1739902680,0.8521596758210144
1739927820,0.7982534537023307
1739948760,0.8250409600708825
1739971200,0.00760531276820837
1739986860,0.4256369249254524
1739998620,0.9046011458572408
1740019080,0.7775650589350888
1740041940,0.9546235097476691
1740060900,0.749206576922645
1740076380,0.9280850144466493
1740091380,0.007646573300065821
1740114240,0.7870238319023127
1740135240,0.809854041241198
1740156060,0.7275845258679826
1740179100,0.7398811501047586
1740200400,0.8313151196868402
1740220440,0.9119027823176258
1740238920,0.35805837207737073
1740250080,0.5697501869913343
1740265620,0.09125328726888801
1740283560,0.11934909718256254
1740301560,0.8912382697544464
1740324960,0.8925770167467546
1740339360,0.028095014269807903
1740360180,0.7044583924916734
1740377460,0.743405308453128
1740395520,0.6199161064012296
1740409860,0.05796822258176629
1740421860,0.005720656819816858
1740444840,0.008563652953628167
1740467940,0.5884185751060041
1740487920,0.8861437719068735
1740507360,0.8546225660874853
1740526860,0.3338084072239234
1740541920,0.7336039959108163
1740564000,0.8501712337478866
1740582840,0.9248730968178045
1740602460,0.9082238334129422
1740621840,0.0423151388768725
1740646920,0.6859262630881626
1740660180,0.7748046344872954
1740674640,0.90344234194485
1740688680,0.03418846276017323
1740711360,0.5542472735297684
1740729480,0.01226489615432418
1740744780,0.8842724998036184
1740758520,0.5866710141869167
1740773280,0.6547379110390098
1740785880,0.5950401069520609
1740801360,0.6897502525393385
1740818640,0.7850468752595227
1740836280,0.15499567939931988
1740852000,0.532333735784837
1740864000,0.7491160903674107
1740887400,0.8724488904282064
1740898320,0.7689150090111538
1740911580,0.7653929929423022
1740924660,0.71839196150922
1740941940,0.27504801937835005
1740960420,0.6140029525023288
1740973020,0.8268529104164971
1740984420,0.638250938008069
1741009140,0.12582989088664492
1741032360,0.770954388404358
1741054080,0.5560359218948548
1741077900,0.8068338367819244
1741098360,0.12038302902398865
1741123080,0.7991180907676725
1741145400,0.19670286196330097
1741165140,0.14515437942419962
1741189320,0.19027113970069226
1741204860,0.308815736765664
1741226760,0.7863821219847231
1741239060,0.7307461136372932
1741262700,0.2229730098561823
1741279680,0.7093523534421343
1741293720,0.04266190211183802
1741310220,0.6854355923398525
1741328400,0.11595287057470693
1741346280,0.7697273415741712
1741358760,0.5103325866363997
1741374360,0.8883847789783096
1741390380,0.6619645732667185
1741410660,0.06075801497377282
1741423320,0.3653151998020695
1741441740,0.7684124681456663
1741456500,0.5280361525899688
1741470900,0.4459831096358898
1741495200,0.20925088911954323
1741512600,0.8912864989186594
1741537320,0.12704190617769132
1741554240,0.43277919422196093
1741573320,0.43567348213686474
1741588260,0.4223689632491208
1741606860,0.4546947325193517
1741626060,0.5803126869482348
1741641540,0.9230989449219815
1741653060,0.7066168200764945
1741670820,0.004358730816991967
1741685040,0.041808486306835306
1741700640,0.8680922021906202
1741717860,0.5021282814405656
1741731000,0.2222990366705616
1741752180,0.10173901244493823
1741770420,0.8449465512818888
1741782900,0.8824330715036199
1741802700,0.5581352139196764
1741825020,0.7425096492102292
1741841040,0.3715850772534326
1741862040,0.9202447845106428
1741883400,0.9277061714223156
1741896840,0.8759141270365076
1741915080,0.7240369696161931
1741930740,0.8530396098641552
1741945020,0.725514394854138
1741962480,0.8163882369752491
1741986120,0.7031254383353385
1741999620,0.7743419424135126
1742013960,0.15654064167056797
1742027880,0.6094274398598322
1742042580,0.09077040004939498
1742054220,0.6213836800356906
1742069520,0.8321328340386912
1742093760,0.8913396096577084
1742115960,0.7539527388739844
1742126820,0.23779951543469377
1742150100,0.8607483695710949
1742165340,0.9136630609456983
1742178120,0.11248752386318253
1742199780,0.46752550319844577
1742222160,0.401750145033131
1742245980,0.7531859906899632
1742261640,0.7855108395526675
1742276880,0.7478284629225799
1742297820,0.33869653524467125
1742318700,0.9043052222224757
1742343780,0.023054942437796
1742361360,0.9055506420711528
1742373000,0.7296552616099867
1742390700,0.700681124208833
1742405820,0.8450689529044767
1742421960,0.5591100580275946
1742445660,0.9526177740788317
1742465340,0.056722372187928395
1742480160,0.46989962549552244
1742494680,0.6690099134374882
1742514780,0.2786060900798329
1742538900,0.7378501344568835
1742560980,0.8890615495453585
1742581380,0.2688885595560331
1742605740,0.7691325707663784
1742617860,0.5792889010965463
1742636520,0.7507507674644601
1742654220,0.4036211944610151
1742669400,0.6538174527261008
1742685780,0.6706718301147991
1742708400,0.296057599523856
1742720040,0.2183806852437687
1742730960,0.7093165178273863
1742754240,0.8288149760599289
1742765760,0.7832547177905734
1742780280,0.7863700004531528
1742792220,0.6960963108345415
1742808060,0.7440978756179333
1742823300,0.9154878328551488
1742846820,0.10668735589580115
1742870700,0.745701490753048
1742888580,0.8066478357155629
1742903100,0.3267880909451583
1742917440,0.9213406946545225
1742942460,0.2575511900056212
1742959140,0.9297307371201817
1742980980,0.7492416751977918
1742992980,0.6516504327949684
1743014400,0.4258386992657921
1743035520,0.6921357471456964
1743055500,0.861381762390954
1743073860,0.7060330699772991
1743087720,0.9474287250052025
1743112920,0.9698263991450683
1743129000,0.2269429856552001
1743141180,0.0032883777441951906
1743159240,0.8486310675150145
1743174120,0.8181172364169252
1743198960,0.8159726258734672
1743222120,0.06430745260742135
1743242880,0.5014022427722634
1743262080,0.028589937353510682
1743284100,0.8446178929676285
1743303000,0.7373985611353628
1743316560,0.5255897299146154
1743328980,0.9168102313794044
1743347760,0.646215574522876
1743361320,0.949216881298064
1743376980,0.8768406328555963
1743388200,0.4381267502058296
1743399900,0.01241043500298238
1743417360,0.012529582841896054
1743439920,0.4559686828726827
1743463200,0.39650419395509523
1743478620,0.6798354238143377
1743499620,0.4650172795064995
1743512160,0.9066810994755489
1743533700,0.9180795976267251
1743552960,0.4872668993413742
1743571440,0.6994856084675504
1743589440,0.3443734982849508
1743603840,0.7280712039874525
1743616740,0.862870842887791
1743637680,0.20609214622948227
1743658800,0.3201903212965074
1743677580,0.6018683615268623
1743700260,0.2351050688099879
1743725340,0.3657521872068074
1743737460,0.19128494279190147
1743757620,0.31916744634596816
1743780960,0.010110023709065115
1743801720,0.061446091971191434
1743820440,0.0041771397123824446
1743838740,0.3926327293266634
1743852960,0.7678700892583257
1743875100,0.05906758506997166
1743893460,0.34489217308203
1743916980,0.5207845545230505
1743931140,0.8180367601465484
1743953460,0.19143139784211521
1743972780,0.5601277735032956
1743986580,0.06547269932161397
1744001640,0.8330786971512186
1744025940,0.8020653254997172
1744044480,0.8563194742475464
1744061340,0.9430919955358145
1744081560,0.7136254377789636
1744094220,0.04622046462395693
1744118700,0.562878414671808
1744139220,0.8005630719788488
1744159980,0.34525080604503744
1744179480,0.8353665530771203
1744190640,0.8711165369408894
1744211280,0.733073967758481
1744222140,0.25638855059222493
1744235400,0.5231308347995398
1744253100,0.816672914931809
1744272660,0.9207244720791286
1744291260,0.722984670794056
1744306860,0.43693838264637136
1744329660,0.34068039179053006
1744350660,0.20109660631605764
1744371420,0.9664531001060006
1744382400,0.843789471605633
1744399620,0.45944991096518617
1744422300,0.05581399505618943
1744434600,0.861008609481956
1744456320,0.6647796431577471
1744480440,0.8013894410605816
1744503660,0.7461178935822103
1744516380,0.3093055106898565
1744534620,0.828398363300398
1744547040,0.7811736677400819
1744562580,0.1579950302773241
1744577880,0.2803466151425318
1744592160,0.5387771417320025
1744606320,0.4524294898342668
1744619520,0.021053633050594923
1744640820,0.9231302967696375
1744653480,0.7517946145858769
1744665660,0.38988087959938333
1744687980,0.8174131704360619
1744710360,0.7493929820071312
1744730040,0.011675300095824823
1744750140,0.04842875501987425
1744772400,0.8892865283347575
1744788060,0.6765793846168566
1744801740,0.9754929476194333
1744825620,0.6265455281244869
1744848180,0.688239328241998
1744862520,0.7400196706158018
1744879980,0.8341116565304824
1744894140,0.8406313116662013
1744905660,0.2098162836396493
1744916520,0.9846545219224356
1744938780,0.670462135995809
1744958940,0.6042790141350322
1744978140,0.9151477867829783
1744989600,0.81276024371319
1745008440,0.8960140889364736
1745029140,0.5494538184315356
1745045340,0.11318191037887695
1745056440,0.20105165621706989
1745073000,0.2328830022493653
1745097660,0.10245948410010078
1745110800,0.7879922035803884
1745122680,0.22283343035557546
1745135760,0.7550542342888895
1745160660,0.794848412837267
1745183580,0.31137081938012623
1745198280,0.8735495932687616
1745210460,0.848632003367009
1745224140,0.9000934824880917
1745245740,0.44393462423217095
1745267520,0.046631935594780745
1745284260,0.6569391078333654
1745299200,0.896054785694965
1745322180,0.8366408061062927
1745345040,0.6673217210580591
1745361060,0.7697136906510471
1745380800,0.6601159642432118
1745397180,0.9327855947854222
1745417880,0.8833814840410625
1745435820,0.8762220220889706
1745453040,0.37878942361509205
1745468340,0.07854234176922363
1745480160,0.39506908758460657
1745494380,0.3884828121202351
1745510220,0.7286917270353314
1745528640,0.7756220068466805
1745540700,0.9367589398988209
1745556000,0.6530328323262033
1745579520,0.6711680989274201
1745602140,0.27228920579051413
1745626380,0.008191464735189648
1745648340,0.734264633119321
1745668260,0.43551625118763315
1745687160,0.7065371556265841
1745699100,0.25164877351561726
1745716200,0.6298414487266496
1745734380,0.8904621350894127
1745746260,0.594897387933723
1745759220,0.5040010565047461
1745781000,0.5524829409390496
1745795280,0.8861656636800931
1745806200,0.10556925764959393
1745828520,0.13810976090146448
1745841480,0.011604876308792074
1745865840,0.13708104400246474
1745883960,0.5405466048710097
1745896500,0.8428719280236574
1745918100,0.3307886154642906
1745929380,0.2439165312576976
1745944380,0.40766850783849207
1745967660,0.03887326144510145
1745981340,0.5438907883431571
1746003780,0.21675043042378125
1746023700,0.9807879158850537
1746034860,0.5846804127456068
1746053220,0.9682395087125633
1746071520,0.9455268728826328
1746083040,0.15307119018791565
1746104760,0.8186888926249009
1746125940,0.8056460803991262
1746147300,0.20487404753728078
1746169860,0.23334505055797522
1746193740,0.7902397452507698
1746215640,0.8078469244772611
1746236160,0.8981874652607654
1746251640,0.6818231683083765
1746270300,0.7982667442360021
1746292620,0.7772167752108953
1746307080,0.5131125476454618
1746325260,0.841703350987504
1746336420,0.5005420722578139
1746350760,0.8544336403290507
1746364500,0.08215381346605052
1746380640,0.22644859215599406
1746394140,0.015823599941807542
1746405360,0.5817665505350282
1746418140,0.006101557289305764
1746438720,0.40133944248287345
1746456420,0.9340330551560485
1746472860,0.579499329910298
1746485880,0.7006470358076671
1746503280,0.7321324310484442
1746516600,0.9558183157674016
1746534420,0.0055434031081893044
1746550080,0.1756375536463417
1746560880,0.8807589620634226
1746575760,0.7293078444622618
1746600780,0.3505911565645385
1746613140,0.7052702187782914
1746635100,0.8647562816811135
1746655440,0.08051055192221682
1746671220,0.589315941995868
1746686100,0.4781533809980241
1746701580,0.6865904773547318
1746723000,0.5496083350904714
1746742800,0.9352996456910225
1746755760,0.8075977024297653
1746775680,0.44721008612986607
1746800760,0.8700404321510746
1746812220,0.34381991431723014
1746833940,0.7645173611254197
1746845880,0.8038033564919447
1746862860,0.6645463527955522
1746878820,0.6314489407743633
1746896760,0.862215238301985
1746921360,0.7582395458547974
1746941760,0.7976644181518479
1746960540,0.8753416506290765
1746983520,0.23822664976256938
1746999000,0.47971214150561003
1747017840,0.8366564387811132
1747034760,0.006695156450799227
1747050000,0.7873302007516707
1747072320,0.3109628227740159
1747093620,0.4709346483788844
1747113960,0.8507978342429119
1747129740,0.7186510120414291
1747150620,0.617247608624974
1747168020,0.1619154611223269
1747188300,0.8275474352862933
1747201260,0.8722241776291884
1747221240,0.9655282531311967
1747240440,0.7771644485254593
1747260420,0.7721207327404527
1747274700,0.8447229527598124
1747299300,0.28005696213820497
1747315740,0.8295434354872884
1747334700,0.2782869645053179
1747346700,0.9849460252984681
1747359720,0.4073330103050624
1747372800,0.8373232888680089
1747396920,0.7277724229019958
1747410480,0.5872608704714615
1747422540,0.9278921191943453
1747433820,0.756450116366449
1747450680,0.9046330938713818
1747472280,0.8816227062532672
1747483680,0.2954358006168423
1747495980,0.6521591875489373
1747520700,0.5196174556363861
1747532700,0.3791206169201473
1747555140,0.8673553982083952
1747572900,0.648071793534302
1747592280,0.5092531038435841
1747604400,0.02345807973794067
1747626720,0.9315351206950724
1747640220,0.05586801796737105
1747659780,0.5266887591179974
1747676340,0.529394367883558
1747691520,0.7321050922717951
1747709820,0.13418575324285043
1747727040,0.7729475337718443
1747747140,0.16887337538561886
1747765380,0.7834540639424438
1747778760,0.6583099363399862
1747800300,0.8217892876405516
1747823340,0.3693618333451734
1747844460,0.5577172408948318
1747857120,0.3044454526074366
1747871880,0.4390345523841467
1747887840,0.9780563024674462
1747906620,0.980562517038987
1747931580,0.7033835963098523
1747956480,0.5842718369461956
1747972200,0.21003517649051018
1747992600,0.12714273217878783
1748007240,0.7239455919205797
1748018280,0.48976715369148177
1748035500,0.6660704477623042
1748049660,0.9111497041976614
1748064840,0.13376394130334274
1748083020,0.8159016932345349
1748094360,0.899707831554267
1748118300,0.893461272723412
1748130000,0.11250340267623235
1748154000,0.13656470267098259
1748173200,0.7351466412731484
1748198400,0.5485862264732044
1748213220,0.9202274391860835
1748235660,0.3542185605663209
1748246700,0.5983111216095212
1748270760,0.7861254960143508
1748287860,0.8582911223701258
1748307900,0.8461208945986235
1748322120,0.6102717644684093
1748337780,0.6301299256241556
1748357520,0.053645159760856195
1748374200,0.3713584997620393
1748396940,0.829000398016184
1748418780,0.7723618047416353
1748434080,0.0678474346186905
1748456160,0.29885287454038456
1748473020,0.15086609968620587
1748491140,0.8260767780208015
1748504100,0.9078588055933394
1748527620,0.8701542663921704
1748541300,0.3821410853735435
1748565180,0.69223306225908
1748578260,0.6253496978242136
1748591820,0.690073923409418
1748616300,0.3008917600566042
1748636040,0.3317284763418615
1748653740,0.7624386296339447
1748673240,0.5023049042385825
1748688000,0.06231281588552155
1748706000,0.6373973878403187
1748729760,0.8136601821504664
1748746440,0.7383893817353443
1748764980,0.36200903787081096
1748782380,0.7260582122985249
1748794440,0.5827500410567917
1748812140,0.6603287779303408
1748827440,0.5676518533175595
1748841360,0.5570288491752321
1748853240,0.3391249822618475
1748867160,0.937113762815986
1748891520,0.8102245125547558
1748905140,0.8146741873291898
1748916600,0.777093315702384
1748932560,0.43163162169998337
1748953320,0.8323582623251715
1748967600,0.30145669777475725
1748986020,0.778345457262021
1749008460,0.3157074522196024
1749023760,0.6348446601902706
1749041940,0.9063583136241953
1749063060,0.8161391375785507
1749085980,0.02782190049480474
1749111180,0.6790829892591751
1749127980,0.563580404860935
1749152580,0.6177443082032427
1749177240,0.6523565886406465
1749198960,0.1999408985641605
1749214920,0.8930563420879664
1749239880,0.9219467372233167
1749259800,0.7182131678310086
1749280020,0.7635002770168664
1749292200,0.3867280745223362
1749305580,0.466556070177559
1749325440,0.9382115359573091
1749349740,0.9328894493913167
1749369240,0.280743989429409
1749390660,0.20085281307617464
1749403020,0.4845484357670114
1749422520,0.7691322170638154
1749445020,0.7593571742420493
1749461940,0.7229133945375953
1749475620,0.9662473685798267
1749495360,0.599958639086758
1749516480,0.501039150228673
1749534300,0.21258906048447107
1749556500,0.9459888956121238
1749569580,0.013334105576514408
1749587880,0.7725393558735167
1749604200,0.7846624555171614
1749627900,0.03261033346508756
1749651240,0.6629237316486487
1749663000,0.8256185842246704
1749676980,0.8468496221502119
1749696840,0.8494612213982426
1749719520,0.8179683074663551
1749735780,0.8219608168417286
1749748140,0.9388073671016111
1749763140,0.10944623095454184
1749787860,0.06456354673772999
1749812100,0.36631935431563
1749825480,0.7534501142093339
1749846360,0.7661312833891073
1749864540,0.2992753186752243
1749881580,0.7031645595224115
1749892740,0.926360477717891
1749907380,0.874999557509205
1749920700,0.8827642259852697
1749934200,0.8716596435662101
1749956700,0.5719246908319395
1749971100,0.005136151635171967
1749983340,0.7136230297449746
1749995760,0.8987123350982442
1750020360,0.7212859921447052
1750045080,0.733445343877311
1750060200,0.32158770716376983
1750080660,0.8314175190890213
1750105500,0.7166295909151215
1750125540,0.7664164681908553
1750145580,0.5821702355711569
1750168440,0.03997908447253166
1750180320,0.9855669453407834
1750200060,0.809728073854812
1750216860,0.3748529442994343
1750233180,0.8194064621875687
1750254960,0.9383021249338592
1750272960,0.7430771362726922
1750290480,0.8977388694551784
1750314840,0.9591427536739392
1750329540,0.9062400654133987
1750340640,0.3645563808728754
1750356840,0.0616991361386837
1750373040,0.5779361418642052
1750391520,0.9666005397750403
1750413780,0.8181102843499186
1750429860,0.2527876995829111
1750442520,0.6051475364036767
1750464540,0.7529501509174947
1750483020,0.5176569836076274
1750506120,0.400089592211663
1750519020,0.27698146136868146
1750532880,0.6329112465914551
1750547700,0.3467239862575797
1750564860,0.33725942797081626
1750587120,0.16405781360477165
1750609080,0.40641448938408464
1750630380,0.9236772281476242
1750650300,0.09086893934987617
1750665480,0.3593187738281137
1750681920,0.32675047351313435
1750698720,0.6353019267982543
1750715160,0.16661769532948084
1750729020,0.9315057910250009
1750743360,0.40300248655578874
1750755000,0.8439691528888688
1750774380,0.3584387042134631
1750799460,0.9774507696725436
1750813620,0.9714803822671919
1750838520,0.32518906702017714
1750854900,0.5360180713993346
1750872600,0.8961700941861086
1750886940,0.15878060272421468
1750900440,0.7093756343670783
1750912920,0.4052787938625471
1750928160,0.7044587501367493
1750951200,0.8392407874116544
1750964340,0.7099864631869517
1750984260,0.14016178342170516
1751002260,0.823846602046888
1751025000,0.4337425885718377
1751037360,0.9332033900498083
1751054580,0.8508637687175208
1751074020,0.013127545458457256
1751091180,0.23766293710943714
1751110800,0.5189796998447498
1751131200,0.7843784472444939
1751153640,0.7682976369800825
1751173200,0.7458110570105143
1751188560,0.784288091212362
1751201820,0.802354345668836
1751215980,0.7405484976109645
1751235360,0.36898563745323093
1751256960,0.9095645662611563
1751281260,0.37613831690838
1751303220,0.8301598857918784
1751321700,0.9179492901598012
1751346480,0.7219418559757249
1751370960,0.8815044989478078
1751387280,0.038405608661024555
1751408400,0.7689449066452431
1751422980,0.4230261667473451
1751443680,0.19471367471833728
1751459280,0.5249854905251894
1751472360,0.42845105989158516
1751485980,0.10112479054636325
1751498040,0.6925432549662613
1751511780,0.9075802001407154
1751527440,0.06919789536201969
1751541060,0.6038994719762907
1751556840,0.4882048727349622
1751581260,0.492273436625575
1751595120,0.8973984300415722
1751619900,0.407698234158496
1751631780,0.5183495674310021
1751653380,0.12811308094793156
1751666160,0.8382440574763301
1751677080,0.7868663583480912
1751701860,0.1697071396490744
1751713320,0.8007678784221799
1751737980,0.0017476166745046186
1751754600,0.7635240273429476
1751768580,0.22599222316101766
1751785800,0.7989690232184116
1751802420,0.03306115371017923
1751819220,0.07786639258385918
1751834700,0.6646932221336634
1751848320,0.32533398291741206
1751867400,0.8955358515607167
1751891760,0.7321706418676552
1751909880,0.7332209576598534
1751930880,0.9777627136185967
1751952000,0.8073516372083201
1751967420,0.9873298915014168
1751988000,0.9378314412629949
1752000060,0.8814558287366316
1752012600,0.1667939161915167
1752034380,0.5848007650027301
1752050580,0.8018356425102373
1752066360,0.36874464961238196
1752089400,0.5700401671679259
1752109740,0.011981783277717931
1752129360,0.48171995997357564
1752145740,0.5153028509725355
1752160800,0.012091332554686189
1752181740,0.8760189975505807
1752201540,0.21882901206027908
1752219720,0.9101815895304881
1752240420,0.5679065193664083
1752262740,0.3165058187910103
1752283440,0.023632472467536185
1752305760,0.15872889188207395
1752325620,0.8999986700235704
1752336420,0.6117354338026701
1752351120,0.7622357871697314
1752371400,0.9782775893243275
1752386700,0.23991604484276374
1752398640,0.011119577165004054
1752420240,0.2125117965216763
1752432300,0.8950804845249616
1752456480,0.36517587874597757
1752470760,0.09486800088454933
1752492960,0.5296849118471777
1752504060,0.27714085186407816
1752522180,0.6983394822430069
1752534600,0.0026601526069732935
1752552000,0.8323276460753157
1752575040,0.24730217271240673
1752597360,0.8884795704041764
1752612060,0.026126756030731377
1752633420,0.9063950188651655
1752654660,0.9009153056276944
1752672360,0.24039113112315072
1752684540,0.8720056062115086
1752700200,0.8084927653961893
1752719700,0.8418292266813762
1752744060,0.7912391177296054
1752766140,0.2731077430382551
1752784560,0.7564331100067802
1752801240,0.7838421881070979
1752823980,0.7229008952335599
1752837180,0.8681558902553499
1752860160,0.9206212069165189
1752873900,0.8703735291143209
1752885600,0.8747615802231011
1752902940,0.42877479330552215
1752914700,0.7638166316632172
1752927060,0.7781112371352921
1752946440,0.31726102563909725
1752959400,0.8897873374384612
1752982020,0.6280373307453049
1752998280,0.8299110585913159
1753010520,0.23384747283021176
1753028940,0.2256324061498785
1753043460,0.5133819577162774
1753065960,0.6813823634612635
1753077300,0.8838103585036811
1753100400,0.9515131916275448
1753114500,0.5300772943416804
1753135380,0.1777071346275671
1753159020,0.7537072581345665
1753173060,0.6947874169564824
1753191240,0.3161823673060756
1753205280,0.8769541150156058
1753219500,0.4297897008031048
1753233540,0.5412966710597391
1753248240,0.7478189109632738
1753263120,0.4738450657122186
1753285020,0.7269742385242933
1753304460,0.3947901314743406
1753320600,0.33538156905814515
1753340280,0.7819723742793012
1753364700,0.772348341042993
1753381020,0.19211009400205784
1753396020,0.8031229845603622
1753420740,0.9096566149742187
1753435260,0.08992499128218673
1753451820,0.6764300086667482
1753463400,0.5630405942430043
1753478400,0.7902118240455391
1753494720,0.005247460389310682
1753510500,0.644733408326366
1753527660,0.8208634721222502
1753547400,0.9291138092960125
1753558440,0.8590707163517458
1753580580,0.7111015056412479
1753595280,0.3372248217656463
1753618800,0.03997636382684347
1753643940,0.5660522094602308
1753663620,0.6168597853605878
1753674720,0.5768109943964254
1753686300,0.2343220061922082
1753707180,0.43635422128128665
1753732200,0.6084142488888992
1753750260,0.8758664846359029
1753773840,0.7718923869557639
1753793820,0.7829169815517822
1753805700,0.6850247256082451
1753821480,0.9477339431910016
1753834080,0.7684066136188792
1753859220,0.19645538866187137
1753880160,0.9173075905798014
1753900380,0.5204228402021104
1753916340,0.6408835346734884
1753939260,0.3506929142649891
1753962780,0.3478935822694354
1753982160,0.5580889979831323
1754005020,0.5508900677588526
1754022540,0.6580903487340488
1754036280,0.28614837346699395
1754061120,0.5354194296546739
1754081340,0.809087868509276
1754101020,0.3865261617865078
1754120340,0.8691895197554801
1754133420,0.5503760514321294
1754147340,0.9651429253054046
1754161980,0.30316305536836685
1754180940,0.7545916956269246
1754202720,0.8483799220536161
1754220480,0.2589676195643934
1754240640,0.10030794359166234
1754258880,0.4378059732464892
1754275260,0.7818448626630723
1754296740,0.8945560183118065
1754319780,0.9191128995340311
1754337480,0.10409210338699922
1754349720,0.4489201673581044
1754371320,0.6829679959895423
1754394780,0.5193783808448751
1754409660,0.9538081781302372
1754428140,0.9243718372059081
1754445240,0.9571793759437468
1754469900,0.8145442569304975
1754483340,0.04893298449673922
1754498580,0.9243219793791426
1754522580,0.4348605125534562
1754541240,0.6956566149017066
1754562540,0.03563526448596416
1754579820,0.3731429011664026
1754597280,0.24982472485458723
1754616840,0.9895945756833865
1754631840,0.7952349212875929
1754647920,0.5994636278077775
1754669280,0.7690371504586309
1754682780,0.7509731973832544
1754706840,0.1254051577426025
1754721240,0.18082302522669996
1754732640,0.1526580025081315
1754755980,0.11996717719467405
1754771220,0.8252758107914677
1754789220,0.4662489222879373
1754811720,0.35440765703660077
1754833560,0.5607389985319243
1754850720,0.8306527900855076
1754867220,0.019876430659944946
1754885220,0.9042539889058181
1754897280,0.27146142368567894
1754908800,0.48788519788874507
1754931300,0.9075679795757357
1754942940,0.913188501172155
1754961540,0.9199558463919236
1754972520,0.3424777300038959
1754987400,0.7043184706297259
1754998620,0.6935704667155762
1755011340,0.574848294068105
1755027900,0.5780567021581173
1755050940,0.6836818867006628
1755068280,0.22606417781670018
1755082380,0.8323425226194718
1755101160,0.8049595946133227
1755115800,0.900596288651796
1755130500,0.21189596596870952
1755155580,0.007156027691127916
1755178200,0.9899033001475218
1755198300,0.8732288623932744
1755218100,0.5415183764585397
1755242040,0.7331243681193982
1755266460,0.44075599522703224
1755277620,0.6435152287019501
1755288420,0.45638327077540003
1755299580,0.7672237423443914
1755312840,0.8290325774095694
1755333960,0.5255483217065848
1755347040,0.3050744083745882
1755367260,0.22293716766871735
1755379860,0.5899898435474492
1755390720,0.5210309035984686
1755409740,0.05759474279926051
1755434160,0.5165021479531713
1755446640,0.44144693105363253
1755457620,0.7846994250160595
1755477600,0.959319587005821
1755498540,0.9197438082559521
1755522540,0.82222600113919
1755539040,0.9717856514335748
1755549960,0.7806304936978569
1755565440,0.896378142872702
1755582300,0.841479468213209
1755594180,0.14527622024483022
1755607860,0.6807471273803496
1755628620,0.6409043372659681
1755647880,0.6513241440699623
1755670620,0.00276392622687508
1755690420,0.7822724467757856
1755712200,0.893824987784833
1755732660,0.7685105581570201
1755747000,0.8996863435863754
1755767700,0.874751978635963
1755787140,0.8865649843029805
1755803820,0.35167805022850407
1755826920,0.9048543711327945
1755839700,0.013532011092957116
1755861660,0.760582252458877
1755874260,0.02118037996645497
1755893160,0.892023114141993
1755906120,0.0801997863308449
1755928500,0.9209145446161375
1755944940,0.5701765914053561
1755966120,0.43543008633231894
1755977100,0.10645744604117818
1755993120,0.692952167692394
1756008180,0.698013611653541
1756033380,0.7827212311331104
1756057200,0.7371242780901254
1756069140,0.8165435498906435
1756080720,0.8370306236732762
1756099980,0.1042552153050114
1756121700,0.883543012445917
1756143900,0.18043531519782252
1756158480,0.7773516568714646
1756174860,0.8416349334599197
1756199040,0.27829603959910915
1756219800,0.9290037872438095
1756231920,0.9035810017812913
1756254300,0.9868795892706137
1756279500,0.9495759027033593
1756292280,0.9655186292200084
1756313820,0.7595451922241965
1756332960,0.7741791975575419
1756349700,0.765802133939591
1756365900,0.3580070352769948
1756383660,0.7520505819579855
1756401480,0.2583747591221919
1756425840,0.9526044876023421
1756437960,0.6944694100827788
1756461960,0.8041661733350225
1756479540,0.2281670307033216
1756495740,0.18760808966234926
1756515060,0.6782891108122259
1756526580,0.009067543388194921
1756545540,0.7594449282384814
1756568940,0.9701054512303032
1756591140,0.0836310593062334
1756612920,0.24623693004107183
1756635900,0.5823061534398897
1756659300,0.8325303975916486
1756681260,0.016016462370328263
1756704660,0.6996660489131059
1756715940,0.789236702823557
1756737120,0.10168986128948465
1756751580,0.7185899124731238
1756767900,0.9266496106467514
1756792380,0.7675801505898783
1756809060,0.024181059146747407
1756831320,0.6342238753228803
1756846680,0.45880457047322154
1756862520,0.4840360407333192
1756874760,0.6905558017983192
1756889700,0.16363666712905944
1756904160,0.9693991336130261
1756924680,0.9507646500081546
1756948560,0.8513593275933425
1756970040,0.3558505122568237
1756982520,0.27258703944287277
1756999860,0.6356374440303153
1757022000,0.251002879245544
1757041620,0.02356997648384023
1757057460,0.6885045574679431
1757073180,0.005993797487425017
1757097300,0.5287166607568188
1757115240,0.7093446489922098
1757127300,0.14380874405932326
1757141280,0.7512911033717707
1757153040,0.9584163854046968
1757170020,0.9151346098449211
1757181000,0.8209128428510911
1757205900,0.29547597085167304
1757229240,0.7576520263963247
1757247240,0.6146243877212756
1757272020,0.8669207587118651
1757284860,0.8449686667587238
1757296200,0.5080521279969944
1757313600,0.5633829169900397
1757335080,0.4463421529419291
1757360040,0.7045620697428967
1757371020,0.2125317499529368
1757389020,0.7290980827849294
1757402400,0.7218230226229408
1757418060,0.13794779454502096
1757430180,0.7189243826652626
1757447220,0.7975111847152264
1757470920,0.06041915263113733
1757493840,0.7022290823864965
1757506860,0.32082894353991814
1757520060,0.002664867774555785
1757531220,0.8908588878903584
1757552040,0.9073439147544984
1757575740,0.7457406762572689
1757596800,0.9013070105429927
1757619840,0.12443762602705022
1757639580,0.6439833225096503
1757651280,0.40337341666961146
1757665020,0.28921217929909165
1757679540,0.8994595922572391
1757694180,0.6268268666603463
1757711220,0.29621669798997247
1757729760,0.7182783743982117
1757747580,0.6367979134057149
1757772420,0.4395965592599883
1757784900,0.7980148769017622
1757800320,0.9187303520175022
1757815680,0.6761437772583067
1757827920,0.7931577977022486
1757850000,0.8645692703963674
1757873820,0.5689067577491551
1757898240,0.05821948060031834
1757922000,0.20345018793525727
1757942220,0.7725578200241643
1757957100,0.3997572090958714
1757976660,0.15070924400517563
1758001380,0.2588812617162119
1758021360,0.5756495985744425
1758038280,0.1758355053912434
1758049860,0.7123810035065306
1758062520,0.004618933408329222
1758079140,0.6264886406620964
1758101580,0.6917499026585493
1758121140,0.7594445959053427
1758141060,0.6100344596713211
1758160740,0.6142708710044049
1758172080,0.7536884820726769
1758188160,0.7644909920057754
1758203700,0.1153925641265254
1758218520,0.5691503087113365
1758231180,0.8087644968907323
1758254280,0.6248876044248228
1758279360,0.2922516450020668
1758293640,0.7079931646906173
1758315060,0.5795470212984437
1758330000,0.687267868531622
1758351000,0.6757793830379049
1758367860,0.9170062935833871
1758382920,0.7355399598486109
1758395580,0.7176362683201973
1758416160,0.7059053831814501
1758440760,0.0894588617005446
1758455700,0.674728396210214
1758470880,0.14613180683960658
1758493140,0.7705234817957666
1758505560,0.7881877358425311
1758522900,0.013216259798265358
1758535800,0.7496395584551596
1758549540,0.5595843206602148
1758568620,0.15276180381325818
1758581280,0.769062424740751
1758603240,0.4083736775356544
1758619560,0.13116318281449066
1758636000,0.8774957880663441
1758655080,0.3719501771337716
1758669600,0.002879051902185303
1758688500,0.26000318140030504
1758706200,0.02644438656149077
1758720660,0.020710838451984202
1758742920,0.884250826535006
1758755220,0.8685184963060639
1758772380,0.8452850812313852
1758795900,0.4167949418548069
1758812400,0.844062292484348
1758836580,0.23010203557001688
1758859200,0.10231038394994386
1758870960,0.7530059161113268
1758892980,0.7959783312154759
1758911160,0.9888183819659642
1758932100,0.7457837902715828
1758955560,0.30307022400128786
1758971280,0.6939986755154322
1758992340,0.4816300940841852
1759009560,0.5316560231255947
1759023240,0.22564712498761458
1759048380,0.6952024337821723
1759064640,0.6829998891164886
1759089600,0.8879442340722246
1759105740,0.9530098372976982
1759130700,0.6585338801040539
1759152300,0.6567771823992322
1759168800,0.01337309086417463
1759191180,0.6908136893355131
1759212000,0.7053885375273872
1759225320,0.016111342737615858
1759248780,0.7412498973261035
1759263720,0.7759981099196578
1759287300,0.9085634211429362
1759300140,0.40158632071138395
1759321860,0.73832854745024
1759345680,0.8646933809337494
1759370760,0.11886768415315364
1759388040,0.006903900271115443
1759400640,0.2186134682096541
1759415820,0.03834129762750611
1759426740,0.07850789567886085
1759438620,0.2533310450928571
1759451760,0.2881728213942051
1759467540,0.8751522591615908
1759479600,0.11263628534080537
1759494480,0.864570992603048
1759519140,0.42494998915070364
1759534140,0.9103448736069737
1759549560,0.7651577550241717
1759566600,0.8465440432637096
1759581960,0.07274800566286958
1759603380,0.11369193301512455
1759618140,0.6683291763554278
1759638540,0.49783140268189285
1759652700,0.9116960625940959
1759668960,0.812374051427724
1759686000,0.01743029562764407
1759698600,0.4863006629592479
1759717020,0.6354020992900467
1759729380,0.23657969840859905
1759753800,0.697763686954165
1759764780,0.3241555825499919
1759777320,0.7326502827939513
1759798500,0.7561283872634967
1759812960,0.4917687643712713
1759827420,0.3185916145508472
1759851780,0.8291163997704094
1759868940,0.33178375334122767
1759880340,0.19224432570181374
1759894680,0.5922598357355336
1759911060,0.16923334965659112
1759931160,0.16266810228178272
1759952520,0.6435772446172999
1759974600,0.46459584101410184
1759994400,0.28149622646562344
1760009880,0.5437833350734089
1760027220,0.7538955581963125
1760044080,0.3766447976122683
1760055060,0.7466127615413857
1760066340,0.4636478909188996
1760083560,0.8832601076287809
1760104320,0.5106992809040397
1760116740,0.9601624758984901
1760131380,0.0313534850290816
1760146200,0.0016939508528936152
1760161260,0.31864853320392816
1760181600,0.7946996584327624
1760205060,0.6079738313797926
1760221500,0.4321799948059156
1760241480,0.485989212138211
1760262960,0.8066396195819303
1760284560,0.14477356319116386
1760296260,0.071098604784505
1760307960,0.7617179984129493
1760326320,0.8290496035763377
1760343420,0.5720055184677226
1760367060,0.003909157419775172
1760388180,0.7357149154043283
1760400180,0.4675090158908485
1760411460,0.1064220008700056
1760434680,0.26360332871265113
1760448420,0.7716947102473095
1760466660,0.9253785689712677
1760481060,0.533691198407991
1760494620,0.7686982365768402
1760519280,0.8660331778976836
1760541480,0.7457436562075296
1760561100,0.9862081108929883
1760580900,0.7908122202877772
1760597040,0.5628581431711059
1760612640,0.2730650032463466
1760628360,0.934519658725299
1760648940,0.5671542873512494
1760659860,0.018080654806667096
1760671860,0.8487393045122414
1760696880,0.6960660483545259
1760721000,0.21079378061644924
1760732880,0.5611476011869503
1760753400,0.6757199224139978
1760765340,0.6169108863423922
1760783700,0.7568860913220296
1760805120,0.8367870806632154
1760824260,0.3932734067611409
1760839620,0.6774813594383964
1760852940,0.7683572632545924
1760877060,0.795048126746154
1760892540,0.8573571233250165
1760912100,0.2543448549456636
1760924460,0.1036692633958843
1760937300,0.9420138192072398
1760953860,0.8604968199706668
1760976300,0.3976970740475585
1760993880,0.9706548717056868
1761016800,0.5079522207203503
1761029460,0.22778440508462292
1761044820,0.8414734109681298
1761063900,0.10263175238975823
1761088320,0.8525619488148061
1761111900,0.9739190435598115
1761134700,0.685785034821838
1761156960,0.24106350708849436
1761174120,0.6769425072703941
1761198180,0.8697018798296473
1761215220,0.8828411769409352
1761227160,0.09667732963909673
1761239580,0.869126411353734
1761253260,0.5330875229025179
1761270300,0.03263344941874387
1761284940,0.9224663216751097
1761305040,0.7985443888685118
1761322200,0.7738666110467775
1761343620,0.22658619227313892
1761365820,0.7980189890561022
1761379140,0.5382401000761655
1761397560,0.26012683197314335
1761419760,0.7489628099015637
1761435840,0.9275129855995511
1761460500,0.650815594154023
1761483480,0.32472844769441617
1761501660,0.5447740043377691
1761526860,0.8497997368849635
1761540660,0.7369995040970321
1761558180,0.9135570203507413
1761582060,0.30550127486206086
1761596820,0.7460735723604306
1761607680,0.008289712184943829
1761621900,0.43925955774967773
1761641220,0.7795313788742952
1761654180,0.9334690265931115
1761678180,0.8451832414068319
1761700920,0.945394698407967
1761725760,0.27254159470390416
1761736980,0.7554273030031948
1761756180,0.8422634956378046
1761769740,0.5400967433863545
1761785100,0.5783289388772767
1761802140,0.8673810083985454
1761822660,0.44160998874627316
1761837000,0.36569789323358964
1761849840,0.8433531763519652
1761868140,0.8559915791041223
1761882120,0.8353458567314334
1761906480,0.1656926170107356
1761928560,0.8692675298477839
1761949500,0.8697634224481783
1761969780,0.8330062178562468
1761987540,0.6643610876746244
1762003140,0.6828012211747345
1762025280,0.48983078976964745
1762036260,0.8513504056220728
1762047660,0.005549363622756386
1762065300,0.007729006441801395
1762076100,0.2701696358100619
1762095960,0.8572635043620442
1762109520,0.8771494216908828
1762129980,0.07494087267444909
1762148220,0.2575374690357395
1762159080,0.4101364409098625
1762171020,0.724006575524592
1762182840,0.48987256488003794
1762198320,0.027064239768596014
1762210080,0.8379534865491876
1762221780,0.6961045025839989
1762236060,0.5570592765190272
1762251420,0.8396690911385637
1762273680,0.9474664227578906
1762289400,0.05077724763375324
1762302240,0.9654582386254931
1762314840,0.5441101038215705
1762326840,0.19114759554863975
1762346100,0.5112795149197089
1762357800,0.7655780450432459
1762372680,0.8519600454319726
1762392120,0.8743754792099565
1762404360,0.8236476890424511
1762419540,0.4582305582882741
1762436760,0.475112070308339
1762457520,0.7047617419373985
1762470960,0.04200591005596265
1762495680,0.030117642449862883
1762507620,0.2915873544919961
1762520940,0.31626013495459554
1762537680,0.85743300505959
1762561680,0.19566367952024974
1762576860,0.10263188346136577
1762589400,0.6675724510041893
1762600800,0.7746703039918147
1762618380,0.003971731936964196
1762633860,0.7570283112049984
1762656480,0.8273218917379523
1762675080,0.13177776420163032
1762686000,0.9504042584206815
1762705860,0.43503393811000746
1762728060,0.28759227223857753
1762746960,0.33363085445368357
1762771380,0.08369693213395445
1762793700,0.7206616946716332
1762811400,0.8736439640091754
1762823640,0.8094804786491805
1762843620,0.1811364312963465
1762865580,0.7859584496580041
1762879080,0.8836000823310743
1762901880,0.9047012892644788
1762918740,0.8098088347614788
1762940580,0.7199375469675886
1762965420,0.0716937490163957
1762984920,0.8583088055996784
1762997520,0.8437995893123978
1763009160,0.5863209251312453
1763024760,0.8678618736499278
1763047500,0.8833152301600439
1763070300,0.6999332547667716
1763094180,0.7372678912950571
1763113920,0.7929066419570764
1763125680,0.8228403768313344
1763139360,0.2612624230114938
1763161080,0.37958344286238355
1763177640,0.042455052131316874
1763198640,0.1782109992748291
1763211180,0.7701479368174482
1763229360,0.6770970731925712
1763252280,0.15059617972198322
1763274480,0.7564045354237855
1763292840,0.8457791412374788
1763305200,0.16327030875500975
1763324160,0.14948517196048705
1763340480,0.32310814982468755
1763353560,0.018809120267991766
1763367600,0.8532408479330171
1763383500,0.8772955731941181
1763407380,0.40709657176105707
1763421540,0.4996868461895717
1763439540,0.7550106004906079
1763457660,0.4213527750821561
1763481420,0.006208125810371442
1763499780,0.8618341605879831
1763521920,0.7458593216875598
1763540460,0.793337034788018
1763559900,0.9109137236280692
1763579400,0.9380520467422224
1763593740,0.34116275377509403
1763614140,0.3520945496679813
1763627280,0.35035453359273716
1763651340,0.9647306705285399
1763676120,0.22099486886645525
1763692920,0.6175660174676851
1763714880,0.7248037524893381
1763730360,0.16872629220834715
1763746200,0.27806200480242776
1763758380,0.9384162865168624
1763772600,0.2732993192044825
1763795340,0.3420276596197588
1763807880,0.8630139330759042
1763831520,0.7266809813607634
1763851740,0.3779710560255813
1763863680,0.17478785467431793
1763885400,0.8448032690848624
1763909340,0.9214091414005189
1763921100,0.9442834794128003
1763936460,0.8050031057462802
1763952180,0.4219077447618888
1763965020,0.748606953708696
1763984340,0.5645266233009759
1763999700,0.4621229375024786
1764010500,0.5003970981099191
1764028320,0.9302746091356373
1764046860,0.30491627609556804
1764064860,0.055379666618461616
1764078900,0.4437561550953742
1764103680,0.7994014312409673
1764122640,0.8799394071490961
1764144300,0.8621946634886657
1764162360,0.28985725018816
1764179760,0.03222304927352696
1764198840,0.32211476577002934
1764217140,0.8221989771903062
1764232740,0.7502811820290504
1764245220,0.3876310094681025
1764265920,0.7024629354552184
1764276720,0.4365159633775968
1764299340,0.27206926158714306
1764324240,0.9612150076629471
1764349080,0.4976253691641221
1764364500,0.439481849510861
1764379260,0.893040422831879
1764392760,0.7382118153796563
1764416760,0.04294211677596404
1764432960,0.8681720479347441
1764454560,0.8726661031280035
1764475080,0.7168520736400842
1764488640,0.931877268781718
1764503460,0.2601509867015674
1764526380,0.7016250367665232
1764549960,0.26132385907177264
1764561240,0.4782026344259572
1764578220,0.559833762021003
1764591120,0.8313929643957728
1764613560,0.31092759038080964
1764626100,0.6950478002144824
1764637260,0.7887271173751252
1764653160,0.1059442746177587
1764676920,0.20298825936900103
1764694380,0.5928641688404606
1764714300,0.8407674866991997
1764731760,0.100090380510235
1764753360,0.7617284433546941
1764775500,0.451883028982758
1764794460,0.8502127303908396
1764806700,0.7542077369798732
1764824340,0.8705184714057388
1764846540,0.7076684226722879
1764864900,0.3704642938731541
1764889320,0.4519678961969888
1764903300,0.41930561628280566
1764917940,0.7882766959812089
1764932400,0.16731024987668175
1764954600,0.33023184304067876
1764977940,0.887960280773284
1764988860,0.6160639888404886
1765009620,0.789093783470453
1765029900,0.7403702097394412
1765047540,0.9885251963208023
1765069200,0.7525321252211503
1765083660,0.6153062743536605
1765108620,0.0654526641437638
1765122360,0.4269816161700903
1765143720,0.08102767066778155
1765164540,0.7572055004675415
1765179960,0.4573370937860653
1765191780,0.9733596212719974
1765206780,0.7866711977124927
1765225260,0.8927824043934492
1765245780,0.8752517305987365
1765267860,0.08843028728856842
1765289040,0.6827434378792553
1765313280,0.14148185707338393
1765332300,0.1353972576436268
1765349340,0.7344918505659174
1765370640,0.41627371387258966
1765383060,0.6611898996069907
1765401720,0.30174252576216554
1765418280,0.7767521029516545
1765429260,0.6948228978377502
1765446300,0.7839596322705654
1765465380,0.9255797166357397
1765484280,0.3131503217974546
1765508700,0.9886478204027531
1765529400,0.4416273694621429
1765545480,0.360720637282573
1765568820,0.9215558229423416
1765592940,0.38954454304563385
1765606140,0.29790952079624583
1765618020,0.8676634898758755
1765636140,0.7115920512699199
1765659300,0.6398107268685252
1765676160,0.4877417611380215
1765700340,0.8882911197076718
1765720260,0.9340686931001552
1765737300,0.9673024624344643
1765751220,0.9059020683354841
1765765860,0.5483023122944001
1765787340,0.6964533113932913
1765803960,0.5520673286009418
1765825740,0.539691593395367
1765842060,0.6272267328036475
1765860480,0.7753124283727275
1765872540,0.6974462605096029
1765886760,0.6850384931234095
1765901580,0.18768263910295477
1765924020,0.05387830649975565
1765936380,0.7454058239670085
1765959780,0.9539826985123122
1765983060,0.9771889341169019
1766003100,0.007455544115834443
1766028060,0.5295748736989346
1766049720,0.05433464005077291
1766061780,0.6347690884339691
1766083140,0.8839057210573208
1766095320,0.9794025218838066
1766114220,0.25263221405223546
1766131020,0.11170569256079191
1766153640,0.4890837468180885
1766176740,0.7662474060492555
1766192640,0.04060326184046607
1766208240,0.01815575680748281
1766223060,0.9832652754112252
1766243220,0.3946960210560808
1766265240,0.9610877254690424
1766285340,0.8680303967452955
1766298480,0.23438283497630263
1766314020,0.7815492860345101
1766326260,0.004971175795294769
1766344980,0.779684060278392
1766356860,0.29592863544238607
1766375460,0.8520827476891029
1766389920,0.09228394304058747
1766410260,0.9393978756787411
1766432580,0.8076299262608425
1766457300,0.8063515729585974
1766480820,0.9656249317750542
1766499000,0.6321972676390986
1766515380,0.7660969422553191
1766529840,0.4625680683787248
1766552760,0.06874420330880765
1766570520,0.6394154433939239
1766587260,0.15931702839014075
1766601180,0.23007863971344564
1766623560,0.6679363912986479
1766642040,0.7873915298345822
1766653440,0.5846837655429042
1766667720,0.8262863187363559
1766692260,0.5777373255476733
1766704020,0.939249305681943
1766716680,0.34470102656566504
1766736420,0.538894884641603
1766760420,0.706936185882621
1766771820,0.40859625648192965
1766795400,0.7543159896384226
1766814720,0.25694445091812507
1766832840,0.824062786966858
1766851560,0.5538741199975928
1766872740,0.8015720171978424
1766889960,0.3426256235514048
1766902440,0.13974025546878963
1766920260,0.9305029616293254
1766943420,0.01624727830274278
1766955420,0.14525666132460485
1766970000,0.829377831863154
1766988720,0.786276042393263
1767005640,0.1997558598974721
1767028800,0.9014028880011065
1767045960,0.8898867076114901
1767069480,0.6826350855745159
1767086700,0.018184083484796353
1767104100,0.21598455474720538
1767119460,0.1099161799642201
1767142380,0.20053544404757187
1767164460,0.3157939768781845
1767177120,0.19137647312744027
1767202320,0.4946201855120766
1767218580,0.7660072897862297
1767241920,0.007318097592879009
1767257580,0.27953666028261165
1767273780,0.6216452459282881
1767295140,0.8215148816474694
1767319080,0.09749344635604756
1767343680,0.8316723912487841
1767365160,0.905727620986677
1767382380,0.008120267132543088
1767404160,0.7457786984074906
1767421680,0.8200608665358256
1767445860,0.06330156898979403
1767460620,0.920503940575056
1767482280,0.6723030515814573
1767500340,0.667792697529061
1767522000,0.5275854533615578
1767535620,0.6367570735003066
1767546840,0.863874943211246
1767568440,0.0808675300251064
1767584100,0.8339407569709671
1767602160,0.8668177054112131
1767617340,0.21285492843850934
1767641460,0.927154779797356
1767655200,0.3745419671559337
1767674520,0.9821183448988569
1767697140,0.7232906208626528
1767708240,0.8988450530991859
1767720660,0.9453093999574163
1767743280,0.6351125885815492
1767760440,0.2176344584478293
1767778620,0.8835324749496444
1767800520,0.33169775616605596
1767825300,0.4915970881741196
1767838860,0.003898678304711488
1767854220,0.8821916552384668
1767879240,0.8525335076771152
1767900480,0.002549816997364734
1767918780,0.007265700557890097
1767942240,0.938395485555494
1767962460,0.7131413949483968
1767978120,0.16355119793472123
1767997920,0.771104607227678
1768016580,0.92295621834927
1768038240,0.737991655594747
1768052640,0.6083433092286213
1768072560,0.9799622987940755
1768096140,0.8473810395559421
1768107180,0.7274258096498818
1768118580,0.5388301273589962
1768138740,0.24127881467711396
1768163820,0.9119388363620519
1768188180,0.05119939797256456
1768209060,0.7692120180306116
1768226700,0.8311731209674267
1768242780,0.8054974197685842
1768265280,0.8879609037075904
1768289100,0.3198319792021473
1768311900,0.993608753710139
1768327440,0.1868605884121777
1768338240,0.5101518422639129
1768349220,0.887892545870581
1768367760,0.44657012220652864
1768391580,0.46620058392326347
1768410540,0.2546747987693993
1768432980,0.9933045449344782
1768450800,0.6098805820701682
1768469520,0.009935188313051084
1768485600,0.8713419496739103
1768502760,0.9173711222437997
1768516320,0.35576025440779613
1768529160,0.6658408008253585
1768551840,0.10323609017034592
1768566240,0.9353358794213973
1768581720,0.05069574408486688
1768593360,0.8011279502091067
1768618200,0.7322587708875871
1768629300,0.7648762072124078
1768641300,0.9677003500372496
1768662960,0.6339842441879353
1768678800,0.32014598614857737
1768689780,0.21634727764064282
1768707000,0.6786430390952929
1768729200,0.5467024337909213
1768750860,0.5498412113910156
1768771320,0.5399241238218481
1768791900,0.9256346936708357
1768813860,0.19213419636291218
1768837680,0.283721684338352
1768861080,0.16096495930482096
1768880820,0.9274653704010988
1768902720,0.3892516747329835
1768920900,0.9624774068636863
1768940220,0.9362538079027967
1768956900,0.8581636119429581
1768978560,0.8899925218724611
1768994160,0.7223620067068451
1769009580,0.8040186740046198
1769024880,0.6988655603600538
1769043660,0.1887928858140475
1769068320,0.06788328753640077
1769083080,0.13518089506779302
1769097120,0.9285150345182485
1769121900,0.8341985611767289
1769144640,0.5645462211358416
1769162280,0.573939921633244
1769184660,0.4523066032989341
1769195640,0.013696718842416761
1769216760,0.14234702974243332
1769238540,0.9083503190969424
1769263560,0.18681302957431917
1769285220,0.2398328803567682
1769310180,0.8913368774189475
1769322060,0.13870337774522312
1769334120,0.8071448069508178
1769354700,0.8291574041120837
1769377080,0.003506054855158585
1769398440,0.8815146086478971
1769420940,0.9594635552764701
1769439720,0.5021765225361855
1769454240,0.10203153178222484
1769466900,0.6730092696386831
1769483760,0.7223286184192731
1769497860,0.3662452096207497
1769512500,0.14167521723060467
1769533740,0.24252890806294877
1769558940,0.6899754888392519
1769571600,0.8352155916448276
1769586180,0.9042996595936237
1769597220,0.9402487486810323
1769616480,0.6520409841536456
1769639700,0.10600187207576801
1769662080,0.7218877749950163
1769677380,0.7688264464144251
1769699160,0.862157996438149
1769718720,0.8231510009700201
1769735580,0.9177121987012713
1769757780,0.3628386502237594
1769776080,0.7241622633004235
1769798580,0.15867715401390242
1769813460,0.16969031368522938
1769827860,0.2605293933654473
1769845500,0.49948555853009646
1769862360,0.6513168924033623
1769875560,0.8503166267184543
1769900040,0.3821269125802676
1769913960,0.261411254274258
1769936100,0.5605270022398487
1769952840,0.019117556861617375
1769969580,0.4113399192530399
1769985600,0.4116561771372422
1770006360,0.7010574545722639
1770027600,0.8284104194529055
1770041040,0.7144131613000064
1770056940,0.8889723493929257
1770068220,0.729315098560364
1770088140,0.09710591320839061
1770108480,0.9835131597816824
1770124080,0.8299967289351403
1770139140,0.5328345128409286
1770161160,0.9535181097949368
1770176340,0.4851796081183163
1770199680,0.928599523359232
1770216600,0.06751095055487824
1770235260,0.6435236289228196
1770247740,0.9567793285978803
1770267180,0.6142344927743179
1770289980,0.7049095126052777
1770307080,0.3793997207112924
1770326280,0.8241210545880321
1770344580,0.34992019760695303
1770368340,0.9187812724079829
1770382620,0.7149800369485579
1770398100,0.5473989045578386
1770421560,0.21200141892470598
1770446460,0.4163680838657572
1770468180,0.8412115346347888
1770490680,0.98725665275317
1770504180,0.19410861076047153
1770519360,0.6391632735171714
1770538020,0.3810843571712389
1770560580,0.9263641101929683
1770579000,0.09612822480657425
1770596460,0.255837214145524
1770608340,0.9303397751617692
1770622860,0.15567016504724876
1770634620,0.9878337417208063
1770651120,0.7217257204288954
1770671400,0.0032239639724600784
1770688200,0.63482600228054
1770712080,0.845758042608871
1770724740,0.13028009949723046
1770747240,0.3350576011242062
1770772080,0.725516493895361
1770794040,0.9593191267060023
1770814080,0.24603167301660553
1770835020,0.737595644621482
1770853620,0.1303805282524922
1770864780,0.6870745650860691
1770876540,0.7181597872706347
1770889080,0.8328603809832574
1770914040,0.8693293923874265
1770934200,0.2327892021303859
1770952620,0.9288297460271561
1770972960,0.597067622765122
1770990540,0.5311425550929331
1771014480,0.7778000994747353
1771034880,0.9527537698349379
1771050420,0.33998846137983846
1771069860,0.1899918915859173
1771083960,0.674268920473572
1771100700,0.9878171833598189
1771116960,0.7678395571968308
1771129740,0.20258646459734167
1771143360,0.175626771790531
1771168320,0.9822596822615797
1771186500,0.06581029773783101
1771198020,0.6907337025714305
1771214040,0.2984620865211283
1771235460,0.876307401572233
1771250580,0.27390090101626063
1771269960,0.7660472548812989
1771294560,0.7732283209224124
1771317060,0.7685134741195243
1771336860,0.7407702011262703
1771355280,0.76616544916102
1771374180,0.8191450789703547
1771385220,0.2992984908803055
1771406760,0.6136489758101701
1771429980,0.6757732309041528
1771447500,0.893573895044163
1771459020,0.9932655028872157
1771477500,0.26795934062972426
1771489080,0.6284355194614638
1771513380,0.8197821018302887
1771530360,0.7993687568943562
1771546500,0.1851844753866312
1771564080,0.5005460352395498
1771580220,0.6195587766326496
1771594860,0.21567831939748636
1771616040,0.17987455573220923
1771632960,0.4679021497619601
1771656180,0.6173916165708662
1771680480,0.7727288414260622
1771704780,0.837020428229869
1771717200,0.842026996803116
1771734300,0.02461583606122871
1771752060,0.9446522169093341
1771775700,0.4818749813085935
1771795140,0.8217831895855452
1771810260,0.3822354925827834
1771823160,0.9653577700456643
1771839540,0.6614494964242237
1771850940,0.6613024565928743
1771871880,0.5818514227536103
1771888860,0.08575748239344208
1771903500,0.8924961053449834
1771917660,0.6581526029722762
1771942380,0.8589225970933311
1771959780,0.4303178244228959
1771983240,0.4413392443514547
1772003940,0.7560828779369301
1772018160,0.7208953939733151
1772039280,0.8764591663245793
1772052060,0.7610304249504378
1772071500,0.6494548335300583
1772084940,0.766050560123758
1772106540,0.09108993147827385
1772130180,0.41263534505295524
1772148360,0.8939949666069549
1772159520,0.4878042343497635
1772183040,0.21033486286579062
1772203740,0.5612930773585549
1772217180,0.8972222686048277
1772241840,0.08854162621768807
1772265540,0.48781824282190495
1772285820,0.2904185805026973
1772310180,0.8984233044486134
1772323140,0.5103823787389622
1772341620,0.5416177441962552
1772364480,0.016885464911477865
1772385480,0.44637239511414784
1772409240,0.9324547882278125
1772427000,0.9760206950660669
1772444400,0.26133209726811885
1772469000,0.003233656703721435
1772488740,0.010999488601506874
1772504640,0.914104701122873
1772526660,0.7497402905183261
1772539980,0.4994950501282971
1772551980,0.05158926700070274
1772575380,0.31119385096839025
1772589600,0.4602553351548967
1772614500,0.035517812539423946
1772631360,0.7175811246532562
1772653080,0.7610135459222152
1772671560,0.7941636176332001
1772683140,0.7997281019320566
1772701560,0.9249423892457949
1772717340,0.8460950302160363
1772738100,0.7797898855983564
1772754300,0.8110403291787395
1772768100,0.20509580971398736
1772787900,0.11578152684215394
1772810520,0.8886739410273128
1772829960,0.0043853800259885025
1772849520,0.7479353894586593
1772864220,0.8799532444792675
1772887860,0.9302328148078848
1772903040,0.040377509475622596
1772921280,0.8612428387782977
1772934120,0.7891906165370299
1772953680,0.5021667825562668
1772975100,0.9637492559932701
1772996580,0.5501539551206873
1773017760,0.8792278355841209
1773037740,0.5217400127158437
1773050100,0.3865085023521153
1773063480,0.7633980460102591
1773087780,0.35243246052801475
1773111480,0.024424036993651258
1773130440,0.5020177351513528
1773151320,0.4283928898194216
1773172500,0.3461959118755043
1773188100,0.0023306614485599374
1773204360,0.341283621615429
1773226140,0.8546753129729374
1773237420,0.8480283185120944
1773259800,0.961013500437295
1773278580,0.6766078862008881
1773291600,0.5243116652339457
1773315720,0.29201760001988647
1773340020,0.7897980443520535
1773359640,0.1373171957977314
1773384300,0.598529817565022
1773405840,0.9701028684487543
1773429120,0.9217652646628215
1773441780,0.41179989146528023
1773462420,0.028059497646538006
1773478260,0.4230630016425456
1773501420,0.4496119141386882
1773513000,0.0029998275817098097
1773536880,0.8684524906693509
1773549000,0.7684668722790498
1773571920,0.6646796070939148
1773595740,0.7234818842396575
1773614520,0.6050201135195276
1773634140,0.7226431473815013
1773646740,0.021923279230047416
1773671400,0.8024410844270861
1773682380,0.9006577044373006
1773701880,0.7802735951659473
1773712980,0.04219029655800387
1773734160,0.5970961512135757
1773746040,0.8152553864004608
1773761160,0.35793228608100836
1773771960,0.3492360329662667
1773785460,0.8643058477721693
1773796680,0.11957797533827347
1773818460,0.06982132459176124
1773835200,0.057737046101594656
1773860220,0.5441114278390704
1773883560,0.7798850584286356
1773900720,0.9530357313063519
1773923160,0.9749086303615488
1773938040,0.7668086990049261
1773958200,0.3910242400478227
1773983160,0.09717768740990813
1774004820,0.899372959113559
1774022760,0.5219839027536639
1774047060,0.8911941907815404
1774065840,0.25228214607367805
1774089840,0.8920079434250582
1774105980,0.4639632682776361
1774118280,0.30507723097521977
1774136880,0.6551741592000571
1774157520,0.7102614686820579
1774170420,0.420677243857499
1774185960,0.5141220568590019
1774200600,0.8087103649827491
1774215600,0.7004476145686354
1774235220,0.6837176796863489
1774251600,0.1537331956121348
1774267380,0.16956686141597527
1774280040,0.8498571915897815
1774302180,0.9812597782714514
1774324560,0.7175444768756596
1774336860,0.7210458761227159
1774355160,0.7064867207644957
1774366500,0.6731800190003709
1774390380,0.006212876735180353
1774404420,0.6906407061411131
1774421880,0.728238478998761
1774441140,0.8788559525236059
1774461840,0.9008039471480543
1774480920,0.8338171218362884
1774501320,0.4820338075759085
1774519080,0.7337316067944379
1774541940,0.6218019343577247
1774562580,0.847641234890182
1774585200,0.8596772867048471
1774600680,0.9013606693793561
1774611660,0.8235604015317683
1774635960,0.71707144502007
1774648920,0.610987939440928
1774668660,0.26226029469014306
1774692960,0.7871957299351504
1774704720,0.6546231619696643
1774724400,0.46744697537155094
1774747980,0.7922488896297164
1774771920,0.27441950535240367
1774792980,0.23579723166129254
1774809360,0.9298600615752151
1774834140,0.913512747277184
1774849740,0.027507973374229444
1774863540,0.8901690452726448
1774874460,0.31827895871495404
1774886280,0.6531472237437275
1774899600,0.8888142043894439
1774918380,0.818332316859044
1774940520,0.9519607793705185
1774952100,0.7781585509841684
1774965540,0.7663140897796356
1774988340,0.49920135563068013
1775000460,0.49259098536393764
1775025660,0.5051456421655556
1775050560,0.3736394199167511
1775065380,0.8714235475363215
1775076540,0.451288275131652
1775090220,0.7650351530666628
1775103540,0.3085069930175954
1775121900,0.9160039960557602
1775135880,0.7792178183180268
1775149140,0.4387390423820265
1775161380,0.030712579489138678
1775174160,0.07271892509395414
1775190240,0.09156195763665916
1775208900,0.6162970584179429
1775226120,0.7825755076719255
1775236980,0.3450625877470147
1775252040,0.390476403819076
1775264700,0.8292681330292877
1775276580,0.8191683107203394
1775296320,0.7765175316142575
1775317020,0.7810304803085283
1775332620,0.6412235830354807
1775349000,0.6424548908840815
1775370900,0.413487767794832
1775395080,0.8179368249047314
1775417160,0.8433702692894067
1775435520,0.6140078747247458
1775448480,0.8439412760609191
1775468340,0.9725405753863919
1775482020,0.35369192884223544
1775495520,0.010623049030382236
1775513100,0.3961161431618682
1775532540,0.7195924915332235
1775553900,0.05410918987169202
1775569260,0.016758455181303544
1775591040,0.8278120525564914
1775612580,0.8188222619603563
1775637300,0.264977203581526
1775651520,0.7341764102207295
1775667240,0.07027310743053775
1775684280,0.8614354261267085
1775700840,0.9135612899291596
1775712240,0.886953467862971
1775729280,0.9525189726154505
1775754120,0.9427806950961999
1775775420,0.8919466149939901
1775786460,0.7912034130661152
1775811060,0.9714785650786939
1775834160,0.19316833578485199
1775854620,0.2784022743021723
1775869260,0.8855520616395042
1775888520,0.8597451811342925
1775903520,0.6606958932071637
1775915820,0.9059573252231754
1775937540,0.8765748428500866
1775953620,0.8884091616261099
1775973960,0.7665971140952301
1775990700,0.0030214605183196963
1776003780,0.7987375026769221
1776016740,0.5439939388941328
1776039300,0.8984985842587883
1776063300,0.05963540655477671
1776078360,0.5592960084955866
1776102840,0.602347661992844
1776113880,0.7108575691975851
1776125760,0.4358515355179088
1776150840,0.35402387780736655
1776173460,0.5087843187912788
1776192960,0.4198708713530183
1776204480,0.7552955330983453
1776226560,0.49117154014295306
1776242100,0.6458926033470599
1776264060,0.03656823803083409
1776284040,0.7176558717787693
1776302400,0.13874630775965832
1776322740,0.12487462031644957
1776338040,0.845837148942268
1776354180,0.7973423314314594
1776378360,0.7664041186380885
1776401520,0.8846037792421076
1776423540,0.9660074982388159
1776435060,0.8420299740157058
1776451680,0.5621551663196664
1776470100,0.3880816637948472
1776488820,0.9743079707673039
1776509520,0.46676883045920525
1776533940,0.8381589809428068
1776556380,0.25052856572408755
1776579000,0.17427770778398463
1776594600,0.8150276370617039
1776605520,0.6499680933670888
1776618060,0.5202222855551961
1776630720,0.15359561892361756
1776641640,0.5885130961704663
1776665700,0.3852887229621496
1776682680,0.8408223420222782
1776694920,0.856191876390015
1776707700,0.4483207224069888
1776732600,0.42486229755322447
1776747360,0.27800753579433113
1776764160,0.428954276852643
1776780900,0.9232275176546805
1776805500,0.3583336009666144
1776820620,0.8272358424064777
1776838620,0.7761929077058869
1776860040,0.11166107058752713
1776883860,0.8787663536338387
1776908580,0.2280220493783857
1776927960,0.8222320499244136
1776950880,0.8345732227757312
1776964080,0.6711112484965163
1776978360,0.6180880447709577
1776995460,0.8306589418263446
1777010340,0.18757873059292157
1777028820,0.5097111136158241
1777053060,0.2932241887255306
1777075920,0.24230705801322933
1777098060,0.6379779676733274
1777109520,0.4550906245148958
1777130520,0.012153365109075295
1777155180,0.8038945456071437
1777177860,0.8266314331470079
1777197180,0.9243607726966698
1777209480,0.004933724046034887
1777234380,0.4984353264156289
1777251360,0.9533169999624818
1777271880,0.7951840873750771
1777289520,0.248366196897283
1777307700,0.2468057464509665
1777329600,0.6415973020816934
1777352880,0.6491853346039305
1777373580,0.34499965444598624
1777385160,0.004803397545986994
1777410060,0.3900700340305832
1777430460,0.1146580965356432
1777452780,0.7255576986450153
1777477740,0.8786991509081272
1777496160,0.7313825833943403
1777514580,0.17201301477015263
1777539480,0.3404456624660589
1777558500,0.3614714597971865
1777583340,0.5398293892226148
1777605420,0.3379682386611309
1777624800,0.3692072472578648
1777647540,0.13932994733033793
1777663140,0.1727365117277051
1777686780,0.712996660864448
1777700700,0.8547242810067033
1777724340,0.864712501233421
1777735440,0.8134302888291196
1777753140,0.3137566800247831
1777771740,0.6619887583727954
1777790340,0.5991783455641688
1777805700,0.23429663166822254
1777820400,0.021940600782146245
1777835040,0.897221111028359
1777849080,0.9566667708310731
1777864560,0.46254788494003585
1777875660,0.6602128265218887
1777889160,0.9055982185573813
1777901880,0.7754981794302745
1777926300,0.919182226870457
1777942740,0.1428969909957372
1777961160,0.16865108993460043
1777984920,0.884039127885906
1778008920,0.04723476951177241
1778030880,0.9563008998165377
1778053800,0.1943028326742408
1778071140,0.45064075433341616
1778093760,0.1265321723176239
1778111400,0.9509686552961402
1778128860,0.004120823912114973
1778148240,0.6308427653770576
1778166120,0.8635847917603756
1778185080,0.8678624319919874
1778199540,0.41653386902341916
1778219700,0.8465513649023881
1778242260,0.9427336614315851
1778256960,0.9291134677173114
1778277420,0.8206185595515498
1778298420,0.6628556796100203
1778320920,0.6983112509864037
1778342460,0.6221750337856958
1778353440,0.4038132492891658
1778377740,0.26323093621450117
1778391540,0.5440301952977032
1778416620,0.08445701330755463
1778430000,0.17711417694081927
1778441460,0.8789745340490992
1778453220,0.736169615089121
1778472780,0.0054859652564573265
1778488560,0.9876561027425215
1778513400,0.5497305806537515
1778537220,0.5908516703608493
1778550000,0.5767088539717317
1778562240,0.004863198680815214
1778583000,0.008860229401693797
1778605680,0.8164654435208903
1778624160,0.8224529809509252
1778644560,0.7956121559413061
1778664420,0.8631593200940886
1778682480,0.9160665005403155
1778701980,0.003797427271234637
1778722740,0.0070433666380945135
1778743200,0.21216984153307272
1778760660,0.7303322137413651
1778785200,0.8023779142427262
1778806620,0.7091774585858274
1778821080,0.5976063311103607
1778846100,0.28125675749392026
1778868120,0.9058200898483141
1778886960,0.061820175659598554
1778903400,0.6929325587087635
1778915220,0.7635053529091465
1778929500,0.7706749726597493
1778947560,0.8066280754902
1778972580,0.8148714785961644
1778996820,0.17071877167896685
1779012060,0.7654187366124161
1779026760,0.7472000350483442
1779043680,0.7210311165858356
1779068340,0.9112591100904437
1779092700,0.322076967437949
1779114120,0.08543895817057533
1779129960,0.5650829777103634
1779148920,0.5277596412216354
1779161820,0.14980408290370836
1779173520,0.007183850801874811
1779191700,0.47836264363140985
1779203340,0.7201402400067436
1779219300,0.20810838028207937
1779230640,0.9493852772212681
1779255540,0.32931512504833943
1779270180,0.9326236960597243
1779282420,0.968428931845463
1779305280,0.3732070593000294
1779318060,0.8727134930032928
1779339540,0.9041235669252049
1779361740,0.7820893868956339
1779380280,0.8010557884675426
1779397920,0.7027372105735309
1779416220,0.13584453683063463
1779437460,0.5877705079912225
1779458880,0.6142295226399717
1779477660,0.6368971732737225
1779501420,0.8746432422371081
1779520800,0.36258344843166507
1779536880,0.48923435598411025
1779552240,0.544115277099187
1779563160,0.7053700579972665
1779587880,0.7663201633891411
1779609900,0.8444351166809525
1779622200,0.49199840759781216
1779633900,0.5760652542517766
1779650160,0.9807409059984106
1779671220,0.6752875074508977
1779694440,0.09781179191441354
1779713880,0.8829105945462523
1779725520,0.8907606041272877
1779743040,0.28163394646430884
1779760560,0.5463152050818677
1779774720,0.009868481292635782
1779786240,0.5477655137169432
1779799260,0.8291777505663984
1779813660,0.4767063792907041
1779828900,0.928763444906654
1779852360,0.8606280213941041
1779865320,0.261667834141614
1779880320,0.47583010474526555
1779892980,0.9249854723919847
1779911760,0.6834246773533749
1779926160,0.8804454282478142
1779951060,0.2461966769789669
1779968100,0.598411716838046
1779988320,0.9567193816143321
1780011660,0.5532304507260339
1780032840,0.04383690189335315
1780056300,0.7400038188066723
1780073220,0.18491337882543357
1780087800,0.2624982345156924
1780112820,0.8070466332051437
1780125660,0.8550048083862238
1780140780,0.9122578229316144
1780165380,0.22073755363756564
1780190580,0.9578313531734355
1780202820,0.5287681519181068
1780215180,0.6093791891630308
1780232280,0.3991885913110018
1780252920,0.010321375304384036
1780272000,0.6722444691945851
1780293960,0.4512292794879871
1780305000,0.9261434445402683
1780316100,0.9245191557112602
1780336320,0.48391215640777907
1780360980,0.26299880761611155
1780383780,0.7494258690330131
1780402680,0.08078629927298478
1780420860,0.3314727748892008
1780436340,0.9384518147250663
1780452060,0.5715216568694046
1780468080,0.9740753450404588
1780486260,0.5361415749447258
1780502280,0.8457930056784848
1780523940,0.7619035834826038
1780548000,0.7794007878817808
1780568700,0.901875753673395
1780583400,0.2952853179470987
1780600620,0.10338460821673505
1780624260,0.9446257080916217
1780641360,0.7410220571722088
1780661880,0.46405228082292177
1780683300,0.057439590148097484
1780701420,0.860352835459784
1780715220,0.6360692772550913
1780735380,0.711326618109489
1780755180,0.005660446814713804
1780777380,0.5849222897454951
1780792860,0.1739548286268809
1780812480,0.003467226607642049
1780823580,0.6456526931072134
1780838520,0.8736995485462382
1780850220,0.8455445492509714
1780872300,0.36763284624900044
1780895640,0.004983134967629792
1780910700,0.8019632975490041
1780925700,0.6966616713125398
1780949220,0.13537972728547898
1780973340,0.7297764621421634
1780987560,0.8431409745087468
1781008200,0.8597930787004047
1781020020,0.022282120232128635
1781040300,0.8260693131200227
1781061600,0.61248282160562
1781077920,0.7802359227566096
1781092020,0.8945028557872525
1781115660,0.7929643141046248
1781131980,0.8913390622798784
1781143200,0.18877685400479488
1781157720,0.06343947105169888
1781182740,0.6941180029007752
1781207160,0.920826401773633
1781221200,0.3604284275044798
1781240400,0.6442426547377482
1781254740,0.8995756553218947
1781276520,0.5642764859789531
1781289960,0.9656718115724425
1781304660,0.6200922082506489
1781322000,0.49867805256702274
1781339940,0.9233047308670597
1781357940,0.7405436174449072
1781371620,0.8115089345581585
1781394300,0.4542353010985766
1781415480,0.7903620855518378
1781426340,0.9046500042391696
1781447820,0.7218311884205847
1781463900,0.9876423566039965
1781481840,0.7999512836502956
1781506920,0.3905903301081762
1781532060,0.34202772630386985
1781550720,0.2380037854052847
1781568900,0.8137957740845383
1781584680,0.38924497242442824
1781605440,0.6525738851281492
1781630160,0.013430383162784837
1781645160,0.21621891115988842
1781657280,0.17113754762218214
1781671500,0.6530278543519688
1781690580,0.061125709024895836
1781712480,0.017922224620380938
1781732220,0.8398237033897605
1781756820,0.007072296839413437
1781768580,0.6573473244729819
1781781900,0.7030636623895026
1781793960,0.8755170888380225
1781816520,0.2790264131235601
1781834760,0.35397265659215993
1781852520,0.4846234790759172
1781872020,0.9384319618592756
1781897100,0.7434625772901801
1781921640,0.21093543770252418
1781944560,0.06545902804847753
1781959800,0.26469997344694185
1781978940,0.49357698460837923
1781995920,0.9099757086688023
1782009780,0.6688716405496868
1782022620,0.6951642905481008
1782036180,0.31460170390636405
1782049380,0.089960250576369
1782068460,0.38273591225997583
1782087120,0.7654603573456099
1782109920,0.9529992720743843
1782131520,0.7695406369061923
1782149100,0.7155848967719514
1782160980,0.09422079450267268
1782180240,0.8555371023508254
1782199800,0.7432831427928033
1782215940,0.49661617938642943
1782227040,0.44205766333534563
1782250080,0.7598926151817713
1782262680,0.12049423049544604
1782283560,0.36228955809241475
1782302880,0.8240437357300535
1782317760,0.8319595641385717
1782329820,0.0024065052319981748
1782342060,0.8643264760082343
1782363000,0.5471418614294368
1782378480,0.636543393187513
1782394980,0.7034647996122294
1782418380,0.9330212398646323
1782436680,0.26515250091085485
1782449220,0.347381691636692
1782466620,0.2532400705000956
1782483780,0.08183437316512787
1782504960,0.13789351050193208
1782519180,0.6430370311269453
1782541620,0.019945636047427683
1782561000,0.5299583018792395
1782584520,0.21337877536810726
1782607680,0.48038889085721365
1782623160,0.6000054506688752
1782634020,0.7024943221258584
1782648060,0.7807087356775113
1782666540,0.8854866294848266
1782678780,0.3278822215105806
1782696060,0.06121980625165504
1782709560,0.5706176257597169
1782724200,0.8252637718218175
1782745800,0.7127176430703722
1782765840,0.2733108265316913
1782784440,0.1318536940182918
1782808260,0.3673471566768374
1782819120,0.5982876073546964
1782837720,0.904110500790728
1782861000,0.3027426362247073
1782877740,0.08180000774482787
1782892560,0.7800751006809737
1782913080,0.3108609739032625
1782931440,0.5990334560223826
1782952560,0.12690194125330642
1782965460,0.3975399536299225
1782980640,0.9050270322029791
1783002180,0.9784785497569913
1783024080,0.7698812655157345
1783042920,0.43971424014375055
1783064820,0.7229717465074108
1783088520,0.6371713651598343
1783110120,0.8089143118665649
1783122180,0.3748467696277106
1783139760,0.8065305349495588
1783152540,0.7594703319797554
1783168320,0.9838906589669646
1783190160,0.9456918500851832
1783209840,0.9910694772669728
1783232160,0.7222718676543884
1783242960,0.18695656446548495
1783255260,0.4333993998728512
1783272780,0.3656100868045828
1783288800,0.6644528376162517
1783305000,0.28691500516713797
1783318200,0.19509238599052167
1783339980,0.5420866385352083
1783354740,0.024372000164884895
1783375200,0.340194740594793
1783399920,0.8335932991343715
1783414080,0.8005078279389719
1783436700,0.15595423121658306
1783452180,0.7981175591541956
1783469940,0.537935891654681
1783485480,0.25747413615670184
1783501080,0.4680540854409084
1783515180,0.11499135402565668
1783529040,0.8460524869457906
1783552980,0.06356067570492578
1783571400,0.22749960995478274
1783589460,0.20406588898376682
1783600920,0.3754384176804627
1783623300,0.8345566506508139
1783645200,0.024129394763592306
1783663800,0.6793369384612826
1783677780,0.35350986633346126
1783695480,0.03019625785564598
1783708860,0.2858774811142983
1783732320,0.5948139934732324
1783744380,0.5676851171580336
1783767060,0.5179200208173107
1783786140,0.8257035253611469
1783806420,0.6871523654464138
1783826400,0.7383488223558862
1783837380,0.5255034807900996
1783856460,0.5153053842935785
1783868760,0.9642828951939921
1783893960,0.9314912367330646
1783917660,0.14817485889048426
1783936140,0.6742062178966528
1783955640,0.8963258869876386
1783968840,0.9589663951047777
1783981080,0.00567905302551169
1784002440,0.6380487051953654
1784013720,0.9019169240801821
1784034480,0.9174596069035966
1784057700,0.955428335002182
1784076180,0.6216123618474437
1784095260,0.5482908196028047
1784111100,0.44362671446120866
1784133540,0.9570394143467342
1784149260,0.13563370708041156
1784170020,0.8717414091365743
1784191440,0.761986493973887
1784215980,0.7077259609548522
1784231340,0.8750419506383607
1784249580,0.007095592773362563
1784272200,0.14579110673939408
1784293560,0.5426300283498907
1784310660,0.7535262102423279
1784330760,0.7541995578206425
1784342640,0.2640303815585595
1784363100,0.25606387289718036
1784379480,0.8281878540868851
1784392620,0.7115486019925803
1784415240,0.8140870872258228
1784427000,0.7575819082131815
1784450940,0.6547735255093682
1784472240,0.132493372696313
1784486640,0.775539957939193
1784502060,0.3976006144203472
1784516280,0.918826822646427
1784528160,0.6815397979827014
1784540280,0.06024768132972282
1784558160,0.7648374872210721
1784580000,0.9147943953113029
1784591760,0.6893522233619449
1784610840,0.06506996072438187
1784626500,0.7722104538744876
1784643060,0.8815051943777537
1784666880,0.06255250581240444
1784686140,0.4301027292210889
1784706780,0.6689922530023047
1784723760,0.921032638734016
1784745060,0.20678666768699955
1784762340,0.6745092467155673
1784779260,0.004491939098361101
1784803020,0.695064939649768
1784824140,0.24908820242214028
1784843040,0.6017483002582159
1784866920,0.11837883859896715
1784879820,0.2001121741901488
1784903520,0.9686073503676935
1784920620,0.7709658133540742
1784933460,0.2975393430910002
1784949900,0.910617602431626
1784966760,0.36332191842255
1784985780,0.004958983301304816
1784999940,0.5300944702159595
1785019500,0.6460632003409074
1785041580,0.8167357374803008
1785053880,0.8310914727453377
1785076920,0.9338665421950153
1785097260,0.6160804911669946
1785114600,0.0046244169807716316
1785135900,0.7952774967717956
1785156780,0.8314436189707588
1785174600,0.40665855226962316
1785195660,0.08701215798678742
1785207720,0.15370182177471572
1785220560,0.9822686788502208
1785242400,0.8366432719560455
1785266820,0.07385387746123193
1785285060,0.6458556012376779
1785306300,0.02874130414510635
1785329580,0.9146595098429664
1785342480,0.8792027655354979
1785361920,0.663596792975418
1785376860,0.6259238182492077
1785391260,0.6953420753780148
1785412020,0.9352989334072066
1785425160,0.9290044133403662
1785439320,0.047349071847536124
1785461460,0.003952808465547743
1785481560,0.01140459574988929
1785502020,0.1279123035234493
1785518580,0.8671403506671063
1785535860,0.7783862990296175
1785549720,0.4209736664392862
1785565320,0.5607194838068984
1785586200,0.08914088177133375
1785600900,0.42967872924762174
1785615420,0.4234670724697338
1785640080,0.8517352323441401
1785654780,0.7236373836030764
1785676500,0.7783014565469307
1785689400,0.7836061702746707
1785706920,0.21623715097804566
1785719460,0.9391903879556228
1785741480,0.8860822332514041
1785762000,0.32034766990701896
1785784380,0.2522248939318434
1785804600,0.9546711962419366
1785825000,0.7437755364741587
1785836220,0.7237579352451641
1785850260,0.4619930434748464
1785875160,0.7165783143130768
1785898920,0.8149932946020969
1785913080,0.8135198320477464
1785936480,0.6548131377605423
1785959040,0.47565195293774953
1785973200,0.7817413140444976
1785997320,0.807526883667379
1786008240,0.9429032223222182
1786027560,0.010318704731394462
1786047120,0.6423521867167833
1786063980,0.9078957729731109
1786076520,0.07253861691080743
1786093920,0.6377570372872716
1786108500,0.20038262248321978
1786120860,0.8381158442594114
1786135920,0.9261173114163984
1786158180,0.729077467390907
1786170780,0.8738858312434732
1786193220,0.6244447638861513
1786213980,0.702741980661726
1786238340,0.5758087801137984
1786250400,0.7589918428977813
1786268280,0.8872706764799221
1786285560,0.3234381977829752
1786303440,0.464436952677521
1786328340,0.44402499320676525
1786344840,0.9035107365032813
1786360800,0.8205466142390564
1786377000,0.4161249600243512
1786396260,0.9055825643148556
1786414320,0.7057324737752732
1786426320,0.8904086564459803
1786451100,0.8448658065229555
1786463820,0.4951864300444756
1786486980,0.8245404006143776
1786511580,0.3588294198856906
1786533120,0.8324233035879742
1786552920,0.8916660915250272
1786563960,0.5747670443049159
1786580280,0.44572795678022087
1786604760,0.8985006659859307
1786620660,0.8561576462981976
1786643580,0.8606493125317943
1786667340,0.8494844073130031
1786679760,0.7512091719419863
1786691640,0.7455442134775774
1786710240,0.5304564999290253
1786735380,0.7843638318473456
1786753860,0.41396075158546
1786772520,0.7172112971674272
1786785360,0.007833677016829877
1786809180,0.8464491893194479
1786833960,0.1250314413370071
1786858440,0.4251673054627427
1786878180,0.6421646537204834
1786895940,0.2738625375488244
1786912080,0.6912564189041446
1786928280,0.28216174990733545
1786943700,0.7125367983050162
1786958760,0.3643243229286866
1786975440,0.16565297057233688
1786986480,0.8735050478309246
1787007540,0.7151659750059247
1787019000,0.8694258154608691
1787038620,0.03976890400312423
1787051760,0.4837674893705933
1787065320,0.7037130551124521
1787076780,0.47766293238361
1787095440,0.8914010395691587
1787114040,0.7868586235339095
1787135100,0.8018313914046835
1787155440,0.8919382915612463
1787176200,0.697971013496515
1787190840,0.9324010328356391
1787202600,0.3943821717158257
1787226360,0.8869023698179793
1787249100,0.9230562707289096
1787266860,0.8778014435745464
1787283360,0.7991681593255033
1787307300,0.44831850986707833
1787326560,0.8675357667725324
1787344320,0.8235280148605043
1787368620,0.889344274590915
1787382600,0.2570466289114615
1787398080,0.7708823427723046
1787410680,0.5290882285367366
1787435220,0.808937488733977
1787458380,0.2209236086874289
1787470500,0.6475997548386911
1787484120,0.6208137426717864
1787502060,0.13915423933037147
1787518260,0.7253062606173014
1787535660,0.00330380920422
1787558700,0.8974293196659714
1787576760,0.7317893937724593
1787590680,0.8921545015299972
1787612100,0.8338271296182582
1787626320,0.4717672743966146
1787641500,0.7926169000901591
1787660160,0.6651670704834346
1787674320,0.9300546996160589
1787696880,0.6068934466172735
1787708220,0.8449506281576068
1787733180,0.617729361012504
1787747580,0.6820781479924777
1787759880,0.3657437812432627
1787773140,0.3555065195127927
1787795100,0.7788803019234027
1787812260,0.8186497877389223
1787829840,0.5596247560925447
1787853660,0.9129024743470118
1787873340,0.2868473842715349
1787896680,0.004943534527113091
1787913780,0.1574187444483703
1787937300,0.5765409586228705
1787960700,0.4876114166612767
1787980680,0.13039024015531983
1787999280,0.1465369871452474
1788015600,0.0505588307966611
1788031740,0.6195948582466325
1788047460,0.29314805110945447
1788060720,0.6944855405240209
1788075300,0.006860321388170155
1788086640,0.3727641160934738
1788106380,0.8955252322283371
1788119760,0.7683768868629217
1788137880,0.7717655125720428
1788155220,0.008078788807427923
1788173220,0.1910944243891961
1788185460,0.7663235516273198
1788210480,0.5807425084363953
1788232320,0.3301130714664714
1788246240,0.8724453237872182
1788264480,0.6567327840531687
1788281100,0.40900525540974897
1788303180,0.9284035318640218
1788314580,0.059864773072112035
1788330240,0.8830560654524011
1788349620,0.19263773553562477
1788368220,0.21840619317775573
1788382500,0.8419656293182627
1788406980,0.5062419931064611
1788425520,0.6208838182533718
1788450600,0.8263084384467454
1788461940,0.9445662746068552
1788482580,0.5568400280196659
1788502740,0.6584776501715027
1788525660,0.7728524817633584
1788548940,0.8677865248470491
1788568140,0.7037504210288804
1788584280,0.6440629110731287
1788609420,0.7988289573130699
1788634440,0.6759230040268205
1788647340,0.869582933834526
1788660900,0.4412438642767818
1788676080,0.02766358665529083
1788696960,0.7782942174577736
1788721440,0.595649238436701
1788734400,0.011634645490247881
1788751740,0.40966227731852345
1788768780,0.7644912530699552
1788784980,0.11167042916447345
1788802020,0.8895953353941924
1788816000,0.9329562915101135
1788835020,0.5908287338245486
1788854220,0.3657314814380391
1788873420,0.8280033778449999
1788885060,0.8281795324104574
1788898980,0.4075092390260116
1788912960,0.6780242642079772
1788926880,0.040945699491482045
1788947820,0.12341263168828812
1788961380,0.3883873448512686
1788977220,0.7882041518559141
1788989940,0.2414773938085787
1789001220,0.7099587788278099
1789021860,0.5726570035046998
1789037340,0.5003710221629424
1789058940,0.5449604636896207
1789073880,0.1369039581554332
1789094220,0.0719090866099702
1789111020,0.6264462432199327
1789127160,0.2917465563337061
1789142760,0.35843517494987864
1789156380,0.5510773089711272
1789172220,0.8434087035387359
1789197060,0.7518757987065801
1789212180,0.5988021492096511
1789233780,0.932295218674992
1789253460,0.12083800212482075
1789278480,0.6100734689709258
1789301040,0.4520349770763118
1789315980,0.9814272511758478
1789335960,0.4310715394783683
1789351500,0.13921158755285767
1789376220,0.006889473293033455
1789388880,0.8774424235147844
1789413120,0.23710302401552627
1789428960,0.8179834143631165
1789441200,0.1665882769371036
1789452360,0.6130703210244706
1789466700,0.5448987093750942
1789481760,0.8947541992488927
1789505280,0.3990999946378491
1789517400,0.21856848137398582
1789541100,0.21516118133249906
1789565880,0.8130214478547835
1789583340,0.7116922292375422
1789595940,0.3480593378869548
1789614120,0.2378089097273733
1789629420,0.19301504199223848
1789651860,0.6054649864252989
1789672620,0.6698815741463476
1789685520,0.7295285398302377
1789702440,0.49225909734067946
1789717140,0.7524103695765084
1789729560,0.03705651511154287
1789745640,0.887786217862893
1789759560,0.32821776067697306
1789781280,0.021317287708617013
1789798200,0.8637438825172451
1789814460,0.48612515076394486
1789830300,0.489300730705625
1789851720,0.07564253814815435
1789862520,0.005664009662201773
1789875900,0.7713785353539399
1789900200,0.7805468922027596
1789916580,0.5873255771783238
1789939140,0.8553267788165542
1789963320,0.5373308585839942
1789981380,0.8805162998336807
1790006220,0.28816372049972727
1790030340,0.28478602216081184
1790051400,0.639246563295487
1790067720,0.6270574298810256
1790084640,0.6942523046457982
1790108700,0.7556829554255091
1790127240,0.9540061752828035
1790143320,0.7483014752788639
1790158380,0.624389795590839
1790175660,0.24499295744892446
1790193300,0.8959199946082327
1790210100,0.5682661765800958
1790226780,0.4549725290742156
1790239800,0.08785785257793405
1790254800,0.2738581535554376
1790271180,0.4749379049498176
1790292600,0.398625844088137
1790303940,0.536928422513719
1790319720,0.6867612753802129
1790330760,0.40459027875743936
1790354400,0.9244998219201775
1790374980,0.4721145903887573
1790387820,0.9224951305787259
1790411640,0.8508060135667718
1790432100,0.009867169236095368
1790447100,0.7633883416396636
1790465640,0.2271285859771105
1790484900,0.4153069020986738
1790496300,0.619270790833576
1790517900,0.6977146804843989
1790534760,0.607322455617897
1790546700,0.7078925576062342
1790567400,0.8663271267375376
1790587860,0.9392214934604122
1790606220,0.050083078395045985
1790621520,0.6743000423420283
1790642220,0.5429690014416013
1790654700,0.834152309071059
1790672820,0.3127509746970114
1790691720,0.9335742144659159
1790709960,0.13450580158559633
