ID,p_up
1475380980,0.2634003074395108
1475403000,0.8144392162970506
1475413920,0.1244590079391096
1475437260,0.23697874372804253
1475460720,0.24902269037142
1475483820,0.7406108200112941
1475499180,0.2234104488441754
1475523060,0.8014451844004462
1475539500,0.0966153574735142
1475564580,0.31590928485942327
1475578320,0.8285404923947683
1475593260,0.876053368409693
1475612700,0.2317424346451101
1475630160,0.2722497871079562
1475643420,0.4510379262439977
1475659920,0.6392415991961508
1475672580,0.8162232187215249
1475696760,0.9333360714751479
1475714160,0.08592029545814368
1475728920,0.8943246698245849
1475748300,0.12533809430465365
1475768700,0.09781659857266066
1475782140,0.7575052502590545
1475802300,0.061829971337930244
1475821560,0.23395744745399372
1475835180,0.2666894004324191
1475851380,0.6616474620139554
1475873460,0.09496445882980258
1475895480,0.2805635371122011
1475907660,0.6336740535098119
1475926560,0.6360425538908766
1475948640,0.7174772559403247
1475965740,0.4110434524400785
1475985480,0.20471637574572768
1476004020,0.8366999633783037
1476017340,0.2896443485951661
1476030360,0.647570943043468
1476044280,0.8334031118689893
1476066120,0.2766299257521464
1476078060,0.05651883161342088
1476091740,0.679896371571888
1476115380,0.8536202248787033
1476131400,0.12271098003375956
1476147120,0.3590989532917161
1476158280,0.12383570583547145
1476176100,0.9062715336755943
1476192060,0.10801745935517139
1476203220,0.8555808133863353
1476221820,0.7946865781309967
1476243180,0.1606148312681608
1476265380,0.3382421815022722
1476282540,0.11032013012804621
1476293340,0.10137326437298753
1476304200,0.8788448256062552
1476329400,0.8069501161812667
1476350340,0.6542599305160043
1476374460,0.7860918442237567
1476387720,0.7813628691689743
1476410340,0.11074617051770495
1476430020,0.20592460307921684
1476443520,0.7370751777703488
1476458700,0.25637842503038405
1476471000,0.6473378311350735
1476491820,0.8230264024234033
1476508980,0.8719766337415159
1476521400,0.43640306095943326
1476545760,0.3800519647368926
1476567000,0.23632402359622662
1476586620,0.22374773801029635
1476600180,0.47671629973660656
1476622260,0.6899201257030226
1476638820,0.6424861674101002
1476653160,0.5272139264366474
1476672000,0.2906118020607417
1476691920,0.7963220741241364
1476713580,0.81583576812994
1476738360,0.7891568733810492
1476761820,0.17228265258693906
1476777660,0.36635305505600924
1476800820,0.6516437676342033
1476812220,0.9111441317000089
1476826560,0.05175592637421416
1476839160,0.7939064340824826
1476863340,0.7317859441648678
1476881760,0.1300079136279107
1476895860,0.8576497505966664
1476917940,0.13649685869095182
1476941040,0.3173561526817104
1476963420,0.4309026331311281
1476982740,0.5927940130751513
1477003800,0.2939277840047211
1477017420,0.8222808466195305
1477032120,0.7079618860479497
1477051920,0.8839619892149255
1477069380,0.1442086926517714
1477088100,0.9288002900782512
1477112940,0.4046286810057172
1477125720,0.20030011267072834
1477137120,0.6861293287650633
1477150440,0.8230649450510862
1477165860,0.7961193267518933
1477189920,0.9055627037018822
1477213500,0.5058336694966801
1477224420,0.12070455402880281
1477237500,0.24858648439001407
1477251780,0.873901035860444
1477267920,0.8120898696222347
1477287000,0.7610697162347032
1477303020,0.31745083073030994
1477316220,0.8794845623188152
1477332900,0.33218420975519397
1477348620,0.877405001204033
1477359600,0.6626470949627492
1477371120,0.11925655058617014
1477382820,0.785728101077072
1477404540,0.8310120623877686
1477422120,0.11231180675862566
1477434120,0.7521563219494477
1477450860,0.8159617987847695
1477473900,0.8648779653304856
1477498800,0.8875346414647893
1477512300,0.8219515736106529
1477535160,0.8821792356380218
1477546080,0.8628515874505104
1477568700,0.11803438119288678
1477590420,0.9195203940386928
1477606860,0.649259159259519
1477620960,0.7597268589196005
1477642140,0.1176681506450995
1477660800,0.10172143650154691
1477683240,0.8737101811537463
1477695900,0.08768404113672379
1477714080,0.41663450491121695
1477734420,0.4087592650336934
1477746120,0.19670188739033112
1477757100,0.25471207946692537
1477777500,0.6453915434673793
1477795800,0.5281531786089516
1477811580,0.04259729932169552
1477834200,0.808799834838394
1477854360,0.8675200768040334
1477871580,0.8852853103163851
1477896540,0.1309987133586528
1477915740,0.8695891134222009
1477929600,0.10520935217309241
1477945980,0.9387419501975047
1477968540,0.10786953132121613
1477989480,0.8108659271750247
1478010960,0.15176550134540884
1478023560,0.8299343526580237
1478042880,0.7306451125217118
1478055960,0.24152776070365406
1478067960,0.7923797004508116
1478086320,0.9301344389748689
1478099640,0.8319436170834472
1478124120,0.8661244032843509
1478140020,0.7793121635499445
1478154360,0.5823805975812978
1478168280,0.8191545479204984
1478181540,0.7242666489170879
1478194800,0.6870979439402956
1478209980,0.8068484055541459
1478223060,0.25668268832666125
1478242080,0.16377492935791135
1478254260,0.2701048059034361
1478273040,0.4051155371659313
1478294520,0.8719938693125447
1478305320,0.5466770649060815
1478318340,0.22138201826393694
1478329140,0.3249028822364834
1478350020,0.8070557576072045
1478368380,0.0948347319988208
1478392740,0.8630765965241146
1478406360,0.8376018264116954
1478429940,0.0831096864100265
1478450040,0.784216975584618
1478475180,0.11459549257580275
1478498220,0.4401791212057007
1478522040,0.9013567206776805
1478534280,0.04037664722968919
1478549100,0.29141952086606426
1478567640,0.7833536700169689
1478589960,0.8758636619094136
1478606940,0.48976662533088794
1478618700,0.9155552210956495
1478641620,0.10783897296508638
1478663940,0.10407230203721751
1478681760,0.912142521269606
1478698920,0.8397713271651034
1478712480,0.8230764401384116
1478727000,0.757800245552946
1478751900,0.9230530392682128
1478776140,0.6952118704400115
1478789760,0.6467564959773079
1478800920,0.4162615317865826
1478817420,0.8803272634755728
1478833260,0.7082655961010128
1478846760,0.25720431989654974
1478863620,0.9059314017336586
1478877120,0.44130308665547663
1478890620,0.6519593980099284
1478910180,0.6324862176086469
1478931420,0.21256644171060696
1478954820,0.8078002162710521
1478973540,0.12031298432429015
1478998020,0.09101353554714003
1479012600,0.28832298370372245
1479029700,0.23127750962831173
1479048360,0.7835699984732457
1479069780,0.8867217110369356
1479086940,0.3282423160897883
1479102720,0.23711119600686154
1479115320,0.29162274683092126
1479127140,0.5732952310093506
1479147780,0.7615096860896475
1479165600,0.8002236865631657
1479187800,0.779452857999327
1479201540,0.7081835001315318
1479221940,0.8126726281590811
1479242280,0.8295960129599413
1479261840,0.8877975795793586
1479275700,0.23006773653425114
1479297960,0.8908274077839378
1479310800,0.15570077778795655
1479329700,0.8597087438131413
1479354180,0.6577502461801485
1479368520,0.8200906230229539
1479384360,0.7917008556059325
1479403860,0.2501561700940322
1479419100,0.8953710369610245
1479431820,0.6964564819633698
1479450840,0.7098832797431487
1479469440,0.7634381061913778
1479490860,0.0727484400693116
1479513480,0.06422267608478494
1479534540,0.8371540382974973
1479559020,0.8960975361307071
1479582060,0.8850129540234616
1479593760,0.8669862113473161
1479608520,0.871335874646718
1479631200,0.656431803137515
1479648540,0.867493595226546
1479660000,0.8282687298030855
1479676380,0.058375689834843994
1479699420,0.052541552256761194
1479718140,0.8746424747752634
1479737160,0.8757624009512895
1479756720,0.3934134072253008
1479769140,0.7842691941898915
1479789600,0.504942251379939
1479812040,0.7993271434552446
1479823860,0.5269202954274745
1479837000,0.6231613705836389
1479853500,0.7126098782796505
1479877800,0.6375895138599963
1479899460,0.24750530638198892
1479919980,0.7921828136700743
1479931320,0.9459216909307375
1479946320,0.8512278618183644
1479968580,0.7659855554353893
1479986160,0.0399069256876934
1480007460,0.9116802511648405
1480023900,0.9338422613274299
1480040820,0.08066665668170704
1480056300,0.6489704598890964
1480073940,0.4085400197661191
1480094100,0.3992056239599663
1480108920,0.8401211584501541
1480124460,0.10921758189305229
1480146540,0.944748223535228
1480164900,0.8157337910582881
1480183020,0.7452018603684692
1480194540,0.705865396246695
1480209360,0.8586041225724609
1480227000,0.8267083098672255
1480238220,0.4569622800314537
1480252380,0.6021011134110799
1480268460,0.838124252059598
1480281300,0.6119333159154572
1480306200,0.8270652916253671
1480317000,0.792097832738974
1480338180,0.9173399810105675
1480358580,0.9108736239837182
1480381680,0.1047697752848057
1480406820,0.528272469174769
1480418880,0.6657173868827921
1480430100,0.8167557175862116
1480442580,0.6043598441932989
1480462620,0.20747417745216212
1480486800,0.8720531581816382
1480500480,0.1928331077860644
1480524480,0.2898454735039982
1480541340,0.7920518417841309
1480559640,0.7257487488855183
1480573200,0.09196619170769997
1480588140,0.8605542224393329
1480604280,0.3354213134712098
1480618260,0.9184553207203958
1480642860,0.10490846811714037
1480658220,0.7626524905348987
1480680120,0.934815735338612
1480695720,0.5162136214210048
1480719480,0.9114161989715636
1480736220,0.7509817762855762
1480748160,0.49650397675878993
1480768380,0.6065781001563181
1480783800,0.6302791691607799
1480800240,0.7532986680968451
1480823040,0.186015182573256
1480847100,0.19163049034685098
1480858500,0.46207795684225983
1480875720,0.6638590854823041
1480889400,0.72737152914855
1480902660,0.8693546340408883
1480914660,0.1905214592826398
1480927620,0.5272500369728915
1480950960,0.12198393851255111
1480966440,0.8696776641757621
1480980780,0.6636645243351755
1480996680,0.8166020773147797
1481013960,0.865601106741544
1481027820,0.4213688708721527
1481038800,0.9416139442237996
1481051880,0.7839831523224915
1481064420,0.23203007434500056
1481083080,0.7877044104548867
1481094360,0.7515132499790901
1481117280,0.6551652999414505
1481133300,0.31926912320337986
1481150100,0.9223329070629445
1481165760,0.17401043201129587
1481189820,0.8713792069737574
1481201220,0.30775600687371707
1481215680,0.10965343817190722
1481227980,0.9000771258836019
1481246220,0.547796547787178
1481259300,0.0428278960592822
1481278980,0.13803958665388355
1481292900,0.04357556112982769
1481307660,0.9140650843259001
1481327160,0.040196201011429296
1481346120,0.2357221943890763
1481362380,0.6601216346807911
1481375580,0.8346111465343405
1481397720,0.2854569013589249
1481412840,0.919896997760746
1481424180,0.3591171784670492
1481448120,0.2494816198820582
1481472300,0.2514083571964601
1481484480,0.07367806513072214
1481496720,0.9328259710806613
1481515620,0.24191020805308944
1481529600,0.9262331297550203
1481548800,0.8485296322091562
1481567340,0.8724580065859977
1481588220,0.8864662867173206
1481605260,0.11804379092781579
1481624100,0.7265168808461162
1481635080,0.8112850281144404
1481657820,0.49972047781897255
1481676600,0.8946672237999477
1481689680,0.24486152171191053
1481709480,0.873401787841725
1481728440,0.8878580455023599
1481744220,0.7545668990829528
1481764020,0.9075191337132007
1481786520,0.8153750012573282
1481809320,0.6501125129499429
1481833920,0.7366790206240711
1481847180,0.36795070319949985
1481865000,0.4042772714884926
1481882160,0.05341237969270003
1481899680,0.811855335805322
1481910840,0.62287317034608
1481927340,0.8535332184162169
1481948280,0.26804868749953464
1481959500,0.3997287328735359
1481983620,0.6234348170778575
1482000360,0.6357118263008626
1482016560,0.8083589579827786
1482037680,0.20824274800123507
1482060960,0.6418550522645766
1482080040,0.20851856460170573
1482100920,0.5860713981282998
1482120840,0.25104886701216983
1482131880,0.7678710420186269
1482147540,0.4529829116203551
1482165540,0.8822436319273204
1482183060,0.04415166996337573
1482194520,0.42673305014331986
1482210180,0.04205203616114148
1482225780,0.9085839567642019
1482242520,0.7454907190451243
1482265560,0.9091641207941378
1482280920,0.8243091960720903
1482293640,0.9266130079041247
1482310260,0.7820612225577822
1482329700,0.2359376479892312
1482350040,0.81595061131509
1482361680,0.34722897865246966
1482381180,0.319807609945298
1482393660,0.6141164208584489
1482411900,0.39753083687192375
1482424500,0.09200927166019374
1482436740,0.846303055714216
1482456960,0.23051848830237637
1482470400,0.25960228282171727
1482481680,0.7735354348596583
1482506880,0.7264375705857835
1482518460,0.9162180111491347
1482534000,0.8159490024892319
1482557580,0.6714158619728914
1482571680,0.6372411143763392
1482590520,0.7985163853175191
1482602760,0.9196447425272162
1482620580,0.4463175172333385
1482639000,0.781249616454431
1482657000,0.13138622591910873
1482668700,0.5975540675941371
1482685980,0.24036681078889788
1482700140,0.8006197632519269
1482724800,0.2865334278768712
1482738960,0.9118840261962826
1482754800,0.082207332421303
1482777000,0.708719353154476
1482799800,0.8927368575352838
1482813060,0.18509198109156455
1482829740,0.7037092056139436
1482849540,0.058523584721479706
1482868680,0.7736249910365913
1482883140,0.9045882508246473
1482904440,0.8354535515762784
1482922440,0.21064707288701243
1482947400,0.7978398918687413
1482960960,0.19334290177855393
1482985560,0.2555177148866247
1482999540,0.28304854074508634
1483018800,0.43400616506922657
1483038420,0.9209670099408118
1483063500,0.8755339422773912
1483082760,0.07808428884725584
1483103340,0.9350287370929965
1483117380,0.2546502106644285
1483130580,0.8586351025626883
1483151700,0.76074537356103
1483173720,0.8967041276873882
1483191480,0.6736244427707312
1483215300,0.4962365095047688
1483237740,0.40338167222182864
1483248720,0.2210462833756982
1483269480,0.9276027597862498
1483283220,0.5748193276456948
1483295100,0.8743807790955131
1483317900,0.4063365741258026
1483342500,0.9231058531255022
1483365060,0.8902358835128271
1483376880,0.15998901759943837
1483396260,0.10063367871286924
1483419420,0.9031195362215201
1483432080,0.6614409894969604
1483444320,0.5129410000232609
1483459140,0.2772700885700053
1483478640,0.11593920725718623
1483493040,0.393111630376301
1483507080,0.8630146886396615
1483522140,0.8764767689428068
1483536360,0.2799400274503154
1483554780,0.4224260710746398
1483571220,0.3820244183045752
1483593240,0.5885672715928628
1483614600,0.8739513381480716
1483632240,0.8451316593657053
1483653180,0.9247658559352459
1483670160,0.8931208759978433
1483689540,0.8381596531863497
1483704120,0.7253079648880821
1483724880,0.24737821247475025
1483742580,0.8275777059123633
1483766640,0.31328865352906965
1483790280,0.6115407675734922
1483815060,0.611994786608983
1483833600,0.3336642163861263
1483846020,0.10422972396582125
1483864740,0.6278670149962845
1483875960,0.5085590647133758
1483894620,0.27869275833058743
1483919400,0.8982613049658937
1483938480,0.3796084504029067
1483963260,0.8899220824424827
1483984500,0.9070292040794727
1484000940,0.2824349266597384
1484015400,0.7635977972301337
1484032320,0.22895161708334896
1484050680,0.8743057210057159
1484071980,0.9270364777886659
1484084040,0.606238609649485
1484101260,0.8467648165992099
1484119200,0.16654253430071542
1484131680,0.2563870643104917
1484147460,0.7839152516385688
1484162040,0.7277639258788051
1484179620,0.40754239358342226
1484195040,0.47949565328799865
1484212320,0.1328902174490807
1484231760,0.808338203511167
1484244420,0.08024866505684622
1484257800,0.2177781523033092
1484271900,0.2493050443114786
1484293860,0.7258712349010922
1484314080,0.13681264639873383
1484338980,0.8121110228160597
1484355660,0.6119065404829649
1484370480,0.852872396215045
1484390040,0.7179113711981757
1484414340,0.5571362917415161
1484434860,0.5498987103712517
1484457600,0.5684103991026609
1484480640,0.6615835513249851
1484494140,0.21726624304218306
1484514600,0.7402143867847774
1484525460,0.5039967245147398
1484544180,0.4520422609201874
1484566200,0.8446781138294261
1484588040,0.6906066459921728
1484603040,0.2939072748640014
1484614200,0.8753632993327249
1484637360,0.22108193124745984
1484662560,0.26204767984838695
1484680680,0.24689882263085378
1484705280,0.6539824419236251
1484721180,0.8434223270609981
1484742600,0.909353292180231
1484763060,0.7153699235468389
1484776920,0.8972478371347805
1484799840,0.7520976960164099
1484820240,0.8785562358771614
1484835660,0.3356047639329758
1484846880,0.15695625457738593
1484868840,0.3273786723276784
1484885700,0.8577820498767547
1484902080,0.721349052008199
1484916180,0.3381798628860443
1484941320,0.7636293445737751
1484960700,0.7137655981304696
1484975340,0.8458247877566764
1484989620,0.09846103725874071
1485001800,0.789643103528156
1485026700,0.7549907587281617
1485049680,0.8543556640561614
1485063600,0.29143070991061437
1485078240,0.36684898551091566
1485103140,0.8114173444277536
1485122520,0.7457442167640378
1485133380,0.5412785603453516
1485144420,0.4517763103709965
1485157500,0.9333664836057389
1485176940,0.773800149505841
1485196680,0.17947897575066385
1485219600,0.7976454648221496
1485244620,0.8816333486606444
1485267420,0.8525149135842993
1485280260,0.2690709992984981
1485296100,0.034549682632150136
1485310140,0.41975395358544804
1485322860,0.6712597421874742
1485346500,0.7193962011253626
1485366660,0.27204298174831804
1485387000,0.8834521037808631
1485402480,0.8118223062984089
1485421080,0.7996963500179795
1485436260,0.5756173461114735
1485447480,0.2611761778615857
1485461460,0.07171660119186629
1485478800,0.09888986710500239
1485495600,0.50999516243145
1485520500,0.6032333207997844
1485541740,0.2589924166862224
1485561420,0.4745520825271318
1485578340,0.2566172868106606
1485601260,0.7950427512186131
1485621960,0.20825870485295936
1485642540,0.6880833858690455
1485664500,0.43011493471352347
1485685440,0.5295857004805328
1485708660,0.7326386520923894
1485726180,0.7748455110656584
1485745740,0.8128161972199719
1485765120,0.23551380947134593
1485780180,0.8619962090108756
1485798660,0.7361290967451064
1485813780,0.0421206576324305
1485832800,0.3079750605704932
1485844680,0.7809860690779653
1485865560,0.87034089821228
1485883680,0.07806010726859723
1485907500,0.7859172894999223
1485929040,0.6426386076755553
1485947220,0.6941856264818218
1485972060,0.2742635635854546
1485992820,0.8388288369794293
1486006020,0.7244853988975709
1486030620,0.9041249998462955
1486047900,0.16750204000507316
1486059420,0.24226614586572517
1486081020,0.21360389493639623
1486093320,0.8537825428596095
1486115340,0.7343954272086457
1486139940,0.18217123102020236
1486163460,0.2639764035819043
1486176060,0.4423227442926501
1486190940,0.8156575496306375
1486211880,0.4251755433962966
1486227480,0.19433033901095997
1486251900,0.8131025339096659
1486269000,0.32767821485582604
1486291020,0.7027959887443165
1486307820,0.6354783392770988
1486325940,0.8723279589865369
1486338120,0.9104373446059216
1486354860,0.860702848765557
1486376220,0.09917908817815028
1486396860,0.8966294249521494
1486409520,0.5854630883742418
1486431660,0.6146403448673926
1486449060,0.28689758277638566
1486463340,0.5913526560105702
1486483620,0.8748915945647079
1486494480,0.7390911175391897
1486516800,0.2089792999841269
1486534620,0.89495386504484
1486547760,0.8031605472880983
1486568160,0.855136733524752
1486579140,0.16172230878319974
1486595400,0.47000363552944596
1486608600,0.22284206729072722
1486632300,0.8159067858294025
1486653480,0.4412076530489406
1486668420,0.10149196411370953
1486693200,0.8903994462384811
1486706160,0.5262320789111167
1486722900,0.8729355113779188
1486736160,0.4337473382954489
1486751700,0.7441632374718653
1486767420,0.6109818086013903
1486787820,0.7125564012685984
1486807800,0.4414329327606112
1486823400,0.8553432166177299
1486840800,0.3975524727919288
1486852200,0.2795355241952329
1486868400,0.6937274271686733
1486882920,0.8265412453688937
1486904280,0.29568410544788254
1486924260,0.5754249236549598
1486948260,0.8590597005073252
1486966080,0.5765614454430897
1486977240,0.4961940139162599
1486993320,0.13831713728638817
1487014380,0.35508153737535475
1487031180,0.1935709292949317
1487049600,0.04853446015968917
1487062500,0.5212635092754714
1487082600,0.3123141950477454
1487105160,0.9323773488258362
1487127660,0.8124885005834364
1487144160,0.847266917191579
1487168220,0.308444106270232
1487189580,0.7549481345203488
1487213160,0.9287627537412948
1487232660,0.9205160097489461
1487256120,0.8648236891146185
1487280720,0.5159473137363122
1487296080,0.4220799798336683
1487319060,0.19946119312836091
1487338260,0.24087922809428278
1487351040,0.10842499280200832
1487369460,0.6711202510579855
1487387160,0.3855083254642299
1487408580,0.3417296942868457
1487419500,0.6931187732124067
1487437440,0.8785576439260491
1487459820,0.8631743004218294
1487476260,0.8828176908748441
1487490600,0.7377410951781277
1487507640,0.8762116690255423
1487525640,0.4241887659542414
1487539860,0.3011172452954187
1487560080,0.8058250673194434
1487578680,0.8461436658980341
1487594700,0.44915707232036595
1487613000,0.8722233722551093
1487628300,0.821814350046407
1487651760,0.9157431594311739
1487671680,0.2369967086483302
1487685960,0.6061693944435671
1487710260,0.7068329945611794
1487727420,0.8525806401209954
1487743080,0.7772822038718668
1487767920,0.8711246324117777
1487780160,0.20770579099449554
1487793240,0.6056091615209952
1487806860,0.8296719635551484
1487825820,0.2184495500995626
1487837280,0.4294311850303627
1487859720,0.14064755668801593
1487881380,0.5906919815889364
1487902680,0.5394176663535137
1487925060,0.4609250937736384
1487937720,0.4059720732679181
1487960460,0.14185722839613957
1487977200,0.36403860433133245
1487989920,0.4822014558270367
1488006360,0.6438812508447169
1488018120,0.47495402841823803
1488031980,0.4393825105408874
1488052860,0.784358612566022
1488066960,0.5810737826465371
1488077760,0.38263561857027467
1488090000,0.5134809336290703
1488105960,0.6812564354479667
1488120720,0.3575694231190869
1488140520,0.8767993224286906
1488155100,0.7195081256832221
1488175920,0.6150159793039046
1488194940,0.7866544149395062
1488215160,0.8371832249701782
1488230160,0.4368938823918578
1488250380,0.8053116366953135
1488269940,0.6520710386648011
1488285480,0.3432354365309182
1488301560,0.4698886404901604
1488317160,0.18031685857954224
1488333960,0.7921613104836871
1488345060,0.747755476422436
1488364740,0.532582595871375
1488377340,0.1510754576019691
1488397140,0.8671717432329288
1488414660,0.8683034189658032
1488432180,0.879572693061165
1488452820,0.7850215303867382
1488468420,0.8375323007800646
1488482820,0.5853941719166613
1488497520,0.41852232832725794
1488509820,0.19363188290797284
1488523200,0.7391499818052435
1488544500,0.2435611861100768
1488559740,0.34342597635768907
1488580860,0.7539570088850674
1488592560,0.2217822111872832
1488611040,0.6903686263875138
1488623760,0.4194426545591462
1488636720,0.5037806291139787
1488655620,0.5293208447148361
1488669420,0.33623468395963774
1488690960,0.5189698633154244
1488705840,0.6474067391126211
1488719880,0.7777307348617423
1488743760,0.7925217581092778
1488758460,0.4624495335194406
1488783480,0.8519653159703566
1488799740,0.7340710530320682
1488811260,0.26255441561777887
1488823260,0.6633433817733626
1488848400,0.8928585882169627
1488869940,0.777885327283203
1488894720,0.47230178761645836
1488907680,0.8654692896516268
1488930600,0.45228325598004604
1488952740,0.6213325324246892
1488967080,0.4954452496100025
1488988800,0.59204999572867
1489000260,0.6053200081542147
1489023480,0.8808660505919789
1489046880,0.187019783563595
1489059780,0.8846213935801446
1489070880,0.3344394850018447
1489082220,0.8173897991867498
1489095180,0.1015550794070296
1489111740,0.08143541065996025
1489129020,0.693428289212759
1489148700,0.710210210282063
1489165920,0.21904420882646117
1489177080,0.8540301798730097
1489190520,0.3657010391524098
1489203660,0.7147777100778692
1489224780,0.7087451817979229
1489243380,0.7094525887887916
1489262100,0.6774389981742198
1489275060,0.7932143706263465
1489293360,0.5932128439692118
1489316700,0.6283791338853355
1489329060,0.7847636296652195
1489345320,0.24054492283727208
1489367580,0.21726872524420024
1489379520,0.11198410509938087
1489401660,0.22711993002520933
1489414800,0.8739544096369575
1489425900,0.09487943247325671
1489437780,0.648366844349363
1489460940,0.24284381082882356
1489484760,0.4966000372743479
1489500960,0.8615792574696095
1489513740,0.2111771315227134
1489538820,0.7348967920530529
1489555140,0.18131892811979894
1489571160,0.8746828697383854
1489585200,0.07636067904044819
1489600500,0.11337584691473529
1489614300,0.3856717001031566
1489633380,0.4921202287706314
1489649220,0.534009367262592
1489666200,0.8115065128372969
1489678080,0.12151516916298037
1489693920,0.7896914199549215
1489707180,0.8681562575845299
1489721820,0.6897112135918925
1489739820,0.6633661357306947
1489764900,0.8003624199374939
1489784160,0.27013785992383915
1489797540,0.22678460300444167
1489816860,0.6905519052440547
1489838640,0.40060681367606016
1489851420,0.7350613602907385
1489868100,0.4763113826075375
1489879260,0.6636395046743749
1489896840,0.44049997997666884
1489909860,0.10835468893949045
1489934220,0.6233198550939257
1489958820,0.2428280994308634
1489973520,0.2960867316643409
1489986360,0.631804830785873
1490008980,0.22385782031320559
1490030280,0.2856795808860315
1490043420,0.7324161713038019
1490062740,0.559641618261851
1490084820,0.6944424859764285
1490104800,0.695777846530485
1490119440,0.24644277506259019
1490144580,0.0676283643484599
1490166000,0.6714525574980641
1490180700,0.2214232851142063
1490195940,0.7749458190213168
1490217480,0.623821066808158
1490228280,0.4330413420879345
1490247000,0.5688590131944355
1490266440,0.13910105786246332
1490282880,0.5075098242461449
1490304600,0.10804037042446263
1490321520,0.9212892941304794
1490340780,0.6453004455340234
1490354640,0.8622130215447412
1490371200,0.8073619792426531
1490383500,0.7420638483945879
1490408100,0.8322966708993903
1490433000,0.20554325142451244
1490445420,0.8258966340504791
1490466000,0.8000289046242862
1490485080,0.6419064109201196
1490498460,0.3530423453155657
1490516340,0.6933213517395717
1490539440,0.6193124640410562
1490557920,0.6185099111396709
1490571540,0.6198203151874723
1490583480,0.8850487869448563
1490604420,0.10075381191272174
1490628000,0.9443459747740925
1490647800,0.37470872176933195
1490660220,0.7038670896133848
1490683200,0.639115343879284
1490695620,0.11411119026637583
1490712720,0.9320852039735296
1490725800,0.4950426491636188
1490748240,0.8124164345026698
1490770080,0.20631390862244212
1490781540,0.48157144384513517
1490799180,0.8578413996353998
1490819700,0.22240005909956384
1490832300,0.8294341589661837
1490849280,0.21897978950221195
1490864040,0.4735632039667057
1490879220,0.8031206760518755
1490892000,0.7079585284830865
1490910840,0.20007739675362968
1490929620,0.8853378841480427
1490943840,0.9173443723241728
1490967000,0.7930865437367391
1490991900,0.4910243673409134
1491014040,0.46664549157875335
1491027540,0.6995230289312646
1491048120,0.5979979918179833
1491060420,0.35865217382041525
1491077760,0.669249580681746
1491090780,0.6551973064680503
1491105840,0.3763041050613981
1491120360,0.7081235640693615
1491143460,0.36207949572754805
1491156060,0.5418267002290479
1491177120,0.5127282220834704
1491192720,0.8026187934526785
1491213660,0.3243389937752338
1491230520,0.43831923559895836
1491249840,0.936015541083665
1491272760,0.32365258521816453
1491294900,0.8629207198040165
1491314700,0.8941318434116353
1491337560,0.23631994147082558
1491352380,0.8622467953917303
1491366420,0.23006727227935328
1491382920,0.8628706404973707
1491399660,0.769285131211252
1491415200,0.8582969427096822
1491426060,0.6654359384042957
1491441300,0.26316308299529784
1491465840,0.46762294593025566
1491490320,0.7789247804026742
1491512040,0.8564367476314568
1491533700,0.8904446111668244
1491553920,0.7497154023961841
1491571320,0.8835367351021376
1491589020,0.8684987498932962
1491606240,0.8504984311653951
1491624480,0.39385702304673226
1491636840,0.3747728544910194
1491654900,0.22594670991105645
1491672960,0.36578512227831006
1491687120,0.5712938808772787
1491706920,0.2991349667797932
1491718380,0.20179063519593823
1491734520,0.7681254193506581
1491747960,0.7833954846726685
1491766500,0.10254552874924971
1491780180,0.3499061920310133
1491794340,0.9236845412719276
1491819120,0.9339619972146851
1491841440,0.8387625939920818
1491853380,0.19747842058527876
1491878040,0.3924841076352464
1491901020,0.5436844405228216
1491920760,0.36205550859832697
1491943980,0.9289857894451073
1491967980,0.8402670296970698
1491991080,0.2254942491776665
1492010340,0.10838282517894157
1492024320,0.1026765151569442
1492037820,0.20447547206545244
1492050600,0.9223004885389356
1492064040,0.4845034614583315
1492084680,0.41942417942131216
1492095540,0.8435451399147255
1492119000,0.7437867086717577
1492143300,0.39703127046713943
1492155660,0.34136584543263937
1492168440,0.7434412386792278
1492179420,0.8144339181386728
1492204200,0.7827245537730707
1492226580,0.8350201119016586
1492251300,0.6694160371215805
1492263000,0.7813554604652694
1492277760,0.20305305125815376
1492290420,0.7914587532573021
1492313940,0.6865836294096924
1492332900,0.7243300620597486
1492348260,0.7377897947738852
1492371960,0.4853434149968843
1492395240,0.1940913544392873
1492406220,0.6288370373106944
1492424400,0.4357266921280297
1492444500,0.9185599473517211
1492464240,0.18140531519127998
1492478460,0.8656539591098857
1492494420,0.7991945721071698
1492514940,0.8649217173886105
1492527120,0.47431124521377055
1492538280,0.4126218960141473
1492549260,0.21525490637215614
1492569960,0.23034543419713685
1492587060,0.6708338402340692
1492599360,0.21483105191789062
1492614900,0.7263472677826037
1492632480,0.2740000994716598
1492644300,0.5323427016905138
1492656180,0.34769736482163766
1492672860,0.4045901001448749
1492686000,0.08822251325141063
1492703700,0.6023160017145888
1492719480,0.8146018087690586
1492737480,0.7860155039251784
1492759620,0.5315497548768219
1492780500,0.751701659269916
1492793460,0.21604210821311826
1492813980,0.12149449612647654
1492837500,0.5991739097048973
1492856340,0.38987175038137684
1492872900,0.8232598648216121
1492896780,0.5907197996426138
1492911360,0.8335513689898898
1492928460,0.3802383800332206
1492952340,0.6914761363432721
1492965300,0.5166695969582877
1492982700,0.8119632136095609
1493004000,0.6272299568211023
1493027640,0.5194471175296672
1493043900,0.25776648479458447
1493065500,0.0979273248190387
1493090640,0.8184972973024401
1493104860,0.1561768266076391
1493121600,0.6312601707650944
1493132580,0.24333326602896282
1493150460,0.3695979695750082
1493166540,0.9063065798766309
1493179140,0.22075527938075223
1493200620,0.7642915720029057
1493218740,0.19440951705698933
1493243400,0.7572404397927015
1493266800,0.8217308902621259
1493291340,0.7713968673567003
1493307780,0.7778260068553156
1493320380,0.7582631807048269
1493340480,0.3216276674771799
1493355420,0.8649056614433426
1493367360,0.313007392390632
1493386200,0.7647874333582773
1493400060,0.12130914139342225
1493411220,0.7634897569571452
1493423580,0.8275762603730443
1493440560,0.6899201162018845
1493461380,0.3106398479290824
1493477100,0.7861915421520291
1493496420,0.8300747108520604
1493514780,0.38411218372317857
1493535540,0.6555287697617007
1493549100,0.40049665449230143
1493563560,0.6403828271077805
1493585820,0.8360634505809839
1493600700,0.6517255144146922
1493618040,0.06717887086237782
1493629200,0.23657776783683127
1493642220,0.8004735010868472
1493654880,0.8765984788742581
1493668260,0.5948769885862144
1493684880,0.7284643224645168
1493699220,0.8910701202261971
1493723820,0.1907080769691878
1493736240,0.8254016218471925
1493749920,0.8091648975481537
1493771880,0.7066904629754351
1493788920,0.7058860788623004
1493809800,0.7757572487864907
1493820780,0.6914646745352627
1493834460,0.7671387803042904
1493854260,0.8215169824715265
1493871900,0.3098034396398926
1493889120,0.8692510157800121
1493907600,0.8071589384354213
1493923440,0.6117692315429865
1493942880,0.8274829129383283
1493959620,0.8285946741578
1493976840,0.8536974211730133
1493991780,0.9066026289115046
1494016680,0.6071185328227935
1494033720,0.10345828725309285
1494045300,0.5186645813288303
1494058920,0.892224445503811
1494079740,0.7727240045923078
1494101460,0.8741868814689193
1494123240,0.8817238229140749
1494148320,0.11572809073663677
1494173040,0.8537018657045575
1494185280,0.4045121665755379
1494201660,0.6783145378758793
1494219240,0.7850267155856664
1494230160,0.28644705868375686
1494245640,0.8835563334317915
1494268200,0.20498927569071138
1494279720,0.37427626231048156
1494297600,0.9141814398608343
1494318540,0.8617997434604276
1494337680,0.12418110758977365
1494361020,0.367272363825303
1494381840,0.26571598179213646
1494394200,0.5169636235829159
1494417420,0.2923359302413184
1494439860,0.6350465867646465
1494458580,0.6561771111554885
1494476220,0.24899481197869547
1494493680,0.3753533927762263
1494516840,0.8283540020238549
1494529620,0.6009192504501584
1494554220,0.8508327769255344
1494565620,0.7104111264510988
1494577680,0.7172716421665497
1494591000,0.5698161320281315
1494614220,0.08873370736648487
1494627360,0.9124913950676034
1494644880,0.15222130265386602
1494670080,0.7741563434878072
1494689580,0.30818467435237035
1494707100,0.3118031444987853
1494718320,0.3518484667782623
1494733980,0.4980198461924848
1494757920,0.7749539681016478
1494775020,0.7681988082393804
1494790800,0.2418092582635175
1494814380,0.1781764395234389
1494830400,0.4312608683949561
1494847500,0.8083804016872425
1494866880,0.8460724747330688
1494886020,0.5677422195805873
1494904320,0.8774698471488704
1494919140,0.5536216373099947
1494939660,0.4652362968278995
1494955380,0.32873623603241475
1494972660,0.6929398288281098
1494984660,0.5719658929481237
1494998160,0.8794465888123261
1495020960,0.3468899018771465
1495035540,0.6423994101092984
1495053840,0.24046157215318792
1495072020,0.21470830173734987
1495094040,0.27046987579649157
1495116540,0.6634952312314764
1495136100,0.6754778439751824
1495155120,0.823410930920444
1495167240,0.11006483991801361
1495183200,0.3232609475507581
1495198080,0.7686396406705253
1495217220,0.6625715834993435
1495232880,0.2624644888928262
1495256040,0.780693958147156
1495278840,0.7978728919374837
1495297020,0.5120014847091802
1495313100,0.21014991648422712
1495332360,0.42100962132376113
1495355340,0.6477324795056456
1495370880,0.826061769249137
1495392240,0.602111042263413
1495416180,0.6985965266397143
1495435140,0.8159682205116642
1495451340,0.620866147646292
1495472760,0.053435282697494584
1495486320,0.5892352529255537
1495502280,0.9211284577802363
1495514220,0.5602751535180956
1495526580,0.6638642574271902
1495544400,0.6934940001185834
1495568340,0.83182108386623
1495585800,0.5854776986333555
1495603620,0.4372340396792129
1495626540,0.5402219524044399
1495644240,0.8494422577768368
1495666260,0.8175149215065005
1495687980,0.778857905218372
1495707600,0.788241217549992
1495721520,0.9333450530975175
1495738860,0.8681949644104703
1495753080,0.8859939575564063
1495774380,0.20483142235361507
1495796880,0.8114922967142872
1495811400,0.592409325075793
1495834740,0.16007291426891407
1495850940,0.8805609995542844
1495868760,0.48253373323777743
1495884420,0.7450928630728847
1495901880,0.6553296973476278
1495925220,0.5356292878970266
1495942260,0.48343103085988126
1495961100,0.7628301883925528
1495973340,0.6539717761275619
1495996200,0.547027730423959
1496007360,0.3017829349482448
1496029080,0.7585595347286156
1496045280,0.775578543993332
1496067240,0.866145666721919
1496088480,0.13461382819967335
1496113320,0.819378453797157
1496130840,0.19319810296728546
1496154600,0.8553380470514156
1496177040,0.524420352168505
1496188140,0.8897482088078709
1496211240,0.39024665639707756
1496232240,0.6035799373615508
1496246760,0.7679098502435067
1496267760,0.6766465319803711
1496279100,0.2657256245344662
1496292060,0.19483316788794444
1496308560,0.5996788514861422
1496328300,0.6899512521003057
1496352180,0.6240508603668914
1496372580,0.8939053895346174
1496383380,0.8023307818280484
1496397120,0.4557583375705676
1496420340,0.9135860819354469
1496431500,0.9170117316250382
1496446740,0.7701158968393462
1496467920,0.5743594982272259
1496484780,0.7562920371841912
1496503260,0.29416596049605304
1496523960,0.21922331759051372
1496537520,0.25021034979977236
1496551380,0.32007129136480117
1496572740,0.5182461520844381
1496596860,0.653809131430907
1496612700,0.25612644498741216
1496628360,0.8739049596112217
1496651940,0.7406329949296876
1496667960,0.11021108972612126
1496685240,0.5959269727971345
1496708520,0.7781781862305414
1496723040,0.6604388747569307
1496746020,0.705275565118212
1496759760,0.32484522013448436
1496784840,0.4443549107298582
1496802780,0.8049817733407226
1496827140,0.5928191261142524
1496850720,0.11875488273218146
1496861520,0.624602478548544
1496875860,0.44456999821691673
1496890140,0.5860176177509028
1496914560,0.6473319462936238
1496934300,0.4763558378296643
1496958000,0.5443504431558497
1496972340,0.4233734875453498
1496995320,0.18060095671227788
1497019140,0.04675068993961512
1497036720,0.8190086457739252
1497058800,0.8366583475174469
1497072300,0.763385451691622
1497094680,0.36859182530700324
1497106080,0.09881743518737256
1497131280,0.2304078981929921
1497152940,0.33550563699703695
1497176580,0.8231869701595372
1497201660,0.7190013804287277
1497219600,0.25675727929948894
1497232500,0.6521007679636188
1497245340,0.547822567095835
1497263280,0.6368158145167805
1497282000,0.20626751534757512
1497303000,0.7800487842160416
1497319200,0.31099682064528633
1497339420,0.49133230272532064
1497353700,0.7880844505385654
1497369420,0.6897814336622599
1497380640,0.7604704848098892
1497392940,0.7624804909223786
1497406140,0.10254041356262517
1497418980,0.5388207993202739
1497443100,0.16939557578216993
1497455760,0.19846477279906596
1497478440,0.7764357148047798
1497500100,0.5265166986531704
1497512700,0.044287389718624726
1497528540,0.9055403067382835
1497548460,0.7630370713712917
1497565920,0.8813150135292462
1497585600,0.6057871715869431
1497610020,0.16651142102690816
1497625920,0.6912640151298146
1497648600,0.22417693448965031
1497669420,0.2391737154707577
1497688020,0.5824870584329108
1497704160,0.6759378615060834
1497718140,0.66609384772067
1497734820,0.7559417982487102
1497746940,0.46545493082001227
1497764280,0.21325335330311287
1497778080,0.9023636804114813
1497795660,0.4741231887539025
1497809640,0.7845220274512712
1497822180,0.7192901170272403
1497835380,0.920141906164152
1497856020,0.8581776471553345
1497869520,0.7556806864118872
1497888840,0.06431152932694456
1497905340,0.7927665906575438
1497917820,0.7732468972549356
1497940920,0.6976931733084416
1497953580,0.8026285065890916
1497974220,0.8887771508117118
1497989220,0.4181501582743249
1498002180,0.6918402229880831
1498018200,0.7895648972918234
1498043220,0.1467791388387155
1498065960,0.7646488692864772
1498080120,0.8024346230359486
1498098660,0.8102990927621325
1498122600,0.8789478812986382
1498142100,0.5149160714578381
1498164600,0.702291145175689
1498182720,0.8851230760630127
1498205040,0.5991457434621146
1498216260,0.20261289277183156
1498231080,0.6598323873922148
1498246140,0.8765775794064604
1498264380,0.6569647457079937
1498280280,0.2442062595264633
1498303500,0.3100311187158173
1498314300,0.8582262621469436
1498338660,0.8694652493602151
1498354440,0.8173070577455512
1498378500,0.478955784459985
1498400760,0.8984403079250468
1498423800,0.0706388161017005
1498442340,0.10932645459808392
1498463220,0.855145822100518
1498482600,0.10156408102914802
1498493760,0.8062422644457811
1498516020,0.26829086547196934
1498532400,0.11311351997574126
1498552500,0.11422484026247515
1498574160,0.7801683291446871
1498596720,0.7606931900009674
1498611240,0.7357318116269641
1498622340,0.5389070610711213
1498634100,0.82152981199055
1498655760,0.37705375683712666
1498675680,0.16787395390578758
1498689120,0.884163721165841
1498711680,0.3512685390894825
1498725840,0.6608966795097101
1498742160,0.7987944133351562
1498764120,0.8291002518007632
1498779360,0.8891907748784027
1498797000,0.815614056208686
1498814880,0.7205830847631165
1498826160,0.18798466579471498
1498837500,0.12853825929392346
1498858740,0.2783252207833842
1498881600,0.4950777350976617
1498906080,0.6301873778408893
1498930500,0.7861915421520291
1498949220,0.22984252612337241
1498961100,0.29283897079104443
1498980540,0.34581874680174407
1498999980,0.343529831792417
1499012160,0.7572118859557363
1499034960,0.13048526222626627
1499050680,0.8967796342290932
1499064780,0.6744476747008994
1499084640,0.7569971200816941
1499101920,0.1072392103094902
1499125020,0.7344273862787059
1499140800,0.9164687226649004
1499159520,0.09723432765133112
1499183040,0.6263876430017856
1499194080,0.8780683731418605
1499213880,0.7903960173112502
1499226300,0.2991006294760667
1499245620,0.6483134523396636
1499269680,0.7895030719050494
1499283540,0.7973130310294176
1499303820,0.04915692530945158
1499325240,0.07766918991367737
1499340660,0.42000178504029756
1499353560,0.11363815434736288
1499366400,0.8211011391089339
1499383620,0.7456681820640574
1499403360,0.13215010280957581
1499427720,0.6493768684592283
1499451840,0.27449193280520684
1499473440,0.31747326480686305
1499487180,0.3516064490265039
1499509500,0.3191435153613236
1499534160,0.6828800951564458
1499558100,0.7695294230294155
1499576040,0.5971340407393501
1499591880,0.7793538006943997
1499605200,0.32953798355257585
1499622420,0.24109559420789212
1499646960,0.919542323763483
1499663400,0.707104758064342
1499685960,0.5947684207780848
1499698740,0.8738701810590329
1499715000,0.9343884585902803
1499739900,0.12115092867558663
1499754120,0.10638222910752863
1499771760,0.892281986189879
1499796720,0.40803022278400025
1499819100,0.8582543591666695
1499840820,0.8404434418283272
1499865240,0.7984949948499626
1499890200,0.22453026536178078
1499907540,0.10844076038005702
1499929500,0.6243706086360213
1499953920,0.7215589552544379
1499972280,0.8802464104739638
1499994240,0.7898730091776721
1500016500,0.3137309352436595
1500039840,0.2235115344399545
1500055260,0.8966186334796018
1500080220,0.8154905652344432
1500094800,0.8897188351077701
1500112200,0.23443412643341063
1500124260,0.8049915522777962
1500149160,0.9129428857465124
1500163740,0.7900565920593549
1500180840,0.2945704917080318
1500204780,0.7804354552367473
1500218400,0.09764122510281638
1500237480,0.1746839851313268
1500257220,0.061467591983076435
1500277860,0.09100858203000642
1500296520,0.10225069910338064
1500307440,0.881247174900896
1500327540,0.15194508975850687
1500343500,0.8531915891311057
1500365460,0.542796936897722
1500380460,0.10827517581238921
1500398700,0.750763044773161
1500409680,0.5278644434467223
1500430920,0.9334278878417172
1500446520,0.8009817048957831
1500463860,0.10026327653531023
1500478560,0.10587043342071804
1500496740,0.7971920522174921
1500509160,0.30268566841601335
1500533820,0.8713057392168325
1500548520,0.8509417720709949
1500564480,0.7260856763185822
1500588480,0.7168682464170185
1500610800,0.5330861937423633
1500624900,0.7963436694745971
1500644040,0.6112723846438014
1500665580,0.33398261489567543
1500676440,0.11905684897978776
1500699540,0.7784095232681539
1500710460,0.10397877292911661
1500731220,0.7946832935922977
1500752940,0.916781295128859
1500769440,0.28291217235692995
1500782280,0.8263928598093475
1500795480,0.04360609041355231
1500809100,0.8115048853364181
1500829980,0.3187799997955383
1500845460,0.25866328789234644
1500862440,0.8783222391097084
1500887280,0.8941454962925958
1500905880,0.8236104552243929
1500930120,0.915693746359322
1500951600,0.3115390441981705
1500963780,0.8493066674046417
1500981480,0.6079520718455658
1501004400,0.41783950211472487
1501024260,0.7905355206706806
1501036320,0.7959713321511557
1501052580,0.2345735562767511
1501069200,0.40959072522391077
1501093980,0.7312550967462071
1501118280,0.13293432539133063
1501140000,0.32929346294447265
1501152480,0.2971420530300032
1501171920,0.12565988692996588
1501191420,0.13093604690358246
1501213740,0.20318875788879145
1501230960,0.6928472011182465
1501242900,0.6885645916366993
1501264020,0.9140273824910643
1501276440,0.8657534864439698
1501300380,0.04047850246559209
1501321980,0.20440492508639022
1501341300,0.08135733460931775
1501354620,0.8225501139517506
1501379700,0.7198168517221993
1501391040,0.09552083405834298
1501415580,0.8413100217025068
1501436700,0.751970927535542
1501449960,0.24729089554471795
1501465560,0.7155969210597777
1501477200,0.3338215300848329
1501491000,0.8680775075406854
1501505580,0.7664308471532612
1501524180,0.22895117501275855
1501547640,0.7991468111293981
1501569060,0.9317723808786121
1501590600,0.8447982636010034
1501614480,0.6273343962757949
1501634580,0.7083509090967954
1501656600,0.9436943507481544
1501670640,0.6531889164939962
1501691460,0.9372327887141548
1501711920,0.8905307699730537
1501731900,0.931954006223949
1501744380,0.24880771893842388
1501765200,0.8919014765681071
1501786740,0.8110712749529931
1501803660,0.6421481140928805
1501816740,0.4863243811772815
1501837680,0.2907397577468388
1501854120,0.8456234984825469
1501877760,0.8059584423566001
1501899240,0.2358270919755499
1501923180,0.6184323613986265
1501939800,0.8603521553360463
1501961580,0.9045590527943838
1501976700,0.377617824215043
1501997820,0.7476643460253434
1502020680,0.7288633920109981
1502032560,0.8490774323853002
1502043720,0.43107503741505926
1502059500,0.2777337031495515
1502075160,0.2872624503227633
1502092920,0.8528527250633231
1502105220,0.6742187235819787
1502120700,0.8994950347239327
1502131500,0.9075149657287148
1502145300,0.26963263291770034
1502160300,0.7150849610430365
1502176800,0.902650405455906
1502199060,0.044589392213411246
1502222640,0.5465277996965355
1502233860,0.08614124529614617
1502248740,0.8217707072819694
1502265060,0.9111969138099523
1502290200,0.292822852733087
1502310600,0.13088749924312268
1502321460,0.7474991886739973
1502339040,0.31709523949710633
1502356320,0.9052417941214613
1502381460,0.9034204268253672
1502403300,0.19390376511141846
1502421960,0.7755599865201096
1502444340,0.12817835989602183
1502462520,0.8679099550567108
1502473500,0.8991964939887351
1502492160,0.8903400921527033
1502504700,0.18095718627339746
1502516580,0.0972250589397446
1502535420,0.5535455492640134
1502554860,0.838318609053476
1502577300,0.5272870581652227
1502589540,0.3443391816386854
1502613960,0.08197715455843554
1502630820,0.17770188809148094
1502653200,0.78645726014528
1502668320,0.8156294325235198
1502691960,0.1124867923773254
1502704320,0.4630591334053085
1502724960,0.7589110444247478
1502741460,0.8485984873671578
1502763540,0.8764458957807258
1502781000,0.6797690457932244
1502793180,0.6806624672019662
1502812860,0.9077158213945732
1502828940,0.21636882343318425
1502846100,0.3076202949271645
1502857920,0.08722837823885304
1502883060,0.6588702932066371
1502898900,0.27147752450199186
1502917920,0.8080396065705494
1502939340,0.828768062586373
1502961660,0.5674834950525741
1502972460,0.8137577330582222
1502992620,0.8436073103840459
1503011400,0.7310764913202089
1503027360,0.7048847666866006
1503038400,0.23028305418461667
1503062460,0.054255017045785135
1503086040,0.6117499997961406
1503099840,0.6640712084650032
1503116880,0.38238626095786327
1503135840,0.790673322511031
1503156720,0.15251690103906443
1503168900,0.597449420724639
1503184500,0.8179198288070881
1503203700,0.35540453238412417
1503218580,0.3404836495899182
1503241500,0.8784118179436636
1503266340,0.6994093853765245
1503282240,0.10544361781170768
1503305160,0.10359210932481773
1503326340,0.8603004903981466
1503350820,0.7818978932294323
1503366180,0.9147881701300827
1503377040,0.5280350232182293
1503395280,0.3217868596286542
1503418440,0.8699077468271343
1503432000,0.8707126864637424
1503443520,0.870018642459062
1503460200,0.4188430439254428
1503484320,0.9150857071706392
1503499500,0.9396668969829317
1503524040,0.8977619213693034
1503545820,0.6531065915632583
1503559380,0.8735496424801628
1503579480,0.8514125847162376
1503603240,0.28321425201184236
1503625260,0.8694993057919146
1503647520,0.10771583504038046
1503659640,0.850327573161021
1503682800,0.23721886088842908
1503706860,0.10315821174611424
1503718980,0.720299819954409
1503741060,0.8389321364881795
1503755520,0.12448717648376922
1503774300,0.8995441274600035
1503789240,0.6653637377185702
1503813000,0.6360583458214013
1503834360,0.8146083317712053
1503851160,0.6838241762899613
1503862080,0.8144576586826608
1503878760,0.8388339836012916
1503901980,0.47600575947141277
1503920460,0.2161078462205921
1503944700,0.11050465848218612
1503967020,0.4406279241543934
1503990840,0.25018162305207975
1504014480,0.23099063510958853
1504031220,0.6852204827707309
1504054980,0.5284279882628611
1504079400,0.7812031999734457
1504094520,0.9037561991717301
1504106400,0.6593788780708105
1504117980,0.3173741473649979
1504142940,0.9034842972135185
1504155180,0.8763532275299735
1504167720,0.46997399866044154
1504188300,0.3797305692246458
1504210500,0.38951725495203604
1504234260,0.8318169122545293
1504246320,0.7000791519288535
1504260660,0.7519778157673033
1504283040,0.07073806691335617
1504296120,0.782521843600222
1504306920,0.5846206101350632
1504328220,0.6919557349467907
1504350600,0.7863438541292037
1504365180,0.21360044238391712
1504378980,0.5262489727601593
1504399680,0.3627454442742205
1504413300,0.127091008797257
1504435740,0.6210372982077651
1504451940,0.6793017973389218
1504472760,0.23048371303003018
1504488420,0.9144423915820248
1504500300,0.9113692207647818
1504514700,0.14075945999947184
1504525800,0.7457142731360367
1504548480,0.788878960272278
1504565100,0.22921864388234797
1504581360,0.8902056192706312
1504606080,0.8832345996795624
1504618080,0.06612264463410603
1504635960,0.8653456558611239
1504649760,0.3731072919602262
1504664580,0.9093040713494049
1504683720,0.5215446367237591
1504701720,0.8449105842521935
1504722480,0.232802507427059
1504745880,0.8704728391378761
1504768200,0.04251473684370345
1504782180,0.8940179971232484
1504799460,0.7985512837641784
1504812120,0.2518821059856888
1504825980,0.9006685905114147
1504850880,0.2072553268485157
1504874280,0.936027205043051
1504891560,0.7469358832183084
1504914780,0.871380394589624
1504932360,0.9178301845898182
1504952100,0.22261226760065483
1504967640,0.6690316634752504
1504985520,0.6612050393229809
1505000040,0.7646650418963499
1505017020,0.5584024995543154
1505041020,0.7328235353089688
1505057400,0.6497917093700697
1505080500,0.24315110379382215
1505099220,0.7832601468333762
1505113920,0.8416767205734538
1505136360,0.7104338189182319
1505158260,0.12535147065441887
1505178240,0.22472139313713513
1505203140,0.11340824364207097
1505219940,0.4144558138242653
1505237100,0.5038403771102226
1505256420,0.22236323749325806
1505276880,0.6255610163323788
1505289060,0.3450329241116525
1505299980,0.31762936551876453
1505323620,0.14562216003901163
1505339460,0.30880663180424855
1505363280,0.6114444088633176
1505375820,0.7283259208479963
1505390460,0.25242795543800495
1505413620,0.03607472342771408
1505428620,0.6925630052024648
1505447280,0.13914797837007684
1505462220,0.8149968390471379
1505482980,0.2752997138315786
1505495820,0.049735741122226076
1505514360,0.07433307542396667
1505537580,0.8952866973414196
1505558520,0.25411240721275047
1505580000,0.04509715551811272
1505597340,0.8467863515514201
1505620200,0.6306713568942538
1505637960,0.9083978239941427
1505658600,0.8523108067763344
1505683260,0.8124260952056022
1505698020,0.8901689156272977
1505723220,0.0756597727379208
1505735340,0.5243433642603281
1505752080,0.8512465650818505
1505766840,0.7521744477267857
1505781540,0.7796107764509989
1505804400,0.906099903924625
1505821440,0.10967065772233436
1505832540,0.8734508394648652
1505851140,0.11557860958693189
1505870100,0.909167973067462
1505889000,0.18429597894756095
1505904720,0.20743431704147722
1505921400,0.5009059092271325
1505936580,0.5611727934863047
1505949780,0.3066840003306162
1505965680,0.9347329952891087
1505985540,0.8583241902620419
1505998920,0.9175297277898578
1506013380,0.09498946288579535
1506026580,0.8928012187577877
1506050460,0.8847135038982757
1506074280,0.3184592384344254
1506090660,0.44020827893773146
1506113040,0.1533392201873174
1506125640,0.8105443069971777
1506141960,0.9298647807409685
1506155640,0.10420789501445468
1506170220,0.6120934776584323
1506187320,0.24608105942619937
1506207060,0.7421496542400963
1506220020,0.6589856617078422
1506245100,0.8186432275073989
1506261300,0.3283549992404231
1506284160,0.3819718264680553
1506295800,0.23020747677007602
1506313380,0.2539604861081176
1506338160,0.3094354136528967
1506358680,0.462492546122719
1506378660,0.6729761215877008
1506394920,0.06211505753123081
1506418740,0.09648212953767428
1506440400,0.10844196328833557
1506452340,0.03544829074570511
1506471060,0.7045292949536285
1506492360,0.7418416507454213
1506503520,0.2874512270625021
1506521940,0.6778808096415355
1506543060,0.3890492580691185
1506564540,0.7098088192392994
1506588720,0.1030195312135776
1506606960,0.8248677878356426
1506619020,0.09750033965385616
1506632220,0.0943671026065585
1506656040,0.846138701854582
1506671460,0.3268375909105795
1506691500,0.2765353495906816
1506705240,0.32920794455549274
1506726180,0.11148504106581536
1506749880,0.7417800713335233
1506771840,0.7718097218757867
1506793920,0.8274468877894391
1506812940,0.23269790164546192
1506828300,0.8540062031915392
1506842460,0.309834051309136
1506857880,0.8146399326867798
1506881040,0.20153463424808984
1506893760,0.11044017975599243
1506912780,0.13153258212047722
1506930300,0.7460550774144928
1506954480,0.8660259963054037
1506967620,0.4505467695999885
1506990000,0.9088848846553126
1507002060,0.8234901723100223
1507027200,0.22751279004464292
1507043460,0.891121279714502
1507055400,0.7320478967403683
1507079460,0.675043421300957
1507104420,0.4960369182559527
1507115520,0.8228159773774887
1507140300,0.10601863557382538
1507153800,0.8623308306262546
1507177020,0.6522437598564661
1507196460,0.7750739588285607
1507209180,0.19157118924456623
1507233300,0.5830984234897978
1507244880,0.3427838546053011
1507257000,0.12375478645812761
1507279140,0.8813897290607055
1507301280,0.5249119919679893
1507319940,0.3857942048366171
1507333560,0.8674194390274298
1507349580,0.5048446400431468
1507371840,0.24948867341584197
1507396080,0.5005010217740006
1507417740,0.8477643952667315
1507437720,0.775135437692836
1507453440,0.746989416774502
1507476720,0.9237789734456637
1507488780,0.8125455438410509
1507513620,0.28723322329237094
1507524660,0.6982501464558536
1507536660,0.6620278746557507
1507558200,0.6340809895904698
1507581480,0.9114957785644237
1507596780,0.45054833570500574
1507613400,0.799752405327944
1507626180,0.910302724758469
1507643700,0.7998309399032286
1507659180,0.8213698065959559
1507683180,0.06034912575318258
1507701060,0.31049915917143706
1507718400,0.7902968149859105
1507742160,0.6782590962607944
1507756860,0.4777303810648358
1507774920,0.9180942278102636
1507788120,0.3978584237965316
1507800840,0.8115168816190703
1507824360,0.5865722143639164
1507836480,0.10065487943712095
1507857600,0.05610081394669144
1507874520,0.5877140979566702
1507893660,0.8171065543271314
1507910340,0.47739917180307345
1507934880,0.20641407537685183
1507950900,0.6236392061435151
1507967880,0.31477122575041067
1507989600,0.3782282966279479
1508006340,0.2884765437748529
1508030760,0.21183541442769052
1508042400,0.8203677947231663
1508053200,0.7196234167920524
1508074680,0.7858355503913032
1508089320,0.3759814698039234
1508109660,0.5978691031216206
1508124720,0.24629045326103507
1508139360,0.856523127711528
1508150280,0.8512438077097629
1508163900,0.1433266279055697
1508181000,0.23929888883812944
1508203680,0.7793613828441284
1508221140,0.8099536098015049
1508244180,0.369778888961156
1508261340,0.8003754863627088
1508274540,0.7674104961753221
1508286000,0.08808466874745437
1508309280,0.4833457041252312
1508320740,0.1422301971599425
1508343720,0.31109749953734267
1508364300,0.18197727330882102
1508379900,0.6131601743072528
1508398920,0.3533912527297722
1508416200,0.21814649154641244
1508434500,0.7445993644236453
1508458140,0.3156933642937598
1508476140,0.5688373215606269
1508490060,0.6600032314039007
1508504340,0.21656484939340273
1508522940,0.34095790470363607
1508545920,0.8042318023474144
1508560800,0.8805099040524841
1508580960,0.8911017369518162
1508597640,0.5579368610644225
1508616780,0.28628238515932886
1508637180,0.18040853022588313
1508658180,0.565946900396488
1508673300,0.8267811165877161
1508685540,0.6656551621028921
1508709600,0.6556857492111625
1508730060,0.7353135825028141
1508747100,0.39599209343550373
1508768040,0.27531187867159296
1508792340,0.641355374932789
1508804160,0.08901536588884754
1508829360,0.13559096338163765
1508845320,0.7432780315731585
1508869140,0.6723288183984585
1508891700,0.11355270467389902
1508914680,0.05647889795095607
1508934180,0.24231130826766742
1508957040,0.9069065011561415
1508969520,0.7885203577474763
1508988000,0.8675018173931626
1509011100,0.8954200160172322
1509035940,0.06311488120936729
1509058680,0.3153575175647549
1509071820,0.24009325283303923
1509094020,0.2544744970270656
1509110820,0.4314980244677019
1509132600,0.14643204708611418
1509144360,0.8909196772198518
1509159060,0.10990905352013745
1509179820,0.38150205578387314
1509192600,0.07928114036275496
1509208680,0.7625139787283042
1509221640,0.6426651358557848
1509233160,0.42968528337525524
1509252540,0.22189833935288958
1509265080,0.07765242848912847
1509289620,0.3899031200848554
1509305160,0.35008979407029556
1509319980,0.6090144451318004
1509345180,0.9000831692439251
1509359160,0.6073518446111758
1509376440,0.7801819533505895
1509398220,0.4418472294755976
1509419160,0.6287776255754977
1509442140,0.8473489662478196
1509466980,0.8530770775462025
1509486780,0.09955673033710985
1509507600,0.7526121166787302
1509532440,0.7393487514587166
1509544020,0.8200546689704268
1509569040,0.7914504797708395
1509592440,0.8606774248267604
1509607620,0.6787366561754401
1509623700,0.45992798894560216
1509643140,0.18141220916325013
1509656520,0.9083648308833193
1509678360,0.906692374248612
1509692400,0.9139157531858646
1509707820,0.5846362689082893
1509727080,0.272857023604834
1509745080,0.685933973804005
1509758100,0.18984238368577994
1509773940,0.14611288463536318
1509792600,0.5679512075725506
1509815100,0.08014143762983705
1509834420,0.8055029154194249
1509856080,0.6944360427571145
1509878400,0.652916890572894
1509894900,0.19035489312968723
1509908580,0.08925898026893626
1509930660,0.09359217198573606
1509949920,0.6922111338956525
1509968460,0.3819509369474519
1509979980,0.11442251645206614
1509997320,0.5307745748690323
1510008780,0.4353342478665417
1510019880,0.24707170477337748
1510038960,0.315894067637253
1510050420,0.24954261874152175
1510063860,0.9058468767019265
1510084260,0.9170298506178487
1510099260,0.8972654397059447
1510122060,0.19237766317562335
1510138980,0.6432313885666137
1510161180,0.6482935095267345
1510175820,0.629480371504175
1510201020,0.712353839831379
1510215780,0.46730868069709347
1510240260,0.16459513857845126
1510255800,0.8061296834288576
1510267920,0.7085135968888207
1510286340,0.5215838731333916
1510303200,0.7182322362895802
1510317180,0.6636802920283048
1510331520,0.8768518573263911
1510344960,0.8698700224144217
1510359600,0.6068872462630451
1510371000,0.20136247726538278
1510389720,0.04345041687316569
1510414560,0.9244459787478088
1510439700,0.739592083473186
1510462500,0.3225798818811925
1510484160,0.11255308195293073
1510507680,0.41333381171014266
1510529760,0.37155060874155543
1510542840,0.1700671966922755
1510558560,0.5839962107157546
1510576140,0.7902373212807376
1510596660,0.0731257666348473
1510617720,0.05583493100688584
1510635060,0.48546687544204004
1510654020,0.7884311652691236
1510665540,0.055413979293852535
1510687560,0.27732068987268266
1510699080,0.8913908172966692
1510712820,0.6839339509253305
1510724640,0.8414566111216786
1510749300,0.05875228306527393
1510769160,0.15185379328561088
1510792320,0.9035125693447278
1510812480,0.175406344792432
1510831260,0.8572134810321539
1510851060,0.8880749736159627
1510866180,0.0933777003669
1510883760,0.7885688739483123
1510902360,0.08840069899092808
1510913340,0.8875406928223349
1510935480,0.8104253752135864
1510948740,0.8569720920172383
1510973580,0.26608403772766087
1510991760,0.9064122766093639
1511003280,0.4557343203350441
1511015280,0.8374388381506759
1511034840,0.04194840797105696
1511054760,0.8739703535164866
1511066700,0.17278357670918681
1511080380,0.25389455669809724
1511103300,0.8921819156148344
1511124600,0.9304027332857315
1511136120,0.1272363739250702
1511153100,0.8091846273620988
1511165640,0.9040916723469465
1511186520,0.7022088392115393
1511208360,0.1189763346443117
1511223180,0.09599674399666348
1511239200,0.824544597293627
1511251860,0.08382217807301338
1511267580,0.812302058135512
1511288580,0.45782776874242126
1511300220,0.605672967286017
1511323680,0.14987142523461403
1511346420,0.6978107595658632
1511360460,0.072252156372344
1511383440,0.8158205578105181
1511394780,0.9172780313445934
1511407440,0.10161546511413448
1511431560,0.05339103130889579
1511450220,0.050359194529175234
1511472540,0.931020403766835
1511496360,0.4408039378737736
1511518920,0.07129863947514063
1511535600,0.7780848275137324
1511558520,0.5034320628211006
1511579820,0.8206799167547775
1511596980,0.39613529378643086
1511619900,0.40710871478522265
1511643060,0.8500148856823776
1511664060,0.628584837238227
1511686440,0.8628432312454254
1511699820,0.42063601743615386
1511725020,0.8462253396452224
1511736120,0.8293197818105075
1511760840,0.6212629258133806
1511783580,0.059323228904841645
1511803020,0.03663567440037089
1511814660,0.08168230394354178
1511839680,0.8985511212345489
1511859540,0.06450151312362182
1511878920,0.12072040238256805
1511897280,0.11681234094367388
1511918100,0.9379270240252288
1511929140,0.14247793361813593
1511946660,0.8767821415852014
1511962260,0.803494056917546
1511986560,0.8254460846637862
1512009900,0.8592887120449646
1512034620,0.9140196107687385
1512054960,0.044378120961546384
1512070560,0.8729004112331096
1512095640,0.25483564673244186
1512118620,0.10959074632683098
1512141000,0.06746520034538064
1512160500,0.11968694431261268
1512174120,0.9223680446748035
1512196920,0.5080151055458909
1512218640,0.874008250104207
1512239340,0.5495462374763151
1512250860,0.17362598113972733
1512269220,0.7871369891851757
1512293340,0.14886913845716435
1512315600,0.27008100315194605
1512330900,0.882993426592015
1512347880,0.0694147017261084
1512359400,0.09433311446968423
1512376980,0.6762826091170134
1512399180,0.6861918872396497
1512421320,0.3186049080044702
1512433620,0.09209545475969402
1512457020,0.8417080345729899
1512481020,0.28395290279702134
1512499500,0.13840493573099819
1512522840,0.07725990191477623
1512546660,0.8678126031542358
1512565320,0.7875070894040092
1512584160,0.6287403531472826
1512603600,0.8404174725813958
1512618420,0.9433282679290623
1512632580,0.8151656788055693
1512653520,0.27802324353016705
1512669900,0.060409240385105305
1512681960,0.29908336029738475
1512694980,0.905650215938739
1512716880,0.533211225530702
1512733680,0.7697292529843195
1512757740,0.05859492222284787
1512770640,0.8625593404818316
1512782640,0.5400029619574837
1512803160,0.9255937811050886
1512821520,0.796499684853588
1512837720,0.9159095651910888
1512861420,0.14344447963592682
1512877500,0.8468600316174416
1512895440,0.7933119672023762
1512915720,0.11748820861699472
1512933780,0.30232910932215395
1512949080,0.9159691237180795
1512965400,0.14974255701412428
1512978480,0.9121105035577157
1512990480,0.038768597732366274
1513004940,0.9074753967763095
1513018200,0.8112661259901758
1513040220,0.8729433154018457
1513064220,0.6193051430662009
1513079280,0.03573548326300869
1513095420,0.1294685431306113
1513107000,0.8343967046489567
1513120020,0.8345558327311584
1513142400,0.4404033455572382
1513163580,0.23068409146333912
1513177800,0.5964435653477425
1513192860,0.8804406125671269
1513212240,0.9092661502202942
1513233720,0.9008149368056083
1513250820,0.24207195012206298
1513272180,0.09442585448843585
1513285080,0.7689895164875113
1513303380,0.852397524461404
1513319880,0.8062891703058461
1513331640,0.4305210038579528
1513354500,0.8852585635206158
1513373640,0.9285280694069672
1513392780,0.7638517989737483
1513413120,0.2206681497887674
1513437060,0.16305677254653164
1513458300,0.8155850344897154
1513469340,0.5486314088419812
1513480560,0.736143172874822
1513492980,0.833233547573439
1513514640,0.515487273293956
1513532040,0.7935157826640246
1513546800,0.7274918529104745
1513567440,0.807449136475915
1513578480,0.8715621805495536
1513595580,0.30968908166462783
1513617240,0.7433125687821063
1513632240,0.09980493934814962
1513643640,0.27336165001541857
1513666920,0.7388629105305962
1513686420,0.8682464648947967
1513710300,0.2017959347199338
1513730700,0.11439913359990714
1513751460,0.13932255285580764
1513776300,0.8212488187469537
1513789080,0.8837206172980088
1513811220,0.5614707752026543
1513831020,0.8834643667351515
1513851120,0.3826955612978024
1513873200,0.8539157670646462
1513885740,0.9184655074742869
1513907820,0.8997535788465598
1513927380,0.6274847085366784
1513946820,0.26699594754523703
1513967400,0.8587996445448783
1513984080,0.8009644492612472
1514002860,0.8769874089464093
1514026500,0.354511509133539
1514042400,0.8561430986492529
1514067360,0.8595265096835388
1514079300,0.7717279688578119
1514090220,0.7778167412483162
1514105640,0.7237360840213543
1514117100,0.2622242193040891
1514131140,0.8557660013927403
1514154480,0.7983309084609774
1514168220,0.10170615906094012
1514189220,0.6299111706890763
1514210460,0.8900142137917345
1514226000,0.5673764334869298
1514247300,0.1784387533608741
1514261760,0.8661166114792329
1514282160,0.12389398388728909
1514299860,0.04657644186661678
1514310720,0.4040954260141
1514329860,0.3308684765357392
1514354100,0.7900919532488673
1514371260,0.8274147273960765
1514384400,0.7771598788694029
1514403600,0.8669127649923435
1514416800,0.8235052117348938
1514433240,0.293284434581637
1514454660,0.07277252796489139
1514474460,0.35804893793580045
1514497380,0.35219532367690704
1514508180,0.9122667141253702
1514530680,0.2647035793303304
1514545140,0.19159750786721527
1514565060,0.826632950719358
1514582280,0.9429075967060888
1514604360,0.8194104196855342
1514617440,0.49901137453764133
1514642280,0.34043785422779427
1514656140,0.6958737790465808
1514677140,0.2437234982952186
1514691480,0.2323592315010799
1514711940,0.5687340471841161
1514734560,0.8898359599960544
1514757900,0.21071615108579533
1514772120,0.10098135002701768
1514795340,0.2894163193619056
1514814720,0.6021363029733366
1514834820,0.6083991312784665
1514859840,0.670626903367659
1514871180,0.8002918440458094
1514888400,0.3676752838649951
1514908860,0.1612324686445056
1514923260,0.0818044267881012
1514939880,0.7789258837216799
1514964300,0.6394363688113877
1514977260,0.7854807264153223
1514991360,0.248175991954424
1515003180,0.7854420628329791
1515014940,0.7834844807068638
1515038340,0.12108738552882328
1515055020,0.8361169446636693
1515074700,0.8925030333482007
1515090000,0.6989359456883719
1515106260,0.037060985656368305
1515119820,0.73371635728839
1515133560,0.9023715358875111
1515153240,0.6728883129601698
1515167340,0.9093986637897404
1515190380,0.154579253250622
1515212940,0.46475256409445065
1515234420,0.8540983881275194
1515252000,0.38974588065689075
1515269820,0.86558773011033
1515285360,0.6711282328309272
1515303600,0.16787555377159785
1515319980,0.4735580221114841
1515338340,0.85146772374285
1515363060,0.5639655342751076
1515374400,0.13707602684911974
1515396240,0.1926163736494895
1515411900,0.9129431769819082
1515430980,0.891556973792733
1515445860,0.9054292955692151
1515459120,0.806895177809231
1515474000,0.8180671779852146
1515488220,0.3358150912823999
1515511020,0.9126340658529087
1515527400,0.4335761984579622
1515552120,0.8608752523849147
1515570420,0.44602145879911187
1515584160,0.5202605696421598
1515601860,0.39775927807954836
1515614220,0.6469593157401486
1515627300,0.8893099218861426
1515643200,0.6134143348241051
1515656520,0.7020785967406736
1515680040,0.7346171235815804
1515694320,0.9066321493020487
1515718080,0.2160811989035455
1515738720,0.902004008683547
1515752520,0.9349017637687835
1515769740,0.9006324244585223
1515781200,0.6427418761577443
1515796320,0.9085521065774408
1515807780,0.4100834741726744
1515830100,0.8917999507139095
1515853260,0.6676880919547072
1515866100,0.848197898739359
1515882600,0.5342296212523735
1515906600,0.6641432002993347
1515919980,0.5787066498382893
1515936960,0.2676121273921168
1515952080,0.23445992800398444
1515970500,0.46805549506803285
1515982800,0.9264314913502155
1515998100,0.0699400324530968
1516022940,0.2786740032338025
1516043940,0.09986353186257081
1516061340,0.4591052885971357
1516085520,0.7839023522828094
1516104060,0.40203003616802424
1516121220,0.10208985117893962
1516135080,0.16365305464153884
1516152840,0.24917400403155288
1516171620,0.6504126824538472
1516195440,0.9252684348671425
1516210080,0.813128971457789
1516228320,0.7970607313185013
1516253520,0.4843509561665055
1516276800,0.42322839784434396
1516300860,0.40440206533091444
1516322220,0.7699188385585276
1516344000,0.9058853754076446
1516354860,0.9285571364846957
1516374300,0.5965593270830257
1516385760,0.4592460537169844
1516407780,0.853082319040935
1516419480,0.7018572070819649
1516431540,0.8193326567414754
1516455720,0.7643571256382898
1516472040,0.4939624954830752
1516485540,0.23796784876169996
1516509840,0.6398777400792324
1516521960,0.4885745752348008
1516544880,0.8102153057113217
1516567320,0.23850077353553062
1516582920,0.9149820873140979
1516595580,0.5623874589140808
1516612260,0.6591855814428879
1516632180,0.7995580961334972
1516645080,0.9017105931622571
1516670040,0.6057437741363447
1516680840,0.2647743322807468
1516702500,0.9317700899853307
1516715160,0.2285038325183084
1516728780,0.7637636918613835
1516751820,0.812010324900137
1516774920,0.5474310372668517
1516797300,0.8078780747305857
1516810800,0.7937512333955347
1516834140,0.34342863175418825
1516851900,0.8304474564658622
1516876320,0.7297853249010887
1516895460,0.24057245097721736
1516917120,0.45663425812203423
1516930740,0.8875846712091653
1516943760,0.8652952974524235
1516958820,0.5848857804425283
1516974600,0.7743556010957903
1516987500,0.5025739763394713
1517009940,0.4904520668375359
1517020740,0.8277414037948011
1517031540,0.8292835982104633
1517047980,0.3023661560017873
1517067060,0.7570894797254021
1517090700,0.8842405603204408
1517114520,0.27772270713194
1517128680,0.18079319259488183
1517150400,0.8823776794713788
1517167800,0.2523429226102161
1517182920,0.3110772510469139
1517199720,0.9155114873384442
1517213340,0.40816069776886305
1517232000,0.1251325423681467
1517254260,0.24043139092915586
1517268300,0.27066565978664153
1517288340,0.1136204685152132
1517299860,0.7363161225951094
1517317620,0.915540800498806
1517333460,0.3903931735583693
1517353380,0.8741422450484296
1517373840,0.08172306899406291
1517393520,0.902781034074839
1517406240,0.7608493546653782
1517423940,0.909736093566096
1517440680,0.09248901803035642
1517455980,0.20584556403401116
1517480820,0.8206195316327948
1517502600,0.7715136887166917
1517515740,0.873556256765566
1517528760,0.9255951657791167
1517545800,0.12225760227340626
1517566020,0.7839862704817475
1517581680,0.03550379930386008
1517600100,0.2507929150962898
1517614920,0.09423847285750873
1517626740,0.5297894700866871
1517641500,0.36321969495282813
1517659980,0.09056650770847853
1517674560,0.8299984918568809
1517690520,0.688658954400321
1517702040,0.2669965008457427
1517712960,0.2571182912837952
1517725020,0.753285297968454
1517742720,0.9140987721133627
1517758500,0.733756033608693
1517772420,0.860757897635835
1517784120,0.7927880221917365
1517796540,0.7998197361588334
1517810280,0.5414833081708704
1517831580,0.7475122189536668
1517850000,0.05627905907346003
1517869260,0.2565394453495955
1517888940,0.8906997413994542
1517905740,0.8318673939057583
1517927340,0.5048655400894237
1517945460,0.8738354929583843
1517969700,0.8870969027803143
1517981640,0.2786855620323907
1517998020,0.6367920778808047
1518021000,0.8344334638641956
1518039840,0.9209187978294546
1518051600,0.8278731313926688
1518076080,0.7877581150068151
1518090660,0.21873294067107077
1518105540,0.2231993768261768
1518119400,0.30602931268020706
1518137100,0.4855870178408587
1518159660,0.8951952733759039
1518177900,0.8561034564160391
1518190920,0.34450555042924363
1518207240,0.5954881422671738
1518222300,0.30898318462867397
1518241680,0.8907581624536909
1518265380,0.5941681974113854
1518288240,0.49144515148725315
1518307920,0.24016442899561635
1518332100,0.1683547889724159
1518355260,0.5976283606060024
1518372360,0.29382473603698406
1518383760,0.6895747382745968
1518398880,0.5769776588880098
1518418620,0.1752067896287901
1518441180,0.46431119157564926
1518453720,0.07916329633535514
1518475320,0.8337729959411397
1518490320,0.6385192613009681
1518502560,0.5368810298205327
1518520140,0.6922547580570235
1518538260,0.8080446892318847
1518552840,0.4647938641405292
1518577680,0.8810030215611582
1518596520,0.3430986514321235
1518616440,0.3240601387139033
1518630420,0.23236161208998068
1518645360,0.08891637254453029
1518657240,0.5937028903573947
1518681900,0.24181835073291982
1518696720,0.20007618529291932
1518708840,0.7454668806841286
1518731340,0.7527227617537119
1518746700,0.715295191568146
1518760500,0.8389321364881795
1518776340,0.799841709077771
1518787680,0.680400534430062
1518803220,0.09097308004921155
1518822180,0.7642712996710848
1518847200,0.8625589034589681
1518859320,0.16031735000238662
1518881820,0.5929884695176483
1518897300,0.6378425466178179
1518912060,0.652170516504427
1518936960,0.9096419667883365
1518961620,0.21682998004073686
1518983820,0.5688706839114902
1519002000,0.21358218181465666
1519017660,0.21412576558700464
1519028640,0.5975464164114508
1519050300,0.8648487876322987
1519068300,0.7750269826452334
1519086900,0.44064328521920787
1519098960,0.04137261310589235
1519109880,0.8007170766630679
1519124880,0.890240797592357
1519142820,0.872822080406686
1519153620,0.03753096351617379
1519172580,0.09708522913009057
1519184280,0.7057511333689063
1519196580,0.6514367848240449
1519214160,0.9290097576367816
1519231440,0.6744001850516553
1519247340,0.8686146197816426
1519269000,0.33070036467633107
1519283280,0.29950731404050185
1519300140,0.7622773237564561
1519314720,0.9156122590985547
1519331880,0.8395045037853516
1519354500,0.38376570821220407
1519369440,0.8188304273888912
1519389300,0.2290884266741479
1519403880,0.22877895496969394
1519427880,0.8216755888555995
1519449420,0.8006245242002242
1519467540,0.6170713952688583
1519490940,0.45019499362797705
1519515060,0.4098580716553191
1519533540,0.18962028189791816
1519558140,0.7692125821995615
1519573140,0.47884382365108025
1519585020,0.6519615247645209
1519603680,0.6811166154041312
1519624740,0.35062014768627425
1519642440,0.2572719180119065
1519654380,0.8759454523288952
1519665480,0.2680832353716048
1519681680,0.10326218628539068
1519698960,0.8311354583546184
1519711680,0.40440696721832203
1519733640,0.18849634821557698
1519754100,0.3645409163066017
1519774860,0.881334389617333
1519787520,0.6846476987957957
1519807440,0.9352498248180616
1519819560,0.8969555170217307
1519834440,0.8776525291492729
1519856520,0.7748876297803601
1519877700,0.8568577473911237
1519901460,0.6393214726698481
1519920360,0.8965460514656001
1519945080,0.913038333187483
1519957920,0.25824744349949835
1519979640,0.5233273456145617
1520003640,0.6362663526246212
1520027160,0.6422982211923833
1520039700,0.7411999011365602
1520054880,0.4051581764393714
1520078640,0.7025293783584449
1520096460,0.8189060100519991
1520108220,0.2201575159912552
1520127360,0.6315574754935627
1520145780,0.5454142176881838
1520162640,0.10121984912421376
1520183400,0.707828578164692
1520201280,0.871094143449062
1520219460,0.8173280670935552
1520238900,0.9406748474799717
1520257620,0.7556489984807206
1520282700,0.8131367512599771
1520294040,0.3678128079779179
1520310840,0.2654845373450224
1520323860,0.7895650401140213
1520336220,0.7420674281760896
1520358840,0.9009560328870864
1520378640,0.6952838336102577
1520402700,0.40249884835727995
1520418240,0.1051665336085176
1520432220,0.8626217535197807
1520451000,0.6237199321046343
1520463480,0.9152935963915934
1520488440,0.8428645690721445
1520502780,0.8515438860303111
1520519100,0.1351132477822434
1520543340,0.6717305905823522
1520560740,0.09449836714508761
1520578320,0.7834679979692559
1520599860,0.7612082812144865
1520612100,0.8423681365725305
1520630520,0.2640570922537557
1520648940,0.3849280531006831
1520661480,0.21915930707854137
1520680860,0.36134720972964346
1520703360,0.46070758431234005
1520720820,0.38105207823136994
1520733420,0.258082184036689
1520755080,0.07150401461721792
1520776560,0.3938730883262935
1520798820,0.5775147754250277
1520823300,0.5354165794335348
1520845500,0.6687940215640281
1520868060,0.04806527058380987
1520891340,0.885796405197268
1520915760,0.5246068976411055
1520933040,0.21695656982175437
1520947560,0.7610532650467724
1520959260,0.7086429923823699
1520977560,0.6283043062672269
1520991780,0.8854456555277015
1521011460,0.6487168341425978
1521035400,0.06371086310677324
1521054840,0.5659831964545227
1521077700,0.8199465753916607
1521100500,0.9132944249157985
1521120120,0.1718848612045369
1521143160,0.8113066509262566
1521157020,0.13588358820731794
1521179460,0.10325321641774907
1521197580,0.9022841938707895
1521220920,0.28275547627615866
1521245040,0.6324114775082541
1521257460,0.40326099306117363
1521273360,0.6540435841335129
1521298020,0.3453004293681264
1521315660,0.20391375604282558
1521327660,0.7003637321575084
1521338460,0.7734260474163577
1521360300,0.7136103075003719
1521382500,0.4856399417891723
1521393540,0.13149138696127505
1521410700,0.22922215009909583
1521434580,0.8373599860401487
1521454500,0.9134668829660879
1521470100,0.8010293618601781
1521485520,0.8669078845831597
1521504780,0.92307786565717
1521525120,0.7166280041695228
1521536580,0.2546670300047976
1521551940,0.21031621878457896
1521572940,0.7409021046044716
1521585660,0.23536726244905662
1521601380,0.4300659312129131
1521616800,0.7989537292370251
1521636720,0.8897291275137589
1521660360,0.6597948167670218
1521675540,0.8034060690211697
1521688620,0.790223429645513
1521701760,0.10049632745023664
1521713100,0.7042086708135383
1521732540,0.8653505655306539
1521753540,0.7104323920746857
1521777540,0.28734150981849443
1521792480,0.8879481542071093
1521809880,0.04578391320213895
1521831660,0.7387902943887693
1521849960,0.7453046872061915
1521861720,0.36799535061807587
1521877320,0.8072088887629185
1521890160,0.17441338535379364
1521914520,0.838478872860334
1521930120,0.6527655873774232
1521948840,0.2397873189263934
1521966480,0.8832728111564233
1521980940,0.9129874216020355
1521995820,0.8663156084298271
1522008540,0.45195331273551076
1522021020,0.8525670353195559
1522040580,0.8373945371763849
1522056960,0.37149008412840334
1522079700,0.6326823287462876
1522091400,0.41649126477777226
1522113120,0.7095374416221397
1522132200,0.44182488022824457
1522150560,0.8823018326256187
1522161780,0.8581459641615444
1522185780,0.7322310376897969
1522204560,0.10100308431628816
1522220220,0.8089840530760047
1522234440,0.3462400463989572
1522245840,0.23091281334519656
1522260660,0.8872312020168688
1522271760,0.6302042221015219
1522293480,0.6050190748618358
1522313220,0.07036849682953022
1522325760,0.7390779342713312
1522347480,0.9022313492561408
1522366320,0.8401296024797367
1522379880,0.1757621881207123
1522398600,0.9022900771837318
1522418160,0.7829986265632719
1522437240,0.784922940533356
1522449300,0.23392427268644617
1522473540,0.795502284995448
1522491480,0.5045294205034787
1522503060,0.10039507830410502
1522526400,0.6311004630481323
1522538220,0.23882846470063776
1522551900,0.6647738843109896
1522570260,0.7117072238800886
1522588140,0.4621671565934876
1522608780,0.8158633793506442
1522633440,0.36836898393030754
1522649700,0.8300362577176799
1522664580,0.5612265736257479
1522675980,0.2313646012768905
1522698780,0.31886448920204036
1522717140,0.7325745518487732
1522729080,0.7671755215823111
1522748400,0.3987864434854273
1522763400,0.7762188978975402
1522786140,0.386433544185086
1522808820,0.6558450056869466
1522819800,0.8670899219406234
1522843920,0.7189106816864661
1522855920,0.4183665582110032
1522871160,0.898739657764515
1522888260,0.8787042978168293
1522909920,0.8786022895158551
1522925760,0.5672496815338676
1522947300,0.9010431562177645
1522961040,0.40158942119738794
1522979400,0.8285674118677873
1522995240,0.8389066171837445
1523018880,0.1045816626352292
1523038440,0.9323424336340272
1523057040,0.692584147670189
1523080740,0.6619087715246009
1523103540,0.7895926573005448
1523123100,0.3185157514212739
1523146560,0.6001663259488376
1523167740,0.8174356119278554
1523187060,0.8380611890469699
1523209980,0.9276607403533
1523224020,0.825122444549993
1523238840,0.8427565978592328
1523257140,0.36138386040928544
1523270820,0.7787097035783273
1523286900,0.9093274884754432
1523306520,0.626966856427771
1523320800,0.7976619205787371
1523341920,0.7508384875654358
1523357520,0.4510091254575504
1523382420,0.9078514973822138
1523393280,0.670789535645625
1523407680,0.555272301861864
1523423100,0.4357815378814439
1523442240,0.8504608578812642
1523467020,0.6536493343929622
1523482020,0.04223026674648982
1523506260,0.21420085609201922
1523522640,0.48979707197494515
1523547360,0.8778636741061691
1523562660,0.8086727646179227
1523581980,0.1275226547071611
1523597580,0.3554545390834378
1523621640,0.7852167594558858
1523644680,0.4025846958387221
1523667540,0.7566352575087432
1523692140,0.47876833812460157
1523710920,0.9082160498383455
1523733960,0.11170433127998176
1523752200,0.8219538811713121
1523767140,0.4079420639288951
1523789220,0.2186996285362441
1523812020,0.504447871804099
1523836440,0.23738150033217928
1523853120,0.11545837692281116
1523874900,0.8444839732251102
1523890860,0.9300485741723309
1523915400,0.21411490022608484
1523935440,0.864015153188616
1523946960,0.7645450783396771
1523970600,0.30690336764212933
1523981700,0.835909386353814
1524001800,0.07096124780956868
1524024900,0.24629045326103507
1524044100,0.10305752043679285
1524061920,0.18069455468745202
1524085320,0.8739287867134893
1524100920,0.41113746063215134
1524118560,0.542695691614695
1524143700,0.37177455745325333
1524167460,0.09548639880175132
1524182160,0.6126716747415558
1524207060,0.20170204957524113
1524231300,0.9073958262833047
1524253320,0.7322627137485387
1524267060,0.861831788956513
1524281460,0.5083020920204364
1524302760,0.23755294173023944
1524321840,0.669844116745434
1524337020,0.6047363173490705
1524355140,0.5696339650911068
1524367380,0.32950580578015987
1524391320,0.7586891928850686
1524404100,0.8882344588279887
1524421020,0.8032913884919076
1524438420,0.6969242821002248
1524460620,0.11087699092950273
1524485340,0.2999973029953801
1524499740,0.7141177802659925
1524513180,0.26654699882476957
1524532320,0.9093614209259311
1524553140,0.7235505478705172
1524570660,0.8200138455072825
1524584040,0.3745109343965142
1524605460,0.7825174732802568
1524622680,0.5066693563735026
1524638100,0.9138687478315055
1524656700,0.1127562732206154
1524668160,0.12722086454488002
1524689280,0.20837182026847395
1524713100,0.892723912376261
1524727500,0.9043134315508267
1524750000,0.7182461341976752
1524762360,0.30755380112368746
1524773820,0.11955009778584269
1524797100,0.42962357909701276
1524814800,0.8748375696315961
1524839220,0.8847417704976086
1524854880,0.3869069945676582
1524876360,0.283020715930537
1524897240,0.46718784019412507
1524920820,0.3813374925096062
1524936420,0.30953967765734636
1524961260,0.21862190095444164
1524982800,0.6058534462110063
1524999780,0.8183895199504261
1525011240,0.932848063669813
1525027260,0.8497850026134703
1525051980,0.7650745058825591
1525073460,0.9329469478614614
1525094160,0.7891230146122333
1525114620,0.8031048326895893
1525131480,0.22065925392632232
1525148280,0.35528665208237037
1525171620,0.24601616315480115
1525194360,0.2332528482708041
1525216500,0.754212345279086
1525229340,0.11654505064430042
1525244940,0.68901288008409
1525267500,0.77513489112793
1525279680,0.21065026252985286
1525293660,0.2940119154978144
1525314240,0.9226424232578652
1525329720,0.583159056858502
1525347000,0.866994516748582
1525368360,0.8527654211890948
1525392480,0.04010547906741154
1525408920,0.6809681627306693
1525422000,0.36632058863482053
1525445520,0.6656469380530965
1525469040,0.09520545511135936
1525482720,0.5804199699002973
1525506480,0.1080612530792161
1525520400,0.8990686270496254
1525537980,0.30726251372743146
1525552680,0.2282235856995763
1525572900,0.3994202940808986
1525583880,0.8005410512010945
1525599000,0.79134836407109
1525610820,0.48117992364825884
1525629060,0.5705104904873127
1525640940,0.5737975995350227
1525659900,0.9126861683666864
1525684800,0.26627208011863585
1525701600,0.6572141587342755
1525726140,0.8380103420068422
1525738800,0.5812601195748064
1525762860,0.8350200763987273
1525777980,0.3135120608328053
1525790340,0.8458977125764255
1525813560,0.7055174047667547
1525825200,0.46707987224528996
1525848240,0.7907845761010823
1525866000,0.7850431925895406
1525878300,0.8797019691335116
1525894920,0.5386294056682103
1525916340,0.05559609366588875
1525934820,0.837501863869062
1525959120,0.13999743037660445
1525971120,0.4032364648671828
1525991280,0.5370681216227924
1526002260,0.920365639965865
1526018460,0.12304314882592196
1526038260,0.3566578439595125
1526055240,0.8221910209792379
1526073180,0.7519849572139305
1526093640,0.3711637904229996
1526110560,0.17788186392485358
1526125020,0.11989792991415829
1526144760,0.5349401279483301
1526157480,0.6601235732199036
1526178420,0.8185663365966546
1526200620,0.18467162163313736
1526221440,0.8271042625182984
1526234520,0.6605968865757054
1526255460,0.8022322810723135
1526271240,0.4625552970163101
1526289300,0.2693733887458004
1526313780,0.49834907054845007
1526337660,0.8841370304864734
1526358960,0.8623758695691701
1526379360,0.6943774640394581
1526394840,0.7860439647087868
1526408520,0.300388092562503
1526427960,0.7871869436518648
1526439360,0.09904081811129514
1526451120,0.1868144473732117
1526472300,0.7452126352944796
1526485380,0.41416727538648784
1526503380,0.7689929499005242
1526514720,0.7293022243613103
1526538480,0.8425820205497323
1526549280,0.8758759649202588
1526562120,0.45405894728179336
1526585340,0.09409707924161594
1526601840,0.8778590840768843
1526621820,0.1686169610781865
1526637660,0.08519343494708206
1526657640,0.08684794413684402
1526679120,0.7009649484442748
1526698080,0.8436325236414012
1526709960,0.6818300805399495
1526720880,0.7706636534516537
1526733780,0.8164035328974693
1526747220,0.8654349587511272
1526762640,0.4698111192435829
1526782140,0.7749920749362391
1526794500,0.6670995094890645
1526810700,0.6422837557597734
1526832720,0.7956338704173845
1526844660,0.34719707182486187
1526866740,0.30716914644316895
1526881920,0.826408643196985
1526894220,0.8746505057289962
1526909040,0.49324612665663053
1526930100,0.7673090614390524
1526952060,0.7362342201524088
1526963640,0.7502093119697218
1526985360,0.9168007750693585
1527007320,0.9131077305977248
1527018420,0.4636269885921864
1527040740,0.8681659670346554
1527064320,0.8449431331605314
1527087840,0.8106385896560324
1527100260,0.9386641855337224
1527115620,0.8002327362321512
1527132540,0.915988097199288
1527153300,0.9177053249492515
1527170580,0.6892171050055391
1527181800,0.049066280196817656
1527205620,0.11800989047757986
1527218040,0.28746501740030106
1527229200,0.7065943174606947
1527251340,0.5467731234126876
1527262980,0.9191859492468023
1527284340,0.2137968638381781
1527301920,0.1928363221826724
1527324780,0.6961478627831683
1527345720,0.7176159297140039
1527369360,0.9220262255890254
1527393780,0.7712564701397626
1527408960,0.8324750920823198
1527424320,0.5657037751837529
1527438960,0.2904143000360691
1527459840,0.6646534323430262
1527484260,0.1512168244500318
1527505140,0.8583295054771091
1527518700,0.8762446777206168
1527532980,0.3969056851899534
1527556860,0.0887769331851547
1527579300,0.6583897132346058
1527594600,0.7966736753684317
1527619320,0.8771345295258043
1527638580,0.2541236651094622
1527658440,0.5790157948463536
1527676140,0.9142308814881082
1527698940,0.09760943526426832
1527721800,0.8955792310055601
1527736860,0.09475697814280082
1527750540,0.09592513594446264
1527774300,0.3684800578885892
1527786000,0.9121448089899764
1527801840,0.1881262298704477
1527825720,0.877518855942017
1527841140,0.8873012084269554
1527854940,0.9199397583737522
1527874380,0.23673882557529116
1527886200,0.8010910833634293
1527906360,0.7665658541403899
1527928980,0.691891244510334
1527946920,0.8867743629894634
1527959040,0.8393071182048377
1527982560,0.7266295078620154
1528007040,0.6392970470266703
1528029420,0.5433013878395577
1528048080,0.32690246940269174
1528066920,0.9321071019306336
1528082760,0.7201825955764765
1528107120,0.042256234664811466
1528124040,0.7952950231657536
1528135620,0.0903350312157852
1528152360,0.11702856668820082
1528173960,0.8308446623945437
1528192320,0.7773281223301124
1528207920,0.6939960064149332
1528223520,0.7722543901224056
1528236360,0.7449062440065706
1528256400,0.037046602341575655
1528280280,0.8800786455929602
1528296420,0.6544158160735101
1528317780,0.8250976443614759
1528334280,0.7550624980450806
1528350000,0.9162034481758433
1528371480,0.07658887441689503
1528394640,0.34692715673648195
1528405500,0.3964456704375553
1528426680,0.26189294151017284
1528439760,0.7683061192438206
1528457460,0.8407613963373634
1528470540,0.12255201156353081
1528489440,0.8136183135332067
1528513500,0.37180087718705246
1528535940,0.8356981612158931
1528555020,0.783522870583293
1528567380,0.6992910701806029
1528588380,0.8761891106230679
1528605900,0.176885415538337
1528619340,0.2865104501129652
1528634760,0.4206795661932403
1528648140,0.8911487581091743
1528668900,0.7652497414105132
1528686360,0.12759670888083668
1528698660,0.2380289922556763
1528715580,0.5487913783442409
1528735320,0.9033118509743079
1528757820,0.12370274840583326
1528780320,0.901593849186253
1528802040,0.8904905525001033
1528814040,0.5978501671718727
1528838820,0.27208567225363467
1528860060,0.28324043004904526
1528879260,0.6265631433137392
1528904400,0.8729765437968756
1528918020,0.2465309851415259
1528937700,0.20287596492835733
1528956120,0.302713529497612
1528971120,0.22989546666953986
1528987500,0.5684457626016487
1529012580,0.7495144153961351
1529035860,0.1706817404537113
1529047620,0.6803513648818208
1529062740,0.5346396617711427
1529081040,0.683543417458008
1529103000,0.8952157714463448
1529116800,0.6297855991591123
1529127600,0.07977219134456653
1529146920,0.8228429871617463
1529172120,0.7939629910959201
1529189040,0.5005847265017568
1529201220,0.2392104402145163
1529225520,0.5804869581391333
1529237400,0.7117063287518376
1529249280,0.5284517899312343
1529268900,0.6638816671949205
1529286840,0.4560947667244328
1529310120,0.8652482702605874
1529325300,0.3222901282116014
1529343720,0.2492921535782735
1529356140,0.4438586320079392
1529369760,0.24892156822585243
1529393520,0.10981566200837022
1529409540,0.9057135294855838
1529430300,0.09373765214387031
1529447520,0.2367849803565803
1529463720,0.2729085616787256
1529484060,0.11119882140982519
1529503020,0.8237846155922306
1529520780,0.8418968940230002
1529538420,0.49895371893656276
1529556300,0.8712131661616845
1529568000,0.8495487459446015
1529581620,0.7950604971545555
1529597460,0.11187697746230145
1529610360,0.43218463840905536
1529621640,0.3113555679260221
1529641620,0.5285572183228769
1529653920,0.7704773916702808
1529665080,0.18316237429302135
1529688900,0.11762209251302527
1529703480,0.8675068253166525
1529726280,0.6678539272646987
1529738460,0.3964515456715999
1529753760,0.5347072378855584
1529767980,0.21380355307025
1529779020,0.5580350608150084
1529792940,0.7127239247505629
1529817240,0.7428877858286771
1529841660,0.8715668974085301
1529853480,0.3840577782876074
1529867520,0.8453889753083648
1529882040,0.7920666170569607
1529903880,0.1950538901037802
1529927700,0.21837592880765586
1529941320,0.37340775734652837
1529960880,0.888578562007711
1529979660,0.44529531158111707
1529997180,0.9291813158692285
1530019920,0.6318428719085589
1530040200,0.4018904522285106
1530065100,0.22516426255127825
1530077340,0.8103693256778551
1530096960,0.5239999258078244
1530119940,0.1428922966896242
1530144840,0.12129116497731178
1530166980,0.9393081202065193
1530178800,0.06762712638652464
1530201240,0.25096665005386576
1530219960,0.3732385373878345
1530240300,0.30483080331957274
1530261600,0.13484660958675782
1530285720,0.8506799222467439
1530309480,0.7204276045760624
1530327840,0.9092619442071653
1530345900,0.09837434011726304
1530366600,0.36760164893805436
1530387060,0.888378498206757
1530410520,0.8584829340945782
1530425700,0.5756670650094471
1530442740,0.5728978441852189
1530464700,0.7872743874127044
1530475980,0.9103059960388599
1530495660,0.9240916727144679
1530508800,0.6533049245566706
1530529380,0.8597516415978601
1530548280,0.7941427071353061
1530570540,0.16493441012498378
1530584280,0.8458416515501057
1530604560,0.242567019539593
1530627540,0.14708691676943728
1530651060,0.7281377831626193
1530668760,0.5667352407907386
1530692760,0.311265756854136
1530705540,0.903008669737188
1530723360,0.7385603359478299
1530746460,0.6460625499970595
1530764820,0.33900129297131254
1530778380,0.788357805292327
1530791700,0.3641852397607367
1530815880,0.20358667308727116
1530829740,0.544338671096087
1530845040,0.863705196054625
1530859740,0.6443419941445739
1530872220,0.6330907432169942
1530897240,0.22878713814193294
1530913440,0.2249290516684881
1530936720,0.31698009491986356
1530949140,0.3963472145537016
1530960420,0.7485361994813525
1530981960,0.8335421715807775
1530997800,0.8290455006047405
1531022520,0.24527054454380898
1531040040,0.0986215301534698
1531060680,0.7676457075241684
1531082880,0.13001653012872838
1531106160,0.495690895706005
1531121460,0.8147910151314142
1531132680,0.36911089084928156
1531147920,0.8178602618306307
1531162560,0.8666201603679069
1531187640,0.45837938473936
1531212600,0.6314116146539132
1531235460,0.8150497400009894
1531258980,0.7363058671528907
1531282380,0.6659290361417406
1531304580,0.7562370559769316
1531316520,0.8840462581504409
1531338900,0.222881631528377
1531359660,0.042783409980745785
1531381860,0.8421079141263579
1531403100,0.20491881502250384
1531418340,0.6615586444633761
1531443480,0.04356120270102641
1531465080,0.6941960140150834
1531488240,0.22139195970245382
1531513380,0.7922688506198908
1531537380,0.12286865711218348
1531556940,0.704227186024661
1531578720,0.452655792693952
1531594740,0.8183804353588452
1531608180,0.38911572894899593
1531619520,0.41826987979062297
1531637460,0.4972713028836995
1531653540,0.3742903900729562
1531672440,0.8048229080306998
1531686420,0.13029595461571344
1531708380,0.8663047876758793
1531725300,0.7912401624223129
1531744020,0.8865383472603565
1531758420,0.9408245736135556
1531781460,0.5845515868593029
1531798080,0.23024678796836193
1531816260,0.7665888020406285
1531827540,0.2962825930094382
1531840140,0.8823704519351223
1531859460,0.8324241336363648
1531883160,0.8205185685310632
1531897920,0.4583212669341852
1531914300,0.7122401659187692
1531937880,0.8675749255777563
1531951920,0.7243679466332597
1531963140,0.9046427970926199
1531978020,0.7522592917484161
1532000520,0.8838338151887718
1532020440,0.8234194057169764
1532041620,0.7513727245800321
1532060340,0.11678288197898665
1532082120,0.09888696905938969
1532101380,0.2196391730596585
1532112720,0.4436192235654107
1532132700,0.4918915683380304
1532151240,0.29345764611112646
1532169480,0.24729661521532023
1532188020,0.324970380335179
1532211960,0.8576689952318124
1532227320,0.6713923466720055
1532244420,0.32338943803446557
1532256540,0.8010164275512535
1532276760,0.6147174232108268
1532290740,0.24655725415150437
1532307120,0.26984138031603944
1532332260,0.22303068142786592
1532354400,0.90615525551574
1532368740,0.7420611346992237
1532385540,0.8716834132555161
1532409960,0.7442871079016269
1532430840,0.0357281434667704
1532450340,0.8636638349586949
1532463180,0.7676446413852657
1532476740,0.5069895978462347
1532489820,0.7796433352845931
1532503380,0.37576983165946876
1532515500,0.2856610435093744
1532527500,0.6366859054375291
1532551320,0.40142036727623787
1532562840,0.5847700991741211
1532585700,0.2183715656681838
1532603640,0.23999052349909047
1532616240,0.13454636282731902
1532628060,0.4640328120781878
1532643120,0.32353214613058273
1532664060,0.8305397044422594
1532675520,0.46917232247728763
1532687160,0.7542868851846583
1532710020,0.7969733605498853
1532721720,0.9091443645079251
1532739780,0.6688510909200346
1532753460,0.8229458485399535
1532771520,0.833693673299024
1532794200,0.2547093653640691
1532805960,0.693765848473853
1532820540,0.7649551432203101
1532839200,0.9047483790948607
1532861460,0.5698118229992074
1532886660,0.6545318055331605
1532899920,0.3659119065361188
1532921460,0.9120272363201998
1532941980,0.3448476383761327
1532963100,0.9338536078344776
1532985480,0.8800003200203358
1533006060,0.7529222273131094
1533024180,0.815535992217699
1533037620,0.18551038835754063
1533055680,0.22454724298062576
1533073620,0.6886359133222485
1533092520,0.10088000498511727
1533107160,0.8321402278723042
1533130200,0.21019463774756453
1533145920,0.9224129566454276
1533166380,0.1068158357931776
1533182280,0.702785144148328
1533205140,0.20498927569071138
1533229860,0.8761290759029433
1533245160,0.25648142909412697
1533258780,0.5613190826934806
1533273540,0.1303601767083672
1533290400,0.751767451373342
1533313800,0.6554977545395004
1533336600,0.854991742228657
1533350040,0.308051964232572
1533362040,0.8294103237765154
1533374520,0.7759305979327001
1533397260,0.7505056296317539
1533417540,0.8631153972217896
1533442200,0.7759079367883439
1533464400,0.5895736872469577
1533484680,0.7845220274512712
1533504240,0.17808117839422766
1533529200,0.4267416416197848
1533546960,0.8383126792105721
1533564420,0.800927613038035
1533587160,0.7695294230294155
1533608400,0.9097871956428562
1533622620,0.5995407647437856
1533640980,0.8227735454763088
1533659700,0.6246187995522303
1533677460,0.2923886104958825
1533694500,0.550861590552842
1533710280,0.7106385869291836
1533731760,0.7562892608570077
1533755700,0.7037986323176232
1533774240,0.6104053829618098
1533798420,0.6707402146621179
1533815280,0.8546886639180165
1533833820,0.702876568069919
1533855600,0.3370273151506258
1533866460,0.10850127541885195
1533878820,0.22190285344396915
1533897300,0.2565984262696956
1533919740,0.7904649373024862
1533937620,0.3158678705908882
1533961380,0.2858280780874747
1533979920,0.07615684848845902
1534000680,0.18133308406881846
1534012080,0.4566023551249039
1534024980,0.8007823485464329
1534048380,0.7276389669787203
1534064820,0.3977962829612117
1534086720,0.7534839739744424
1534105140,0.6986424908969493
1534125540,0.6125731639343186
1534147020,0.4228786263905308
1534158600,0.8448084552649631
1534181760,0.12171561781229707
1534203420,0.7656462493689468
1534220820,0.5843927231972837
1534231680,0.8611742410631947
1534251240,0.820210773778819
1534275900,0.6390645026471579
1534290360,0.8819548678730978
1534303140,0.6745517950531272
1534322460,0.7029970669240012
1534343940,0.6144170672137258
1534364700,0.8081855835415295
1534377480,0.41289736239408376
1534396920,0.6463906995295888
1534409400,0.5838562535255888
1534423200,0.4998658740362945
1534439880,0.9116723458848996
1534454940,0.2549041335018872
1534467720,0.84641119009626
1534479120,0.8543655586950971
1534497180,0.8146399326867798
1534514400,0.0671135423798505
1534534440,0.7849949877783733
1534554120,0.8202429306670812
1534571460,0.7361710101382434
1534587660,0.766510445598254
1534600620,0.7254419716202591
1534621680,0.689110283952755
1534638360,0.6242098824677363
1534656360,0.2545478371637477
1534678920,0.4327552311819832
1534692780,0.8730029482399818
1534712100,0.48509286119215295
1534731060,0.40668994244005807
1534754100,0.23999878228455646
1534768200,0.2651344769272058
1534786860,0.608903593373438
1534801020,0.28887053910513627
1534818360,0.8998557597459841
1534841220,0.24610744648471738
1534861800,0.1051477034743123
1534878300,0.10520607405706887
1534896960,0.11611158748715482
1534911240,0.7360794868133538
1534933200,0.202927974675981
1534952760,0.22450387312091874
1534964520,0.2762737170898064
1534986060,0.9133438991437771
1534998720,0.9348599754796454
1535012760,0.26746727502393547
1535035320,0.29615427700379926
1535047920,0.8130592979943624
1535059320,0.8673856142857559
1535083440,0.37718700418167384
1535095080,0.46755543212285444
1535111100,0.7522101808296248
1535132820,0.8650686210374642
1535152200,0.8821414203732927
1535173140,0.39089961027484266
1535191440,0.6435651420408113
1535216040,0.28348024980569536
1535234640,0.7412678108387298
1535256240,0.2130221217307581
1535271840,0.09559590810172681
1535285040,0.5339811067462148
1535298120,0.600814385411846
1535319600,0.4377123187390106
1535332380,0.27872344898771023
1535353560,0.6614532916901751
1535378700,0.2687123900941065
1535401740,0.7588362432706555
1535420160,0.7616304056166333
1535433060,0.835607511592808
1535456880,0.5864940412157184
1535468460,0.7370685057469195
1535486940,0.5810945523664813
1535508060,0.7055908437453499
1535520240,0.26972354872620957
1535533560,0.8917282108892367
1535549100,0.5166883725759306
1535564460,0.6797689924639799
1535576820,0.7587476041425494
1535599440,0.6273953272733683
1535618760,0.4269317993722801
1535636040,0.8686609399438868
1535647860,0.23498716515834225
1535667300,0.5274173284795426
1535686860,0.7437414362517184
1535711220,0.8126856658641523
1535735820,0.7216594262913605
1535749860,0.8722153870673187
1535769060,0.67454811436966
1535780820,0.22528914484757245
1535805480,0.31591983390899137
1535816520,0.7024715384504224
1535839740,0.5163939540768642
1535860020,0.5308120224366508
1535875800,0.43950638917565815
1535886840,0.2157056408032179
1535901300,0.22949543733175157
1535914680,0.8603131175859008
1535933220,0.8213646418976065
1535955000,0.8715241945076042
1535972340,0.27329093160406864
1535993160,0.8585837746288183
1536011520,0.043386360842989455
1536023700,0.7876104989175872
1536047100,0.8559280784946193
1536067440,0.6394757493438442
1536091800,0.8094884879785523
1536108300,0.7465875144120468
1536128040,0.6501862034724377
1536144600,0.9233551824709704
1536162660,0.8595470040134199
1536182760,0.11075652007691661
1536207480,0.8076597113776325
1536227280,0.6150734295001946
1536244860,0.7355573586569668
1536267600,0.6185831894663902
1536283020,0.7676645140162915
1536295320,0.19377887582859735
1536313440,0.6864526008178871
1536337380,0.7396247897320947
1536358320,0.6051203713797654
1536380460,0.6779893626639295
1536394860,0.8290978452542915
1536413160,0.7729464740676258
1536435360,0.4304257723385109
1536453840,0.5075560104476121
1536470340,0.2252957017580403
1536481260,0.6467734773399205
1536492960,0.7358983430253251
1536517260,0.5740118775045092
1536538740,0.5568631625700335
1536561780,0.8033778278864336
1536586140,0.35858167494754883
1536598080,0.7324957768972741
1536622800,0.06380832249893974
1536643380,0.2055549287220631
1536666060,0.8037038900809265
1536677580,0.9000156043610033
1536688380,0.11857000335708279
1536712680,0.6182748655428253
1536737280,0.25866328789234644
1536758820,0.20555838696377665
1536783240,0.7183909611727035
1536800940,0.25155240376797644
1536811860,0.8334876556288584
1536832920,0.8150006610793601
1536856320,0.9158171332346838
1536870120,0.7399185218237682
1536888000,0.7756389969732733
1536912600,0.35246147864133687
1536929880,0.8909306782672706
1536944880,0.10926786376189557
1536964980,0.47078679982114513
1536976620,0.8617580684034405
1536995880,0.21384490003352516
1537015680,0.24628441015803823
1537037100,0.5556977836148539
1537050600,0.37518689541764183
1537069560,0.3401365978177789
1537092300,0.7040642585625522
1537109400,0.19692885440020708
1537123440,0.33005940114064636
1537135260,0.654835676052015
1537150320,0.9142482315732664
1537172220,0.40477120311701753
1537186680,0.26273368971981964
1537197600,0.9113983475149361
1537215960,0.8070164529493701
1537235640,0.7559690982920222
1537252140,0.5879355946230054
1537264380,0.2443117493814322
1537282440,0.7559217209269818
1537300200,0.7279632998984328
1537318620,0.214634732480887
1537338360,0.38391283414269645
1537351200,0.853336615329882
1537365780,0.12535415846892917
1537385340,0.3036400194741627
1537407720,0.1958878274553241
1537432740,0.6957882756050383
1537447440,0.8736757818049569
1537467840,0.7900220922502129
1537491900,0.8653014899233508
1537512120,0.498357202538945
1537528920,0.7896509966393165
1537548180,0.890873790690576
1537569480,0.052713430019548146
1537587180,0.7488841033710143
1537611900,0.5475597544116776
1537627560,0.22085554615569217
1537652100,0.7979956228029225
1537664280,0.8530027037286471
1537682940,0.4802716288248509
1537703100,0.43392554311475173
1537720560,0.737523771068282
1537732140,0.5754866152682009
1537743660,0.837242910754373
1537761600,0.3279686147937757
1537777380,0.9229025220032958
1537794420,0.8527315693492833
1537819440,0.7705777249302426
1537834680,0.5419336809879266
1537848420,0.25332202496343786
1537863060,0.775090180305511
1537875360,0.7900878622306631
1537893600,0.7847585467161505
1537913700,0.0702571774621188
1537938000,0.8603201950854792
1537958880,0.6814310473204959
1537981860,0.5453165323476354
1537996620,0.6845986369571864
1538012100,0.3942558602788618
1538035800,0.8777508652439309
1538055720,0.6932997701579302
1538070720,0.1602193398705323
1538091180,0.07076621601018274
1538112900,0.11298279964984591
1538134740,0.7674642290750252
1538145840,0.1675235508707097
1538166240,0.8692434303825358
1538179140,0.8662526402360934
1538190900,0.789470557303992
1538207340,0.6443631147430757
1538220300,0.8652125708827482
1538238360,0.5926039785381826
1538261220,0.4335498400146216
1538276040,0.4669216912684616
1538295720,0.35203231609605956
1538315220,0.48931875953184867
1538339640,0.8160796245232789
1538351220,0.6342818478274798
1538371860,0.6758534427363326
1538391540,0.6407960692049739
1538415000,0.36225554184212544
1538430180,0.23900145055698058
1538441580,0.9178952128680388
1538457840,0.08354517154101841
1538468820,0.889212140438768
1538484780,0.8526022589528853
1538499240,0.2858386002401085
1538510340,0.31588366550776487
1538529060,0.7544337590589106
1538551380,0.0639077009620425
1538568900,0.7474582929649746
1538580120,0.6939116258067962
1538598660,0.9294838289967118
1538621940,0.2585582085279515
1538637840,0.7940742367991851
1538657940,0.5111064433395928
1538679480,0.24776816519869038
1538699040,0.04604977630122561
1538711100,0.7101208998878771
1538724420,0.39378339254712574
1538739000,0.21861053004166056
1538758740,0.7133575793116674
1538782860,0.08154282903791196
1538803800,0.702658641792959
1538819220,0.41936944003173604
1538832540,0.25606169543843926
1538857680,0.2132345334052693
1538876700,0.09489918790194965
1538893080,0.20155908497180042
1538905320,0.3501527407669016
1538918460,0.10803412438831841
1538936160,0.06641758936510332
1538953200,0.8149311073042693
1538974740,0.46749489675918277
1538993640,0.6338282445890363
1539006780,0.5833114107038789
1539027660,0.27137403304682584
1539038880,0.24083712720147482
1539063240,0.8454960026506492
1539077940,0.1830101257986811
1539092940,0.7170138043356491
1539108780,0.7188700953665829
1539121380,0.3985895592844722
1539137820,0.8549639074779771
1539150600,0.4754424874450226
1539171300,0.17763697153865524
1539185520,0.8966448596535134
1539202380,0.093016274310787
1539217140,0.7606827582337281
1539234780,0.8485945006086296
1539250200,0.28756647488658693
1539271500,0.9323786922221948
1539293640,0.7390276761001726
1539305460,0.6917491184569569
1539316560,0.09009891092996099
1539338880,0.22871895746148468
1539354960,0.6391484217851394
1539379980,0.042691362298781885
1539395640,0.46217713700238366
1539414480,0.7171026849840826
1539432120,0.6043280228921708
1539446640,0.22636301239960777
1539462060,0.2927184228038793
1539476340,0.32690888044374483
1539492780,0.5156508912161358
1539510180,0.5680181030550501
1539529440,0.34379111867811657
1539545340,0.8107695873571167
1539566640,0.7994174033809396
1539583740,0.938821483806078
1539601080,0.8869503137049493
1539619920,0.35241773068821675
1539633660,0.618832163680226
1539646140,0.9130483109436534
1539668520,0.8822328107331717
1539684720,0.8513926912982542
1539705240,0.1415676434478504
1539723360,0.7826742224716333
1539745680,0.8859181691831938
1539758160,0.3497161423441104
1539775680,0.1720019822016084
1539787560,0.8259228733394471
1539801000,0.5098726399373743
1539817440,0.06341317532963146
1539839640,0.3922896155986408
1539859500,0.23781819467816168
1539883680,0.4319521801329226
1539904800,0.8298502479626182
1539929280,0.43033581233144924
1539944520,0.7903955013170453
1539966360,0.5635172851495075
1539987780,0.7361028121897104
1540000500,0.8063838664403474
1540017540,0.5596106574226054
1540032840,0.24629045326103507
1540057260,0.12331881918824639
1540078620,0.8402951806954799
1540091460,0.23530718494742253
1540102860,0.514957530470193
1540117920,0.9315728626091323
1540133040,0.8391729935049511
1540155660,0.6615257427193731
1540172400,0.8380892482071791
1540189560,0.18820216601000964
1540212540,0.8138270656815353
1540225080,0.8143868763721995
1540236240,0.4099569365798547
1540260780,0.10570640308197243
1540275780,0.07521916746156637
1540299480,0.1269056906433761
1540320060,0.7924602696813504
1540342500,0.9131929554380809
1540353360,0.765479137655124
1540371180,0.8416116003897746
1540386720,0.9215720372404251
1540406280,0.8134751821857578
1540428360,0.8213699592524702
1540450500,0.10701949580401643
1540468440,0.4054390940881126
1540485180,0.2339297117292618
1540507380,0.8201820457021771
1540521900,0.583112607895509
1540534200,0.3327845157250658
1540555920,0.6756366730824958
1540571280,0.590217947480616
1540584480,0.045403004583963104
1540595520,0.47504374312451764
1540615980,0.8402733265953822
1540635360,0.8249982512781416
1540658280,0.49430286804879026
1540683480,0.784320353225524
1540695240,0.7906357017373751
1540717860,0.8723011270098933
1540732920,0.426816655305085
1540748220,0.7493348718293521
1540764060,0.45885980961102013
1540788660,0.11890731351755376
1540813020,0.2549883234745984
1540833120,0.9145578373455501
1540844940,0.7734756382252256
1540869660,0.05357928762199867
1540886760,0.74815351786327
1540900920,0.9326664271213927
1540913100,0.3549785538279206
1540927020,0.8823542180725003
1540938900,0.7279461496707406
1540960980,0.8705576809759489
1540980120,0.12103197517296045
1540993620,0.7561505295882281
1541011320,0.11605433290442697
1541028480,0.727637195346276
1541049720,0.3159836728525113
1541063340,0.8401533815521873
1541078520,0.2911854179653925
1541097960,0.9050051292676581
1541115960,0.23779770870951203
1541132700,0.8234733080603214
1541156760,0.89387415040154
1541169060,0.3123696293680048
1541182320,0.9173543372425137
1541196960,0.7718494401270718
1541221500,0.47388538736613556
1541235480,0.6974601157943424
1541247720,0.8223270533601572
1541264100,0.7243290533308728
1541277540,0.4527417548585767
1541299620,0.8625777802286024
1541313840,0.11530586217588681
1541333040,0.6485244796336235
1541352060,0.4175839791848989
1541364660,0.7182941980736698
1541380200,0.6222098848481856
1541392680,0.37871434674611837
1541410680,0.35563583134673654
1541425920,0.35820906688253745
1541437620,0.8762517009124491
1541455620,0.7429222275803589
1541471040,0.9073105082205141
1541488260,0.4526324457494115
1541499120,0.9290505391769868
1541511780,0.3876362116909557
1541534400,0.9383358164603202
1541555280,0.1009389923527509
1541574300,0.11822448521554668
1541593620,0.751528479896708
1541611500,0.22090946664115596
1541628720,0.8074465985252215
1541639880,0.8392617574243594
1541660040,0.6841517362547289
1541682480,0.8521273303305879
1541703000,0.06032979094371345
1541715300,0.7310038788644995
1541730540,0.14453014290050478
1541752020,0.37020462304230456
1541768580,0.6211479897898343
1541785620,0.654068919081715
1541807460,0.2502955497460028
1541831640,0.7800595752903108
1541844900,0.7343600221183324
1541857140,0.8447304888660294
1541881740,0.8295106247106668
1541897880,0.6514045442734215
1541919960,0.6518498290794773
1541931360,0.25353113061249044
1541950320,0.42704344361817603
1541975460,0.6546561014607959
1541992320,0.34595444760100824
1542012540,0.8082892463145808
1542036480,0.9369299887173197
1542052440,0.7824748103477989
1542065700,0.5060678801971613
1542090180,0.8200331147435117
1542100980,0.7973657799353484
1542117180,0.8415052603693765
1542131280,0.8591707651120344
1542144000,0.26059598146933466
1542168540,0.0644554120309685
1542186480,0.3590083225345676
1542207720,0.035221317876692006
1542224100,0.8030261836813671
1542237540,0.3434581825598076
1542260880,0.8151479035578698
1542276540,0.27688395903712765
1542288240,0.08850944740718149
1542300720,0.8170813323210729
1542323280,0.860234470788062
1542338340,0.8786465047559933
1542362760,0.6627285096315594
1542375120,0.6622799855331638
1542386820,0.43774045827570146
1542397980,0.12169814979137324
1542419160,0.6002812970228161
1542431100,0.0980277615164505
1542453000,0.25968616788668586
1542472200,0.33252061896847956
1542494640,0.6045828767569968
1542514260,0.44154909888889476
1542538380,0.7184985210984917
1542549180,0.5402131099040821
1542567120,0.4378464499402664
1542580140,0.16031735000238662
1542600840,0.5790584950697822
1542614220,0.7216188265003698
1542634020,0.6907534789416502
1542654300,0.7961383746878171
1542671820,0.07008361274599889
1542696300,0.4209233106183445
1542709140,0.7992063480972884
1542725520,0.8117776783465982
1542744600,0.8261864921928197
1542763440,0.9350491222146513
1542784920,0.13004879859883792
1542801000,0.8409072443999716
1542817920,0.8436675700467924
1542839880,0.6626372201456445
1542860040,0.6472578783942122
1542884460,0.66757564431735
1542902280,0.05141197725048188
1542920880,0.1124576869494738
1542931740,0.32465777203031293
1542948300,0.5291907750011094
1542960540,0.9068708287501769
1542979140,0.47943410495292477
1542999000,0.9492906916247276
1543021080,0.7761463241951703
1543037880,0.6220860168266501
1543053300,0.8347093520157182
1543076400,0.8178010055624716
1543099860,0.27899471331829706
1543116600,0.6428775476810171
1543137540,0.9149764998029114
1543149840,0.907481897798972
1543171380,0.4239807776519341
1543195140,0.8600893081076246
1543215060,0.7047048474106339
1543231680,0.7579269945475381
1543243500,0.14140038175939565
1543259400,0.0706051005549887
1543280100,0.9335123473125664
1543295280,0.7351446724567559
1543319340,0.670470495303297
1543334700,0.7657514204880994
1543355760,0.10979019219450836
1543375320,0.6862198545829257
1543399020,0.8556884753349584
1543412040,0.7525414718098726
1543437240,0.6841183457725166
1543455000,0.16791971066544722
1543477080,0.23453148602057886
1543498860,0.7387744799631658
1543518780,0.7583612135065034
1543529700,0.16317676869239645
1543541760,0.5213677096408132
1543564860,0.8706192556988357
1543578780,0.7698245605848968
1543590600,0.8460145767998117
1543605060,0.7828909849656347
1543627920,0.5255499831468936
1543642620,0.539586799750642
1543666560,0.20117669315032194
1543687260,0.3788406563782446
1543703160,0.8421391348223983
1543720260,0.2418568607874291
1543740420,0.7888052324013911
1543765380,0.3706132199832258
1543777680,0.92735902678674
1543798800,0.28937875669294044
1543813260,0.4982692040817106
1543834740,0.8101580333304194
1543857360,0.13227668327205264
1543882020,0.10179311880869286
1543899720,0.3339200330144401
1543923720,0.37200820393540174
1543934940,0.9042534713105337
1543948560,0.06138358970049219
1543965840,0.8417545147380331
1543979160,0.07755022510938939
1543999920,0.9040257766056329
1544012220,0.47763901087532035
1544034120,0.9358049574032689
1544054160,0.39458412037359053
1544078820,0.5422955162833858
1544097240,0.2622972458844784
1544111160,0.04454357137444674
1544135700,0.8679304229134311
1544154060,0.5136042485821946
1544170440,0.6634271174821154
1544195040,0.2215268775732731
1544212380,0.8768892458380485
1544226000,0.1005170778950885
1544240220,0.7709094237547196
1544251620,0.5854491200521815
1544272860,0.24080580108324526
1544290140,0.8071591404449745
1544304420,0.5555053851272778
1544317860,0.6702531805256348
1544339400,0.6627427273050441
1544350680,0.6995924378210584
1544362500,0.198772897714552
1544379300,0.8329090795406457
1544390400,0.6383426016729243
1544410920,0.7424964171754684
1544431140,0.8676763984686885
1544451780,0.814882896761269
1544475720,0.03967074711724496
1544492160,0.6868982119219591
1544507280,0.2321148954678397
1544526780,0.8498234571857778
1544541780,0.9190290396079378
1544560260,0.878293897920942
1544584920,0.809036056994893
1544600040,0.3283149213645042
1544611680,0.8990406487045405
1544626980,0.8341562453375733
1544646900,0.8470953269170439
1544662140,0.11250490239733289
1544674980,0.10407092349531837
1544698140,0.7079087097386095
1544720580,0.7195858333773704
1544735460,0.0945388900589004
1544748000,0.809901269570157
1544763600,0.735189639267299
1544787240,0.8393694278106902
1544808480,0.5896115651934618
1544823720,0.8565680236685699
1544842740,0.9227337766320396
1544867820,0.22008107585572015
1544888100,0.45083337201712304
1544908560,0.8583272630526362
1544928780,0.9194864598956793
1544951400,0.809551484492452
1544970540,0.6577977917355051
1544984400,0.7491704093809737
1544999040,0.7493192601350217
1545020100,0.8027306455501029
1545033540,0.3693953783654476
1545054420,0.40556424067683966
1545077280,0.41792054578613375
1545094200,0.11540750527078635
1545118320,0.8483531797125654
1545137640,0.5798087077519813
1545159720,0.7042377306061715
1545178740,0.8134210165062702
1545194340,0.23991432644370198
1545218040,0.7836938499409665
1545237720,0.20388535789677753
1545252240,0.8357343548218568
1545275580,0.5647593612451132
1545287640,0.22786566153456236
1545306060,0.7370656901203394
1545319080,0.7215327063217891
1545331380,0.1288555124730604
1545355860,0.6925501267843818
1545376320,0.28948278051791726
1545389580,0.8999720078822314
1545409560,0.7653165073158165
1545423600,0.10859129216158372
1545439380,0.20868044013550965
1545452220,0.6045849324106553
1545468720,0.5979287659440792
1545482400,0.3695636496104877
1545494760,0.548415801225861
1545506880,0.5822901847716873
1545525540,0.6184105585250158
1545536460,0.34273917783321434
1545550320,0.8343376421368958
1545572460,0.6154286638152268
1545596820,0.7403859762169694
1545616260,0.2859820138314728
1545640740,0.8468378594782952
1545657300,0.7118109259355004
1545681480,0.7722642921717099
1545702180,0.4876174216312158
1545721140,0.46473520741380203
1545745440,0.09641093381111596
1545763080,0.8340608259236019
1545782760,0.4706880237682956
1545803760,0.6925968888634685
1545824640,0.6467500384891127
1545841620,0.7753050522817397
1545861840,0.38752536445213537
1545881280,0.5102223237573891
1545895080,0.9258998052978904
1545906780,0.09787109267344479
1545931980,0.7030129934778642
1545951180,0.7673778755943031
1545962040,0.6744084661044135
1545981420,0.6522527175382207
1546002540,0.438959185020866
1546016640,0.7337213266848525
1546028760,0.9107156247580704
1546042320,0.6824298831589276
1546060020,0.8058478506406151
1546077480,0.7800424607217191
1546090320,0.7444728714108884
1546114920,0.7954242903707869
1546131720,0.8669464215388167
1546153380,0.22932875748202405
1546168620,0.6980987394092851
1546184460,0.7892778758404859
1546202340,0.4811642394788941
1546218180,0.4724828532674791
1546239960,0.7373804211017849
1546264980,0.8936557016606792
1546286160,0.11653714681690266
1546301040,0.715109179875255
1546313220,0.3196026785482762
1546333200,0.8198595663194894
1546355040,0.3437153592253632
1546373220,0.7951777584711942
1546388340,0.8733319128474746
1546401660,0.47961909605961683
1546426680,0.5547754804934519
1546449420,0.42938348079812266
1546464060,0.74567579871137
1546487580,0.09783266818736337
1546510260,0.6428817896478654
1546531860,0.8184414270676034
1546550040,0.33521793383515164
1546568940,0.6649273995355278
1546590540,0.24713023690393007
1546610160,0.8453710852040696
1546626960,0.7536684085658458
1546651440,0.6007897664732275
1546674300,0.18485757385223808
1546698240,0.3245736326430075
1546709700,0.6656853185579088
1546733580,0.4379772668715068
1546749240,0.6061736030474653
1546766100,0.3106398479290824
1546777020,0.6750787210170129
1546791360,0.31599242893170104
1546808640,0.2248013311933398
1546830240,0.18044264359859297
1546847400,0.2523596793440292
1546864140,0.765421286222952
1546887420,0.342756835804106
1546906860,0.784220683875751
1546928940,0.10556061181846195
1546942200,0.5669743716760616
1546953600,0.7659304127479287
1546967520,0.2287874231332126
1546983480,0.9203422263889632
1546999320,0.765360281016008
1547023740,0.7967318011966529
1547038440,0.5178017204888009
1547059620,0.8580526174932057
1547081340,0.7718285457466764
1547093760,0.8231973299826759
1547116500,0.2133784972798183
1547135640,0.6362208085168309
1547151180,0.2980021778904327
1547171400,0.41389942306970773
1547195040,0.10813104048246813
1547215980,0.8276032522352131
1547232120,0.09825221918132375
1547251440,0.4325703558370304
1547275020,0.38804090779168193
1547291160,0.8593049258732914
1547312700,0.8514257682862768
1547330280,0.7189409320480578
1547348760,0.618530696557892
1547363340,0.06924013380218724
1547385900,0.7834869327218185
1547399160,0.06634992383839383
1547422020,0.8309451356658679
1547443080,0.17677066122823387
1547457240,0.8104626801196937
1547481240,0.9136491217688093
1547505780,0.816324222409839
1547518980,0.8683717784561044
1547535000,0.05598224065896226
1547557080,0.6743087656682406
1547568780,0.8774637451316115
1547584560,0.6237229369275539
1547600880,0.7265915219453281
1547621220,0.6781375029525465
1547642160,0.0589186040182776
1547654220,0.8935183853250479
1547665680,0.8175687269461805
1547676660,0.8834567529450817
1547698020,0.645137160537332
1547720820,0.8134374617775764
1547742480,0.7761213734093365
1547763840,0.28172398878937344
1547776620,0.8865128587491662
1547800320,0.7635427073574403
1547823360,0.2491353995873327
1547838660,0.8442014987862748
1547859060,0.683530511239019
1547879160,0.6311265463875976
1547902440,0.7087885548143827
1547918820,0.6876977033727167
1547933820,0.40701439523044053
1547950860,0.7088389330687214
1547964300,0.6256736413839917
1547984520,0.8023445077804692
1548004440,0.6796371736706318
1548019920,0.7561315532427154
1548040680,0.6615286617798911
1548061500,0.4968023271811213
1548073080,0.43516318020122163
1548097380,0.7440670829936282
1548119700,0.2655516287709204
1548137340,0.3625810982646098
1548157020,0.7140045666851436
1548181440,0.6001697568060494
1548201000,0.35491312938141983
1548223500,0.8808487342236684
1548245820,0.4901907664161613
1548260580,0.3468515050880174
1548271800,0.6987955136477959
1548283620,0.8325747812101922
1548299220,0.8924902381856121
1548313140,0.3372777966587325
1548333060,0.11112337500973814
1548351000,0.4350989787647632
1548370680,0.3983895307802292
1548383100,0.9192361157275964
1548396360,0.6121586288302844
1548415320,0.595020416136471
1548436620,0.7416212455434179
1548457860,0.653723616882916
1548473520,0.647517143921101
1548495780,0.8206347712459118
1548512460,0.771857795590281
1548533100,0.22543292515656202
1548545580,0.8781629812329348
1548556620,0.8284084132727041
1548578280,0.7539575656667525
1548589200,0.8099339352687915
1548603780,0.21034856487740536
1548622680,0.8747141093048153
1548636540,0.8526818759045722
1548652920,0.5288849473974174
1548677460,0.20968710573153992
1548702420,0.8012232551742331
1548718320,0.6577407322186827
1548733080,0.4848156097331235
1548756240,0.6007522009880717
1548776460,0.07589120290878679
1548788100,0.7461885143489829
1548806640,0.7888674082706751
1548826920,0.454629503215774
1548847620,0.896807562391712
1548860700,0.8788637725696787
1548882300,0.9125837485447446
1548899820,0.9208140816646405
1548917700,0.5754470694464743
1548931320,0.804124269867645
1548944760,0.5968509148733419
1548964620,0.4971928039863925
1548983760,0.70333278971878
1548999900,0.6859481557107564
1549024260,0.2410866110609833
1549040940,0.8144391643597957
1549056240,0.44889145884022225
1549077960,0.6124449129359231
1549095000,0.8780363610566048
1549106340,0.3918446484679365
1549127280,0.40757998888826463
1549142100,0.6247558425884692
1549158300,0.25995066563929653
1549180440,0.3537963508181586
1549201200,0.21271440945243367
1549214280,0.34910150049329514
1549231440,0.4207468716858524
1549250100,0.060256913529455565
1549263360,0.08287371736783973
1549281900,0.700777788812804
1549300020,0.3922426465331964
1549311780,0.6733887017473235
1549323480,0.13497197909753217
1549345200,0.09425299306694694
1549357200,0.7904345048484818
1549370820,0.2848221600466026
1549388220,0.9059007254210533
1549400160,0.9071100489566999
1549416180,0.46216351768970904
1549428480,0.3765602125006653
1549451580,0.8439481690818549
1549465440,0.8937743414867163
1549477020,0.4598332360911155
1549489320,0.2607484470430254
1549505400,0.8788448256062552
1549529220,0.5460993673159019
1549549260,0.32581018209746737
1549560360,0.15784900569420954
1549579860,0.44277146056139977
1549594320,0.7347973239426525
1549614600,0.24068846993917126
1549626240,0.8115620244533231
1549645860,0.7224981207335398
1549665180,0.8512683765969448
1549679400,0.3700621392528151
1549701720,0.48288919237330297
1549720260,0.30754357401237886
1549735680,0.7910618842320306
1549747620,0.8279832504120199
1549766100,0.7821758614388478
1549788600,0.8460290108723101
1549807800,0.765588098477447
1549823940,0.6614491219529476
1549840560,0.3685941973068183
1549853100,0.35385878587489733
1549868100,0.6329167396424785
1549887120,0.2814620498293343
1549904460,0.42097684763938675
1549919340,0.21889710964906872
1549936560,0.3313948728071295
1549961520,0.8896892153872566
1549986540,0.11842140167019416
1550002140,0.2788179309117355
1550016420,0.8279520097365594
1550035920,0.8735326344756607
1550048700,0.20959899920135255
1550064960,0.803840506694853
1550081940,0.23658199825777446
1550107080,0.10295831626050982
1550122020,0.6876424100139203
1550141220,0.7458715917519123
1550163840,0.22050303772645377
1550185560,0.8918475127636694
1550205960,0.5808989534722161
1550220780,0.7232610613163557
1550231580,0.04298306034727938
1550255220,0.12754317078287816
1550273100,0.3830797854163925
1550287500,0.42655634874162346
1550299260,0.8162205099449475
1550321700,0.3195620826287645
1550335080,0.7660863951601609
1550349000,0.7003557723182235
1550368620,0.840779866694565
1550386680,0.51301602613521
1550409300,0.45705266409655515
1550420820,0.8791777081228354
1550442600,0.7966123763157296
1550466360,0.4388941980949761
1550479620,0.7102679895107891
1550500680,0.48177121464580475
1550517480,0.7380118299728341
1550540820,0.793879338776839
1550553540,0.6823343882885756
1550574060,0.5307017813370749
1550592540,0.5959652384979665
1550615100,0.879465531656866
1550639100,0.7749512549155629
1550652240,0.7589411033856702
1550675400,0.8695166611932321
1550698500,0.2746536188079393
1550711280,0.2947645105484291
1550724660,0.11254019123787493
1550744940,0.22613124948679236
1550756160,0.11399631213195502
1550767140,0.5132659175156129
1550785260,0.09584968734981061
1550810160,0.6584644518466451
1550830860,0.7644138127001375
1550846940,0.912572655640446
1550867460,0.581375547785454
1550887560,0.9390313358828387
1550905800,0.2446500802256129
1550921640,0.7212346858666149
1550935200,0.32241568833438566
1550959740,0.3957252671127609
1550979240,0.7578673103133433
1550993580,0.5138747458634471
1551011640,0.7861915421520291
1551032880,0.2731878270660384
1551043680,0.5463039704058313
1551065580,0.32902428336906364
1551080400,0.9306441871247088
1551091920,0.922564153687271
1551108600,0.7518158613934406
1551120060,0.8801074801600499
1551142080,0.7580445445456789
1551164880,0.5570748673882047
1551180540,0.8622333666335857
1551205380,0.8317719223133575
1551224880,0.6776446860155703
1551247920,0.7671928297227453
1551264120,0.9048824607055141
1551287280,0.11572409212887821
1551311220,0.19166848211104406
1551334260,0.751584009297121
1551346920,0.7338547321842059
1551367320,0.2329557067338423
1551382020,0.828854496803924
1551403200,0.9071207866420089
1551424200,0.10156244136977657
1551444060,0.1974509306720279
1551455940,0.8969105490813807
1551476640,0.225728999190071
1551500880,0.2516169663278442
1551515220,0.6191650203961203
1551537360,0.8340637501322354
1551562320,0.34345606144470325
1551581100,0.7821682895340188
1551594120,0.41135222636061786
1551606300,0.6868167008719747
1551627660,0.37522067221499816
1551651600,0.3983258840011146
1551676620,0.6400635879652083
1551690840,0.8818417216771594
1551713940,0.7682538419905561
1551736020,0.7587608940300962
1551750060,0.8172703668884551
1551771240,0.6815222723505466
1551782040,0.5346118464145895
1551805740,0.9321589531700669
1551820920,0.5272485352040069
1551832620,0.9219515611247299
1551855660,0.5368429419501519
1551867120,0.6590937602814997
1551882780,0.8399003493292789
1551896880,0.7493728386514145
1551909660,0.8954597725722188
1551923700,0.8771694942949416
1551940380,0.8090587441767065
1551954840,0.3720794973607754
1551978900,0.8625777808334916
1551996960,0.22366852120170272
1552014720,0.2854601280918124
1552028220,0.4851142702613462
1552045260,0.12217874926728443
1552069920,0.8358047471401447
1552093980,0.5650849965563922
1552117560,0.6169037813313355
1552135680,0.8111392647653308
1552151700,0.7463430648894788
1552173660,0.41023292061978806
1552188360,0.7782196407658417
1552200480,0.45541244410832393
1552213320,0.653631162113658
1552237620,0.2680911002675429
1552251540,0.8713866374322968
1552264560,0.6367715466739879
1552279500,0.09112329775238505
1552297200,0.8478586309218673
1552312800,0.550786366469676
1552337400,0.5064595065490771
1552359000,0.634843376432948
1552383600,0.10487814236334925
1552395300,0.6953758296118261
1552410120,0.3017712020228359
1552429500,0.7365782350157516
1552441260,0.9079277246001313
1552464480,0.10988578898976974
1552488360,0.9439317495359836
1552502820,0.8888472770879544
1552522860,0.8902107956974297
1552543320,0.616617815487082
1552567200,0.8889038120972881
1552582020,0.8137208477407673
1552603800,0.8082840795019066
1552628340,0.24455415560330024
1552651740,0.08038705611533113
1552670220,0.1373811191679574
1552686060,0.8741689332435111
1552702440,0.33822144802709647
1552723080,0.7925258847491532
1552748040,0.8090145949039736
1552759920,0.7692651123888036
1552778580,0.7014365153058084
1552799760,0.8652170803744363
1552816440,0.6606622691509461
1552837080,0.6970094231954527
1552850700,0.6610940324374667
1552871640,0.35137572669268474
1552884060,0.5406237887068098
1552900260,0.619168399618647
1552915860,0.8204139363330477
1552929960,0.6285816138331549
1552941120,0.6320337549819017
1552958940,0.22904734222942622
1552983000,0.28320966927248425
1552994580,0.06471442104712533
1553019120,0.35999833047885993
1553030220,0.6445878933303039
1553053920,0.8876054827606408
1553075640,0.2637469852197772
1553093820,0.796100771292212
1553110020,0.23502978180998743
1553127540,0.5048315779069849
1553142720,0.6586522727222233
1553161800,0.3085785866199883
1553174700,0.7597989398964436
1553196660,0.8911604870953771
1553211840,0.5163994036582661
1553227380,0.3682474725532514
1553239260,0.8837626345488994
1553257740,0.3797480120729687
1553270760,0.20915743257827052
1553284440,0.4812424525472744
1553300580,0.8816556452476669
1553319420,0.4824886599743249
1553339640,0.2456241170414476
1553358060,0.8250278527870296
1553379960,0.78874276776385
1553392860,0.6705531454321547
1553404200,0.6670711872345696
1553423880,0.7869567472164449
1553449020,0.41659770695004855
1553473680,0.10213032301766137
1553488980,0.2570572169998965
1553511360,0.7548457772819611
1553528700,0.11553550603553009
1553547780,0.2451269613204841
1553571120,0.29192180034445925
1553585700,0.20343332744235798
1553601840,0.1355300129485594
1553623620,0.47869488224998297
1553646120,0.42592932656589033
1553660580,0.5502050722900348
1553680020,0.7350048929265983
1553703840,0.8319279991269752
1553721180,0.46374654284083583
1553736240,0.23789558182545983
1553749980,0.9226901151222471
1553771400,0.8622374285752485
1553794140,0.9166051116338688
1553805180,0.9081153733696652
1553819160,0.9127043912451446
1553840820,0.7507982563172324
1553855880,0.5050055745583657
1553872500,0.11104514729633891
1553893980,0.8711152793964578
1553909100,0.6282432402840434
1553925780,0.44943294608428996
1553943240,0.7210525236533648
1553960040,0.5318652956927724
1553985240,0.4377527282748623
1554010080,0.7958484449830148
1554034800,0.6665203756692621
1554058920,0.2120315402548429
1554073500,0.3630983973901583
1554088740,0.18935701358670867
1554108120,0.2454847588933316
1554129300,0.06242949288469145
1554145860,0.0456073179949689
1554165660,0.40659429048191886
1554184800,0.7036122479653697
1554201840,0.46662278646552463
1554225480,0.5134124923801897
1554238740,0.8964204446069528
1554253560,0.21245887165225116
1554267540,0.0951867282127897
1554291000,0.9367015418855912
1554302940,0.5529446181928506
1554325800,0.4223353375725417
1554347880,0.9163543452525291
1554362940,0.20207010230720193
1554384780,0.7113772266383804
1554407520,0.6115074140846614
1554428220,0.3603902288548238
1554449640,0.4266622183603903
1554472980,0.07833834686619398
1554496020,0.878694036860188
1554518220,0.6470360122732299
1554536940,0.25355976144998776
1554549900,0.7108380133504036
1554564360,0.2583482114230614
1554582540,0.9372272211218068
1554605520,0.8614683277621099
1554630420,0.14914189540173356
1554655140,0.8747776189882759
1554668400,0.9282446554858725
1554684060,0.23079725801631087
1554704820,0.20039371999347
1554720180,0.7225650888181807
1554731400,0.22674468882892995
1554756420,0.9355759465115672
1554778260,0.6558911160037233
1554793440,0.8575311174703453
1554813180,0.7806354082240106
1554827520,0.6467115572357821
1554844260,0.854823100940105
1554864360,0.7995055196539337
1554879300,0.08899224258962207
1554896160,0.9208795351511874
1554908220,0.92078701730165
1554919320,0.900374049661916
1554933780,0.11629196037579215
1554945120,0.8923730737867546
1554962460,0.9139504922791902
1554984240,0.8700875034695222
1555001520,0.06090382962553603
1555017480,0.7324054713334834
1555030620,0.03928854602860036
1555043040,0.8952073180950536
1555064460,0.9116484845753289
1555075320,0.81427613731353
1555086240,0.8309314671514217
1555099740,0.7270623480787258
1555120620,0.2669008977899117
1555135740,0.2809974868564409
1555159260,0.34152795705903866
1555172760,0.23126591259202525
1555196040,0.05717698233491561
1555218120,0.6528700862237636
1555241040,0.8176240711170897
1555259040,0.13120544390645641
1555274280,0.6223654868913925
1555290180,0.12225913734223086
1555310640,0.5988312101209864
1555334340,0.7303329922202566
1555347360,0.9079333457216514
1555369740,0.14374042174656484
1555386120,0.9357366660103325
1555406880,0.050759128651959695
1555431840,0.7454636947945453
1555450260,0.17442044927931621
1555462140,0.08562023571699745
1555482000,0.32091975207553586
1555501860,0.1336912912527592
1555512780,0.11676561721704387
1555527660,0.8774844315982073
1555539540,0.3882023755248267
1555560240,0.74763104942272
1555572000,0.8621570783931268
1555585680,0.8132384372488477
1555610040,0.8671867084323543
1555635120,0.8226785192531183
1555659960,0.686444653838952
1555672740,0.14767609411406096
1555684380,0.16991173861396497
1555701000,0.8317503302343991
1555725360,0.7098153620406247
1555743900,0.874405294131748
1555756500,0.7049001767112407
1555781100,0.7827691722809875
1555802100,0.6840953985245459
1555820040,0.8204088980029834
1555843260,0.8283133846418576
1555856580,0.34263844366751095
1555872180,0.7831773332540055
1555883700,0.1481944916457995
1555897440,0.5281245257808009
1555917840,0.9229715406054845
1555938300,0.275741058853697
1555960860,0.9402938058098002
1555976520,0.38701687099554405
1555991220,0.7831567916104429
1556014560,0.24321955723655847
1556035860,0.06486231719562228
1556060220,0.8694423852887203
1556075040,0.7966796938610906
1556094420,0.6050448986623125
1556110920,0.7393005256192426
1556129940,0.1864682734595249
1556150160,0.9053056375037007
1556166180,0.32184710484463175
1556188800,0.38711609791968304
1556204760,0.11909505424369862
1556223120,0.9176414607344106
1556237640,0.44031428912711773
1556262720,0.8985148231468483
1556276340,0.11867462679242712
1556297160,0.09687126049482792
1556314680,0.9334718903488046
1556326020,0.8939088662019137
1556348160,0.5283848299700816
1556368380,0.7656488862500537
1556389860,0.6909254475390488
1556401140,0.2939537091586978
1556420580,0.27051302432836205
1556435040,0.19491295354985758
1556452980,0.38721904937205665
1556471940,0.9371138019172031
1556488500,0.21435142636842894
1556505540,0.8257585692093591
1556523600,0.06895950329116561
1556544900,0.0436430538089635
1556557980,0.794955403212638
1556575020,0.7965238692328866
1556592900,0.036188645735700194
1556616120,0.7627312879624804
1556635380,0.8854301150472105
1556654640,0.8954467645486875
1556667420,0.8646500183281497
1556687280,0.8025945999064877
1556703000,0.7250003437790103
1556723220,0.41138457210587176
1556738460,0.8764463960956407
1556756940,0.6999199300107426
1556780700,0.17058207580209295
1556799660,0.8996732751559968
1556810520,0.3842818994036901
1556833020,0.8820033286477779
1556846100,0.8184889469956138
1556863980,0.8595492211848621
1556879520,0.7173588089652962
1556893800,0.8347654997187313
1556909760,0.8757177949293671
1556923500,0.8804059042667369
1556946540,0.8620826987658757
1556967960,0.10648414807250944
1556985540,0.9306761052869268
1557001680,0.3550743545728782
1557014940,0.5661248372798441
1557036060,0.09484731282548325
1557056880,0.48140275822019885
1557069900,0.8059291959343257
1557083400,0.03756371019382808
1557106320,0.8055532481884821
1557121680,0.7873460700570223
1557134940,0.3710376107278391
1557148800,0.05211993453881765
1557162480,0.8578544253392778
1557183660,0.1548976573507294
1557202980,0.7920663194513151
1557221520,0.4938551617267858
1557236820,0.8130461801443591
1557247800,0.41846708065558946
1557267240,0.5562279473222079
1557288840,0.6607881109390997
1557310440,0.5695528722586141
1557323940,0.9147075661733612
1557344220,0.9063785492023977
1557358980,0.615683824380541
1557371340,0.5342046666688409
1557383700,0.8486577746667499
1557398520,0.8737479302446916
1557418440,0.049656708261774575
1557442380,0.8045335286921209
1557461700,0.6328026667630673
1557479880,0.8408150074607955
1557494520,0.0481032830149771
1557519180,0.9469143514806048
1557540000,0.2648062344273943
1557556920,0.7263057389635691
1557581100,0.9318168970510903
1557593940,0.7776648361685857
1557617820,0.5392216799951078
1557640920,0.7493579328657508
1557661380,0.09904337173796912
1557680040,0.8552122919445837
1557695580,0.9091183270731846
1557713520,0.13432529902222012
1557726960,0.2904591455827322
1557747060,0.058475832542648036
1557761280,0.8872310180725936
1557779340,0.8352301729798742
1557800340,0.44746742890935715
1557817740,0.09592045857498047
1557836160,0.09115435101954338
1557847620,0.7986008439054355
1557867000,0.2491446009837666
1557890040,0.1765806272206825
1557902400,0.14498811043322765
1557921600,0.8022290182155286
1557943140,0.33811549164753923
1557964860,0.04007538682486739
1557984060,0.8750920802389949
1557995760,0.5964323747171641
1558011900,0.18652063057930512
1558029960,0.2658609249897511
1558047120,0.6682838989976984
1558063140,0.7359051039925123
1558083960,0.6919877520244799
1558102800,0.7961112540450408
1558120320,0.2743388948868588
1558141740,0.3297618149345711
1558166580,0.8646941643326161
1558181280,0.7541832972947605
1558201080,0.7507285731462603
1558223160,0.330746178506858
1558247220,0.6306043194638093
1558268700,0.8602868500045899
1558286040,0.7391978669265329
1558297920,0.8879792181926314
1558310760,0.8581601397330595
1558334700,0.4965689476251659
1558359300,0.8887214101532378
1558379700,0.9382113812133459
1558404600,0.8303250630175357
1558419480,0.7215804556260142
1558443120,0.8063128315905882
1558467600,0.9139950064832865
1558485840,0.5767213828789957
1558497300,0.1239522847691842
1558508400,0.11056701989436067
1558528020,0.8973315674913285
1558541880,0.7982857221605174
1558565760,0.220896637934825
1558587780,0.05571976894089272
1558609680,0.2856838209023129
1558624500,0.09031880357692983
1558649280,0.3749607470030639
1558661220,0.6746249827348053
1558679460,0.7447931327571886
1558695480,0.10357983763871655
1558720260,0.04266138079354154
1558743000,0.17313496978184878
1558754460,0.8970117083683344
1558771080,0.17567574934319863
1558794540,0.09697186037925595
1558817280,0.3892315896509769
1558831020,0.05741465442936661
1558843080,0.3180150017336741
1558863780,0.2559987228276924
1558879560,0.24115854387642155
1558896780,0.06725795217764104
1558915200,0.5852633841774053
1558938540,0.36637177596105147
1558962300,0.3171156996625726
1558976280,0.8611413785446
1558997520,0.17953691527076404
1559021460,0.1344183973282386
1559045220,0.7570836993879596
1559057520,0.10046840466541512
1559068380,0.06026478603400387
1559081220,0.6247638369197955
1559099460,0.7866867325025485
1559118240,0.8134464352218534
1559139000,0.8750658845777108
1559160840,0.8253607195986262
1559182740,0.09272932659990389
1559207940,0.7449451068221863
1559220480,0.7170059394419973
1559234040,0.037023288695358134
1559252880,0.7811250900674981
1559271780,0.8857098334607797
1559292120,0.03847675941937801
1559305320,0.14830621447654574
1559322240,0.8654867635549546
1559333340,0.5412057707359882
1559358240,0.2811817678670286
1559382720,0.7949612130508943
1559401260,0.7959729447094195
1559414280,0.34506364217571367
1559426160,0.6754452223005389
1559445300,0.3181502836133485
1559465940,0.8443847148673707
1559488140,0.1189203295229028
1559507520,0.13399378348383287
1559529000,0.7980360295012671
1559549580,0.28685631845305026
1559567880,0.8352550990219477
1559592060,0.8486706081316586
1559610000,0.14194477762145924
1559630280,0.06959993537183093
1559654160,0.11203989567439601
1559671800,0.897643983366042
1559693340,0.14336862672976466
1559710980,0.04713758055335063
1559732580,0.873510309131627
1559756340,0.942475874806793
1559779680,0.906982315951674
1559796000,0.7886809602236833
1559808360,0.9123149523827798
1559822760,0.09168278388437745
1559844300,0.8893322812698893
1559865660,0.8644208141713515
1559889540,0.9097610902501226
1559908020,0.6702880873492896
1559930040,0.05810190302691816
1559951400,0.7398756715038665
1559973480,0.8783006581242611
1559990340,0.9244130321593221
1560001740,0.8994060753607428
1560024120,0.8091270350862517
1560049080,0.7010541496444994
1560071580,0.26732833250425403
1560094800,0.11012802476923354
1560117060,0.7425373458733646
1560128340,0.7780599059603013
1560147000,0.890409782196433
1560160620,0.12017476357817923
1560178800,0.13702908363652433
1560195000,0.4257400880593654
1560219900,0.6369624888675297
1560243300,0.7191879142236524
1560257460,0.6962854587930478
1560279660,0.754079469562329
1560295320,0.39966481243193475
1560314820,0.1313295834129886
1560328200,0.21210607308364746
1560341340,0.922540233596557
1560365100,0.1189756169539202
1560388680,0.06789186007226188
1560413640,0.9026588400407618
1560429900,0.789844091844649
1560453720,0.8810355431817732
1560470640,0.8150898918962922
1560490740,0.08232202518093003
1560513600,0.11441075489826451
1560534240,0.06749760490788531
1560554820,0.8458182446973602
1560576600,0.8326952523844499
1560594000,0.09384580776061162
1560607080,0.7169430329354053
1560623040,0.7086109326236242
1560641940,0.11773604420774972
1560660780,0.2768472020860268
1560673020,0.5529114468685755
1560694680,0.9178648720174529
1560711120,0.2455216178821349
1560726720,0.46362606937755874
1560742920,0.9126289584601796
1560763740,0.863303520011716
1560776820,0.13731644674165228
1560796680,0.6681604572513006
1560817080,0.36614349580142397
1560831540,0.4239795061157888
1560850800,0.9016931615464204
1560868380,0.7636776261369465
1560889980,0.10972637716177017
1560904500,0.787707675889618
1560929220,0.9197591429813761
1560950160,0.04365573058889457
1560964200,0.8190357955499777
1560983760,0.08278028435565415
1560998820,0.8123775648896138
1561017000,0.1513396641673444
1561037580,0.923931880565331
1561053480,0.050769411444383544
1561075560,0.9141663136415064
1561087680,0.21724881385646674
1561109040,0.8300997286020715
1561126800,0.19599292151751949
1561138380,0.8776096882843254
1561150680,0.105099442740492
1561173540,0.12464605916441046
1561194960,0.8677041767802939
1561209480,0.7749237054774794
1561231020,0.704765154721485
1561242900,0.811927764193965
1561265460,0.8107674833884055
1561287660,0.8904216180088514
1561300200,0.5524339458648784
1561311300,0.24277154639620516
1561323360,0.8189587214301965
1561337400,0.3979212026790223
1561352820,0.9062086198075677
1561366740,0.26193528193985016
1561388700,0.4877736923161945
1561413480,0.32310899881308874
1561425540,0.41599329238309585
1561447500,0.11868930554092938
1561458960,0.09417618989088225
1561471560,0.8865524315784263
1561482960,0.18034317941830627
1561495740,0.9012751403146598
1561516980,0.05794264267155798
1561540680,0.9110776718014311
1561558140,0.5642632703226258
1561573140,0.5077927443192938
1561592460,0.41965255046214334
1561609800,0.9194083181006343
1561634220,0.8530152652734293
1561657320,0.03915174569891432
1561681440,0.7420676770794599
1561699380,0.42419723592927316
1561714440,0.04363226053652122
1561739520,0.48798666716258804
1561755480,0.7465207723592326
1561780620,0.87915010540035
1561797000,0.6561283976827695
1561817040,0.41431197832925487
1561837680,0.679364697133768
1561850280,0.9197692816434574
1561870860,0.25259721464820284
1561883640,0.9148183578167015
1561908660,0.555896244099042
1561927680,0.1123653517770762
1561942260,0.36462133812255065
1561965720,0.7834033796661186
1561980060,0.11360564269631407
1561996680,0.7462525216291808
1562018460,0.6677532125704928
1562041080,0.8618536172914241
1562051880,0.09589672534661957
1562066760,0.84895631565506
1562091480,0.6130429599075099
1562116080,0.8216166763156361
1562135940,0.2681688759689558
1562152500,0.7996891291426401
1562165220,0.9097449161006885
1562179440,0.23225396634421974
1562200980,0.05802257961502333
1562220000,0.14468461187359546
1562245200,0.3674841738044661
1562261940,0.9079621730977935
1562276940,0.765577180182448
1562298840,0.8057347162702118
1562318400,0.32973144482146993
1562331780,0.9141942644583172
1562352180,0.32473261272283127
1562364000,0.8039793051863201
1562384040,0.7591054410935767
1562406600,0.5119623573640855
1562422560,0.8041855516682258
1562433540,0.8230891208691152
1562452740,0.09410196637142962
1562477880,0.8445897566045534
1562502780,0.21959037113344532
1562518740,0.42657806170778034
1562538000,0.10356611111833942
1562548800,0.8923545868081693
1562562180,0.6213129993663911
1562576220,0.8232230139972929
1562595780,0.1896977143241325
1562620740,0.7630733743193472
1562642940,0.7808858818895924
1562664000,0.8555359780677505
1562675940,0.28081024358012996
1562686800,0.6682563736802043
1562710800,0.4569781650988442
1562731080,0.3133953684335748
1562749140,0.25200713955014153
1562764140,0.8912825431047827
1562778180,0.6537294930680494
1562799360,0.817529921471885
1562813580,0.8698177716085992
1562829180,0.4944923403589012
1562841180,0.33307062418299777
1562864760,0.876283239916015
1562888580,0.6470533120007599
1562908980,0.5360068738457124
1562932320,0.7458969118250857
1562946300,0.5148978930338891
1562963460,0.7133819124162992
1562978340,0.21301879705034446
1562993460,0.5338185933195918
1563007680,0.1637620241948329
1563023640,0.7501884839580798
1563034440,0.7547016603249272
1563051120,0.8886647556875381
1563074640,0.5966497461928028
1563092220,0.09022948266638847
1563114660,0.12961210560952954
1563130980,0.5235608310890418
1563144540,0.9109162001316642
1563169440,0.3511491421113677
1563185100,0.76597683816691
1563202320,0.916197513725058
1563214320,0.6319695361866284
1563236040,0.6033137689425172
1563255360,0.8998818534561693
1563270840,0.7207098338081155
1563289800,0.29904804435773086
1563308520,0.08829714369046772
1563328980,0.3533953513613226
1563341940,0.26385284643748536
1563365640,0.19984096227130066
1563381840,0.08027199519668375
1563405600,0.578908215246242
1563418920,0.40402612573776275
1563434940,0.05542535835708449
1563449880,0.062143977693654935
1563467100,0.8950391273319588
1563480900,0.7663618507953486
1563493980,0.6667462879981477
1563512940,0.24509713267229485
1563532680,0.7102200939089884
1563548220,0.31822318110570025
1563564960,0.7782668103396139
1563584820,0.6179335235374894
1563606300,0.21992113086147294
1563618780,0.33073493639656365
1563634200,0.24636803498870605
1563645720,0.13207312552749267
1563662040,0.9308688189654796
1563685440,0.7886731358656673
1563706200,0.8039025944980444
1563719760,0.46512108924952883
1563732840,0.1796550509332956
1563755880,0.7389601640527839
1563770280,0.7915004641179011
1563785640,0.12799026547701298
1563804960,0.8920943029525373
1563824220,0.7805668881302968
1563845220,0.8093387217436095
1563867360,0.35460769118976093
1563880020,0.6544185169368278
1563892560,0.12709498958233617
1563909660,0.4927395341159122
1563922140,0.9279436159748441
1563939840,0.9214352331473176
1563956640,0.09908275429863359
1563973620,0.1250519772537883
1563990900,0.8344146891148047
1564002720,0.398367727450281
1564027680,0.5107696425303735
1564048980,0.8182692810420669
1564066020,0.8849525264912188
1564087500,0.7995491660443336
1564105560,0.47086088668747605
1564120140,0.2743259710799533
1564143600,0.691650639705528
1564162620,0.3123861840688175
1564177260,0.8564575637230735
1564200720,0.34755138199287694
1564221900,0.7897199518688484
1564244040,0.81564029076835
1564265760,0.7609799389998015
1564276680,0.32334492336481907
1564289580,0.5119989767110987
1564305240,0.7356510292988558
1564328760,0.24308370927892914
1564342920,0.7557475829823467
1564359420,0.8173584796944853
1564383540,0.4723469807195416
1564407240,0.6876541642263931
1564428720,0.8524617875135075
1564446360,0.9086812689941814
1564468620,0.8773930875842328
1564482120,0.11986618235511314
1564493100,0.7116851985848335
1564515300,0.9152769942428233
1564534080,0.711293329096434
1564547040,0.469747669581329
1564564740,0.6035524856742042
1564578360,0.16793231674241002
1564600680,0.5213650349071778
1564618560,0.8627687257045817
1564634700,0.2952252061784564
1564654800,0.8582028968807989
1564672920,0.6970095365900524
1564687620,0.2822027331692378
1564698600,0.23940006758225332
1564722600,0.3317010644563149
1564739880,0.33598141740967435
1564761840,0.0926112621649808
1564782600,0.5312211744669687
1564802580,0.8061435409829317
1564815540,0.8349869246223356
1564829880,0.7804304608133036
1564847880,0.5635250218729648
1564864980,0.7897891081300437
1564881360,0.703870949283878
1564898160,0.3127833353160411
1564915020,0.7049999094680536
1564935960,0.22681273160940435
1564948260,0.3940928561647077
1564965000,0.7885463550744615
1564989660,0.7905918706392092
1565003220,0.7820641811525714
1565015880,0.7645373193200985
1565032080,0.9303131586421624
1565043660,0.7569688141160769
1565068500,0.8531879234038741
1565079540,0.8506526857036418
1565103060,0.8648726174347091
1565125980,0.732811017908306
1565139240,0.8244775836248458
1565163360,0.3079963901588523
1565182620,0.8899713959392702
1565198340,0.8865150106731361
1565211300,0.689336491962565
1565224980,0.9103513977718285
1565236920,0.7785383690221491
1565251980,0.4360861077589606
1565267760,0.38424722106614984
1565285160,0.4650511646919207
1565302680,0.7554909814591391
1565322900,0.7104771280215055
1565342580,0.4121025251137987
1565357460,0.7758953109894559
1565382420,0.5480994220609678
1565404560,0.6740244126614271
1565427120,0.72011310643314
1565449200,0.6053336381810434
1565474220,0.6603964048310099
1565490720,0.7626109388616461
1565515920,0.1927780440788285
1565530800,0.6892242888096102
1565553000,0.43188615413283366
1565574540,0.9243082019790868
1565599740,0.3819395469578566
1565618880,0.17677930093538505
1565641620,0.13126311770830362
1565658240,0.22320948249237574
1565674980,0.38604630067021234
1565688240,0.6702177794929192
1565699400,0.7821440175510029
1565720460,0.5691494515372055
1565734560,0.20311781395326628
1565748540,0.7255825462782274
1565762460,0.0601705447367092
1565783400,0.2293166899606556
1565801580,0.26369929256035896
1565824920,0.295915205960512
1565845620,0.41642034763357744
1565857260,0.4395529917352342
1565868900,0.563150613124574
1565891760,0.6919361926342943
1565904360,0.22499839339686817
1565919420,0.4806153240065964
1565941200,0.5770817999928533
1565956500,0.7208602939528994
1565969880,0.2320201064956525
1565987340,0.40289915062096304
1566006600,0.23683025326094062
1566030180,0.7095881329858262
1566052440,0.1895985356579657
1566074100,0.8307014623778001
1566090180,0.21318474259796086
1566115320,0.41255370167502337
1566126180,0.33217144657970704
1566141600,0.19442930018828344
1566159060,0.2741248252675267
1566173400,0.568462622587064
1566193680,0.8919764683285457
1566211920,0.5658091246431147
1566229560,0.3217885724762598
1566248640,0.7464306648647843
1566265380,0.786006474371256
1566276180,0.20258787822425822
1566300720,0.04559598268522808
1566313800,0.4779599877119141
1566332400,0.8109674139779963
1566344160,0.829028402217604
1566357240,0.8233819471602287
1566380100,0.6477994590457664
1566396840,0.24761067196222844
1566414720,0.8268918295815529
1566431580,0.7275423631493471
1566451080,0.9027439067950322
1566466260,0.920665076884283
1566477600,0.47244548827979854
1566489900,0.755249555370908
1566506340,0.7873694364016735
1566529980,0.23927914032514827
1566542280,0.06338105827896999
1566563760,0.7260680011780736
1566575340,0.7900963586351366
1566596580,0.28943623243575556
1566617940,0.1963396061994874
1566636360,0.8249721865893846
1566656280,0.2221801401158257
1566681180,0.8351334790536695
1566692040,0.3677917157268472
1566712260,0.6928221000736386
1566731340,0.6980920303103916
1566755700,0.3161502683483488
1566775440,0.7757571705415427
1566799860,0.7770581007479578
1566816900,0.2860721374631787
1566835080,0.8764197237166005
1566857340,0.8945258461722455
1566871380,0.8581420998578516
1566889440,0.14690657001618707
1566905520,0.8585686037326702
1566928320,0.8623570094014007
1566952680,0.22957955202723188
1566970260,0.6672120995690694
1566987480,0.8208169750429902
1567011420,0.8089343842636135
1567028220,0.2683210814944178
1567053000,0.8406872605522152
1567067160,0.6275816967966403
1567084200,0.5727734841917523
1567106820,0.8271457194083767
1567129560,0.8328716106223016
1567140360,0.894253624254545
1567162920,0.9130652466620295
1567186980,0.9096143427110411
1567211280,0.33785929690148786
1567224540,0.8242217114505875
1567246800,0.7341126479785449
1567260840,0.6145808167483693
1567277220,0.7691117726602644
1567292220,0.8560951166882385
1567307760,0.717469739469495
1567325100,0.7425518168006091
1567346940,0.3213438966309652
1567366680,0.13433259495020836
1567391280,0.7996045957983643
1567413540,0.8541122636707984
1567430460,0.5855682287937071
1567448640,0.08209426230865884
1567462860,0.6297432529834673
1567483980,0.40632183497664964
1567505880,0.21971829025950354
1567517280,0.29491435991633275
1567539780,0.7724700778887049
1567560000,0.5165346857589099
1567577640,0.08952967965591441
1567597380,0.8254990256121836
1567609440,0.8227808950587077
1567621380,0.8831862637228203
1567633740,0.8291662601777682
1567654920,0.911078584617246
1567674840,0.13181773458936058
1567689540,0.4824271479420914
1567707660,0.8243795460763473
1567719480,0.8441016886662086
1567733460,0.25091018196822024
1567745940,0.7434664626883905
1567764720,0.8070231641692357
1567786560,0.7314624960592079
1567810380,0.7534964893543337
1567831560,0.8302123744639831
1567853040,0.7204029414286123
1567866840,0.8593266975712985
1567878960,0.5195742806683743
1567894380,0.4004507806830511
1567909980,0.5419881728432409
1567928280,0.8088246458087488
1567953180,0.4125659458152836
1567977780,0.8812822346759046
1567990200,0.30189391408879107
1568003940,0.912392202598468
1568024340,0.8632979057339654
1568048460,0.8593058083174703
1568071080,0.42034491188183937
1568092320,0.708661536888618
1568107860,0.31609043696441685
1568128380,0.9279345560028988
1568147880,0.9093905940320928
1568159220,0.6409323703050391
1568181360,0.8484166445004783
1568196480,0.8842922003736335
1568218200,0.9363554306060301
1568232600,0.649590371223441
1568255040,0.6700817535896838
1568269800,0.32948202123068654
1568284440,0.6828358774850026
1568305380,0.4168593480745972
1568321880,0.45297685067140375
1568337600,0.3576497112496369
1568354340,0.8620761301665505
1568365380,0.2131419998795769
1568381640,0.8190604013900145
1568393220,0.35039682596489574
1568417820,0.8793752607657918
1568434920,0.442240179345374
1568457420,0.7815914459296581
1568474820,0.4834592344025465
1568499060,0.5255170661856028
1568518380,0.6720847463008215
1568529960,0.8430747048260652
1568545560,0.6230262193654782
1568566500,0.7750136593817998
1568589540,0.5111913445312797
1568606040,0.5739134752564043
1568631060,0.8445116121109345
1568655600,0.792367911031786
1568673120,0.823786570551897
1568698320,0.48203218789032765
1568718480,0.3814889395419528
1568735040,0.7407490230781438
1568757540,0.157943483106242
1568775180,0.43586983422340203
1568792100,0.7226610474444802
1568816340,0.44029988017004457
1568840340,0.6772191243869743
1568853660,0.1139876086234137
1568872140,0.8352812165163194
1568896740,0.27515437029504086
1568918040,0.6594439118390804
1568941320,0.9164196939701033
1568956140,0.382572865272249
1568971620,0.6723401602285531
1568985240,0.8618653819574918
1568996040,0.871798038642282
1569015780,0.9141741568480357
1569034680,0.5421207221002593
1569054120,0.7584789319013411
1569067920,0.7219933792305913
1569084180,0.8307681433254551
1569097800,0.8363627494574034
1569117600,0.4053156557125319
1569134280,0.7840383829191021
1569157680,0.1956415899037085
1569174660,0.09675536742946869
1569189840,0.7638989973877257
1569212040,0.5883386362193028
1569227760,0.8312167361867154
1569249240,0.7222023540181064
1569270480,0.7482937226710639
1569293640,0.8600114038699006
1569317700,0.7390849995723368
1569340440,0.8625522093670389
1569354000,0.7676045736852304
1569370920,0.2517151608735115
1569395760,0.2184177099000032
1569411900,0.7213265837391167
1569434880,0.9064444438609569
1569451500,0.7456854607510557
1569467220,0.20175948185555853
1569486060,0.10610881820472857
1569503940,0.8041460873913973
1569522120,0.07615255141004706
1569536820,0.3021686924085322
1569556320,0.8569257338486461
1569580620,0.5756110143003942
1569605460,0.056271205995718575
1569628020,0.35848097525269146
1569644280,0.8631567228420332
1569656940,0.41570649847772284
1569676320,0.4520940532748252
1569689580,0.9081655281930894
1569703320,0.3039178024936486
1569722820,0.48625762246489873
1569742320,0.352713972555739
1569766620,0.39835817226497466
1569786360,0.32835358032468465
1569805500,0.19565166462303712
1569826680,0.21638655443521604
1569846600,0.5047076903287048
1569864300,0.6945299832226115
1569875400,0.7576175820736304
1569888300,0.8126756112325114
1569913080,0.8060213559103608
1569929220,0.9004317455417647
1569944220,0.8935239477282855
1569959220,0.43695831806213736
1569983580,0.7979434333745844
1569997200,0.9499650263048964
1570008840,0.7732647183145239
1570033800,0.9203422263889632
1570058460,0.5322433831540447
1570080000,0.37629560911832827
1570094220,0.11873557184734773
1570108500,0.3176577451445353
1570120380,0.7513025840182399
1570135320,0.22466801642243397
1570147020,0.8117502103288587
1570162440,0.8882666429043462
1570181040,0.6909079922536551
1570199400,0.9096351268454139
1570220940,0.8104300897189698
1570237980,0.2202487147610652
1570262400,0.6416333483389203
1570279620,0.3491843476760185
1570300500,0.8356544558892007
1570312560,0.794949122539241
1570334880,0.6483133473123913
1570359840,0.7981663190929004
1570384560,0.6795871161860462
1570408560,0.12721336566085437
1570428300,0.46430390454851744
1570440720,0.9147995396047701
1570457280,0.2931978137143581
1570473360,0.8090513048518224
1570493280,0.21651828060606018
1570512300,0.38701895904248296
1570531380,0.683781600530917
1570545660,0.7214746164161385
1570562220,0.20588673448490213
1570576260,0.7849185042054267
1570598220,0.3036439551356631
1570621140,0.47677949232530453
1570635840,0.11402945488571671
1570654560,0.7824857998834648
1570670940,0.6261116221001946
1570695420,0.8276723268988244
1570718940,0.755909982102676
1570737480,0.936990324296945
1570759260,0.8506514650707715
1570778280,0.5860904236739136
1570792140,0.6104651060617814
1570814520,0.8704778820970653
1570830420,0.2341804227059592
1570845480,0.8451587575398761
1570864260,0.6821920279100097
1570887960,0.4453324935490656
1570901160,0.350653556646106
1570917960,0.22429832271232097
1570940100,0.43612400823747266
1570962540,0.693475787827479
1570982820,0.32801656631734877
1571002260,0.43519083578931433
1571018640,0.7663622484309056
1571041500,0.058747191773088944
1571057340,0.2871985886966143
1571070960,0.8720861320032495
1571084580,0.14343295635109243
1571098320,0.4048434937027851
1571110320,0.4101747098441829
1571129880,0.87360940707602
1571153160,0.8697207897020862
1571172300,0.32924953612695335
1571191560,0.8544187096545353
1571215260,0.5901748061310774
1571239080,0.8745592785225522
1571262120,0.11597982446614352
1571287140,0.03949456921484084
1571309100,0.8081992001473498
1571330280,0.050265158379317346
1571349960,0.037023288695358134
1571370780,0.9248102727678087
1571385180,0.1327416501254718
1571404260,0.4530987063167643
1571421780,0.5183281679512309
1571442660,0.8793380589302306
1571467200,0.7704379540022853
1571484360,0.8118727220461036
1571507160,0.8776694397605519
1571528340,0.7576919276939006
1571550540,0.7564391243003383
1571561880,0.7563889298506342
1571586240,0.20498927569071138
1571602740,0.6826366646171994
1571626380,0.17793521918017952
1571639220,0.16672205086166322
1571653920,0.9200963760970949
1571671020,0.73282814079188
1571695740,0.9142196697115289
1571713080,0.16193256765382494
1571732940,0.10039857467880463
1571748660,0.08774062408186085
1571768340,0.6894796871155241
1571790360,0.5534084643724491
1571813940,0.2605344016149695
1571835420,0.1044772888196764
1571858580,0.7684112370418303
1571873580,0.5532318808237562
1571898180,0.32818867515647127
1571913420,0.7728906417246483
1571931360,0.28617123821423696
1571955480,0.3123049682857845
1571971020,0.07801275613464054
1571988540,0.6904962844884405
1572009540,0.8867587856679371
1572027120,0.7562802408734961
1572048900,0.8544605478196523
1572067260,0.8747593197704963
1572078480,0.6620390477199848
1572098400,0.5513802716025274
1572110280,0.35462003950803406
1572121500,0.8339207681937282
1572138600,0.24198848733088824
1572152880,0.5887752508819389
1572176640,0.22977902681183962
1572193200,0.26945084381524903
1572204480,0.04214052457811936
1572225360,0.6759250941299493
1572249780,0.09453969848313473
1572267900,0.8338642531436049
1572292920,0.4009492512526942
1572314700,0.8815907486655113
1572332640,0.210808298754504
1572351900,0.796445779609284
1572376320,0.801462704621529
1572395760,0.2614432265403406
1572420420,0.8339174495735633
1572436800,0.4365481914434008
1572453480,0.1323279128221085
1572474000,0.3171094375303622
1572496680,0.3528650688064869
1572514680,0.3068116913768599
1572528660,0.9255360086167643
1572551280,0.45843924143201775
1572568140,0.22051405305893007
1572585240,0.5557801595067842
1572598680,0.11867666560086687
1572615300,0.8190171899726765
1572630780,0.7283684805322486
1572652080,0.5248174637494284
1572664320,0.23784438232528246
1572684900,0.6724833275327113
1572708180,0.5678292828512174
1572723960,0.33920059817807385
1572739200,0.778394472397778
1572751440,0.41057088087033616
1572774960,0.2914269778714693
1572798840,0.11392427771660425
1572818700,0.33342729371947427
1572843780,0.24402145332375125
1572864120,0.5944748825358949
1572877500,0.9052458769847165
1572889020,0.5080339869449907
1572907140,0.8412054208960402
1572930060,0.44827305285458735
1572945780,0.12930662765085224
1572961260,0.2835021148985435
1572977100,0.613076286440781
1572990900,0.8925821689727441
1573012800,0.8141673122518536
1573031100,0.5021291451503822
1573043520,0.11129314055161375
1573059000,0.29978291284699393
1573074900,0.9043657445400465
1573099980,0.494411559511161
1573113780,0.48641076412841655
1573126860,0.40049313686702886
1573138560,0.7481269366288449
1573154940,0.734828799339727
1573174800,0.9192889717226636
1573188120,0.38775728415954036
1573211520,0.2232772206266578
1573233300,0.7011335932285804
1573251480,0.44041154394176746
1573269840,0.9133547718472702
1573283760,0.10015773134925046
1573302000,0.770358913148861
1573320720,0.80106107499774
1573345320,0.7861817928434364
1573370100,0.06821085686919115
1573389960,0.45045735482414473
1573408620,0.1981429998336553
1573425000,0.8236057908203659
1573449000,0.3169718408849304
1573461480,0.21247990909434766
1573481280,0.7492671270601657
1573499040,0.7277200206714695
1573523640,0.3534501028182842
1573545120,0.8691980901814267
1573565820,0.7779484996567373
1573582860,0.341699221080042
1573604760,0.23358046353195236
1573616820,0.24640452769937446
1573635720,0.8786424698899657
1573656840,0.03556877978171424
1573669380,0.47464560779312426
1573689000,0.5991511518018591
1573708740,0.8917396597023933
1573730100,0.7417438608989723
1573754340,0.14086383304644937
1573778880,0.7494654383573134
1573801260,0.8938486514702159
1573824180,0.8665728822199871
1573835400,0.6771912784632046
1573850100,0.2814406284236475
1573861080,0.4096023641712856
1573885080,0.1078410776987476
1573898400,0.8860841528884896
1573915800,0.7220085076572407
1573926780,0.2088414776764943
1573945560,0.8344019741326792
1573956900,0.6621052584210368
1573979580,0.42801446464145443
1573993560,0.5304970606596141
1574011260,0.4269317993722801
1574025480,0.8655207842507837
1574037600,0.7427079313807375
1574060400,0.8546678392750954
1574073300,0.04275047380052294
1574091900,0.2643450475291033
1574111820,0.8480208911826426
1574136000,0.6266284024186417
1574146800,0.06997417920731426
1574163120,0.631914666294133
1574178720,0.688260319679641
1574191800,0.8079440076547023
1574209140,0.8713064195931088
1574224320,0.2455511788495194
1574238060,0.5767333991527539
1574255520,0.7063889545849652
1574278080,0.058917088328086696
1574293020,0.754415246005829
1574318220,0.7991171230651016
1574337360,0.32655978599549845
1574348880,0.7559066564111304
1574368140,0.8835547940003249
1574385420,0.8739088390857747
1574404860,0.9076260834496065
1574421240,0.2825611472201755
1574442720,0.8463108424151298
1574460300,0.8564166417536706
1574483820,0.23394658220452785
1574504940,0.7799919529489878
1574528400,0.25303585256825356
1574544900,0.2524760863529227
1574562540,0.2358270919755499
1574585520,0.5489204323392736
1574604000,0.36752510011903516
1574618340,0.5798333233665357
1574636280,0.3050426096122125
1574652660,0.805672531524996
1574665920,0.10152360213827608
1574677080,0.8205343059728916
1574688960,0.8602579433947364
1574702220,0.8973657143537688
1574725620,0.22236965836430994
1574744520,0.3263390663598804
1574762040,0.736073343885479
1574782500,0.9109593316880299
1574795940,0.8934637593752243
1574807880,0.18196416462062034
1574819280,0.12532569372124786
1574834880,0.8108630805236323
1574846040,0.880267861581103
1574861340,0.7489500346217636
1574878740,0.07490643761472558
1574890620,0.8468553122165613
1574910180,0.24454127222387673
1574923140,0.5314961232592624
1574947980,0.28531030090606174
1574961720,0.4533676542948064
1574984160,0.1236455280073044
1574996040,0.8550088922693887
1575013020,0.6548417282241896
1575024480,0.25523500327484133
1575044220,0.34190705822009276
1575062400,0.04134718134647385
1575073500,0.4461653097644313
1575097440,0.5876971246356132
1575110700,0.8474460529222432
1575125820,0.19914970671863888
1575143340,0.4289933789190313
1575158700,0.8391226357905074
1575178560,0.789828951858641
1575198240,0.588539721378231
1575219420,0.7769482445619332
1575239160,0.6901516170410226
1575264060,0.23128876877978877
1575280980,0.27686643579034964
1575297300,0.9224191417647549
1575312840,0.9017062247775247
1575329640,0.67837079509328
1575345660,0.25922414889278816
1575358620,0.5385442342629501
1575380940,0.14123341749631713
1575396000,0.30233270008710567
1575411180,0.0673932399910757
1575424860,0.6404273932235911
1575435960,0.20023826255866217
1575459360,0.8841855191221074
1575476220,0.12079939951772618
1575496560,0.23299116409224532
1575516360,0.4153792263839558
1575539220,0.8497653981027645
1575558720,0.45533927836200694
1575570480,0.0917977305675106
1575583020,0.8943716937840508
1575601140,0.847778087217337
1575626220,0.2807774066523046
1575647040,0.42229837321711317
1575666840,0.7361508006661943
1575681000,0.3121061213593011
1575694680,0.7910434340521945
1575713640,0.35250247171617377
1575736860,0.8387288592642556
1575748260,0.8523664600531671
1575766560,0.6214405775254394
1575787260,0.8385475410173652
1575807720,0.832082690487701
1575827760,0.6174593210605703
1575844560,0.2905994650479784
1575865260,0.6965684206213556
1575883980,0.11027020262498057
1575895380,0.2606548334650589
1575913740,0.5924401968454067
1575932880,0.8417190899006104
1575951600,0.20122175651079738
1575967920,0.22981851917028465
1575991320,0.3948305552732719
1576005660,0.9085114610979305
1576021860,0.6860956272177406
1576039440,0.26468396130670446
1576058280,0.6991959562345221
1576079760,0.1013588927282816
1576101420,0.6606509187047888
1576119780,0.7028382428532918
1576144800,0.09153785591024528
1576169280,0.29661783687580273
1576184340,0.27470368484944363
1576197660,0.5149357293964975
1576214520,0.8638101488533997
1576232760,0.5947483617797962
1576254300,0.08272463855229258
1576269180,0.8998469008986894
1576282620,0.2130221217307581
1576295580,0.3734892451362828
1576307040,0.11567334487773587
1576325340,0.8745319978467874
1576343460,0.1173531676553612
1576362480,0.8603016297661593
1576387320,0.7085565108946392
1576411500,0.8463918988690655
1576432140,0.7356910368142902
1576451280,0.4704162203161125
1576465680,0.5951276584483373
1576480320,0.8518036951271803
1576496160,0.7672672534506745
1576519740,0.7610678286044323
1576542600,0.81742330609933
1576555860,0.7125534772784247
1576570680,0.7743749908347466
1576586220,0.8697049147681833
1576609800,0.9079047996601552
1576625520,0.921977833004102
1576647120,0.16498751819731405
1576667100,0.6720323873678401
1576682580,0.6799071095119679
1576704360,0.7093854521667305
1576726980,0.22798644080554617
1576740120,0.45452012489957094
1576751220,0.5981028890303797
1576768680,0.5294722925919793
1576788420,0.25376138226466577
1576812420,0.29221175275262257
1576833300,0.2381522600437035
1576853820,0.16546508293791348
1576877820,0.8387698241043015
1576898580,0.49039834741764815
1576922460,0.5262365585389144
1576943700,0.8141469259533943
1576962540,0.7429402897689914
1576981260,0.6876590206570813
1576996260,0.708499256013217
1577010900,0.8541235733154177
1577026560,0.7660348163553864
1577041080,0.5286882142202373
1577059980,0.15376413479127304
1577084640,0.11109829835887647
1577105640,0.3146791929979035
1577120700,0.5101313547622686
1577132700,0.6755965597563227
1577155560,0.6097846648236184
1577166960,0.6380221544221364
1577181720,0.8435196607038918
1577203380,0.24194857925076937
1577217780,0.818793976533687
1577232540,0.680885233320767
1577244120,0.7617735152942493
1577269260,0.7938204011670169
1577286060,0.8207143392793244
1577306700,0.3881543420761967
1577329920,0.22882324482232233
1577355120,0.9249074206977785
1577372280,0.2041239579481659
1577395980,0.36436457867315336
1577416320,0.48174332038543377
1577439600,0.2357261965710985
1577451720,0.6461553294447256
1577474220,0.1005288065863838
1577489820,0.782105882807569
1577505660,0.17792500757467422
1577524440,0.8340841230313081
1577543460,0.12401150255252584
1577554440,0.22487340909343423
1577578920,0.732467917011998
1577593980,0.7887724610350964
1577613720,0.7702971970988561
1577637000,0.6893086700890982
1577659980,0.30917208066685514
1577672280,0.5788479931629981
1577695140,0.7296705225897813
1577710320,0.8241451603644172
1577730840,0.5748909167702122
1577752860,0.6476925243355739
1577767140,0.5941798240324067
1577781960,0.8569445152141322
1577795460,0.729101128174461
1577819640,0.8057604842289522
1577840700,0.8056011217763616
1577854740,0.7807352021123037
1577874240,0.7095762986480773
1577895060,0.23545362997747593
1577911140,0.39394929473321183
1577934300,0.8962267636390707
1577947560,0.8098763869312899
1577966700,0.5493204340800912
1577989740,0.04001270043533906
1578014760,0.7571977968669673
1578039000,0.5104393545753808
1578055080,0.8610671587863126
1578076920,0.23705153759369268
1578094500,0.5886505423866172
1578105900,0.8031081858592409
1578129480,0.9081337209222263
1578147840,0.33360968867888074
1578163320,0.5500829599069017
1578180660,0.0646014201231404
1578203160,0.8263544949400745
1578222900,0.7972873991316333
1578245640,0.8342248476481599
1578269280,0.5302737699146159
1578290160,0.5218475479847073
1578304020,0.37204469120965267
1578324060,0.11218248546919055
1578339600,0.8466844507233457
1578363720,0.9168087346832006
1578377160,0.25818179111092526
1578397080,0.8203330473590261
1578417840,0.8764370615210831
1578441960,0.1391876639065799
1578466560,0.24106008673320672
1578482700,0.5912322648279016
1578493500,0.8307733292365671
1578510720,0.810565627805296
1578527400,0.8933388916996163
1578551880,0.9271411120510222
1578565740,0.6575770841375436
1578586320,0.23107371376140098
1578604320,0.8205258460048293
1578625020,0.2544912061983724
1578638220,0.46905764285895063
1578649920,0.688024612722381
1578665400,0.90031130294603
1578676860,0.8671936060544909
1578693720,0.23734032773133495
1578716160,0.6845151751397879
1578729480,0.5947827770056584
1578750000,0.24537770352543106
1578763500,0.5962483530577543
1578783600,0.32286080129690353
1578807600,0.20119084430390058
1578823200,0.4080733980163707
1578841800,0.800810642340424
1578860280,0.8986584490369864
1578877320,0.04317997960126323
1578895560,0.9101046017692791
1578912600,0.34255035217240604
1578933660,0.25415679080334047
1578955200,0.230567109247274
1578974460,0.8454599683359771
1578996000,0.7415523035101264
1579013040,0.8629825885455613
1579029960,0.17423643968145688
1579051320,0.9191166260592355
1579063680,0.11094649060948308
1579087320,0.13525244450680296
1579103040,0.04100065646147062
1579123260,0.249450661631192
1579138680,0.23970338479676567
1579163640,0.23986604813751913
1579177140,0.11646869146083715
1579190340,0.7983316794063063
1579210140,0.8934024173389996
1579230300,0.9129055926030579
1579252440,0.31220805169110494
1579272120,0.2796364284356534
1579293420,0.786648135135138
1579305000,0.3157095628072788
1579320000,0.6260589920371248
1579332900,0.8307157480770923
1579355760,0.6150515805519866
1579380900,0.054743473888544045
1579394520,0.8796280391619271
1579410000,0.678357026532933
1579426560,0.8728482097037871
1579440660,0.7789632417692158
1579458420,0.6836816813144805
1579475760,0.7668983525729045
1579490640,0.8177241649286442
1579508640,0.8904760679296911
1579529880,0.34515180071500373
1579553160,0.7790471417107304
1579577880,0.6913943129888658
1579596480,0.4412513333257045
1579616220,0.1660880516054039
1579632780,0.041919516125797744
1579654440,0.7723554552742694
1579678980,0.7658242909996482
1579689900,0.8233397974259716
1579713900,0.6128233272404844
1579728660,0.18003257186887534
1579747920,0.8085757169323278
1579760760,0.5921904795245235
1579772160,0.5416577580937995
1579792320,0.7026866725724048
1579808220,0.702451881734041
1579831500,0.2594080299775791
1579853580,0.32072319334943333
1579866660,0.8604655119684187
1579880580,0.5812009351728972
1579898100,0.23988986078539154
1579921200,0.2323405933368687
1579944780,0.20738414363688906
1579965000,0.7502516778116358
1579984440,0.11477034691447252
1580005080,0.5386130020463131
1580029560,0.6698165317397241
1580054040,0.3234081527955833
1580077560,0.7378073814700998
1580102280,0.36701708866285015
1580121600,0.4849748696215401
1580137200,0.4219795221295134
1580152980,0.7937148347044913
1580165880,0.2538558801571274
1580189940,0.7638287708713705
1580211420,0.8046291219447845
1580226900,0.4746542911044495
1580249160,0.8132999312424978
1580261160,0.6129623732109306
1580276160,0.08867547641558886
1580291760,0.8956483401407108
1580308800,0.8340981587015299
1580322420,0.07175589036094815
1580346240,0.6415558322747414
1580369820,0.6409744730971169
1580383140,0.794576739564719
1580401740,0.8804175715030546
1580414040,0.3348051230040991
1580432580,0.6237390457835632
1580457780,0.30219734233400664
1580479980,0.8050294431681406
1580490900,0.3929071338976144
1580512680,0.8619917042421734
1580526720,0.43695692662742597
1580546820,0.29956885575883935
1580557920,0.7868064865935439
1580573940,0.5075893071286612
1580591640,0.32207209477846344
1580602740,0.7945479047547337
1580624160,0.8613344498889584
1580638320,0.38356708431194814
1580661420,0.571272050145975
1580674140,0.3730747415425234
1580689680,0.8533171591290458
1580708160,0.8906052683450575
1580730660,0.3939656254564577
1580744700,0.8621267074348763
1580764080,0.7021558832959828
1580783580,0.4848126893937592
1580806680,0.3553853372032249
1580824020,0.8707968506087546
1580848920,0.9009789899073148
1580863740,0.8996902008445294
1580879220,0.809138600732071
1580902560,0.8794915607154027
1580919900,0.3788090555106907
1580934720,0.6506385087129152
1580955060,0.7787854362218067
1580974440,0.6299109206165363
1580989020,0.36043196099140984
1581000420,0.8840756426912264
1581018720,0.7323224177144918
1581042900,0.24130103132344652
1581056400,0.5650970786083381
1581070020,0.18615190898628475
1581085860,0.8297150115012023
1581106800,0.9208497882852452
1581129420,0.4603148948891189
1581141060,0.8445251442818464
1581155220,0.5163047442018279
1581174300,0.11572790660357167
1581195720,0.8004855907345426
1581207720,0.6007387184096955
1581219600,0.2297202300843341
1581243840,0.793827345988245
1581268740,0.5626325409312811
1581289680,0.5507881480324551
1581304680,0.6659268774986533
1581326340,0.7619065767947764
1581338400,0.23576184681606896
1581349800,0.46786412127136384
1581369420,0.29741089482187444
1581386100,0.2144581333328717
1581401760,0.8665417797096622
1581421680,0.6623049430371899
1581439080,0.8501400061956002
1581453780,0.2686705146781505
1581478980,0.4359840821188828
1581501360,0.09135753696110811
1581522540,0.043163519131426104
1581542040,0.47610025248231963
1581564360,0.5235850136222812
1581578400,0.743049982906229
1581592140,0.22831670730849776
1581616200,0.6800104993893633
1581633000,0.8505847617928526
1581653700,0.32075224963660093
1581678600,0.8906379955028589
1581693180,0.070754848091997
1581714840,0.2806613408433203
1581730980,0.7729462910078881
1581742740,0.8779940932390116
1581763800,0.547489743509912
1581780540,0.8647180635840205
1581801120,0.473164816246687
1581824280,0.6800992517782463
1581841680,0.7833285201728795
1581863340,0.6190040479029882
1581884340,0.9146426503197878
1581905280,0.6050637207881374
1581916980,0.738074157938715
1581931560,0.22017705427650763
1581945840,0.9140005653760774
1581958080,0.09767543075849489
1581976200,0.6681815749133754
1581997500,0.8051293119054806
1582010100,0.8108273707809714
1582031940,0.29661657722953
1582056840,0.806293420026011
1582078440,0.08433438398125766
1582098900,0.9248293730565208
1582116900,0.811437304886304
1582132860,0.061422198694375874
1582143960,0.1594081803137233
1582162500,0.04406575067926001
1582175640,0.8955688734763015
1582192980,0.559415809928666
1582213020,0.2209621149564187
1582225980,0.25693164015434883
1582248840,0.8805690418434378
1582272060,0.8826442316534417
1582284900,0.10091039568548196
1582302240,0.6551443053655973
1582317360,0.39222928209037833
1582339560,0.32372469919432123
1582362960,0.38082745008193314
1582387020,0.6203645262687051
1582399320,0.2973365606922024
1582411560,0.5090767962947313
1582431000,0.13237760729081477
1582453560,0.7937690502329742
1582466880,0.6452835274108685
1582481340,0.7950850852175513
1582495020,0.310290484355448
1582519800,0.49970131706386467
1582532100,0.9076484412881877
1582545000,0.5301537830136263
1582566780,0.245901498117438
1582581840,0.33396526597193
1582603740,0.48169758477505953
1582618440,0.7524947419661974
1582631100,0.41222389117319935
1582654620,0.861085575205209
1582670520,0.7251928960132609
1582688700,0.5761652905837441
1582701960,0.2542817906414247
1582715340,0.7875396749900511
1582730760,0.2035995906665077
1582748580,0.786457777809331
1582773720,0.14171797302759268
1582788120,0.23286045519591417
1582807380,0.8820417121756039
1582822500,0.8436009599229289
1582840740,0.4313861062704195
1582853160,0.31957334953184363
1582872540,0.7397303203090203
1582885500,0.21672853587545454
1582897980,0.76930449706749
1582921740,0.8100228755653205
1582941180,0.7747757980467681
1582963680,0.9172927560250405
1582985400,0.4263546574868493
1583010300,0.8235215676356854
1583021100,0.8215535953637351
1583037540,0.8744889915174469
1583051160,0.34785472312803356
1583062860,0.18671449423804193
1583087880,0.2766753732818978
1583105340,0.7128732168022998
1583123700,0.3290855570238093
1583138340,0.7439445797666553
1583153160,0.7626054947804897
1583174880,0.5276528063122484
1583195040,0.7713584659176878
1583212380,0.10239221225752358
1583229180,0.7114510436110352
1583252940,0.09485098666531071
1583264520,0.824626285387282
1583289300,0.07626423798850579
1583303520,0.0466228869602168
1583319600,0.7062555919120814
1583333700,0.8918596460345295
1583351640,0.7295507486968351
1583367900,0.22593264005463845
1583384220,0.3437080534501082
1583406120,0.7082514494184043
1583429340,0.2215654612556013
1583448360,0.26529322354881024
1583464680,0.10840534743060153
1583487480,0.45814223601604953
1583503380,0.7046733155813012
1583515140,0.6593532888181718
1583532840,0.7730195070433779
1583553960,0.6611224641923075
1583568300,0.7257115551827255
1583592900,0.23669714577891143
1583617080,0.2547844674139128
1583628660,0.7825909653980925
1583645340,0.8335875954671226
1583670420,0.8463677073479102
1583686320,0.7787001233102492
1583706300,0.8705263812022034
1583728920,0.8323742616586435
1583741880,0.4194560152499406
1583761740,0.7908305752706778
1583777520,0.1528436560234575
1583792820,0.2174465491919661
1583813940,0.926965304826485
1583833560,0.3356914779036996
1583858700,0.8486502907805111
1583875260,0.2018270889059123
1583898060,0.5044378136289214
1583913780,0.214319975533818
1583929800,0.174392696912747
1583947740,0.2882389249491283
1583965980,0.7258058401736336
1583984820,0.859464137138575
1584007440,0.48971079096656506
1584019620,0.3322995245790021
1584039480,0.680835335269643
1584050760,0.08719363818810671
1584069780,0.8723395112036373
1584083940,0.6458690321978707
1584095640,0.8575172623806508
1584108660,0.10660627147826866
1584122040,0.9194215520028115
1584136020,0.7646254313564614
1584148860,0.9073538328956003
1584165780,0.22095543536545223
1584180000,0.4280192606071266
1584193440,0.17582571186559415
1584214920,0.20282718069820316
1584230880,0.1683639940014508
1584250080,0.22345546007287678
1584265800,0.6455754065039686
1584283920,0.7022654959686283
1584305340,0.8153391548483196
1584324660,0.11591649979699249
1584337920,0.07451826287658574
1584358500,0.5924408564835084
1584371820,0.0953618173498021
1584387300,0.10932100195024125
1584407520,0.12382253325532122
1584428040,0.28473617785829825
1584443400,0.7613746379951575
1584457080,0.30061507603458615
1584475440,0.7888881462244636
1584494400,0.507468720535917
1584516060,0.8345337629548208
1584529980,0.8143387207593433
1584553140,0.6782859863361365
1584564840,0.7321267336973275
1584584880,0.8693177842801321
1584609180,0.8823772830704427
1584631920,0.8012649905083171
1584656580,0.7961947082649008
1584679740,0.4048277114795527
1584694560,0.48539915685862817
1584715380,0.5096726568845793
1584729060,0.8215492968392643
1584740880,0.3229875855971903
1584757260,0.7759099862901403
1584773520,0.19367251725221543
1584796560,0.6524107909931863
1584810960,0.45664275035224927
1584829080,0.40255978862365205
1584852720,0.715206596455285
1584874380,0.6831658636689477
1584886800,0.8538708150964546
1584897720,0.7498513089165441
1584919440,0.671550191735213
1584944340,0.8757119352730808
1584957900,0.754295385492528
1584976320,0.27813692606052065
1585001100,0.24643251896390883
1585023180,0.8205436618407077
1585045320,0.5002155360934467
1585062240,0.23676435832072687
1585076700,0.83646836814891
1585099260,0.7914854636342741
1585110660,0.7477705107314934
1585126140,0.3683701381317757
1585141860,0.7498760867342135
1585155300,0.41556488653178975
1585172640,0.2674385867684656
1585184040,0.6741742005843891
1585198620,0.7213144387454077
1585220100,0.762780702320508
1585236720,0.8104681187219259
1585261680,0.8100597188666193
1585279500,0.11668580102311246
1585292160,0.7686327991589516
1585306200,0.5284264034759448
1585330620,0.9145609347758927
1585352760,0.7851875446585972
1585373400,0.8060407155984273
1585387080,0.8225943468867383
1585405680,0.19635702643980013
1585425960,0.7999612511668298
1585445760,0.6839506099212631
1585459440,0.7170988330572098
1585483140,0.7859700294468408
1585494960,0.8411537201765303
1585512240,0.9038869417032671
1585527480,0.666306754704556
1585545840,0.8890126519316974
1585565040,0.07756771442810664
1585580820,0.40628621385145874
1585604940,0.613208478650611
1585617120,0.8495299675568156
1585640460,0.8869792508002744
1585651320,0.6528939035716672
1585676220,0.6375216874163002
1585698600,0.2722353588265527
1585721100,0.6858653832743807
1585733460,0.18729480096994053
1585752120,0.9256016910956321
1585772520,0.8178515229371488
1585788780,0.7785273913600742
1585807740,0.7866826671649995
1585820880,0.7676964589567027
1585841940,0.8541459615169926
1585852860,0.7695865195412255
1585870080,0.3071820451807331
1585892820,0.9161711278543822
1585916640,0.333283733896587
1585936800,0.8920058040430036
1585953600,0.041132577497596245
1585968480,0.8557943847722795
1585992780,0.7939962223365847
1586005380,0.8007691599840658
1586024040,0.7603689674588637
1586035140,0.22543292515656202
1586054400,0.1722751472702316
1586072220,0.30243917410038507
1586087220,0.6759865396274002
1586101740,0.42837754678717066
1586125680,0.5371081499649344
1586136720,0.09371423173796777
1586148540,0.76655842451999
1586163180,0.04024389479369306
1586181420,0.46926457004498184
1586204880,0.6430422325638793
1586222760,0.6100102203528176
1586246820,0.3958560458375577
1586267820,0.5665970131769984
1586278800,0.22155727856409688
1586292660,0.7050245546249531
1586306700,0.743603450376817
1586326500,0.7501171309556173
1586342280,0.5399466852513529
1586356860,0.86579327948916
1586374980,0.8027366811325987
1586391900,0.21630732132017694
1586414100,0.6375502710645452
1586428320,0.8202839897353972
1586442600,0.16781140414716678
1586466000,0.878191277783869
1586482620,0.45166878454587117
1586501280,0.5283364836425114
1586525220,0.904018786812254
1586536260,0.32081751136742886
1586556300,0.05446114344510998
1586574480,0.2849189776646312
1586591700,0.6456375493216885
1586615520,0.5383386982583529
1586628420,0.5920740977932724
1586640840,0.7242201859739327
1586661360,0.6445980593665023
1586685060,0.8581329106571571
1586700720,0.8849766042146878
1586721780,0.6682247878826586
1586737320,0.8570615808911296
1586759580,0.5606978949729758
1586770440,0.6519611675934712
1586792520,0.1618579560276964
1586810640,0.11858615558690935
1586821920,0.9071100489566999
1586835180,0.8220152018704515
1586852280,0.3784752907674298
1586868720,0.9424195740554355
1586892300,0.9219575509383605
1586907300,0.09399316953175679
1586928840,0.6703132122695767
1586949840,0.7620546171384903
1586972220,0.21510476915004292
1586997060,0.31941227655330895
1587017340,0.8682058228096113
1587032760,0.6996834671115946
1587049380,0.044591535163647625
1587063840,0.23089296397221623
1587087420,0.4497479258515109
1587112380,0.12057416864193948
1587125220,0.7758223184804723
1587143220,0.6978957815238866
1587167100,0.8531622210087997
1587178080,0.43931701096201203
1587201600,0.6836220538216686
1587222660,0.8521059163899585
1587240840,0.44033484071222656
1587258300,0.7322398977296684
1587278160,0.5887106324119932
1587296700,0.7121770272034216
1587318480,0.7918580958630436
1587333900,0.45695234027722675
1587345000,0.4396700538899086
1587366240,0.10604894905365701
1587379440,0.8708842319697208
1587400080,0.04537938418652535
1587423180,0.8344139258696129
1587439200,0.8235226278356833
1587454380,0.5337026837663447
1587471420,0.8156883979806716
1587488160,0.6497161493141305
1587510780,0.8900101088657689
1587526740,0.8895782256356449
1587548040,0.8596739806810102
1587561480,0.040196201011429296
1587573120,0.7449194479297628
1587589260,0.11090512111597764
1587606120,0.6712751954412823
1587622020,0.7458520345689188
1587636300,0.2697068356749889
1587657000,0.8695550780831741
1587674640,0.8978301269760965
1587699780,0.13288749244156814
1587716580,0.5559940824503121
1587734700,0.8493958086673916
1587751080,0.916781295128859
1587774960,0.7846162020630477
1587797700,0.8353829574753348
1587809580,0.2207448387860194
1587827640,0.3213875004562632
1587842460,0.29361231805528454
1587862920,0.6745059541804515
1587887040,0.6163573395788562
1587900960,0.0982055182690612
1587922980,0.3191435153613236
1587938460,0.1036926551867114
1587951180,0.281255465336742
1587969120,0.3790776227063972
1587992460,0.25160869106557343
1588012500,0.9069053607174681
1588032180,0.1588328511846356
1588049520,0.5293966107850194
1588065840,0.5623044153346181
1588088580,0.8736931757667616
1588109580,0.0976107468927957
1588125960,0.9007337441743629
1588140360,0.7705288905794574
1588163580,0.24899181238390405
1588179000,0.8412138719116832
1588190940,0.5484869071834383
1588209000,0.875067242560027
1588222980,0.8628321535848298
1588246800,0.5004273873418819
1588257900,0.27236138843172825
1588280040,0.6651319380140077
1588304880,0.2422702277277391
1588318980,0.4200379438015744
1588342920,0.8788803278046631
1588358640,0.8687494225718637
1588383060,0.06918793412070255
1588400160,0.6369697510155029
1588420740,0.613101214465676
1588436160,0.5460064733714374
1588454880,0.4008898176226578
1588474020,0.7954279034740361
1588498140,0.6774777268969691
1588513020,0.8612428451656282
1588534140,0.6717143571660675
1588552620,0.8739604019898859
1588572780,0.8426758562780936
1588587480,0.287498665486289
1588598940,0.8908468647150961
1588612560,0.8788134527319643
1588631400,0.23167615588173207
1588648740,0.3867852981905822
1588672500,0.6159263058335944
1588695480,0.5682433257871806
1588712700,0.920263963457439
1588734480,0.8879044249681058
1588755540,0.8152777839938764
1588772040,0.0740117762741894
1588785960,0.8596109245661753
1588803240,0.8807860411612368
1588818900,0.6046084599764201
1588841940,0.8253986884609497
1588860600,0.8292807175457975
1588878060,0.3167931583141708
1588890240,0.11741974447757787
1588904040,0.9117086799631259
1588917960,0.5111913445312797
1588938240,0.12120566579213198
1588960500,0.28458385359896315
1588972680,0.9050557946517285
1588983660,0.7658670748381717
1588996080,0.9089541713710436
1589016420,0.6041513714490871
1589034600,0.8534538290569501
1589053560,0.19117449712579573
1589070960,0.759188276458841
1589083560,0.20887187504543794
1589108220,0.8053866177233793
1589125320,0.214308524657087
1589141160,0.5067856592889791
1589152200,0.2469177270560012
1589174820,0.23626101776363914
1589198700,0.34493195656701947
1589214480,0.8681775206550852
1589238300,0.5379339165166795
1589253060,0.3211990110147147
1589265120,0.917075810418804
1589286780,0.03780914062037956
1589303040,0.6374963413037592
1589319120,0.7996232080253214
1589333700,0.9339324401102707
1589351400,0.6663150043522741
1589372160,0.82146648316547
1589390820,0.5333476137792237
1589412780,0.7062362886441845
1589432100,0.8744073508426287
1589452980,0.9110991393446806
1589476980,0.2523632787556385
1589492520,0.3338974555812727
1589512080,0.7667947722061362
1589533140,0.06606939566940753
1589552700,0.585724748131417
1589576520,0.8937828909734304
1589598480,0.5453112296551199
1589613360,0.22575620621365236
1589627700,0.7104859527262387
1589652840,0.6865655273974104
1589675040,0.5896097645145104
1589689980,0.8401098149426484
1589715000,0.6590179030988728
1589727120,0.7518919892306953
1589747340,0.7370872799458779
1589772120,0.9101537088694951
1589788500,0.6897706793634683
1589804160,0.11906844345321896
1589828400,0.7886699112730264
1589844000,0.2709111386801477
1589867520,0.8362015500220442
1589887020,0.09549920344402384
1589911860,0.8498918019176036
1589923500,0.8162265960412467
1589942280,0.427409515111005
1589953740,0.07662984028079975
1589966100,0.2369967086483302
1589981640,0.6845165223846029
1590001500,0.0955649475945157
1590021900,0.3194353015760377
1590039360,0.7971001486410286
1590050400,0.34349219329885694
1590069000,0.11717300407227238
1590084960,0.8889739200405317
1590106140,0.5046635382720446
1590117180,0.33022548127363444
1590128280,0.5940329505592304
1590144360,0.6729370839760609
1590164160,0.8329176564905353
1590180180,0.8301505409402591
1590204420,0.19539853361366918
1590215280,0.7905398842009499
1590237720,0.41128170234239675
1590250680,0.5596609902978632
1590264300,0.7003981759429065
1590284640,0.8654701116142375
1590308160,0.5511638814161198
1590326400,0.5258975246677945
1590348720,0.330774398196302
1590370020,0.7763495891744219
1590384420,0.2712040312715279
1590400680,0.36827893084268326
1590422400,0.834058032540948
1590444360,0.4123962535756661
1590464940,0.9073661278636799
1590489840,0.8418696779604044
1590512460,0.4294872279037013
1590525720,0.21133140470488754
1590541080,0.8918832796076951
1590561180,0.796653933623675
1590579480,0.3962351680785045
1590602220,0.929147494403115
1590614100,0.8120495739367825
1590629760,0.8948394062806938
1590646080,0.6658413431039695
1590664560,0.8347827101238862
1590689220,0.49739276805099086
1590712680,0.2933836822043427
1590737700,0.18658040374617338
1590750000,0.8195251975999472
1590772080,0.6603752444437575
1590796320,0.776899993587664
1590811440,0.39491075981162616
1590822660,0.6567895933892073
1590839640,0.6437502995460529
1590861720,0.08470859273968491
1590884040,0.41742486254396055
1590899760,0.5501755470849397
1590924300,0.7634575788188511
1590936000,0.6225147863397124
1590961140,0.4984309397395641
1590977640,0.6897307210082189
1591000260,0.6035565624320235
1591016160,0.8574417966241359
1591040460,0.4182041785501925
1591062660,0.36359592462989765
1591080960,0.23362745439042057
1591099440,0.317014627507365
1591114740,0.8557957327486468
1591138380,0.20498927569071138
1591162260,0.20970966281590048
1591179720,0.7365842671313364
1591195920,0.17544294191709764
1591209000,0.5922628631259484
1591225740,0.7963869829089717
1591241400,0.7651713997152367
1591260600,0.18493136122481804
1591284720,0.19346821363650998
1591306440,0.8708279947190167
1591321920,0.0961993737345929
1591338480,0.7519919735011544
1591353840,0.46885964280096
1591366860,0.71974272361826
1591378260,0.26097752820421627
1591395120,0.21949769320313295
1591417020,0.861274092060475
1591430880,0.7301310089624597
1591449360,0.06666684367752142
1591462620,0.4062873856180205
1591478520,0.21436538855162193
1591502520,0.47379797910645943
1591527360,0.8378708462742461
1591542540,0.593187768503595
1591564560,0.20383685169595098
1591583880,0.06641484500180195
1591604760,0.6414759189135609
1591616160,0.7770581007479578
1591630920,0.6515441289711204
1591642260,0.19082720074365825
1591656720,0.6636249208748433
1591681800,0.36064171351560664
1591696140,0.22430367347354296
1591711980,0.9024737152148964
1591725900,0.09654169082096885
1591750800,0.2518390849708147
1591767420,0.5577899728655876
1591780500,0.8216999825473034
1591791900,0.269149290939017
1591807800,0.6800910702662951
1591830600,0.4596665846116364
1591852500,0.7913274933844101
1591874460,0.7472803280508946
1591885680,0.8330040471550034
1591905420,0.8129391450945377
1591920780,0.24270368661530758
1591939980,0.7573943331584124
1591957680,0.6133984584089247
1591979220,0.597646273030946
1591996920,0.9207351588534748
1592010360,0.10808401387545873
1592035020,0.19381680918334887
1592051040,0.5253950100831339
1592074860,0.7863107956192396
1592091660,0.3380279119598232
1592115180,0.7032172211061521
1592127840,0.31113225602092953
1592138640,0.6400094864725486
1592159040,0.720299819954409
1592180580,0.735969092908332
1592199840,0.331029626371588
1592217660,0.0940124953858877
1592230800,0.6410256762673538
1592252160,0.5667511866693347
1592276220,0.3495219896099784
1592300160,0.5466490555003584
1592312220,0.2395441702983206
1592325780,0.7503491525449072
1592342340,0.85572885391229
1592354460,0.4575359797503177
1592368260,0.3290977780946037
1592392260,0.6266076656766681
1592414760,0.21588155148475477
1592435520,0.4048184348043594
1592449140,0.34045948661855774
1592468220,0.27592157335996126
1592480040,0.49623384669827214
1592494680,0.23247939704143353
1592518020,0.6266013387746463
1592529420,0.23394658220452785
1592545800,0.3932017828063717
1592558820,0.9362163376653879
1592581080,0.6854082349938148
1592599320,0.8172512951730575
1592621040,0.6789904177897514
1592641620,0.19525230659524867
1592665740,0.2934406494455064
1592690100,0.6603343617558372
1592706180,0.7683622748182851
1592729280,0.7904891604045612
1592752320,0.5444500977565758
1592771100,0.7231543629512904
1592782560,0.6324651939326242
1592805960,0.41598172097910385
1592829420,0.6183880710251889
1592844420,0.42884948821432256
1592862120,0.7744502740160385
1592874600,0.8704153001285515
1592899440,0.41304667571169895
1592920020,0.2937764395702061
1592943300,0.5170298777745914
1592968140,0.7282447309300301
1592982540,0.8031527697986567
1592998020,0.8366390476495082
1593022080,0.20585657024500414
1593041400,0.6107193670348031
1593060240,0.8736754517087134
1593079920,0.35120245993377586
1593105000,0.810795327467846
1593117000,0.8744655405660411
1593130440,0.7676002073780208
1593150720,0.3196659555603076
1593173160,0.3784043981495461
1593196020,0.27232464493110475
1593220680,0.6693394379962795
1593236160,0.6514935326348582
1593256260,0.6995260339511811
1593267180,0.42546227526619484
1593278580,0.8473981993575804
1593294540,0.5356292878970266
1593311220,0.720905568051147
1593328380,0.8263559993651949
1593340380,0.787585442444489
1593360420,0.8702104811973376
1593381000,0.5496487410219362
1593394500,0.858959411940908
1593406920,0.5567675536405657
1593418440,0.7392485868639984
1593435540,0.23912628527484772
1593459960,0.2897550914899578
1593471660,0.09895592793395126
1593490920,0.7233962891021072
1593504480,0.4843497916010068
1593521820,0.7909866946341454
1593538080,0.5975613226528207
1593560820,0.659327539118017
1593580080,0.6989295406497913
1593592200,0.7912263315905806
1593613380,0.8415459522061948
1593634680,0.21797400139818943
1593651660,0.730355222824199
1593675300,0.608466646268518
1593699720,0.25641348100487027
1593716580,0.44762933483658446
1593737580,0.8302410608282432
1593754500,0.4408024872552311
1593777120,0.8828270151577713
1593802080,0.8038153648886451
1593827100,0.24954235865788835
1593840300,0.11134966290852459
1593851640,0.3043498418393647
1593872160,0.44185454187839657
1593894540,0.2391145750375929
1593912960,0.8639449609503492
1593925440,0.7262216680595638
1593943920,0.43102609446907886
1593955620,0.19862292637967077
1593976200,0.3828215937820432
1593990240,0.855835045289923
1594009920,0.9138983316427906
1594030980,0.40778355173460773
1594053660,0.7616162451688879
1594068240,0.5826056663678817
1594084140,0.8384511404879375
1594106580,0.6530372453276493
1594127460,0.909674747679565
1594145100,0.9043906444832516
1594162680,0.8839113315305034
1594177320,0.7870521314732353
1594201200,0.7455115109160587
1594214460,0.7833887600389047
1594231140,0.7443100608831505
1594253460,0.5210723086303747
1594264440,0.8089564949892716
1594289340,0.6624043452682927
1594304820,0.9300701963050141
1594329000,0.8696160258340159
1594350180,0.17135048302337572
1594373100,0.21110095215796082
1594392540,0.177074966426804
1594407180,0.7171431102849608
1594425180,0.6628239401676672
1594444200,0.7586319103279582
1594458420,0.49326565279557816
1594480380,0.5029012870128837
1594492560,0.5738418840405999
1594504560,0.5294681347057467
1594523160,0.4735053681577962
1594534380,0.3257895016662392
1594551120,0.6306956560694352
1594563600,0.7667538395302278
1594574640,0.884795794398905
1594595040,0.7714036646431258
1594618680,0.6206614406020915
1594641540,0.49296358562658193
1594659600,0.23726298897924183
1594681980,0.24431938303055112
1594706820,0.24473447898442094
1594729500,0.8618808610608
1594743300,0.9053793255348744
1594763220,0.09746211918457415
1594784700,0.7355529086536504
1594802280,0.22790617431285565
1594822860,0.8515205367552636
1594841280,0.7479620460321561
1594854120,0.5825723736671801
1594876560,0.6613611412253428
1594892100,0.8671833685816692
1594914240,0.27382979828006704
1594936020,0.881379872549044
1594960440,0.9100039466062677
1594979340,0.7310496733161121
1595000880,0.8760450242533546
1595015220,0.7484068663269456
1595033700,0.6712959858048281
1595057880,0.7524305602339554
1595081340,0.6938056390346322
1595098680,0.33683563058407956
1595118540,0.5657740154215127
1595142000,0.7635190519751641
1595161620,0.2695535827011594
1595180100,0.3047371712596886
1595203680,0.7935937069804635
1595216460,0.22581246269121413
1595240400,0.6741500207421081
1595256720,0.24217762996540726
1595277420,0.4502781338799539
1595296020,0.3881734640104585
1595316600,0.8914432751361332
1595333700,0.8872732170507953
1595357880,0.49205760738180737
1595382420,0.7901337251926385
1595401320,0.8848797237335524
1595420520,0.6483869210039797
1595443860,0.10099403673427985
1595465400,0.23227936395694643
1595481660,0.8305251312971138
1595492640,0.9018048212529839
1595509860,0.3362532926337136
1595534340,0.4738742892708107
1595555580,0.8105902882290548
1595575140,0.6050716065479907
1595599920,0.11933763016813816
1595623260,0.3780765743563205
1595647080,0.8818417216771594
1595670240,0.7385301924841328
1595694480,0.6159910299260796
1595706780,0.8181943824972111
1595727480,0.09028248080498721
1595741940,0.5803440402471356
1595766780,0.455779540357072
1595779560,0.2309842534598147
1595793840,0.7761896277748679
1595806980,0.31540309177936626
1595829960,0.21999078614762277
1595845080,0.37429835112909077
1595857320,0.7220777411963567
1595873040,0.46023601732849845
1595895420,0.7008324137215503
1595913480,0.37651149254465344
1595933220,0.8502234949859248
1595956680,0.8109621227575482
1595978760,0.8848793231595241
1596003120,0.9247898918119595
1596019260,0.22252364315368695
1596039720,0.3222335003148789
1596056880,0.6759518234148764
1596068640,0.4457505259681084
1596079680,0.34882043121237777
1596096420,0.3440459707684014
1596109800,0.82741179224064
1596131160,0.6691855495889653
1596155820,0.23417341109447498
1596179880,0.33354833250366017
1596202560,0.6863563802883443
1596215520,0.6139691803764072
1596234060,0.5440409149122781
1596258120,0.8519792921976439
1596270600,0.5392336099544504
1596293700,0.23887453363962943
1596315540,0.7541188217565017
1596338520,0.4429523282685919
1596354900,0.4364014742234293
1596375660,0.2199882815874922
1596393900,0.5980332906212742
1596414180,0.7833668824215936
1596436260,0.8778604933550712
1596458160,0.6101232568372997
1596475680,0.8446749801525387
1596495840,0.1786701384953899
1596517320,0.7283520123874382
1596536100,0.8635215257943216
1596554640,0.30988830897085573
1596574800,0.35648828746793404
1596594300,0.06330903139396843
1596618900,0.8782180489554687
1596641580,0.6774893012116093
1596659760,0.6765258194333849
1596681300,0.36321810534082066
1596695160,0.8548876017418576
1596706320,0.10646366937464351
1596721740,0.6344684803627958
1596734340,0.3620070717415044
1596753060,0.09262736169679836
1596777420,0.10232530890458637
1596797280,0.8978143705911681
1596808860,0.9228480505149155
1596826320,0.11257617700438877
1596846420,0.7533201640912617
1596865560,0.6258277207390173
1596880320,0.5530952127858012
1596904320,0.819527071916968
1596920640,0.7855953141611776
1596934800,0.2508841720760874
1596946620,0.6439266709021124
1596962520,0.4973776749103896
1596981600,0.5156334047966193
1597005360,0.9120922836525814
1597024800,0.6743073824161994
1597042200,0.8965835889190006
1597062360,0.5086338601591839
1597084560,0.6503643298622707
1597095360,0.7821176424908717
1597108320,0.49470551808422414
1597124220,0.8228102447407292
1597145880,0.7759514101284849
1597160220,0.7261967189957478
1597178520,0.5356484926006239
1597192440,0.568064666928136
1597205100,0.7985553943386732
1597222380,0.7722532087906464
1597241880,0.9028470343585453
1597258500,0.65638894303308
1597271820,0.06935325198858376
1597287300,0.9086424412457464
1597309440,0.8131751018036949
1597323300,0.8128392356600042
1597342980,0.10051354082447685
1597363440,0.7223256542060437
1597387320,0.2579132395871882
1597400520,0.8096429418852172
1597425360,0.5116455592470941
1597441020,0.7223412480374299
1597453560,0.8986878089203097
1597472040,0.5995433865056762
1597495320,0.6624176634526648
1597519200,0.6389825978019245
1597537560,0.5149283280896392
1597551600,0.8122335278801797
1597564740,0.6495456215169372
1597585320,0.4301356622934212
1597610280,0.8186312151421207
1597625880,0.3670086472768791
1597647600,0.3999176373452942
1597669260,0.49198606763156777
1597685820,0.9248745067305223
1597709700,0.3368676788205398
1597721700,0.19438586200210048
1597736760,0.7525065754922104
1597752420,0.3045066638997195
1597765920,0.07447152543760169
1597779600,0.7742034238215338
1597799700,0.6287756770606671
1597811580,0.8896941338276193
1597824540,0.7989441005310473
1597840320,0.37484157762551495
1597864380,0.2506938232705006
1597881120,0.8718130336580464
1597892940,0.7045463774737619
1597914900,0.6827793382096723
1597930080,0.8443928873953221
1597950480,0.5037558581027722
1597965300,0.45715563080596006
1597987500,0.22137321717837313
1598001900,0.7916974398567159
1598018340,0.8899098809247307
1598032380,0.27958386106745414
1598055420,0.1931494850213043
1598068920,0.7892250200478933
1598087940,0.8380061523204173
1598109780,0.37127332963752246
1598134260,0.852426201401382
1598153700,0.674230258395923
1598169360,0.8955692404130627
1598182740,0.7690871969692047
1598194920,0.15705801533794228
1598212200,0.6666981824139893
1598233200,0.884178864155504
1598250000,0.3723827467312874
1598262120,0.7688516957843538
1598280360,0.779999191273749
1598293200,0.25387769528731813
1598315520,0.8577181714340799
1598326740,0.6723192267914476
1598350440,0.7421752238119181
1598369640,0.21565647550163058
1598392980,0.15983881131337477
1598408400,0.21681580821790294
1598426820,0.22628682599938468
1598449500,0.828158496814256
1598471760,0.4896370884367537
1598485080,0.7126352204102676
1598497800,0.09018537027975128
1598522760,0.8955925846039523
1598541540,0.06788633634684885
1598565240,0.11826456705712551
1598589060,0.6444210280937146
1598606760,0.33740303238043107
1598619780,0.7689888848449167
1598639100,0.8897600784207604
1598657400,0.2775504279825535
1598675520,0.7339458042358755
1598696220,0.7105375751143389
1598714040,0.8576046075918409
1598733060,0.6365481969046501
1598752680,0.6741549721123359
1598777520,0.6516028716713286
1598802660,0.36480737261962826
1598819760,0.33162965646219295
1598835660,0.6663175555436797
1598852040,0.8982928447753311
1598869020,0.7721600624885048
1598880480,0.8539847365814816
1598904000,0.6818650351729132
1598917680,0.7947811053935675
1598936400,0.3556608931787522
1598947260,0.3196659555603076
1598966400,0.6126324964741157
1598979780,0.8942347165109474
1599004440,0.6454639497967252
1599015240,0.8597580619571547
1599037680,0.5704887738890818
1599055200,0.7024850626342499
1599079620,0.2649554371300523
1599102720,0.2389446284051567
1599114960,0.45018036580558696
1599133740,0.7709423881283899
1599149760,0.8777647905749134
1599164400,0.570191065558162
1599176820,0.46043670030607015
1599201420,0.821284447419975
1599222660,0.7569292931740379
1599244980,0.39006329497694625
1599265140,0.3097928467401327
1599278700,0.742839394831539
1599291480,0.5303577947036455
1599302340,0.33757478978577243
1599313140,0.6456663066932835
1599329040,0.84918655321795
1599347880,0.22770135329621566
1599367920,0.7959834285117232
1599387240,0.2337531996662842
1599410040,0.6988256821789225
1599432600,0.1764571194845668
1599443580,0.11171758204865273
1599463560,0.6892789456299997
1599474840,0.7181507036503277
1599486120,0.7875969722739854
1599504300,0.10985813999111864
1599525840,0.9010305812386685
1599538260,0.514312255712659
1599554040,0.9187510492580926
1599565920,0.9000052443446678
1599587580,0.8478752274414312
1599612720,0.6456070466364603
1599633660,0.3012694608529245
1599655860,0.8501726609719631
1599679020,0.36734693802887364
1599702540,0.860487417318184
1599717600,0.7121547570292449
1599736380,0.2421153839648499
1599753840,0.23043297075013086
1599766680,0.23114697100238896
1599783900,0.9445711542549372
1599798000,0.10239825450697396
1599815880,0.7757238760304602
1599829320,0.8297769367441091
1599845340,0.9322964149171092
1599866280,0.29716191673660647
1599878100,0.5752709363895488
1599898500,0.5649804047068697
1599912540,0.6859755907051631
1599926340,0.3787147764490371
1599943560,0.20873290914298595
1599959580,0.10147798053424428
1599973920,0.5411545028552252
1599991800,0.5021528553497078
1600011300,0.6273690208436834
1600027500,0.43593576937315837
1600044780,0.5855661122816938
1600065420,0.3434229180204484
1600089000,0.7681893486142457
1600102980,0.812218087357888
1600123980,0.8224660646269434
1600143600,0.8936571729165848
1600161180,0.17569660408227894
1600180860,0.18949187124215797
1600196760,0.09644377016733227
1600221960,0.7663437702244553
1600238280,0.4859854324267199
1600260660,0.7904057259372813
1600276860,0.738164318720701
1600301100,0.34181347779485166
1600323720,0.279043677059632
1600342620,0.352066064432481
1600359060,0.10906898287133232
1600378320,0.2315965534751121
1600403280,0.7926238742780513
1600414560,0.6138943757622288
1600439220,0.747131225757818
1600457580,0.8043625170423533
1600482720,0.2069751409819774
1600500360,0.7835876384556519
1600518420,0.4027712701445497
1600530240,0.6334974166264334
1600543860,0.9113326848161032
1600561140,0.7388419323399767
1600572840,0.20648259955921303
1600591080,0.3346396710880756
1600606500,0.5828741081605755
1600624560,0.7137781589592281
1600639020,0.5679553882747461
1600650900,0.7615464666023235
1600662900,0.6631100567056888
1600679280,0.6260705871587876
1600698180,0.8793665506341536
1600714860,0.707448429846667
1600730400,0.19829073002065667
1600755600,0.24629045326103507
1600771560,0.49974468045430426
1600789500,0.774789345160327
1600806960,0.8648187259510092
1600823220,0.7138450398772602
1600847820,0.7348908979249237
1600862280,0.43152561111247734
1600886460,0.8392114353202238
1600899600,0.5644666926351034
1600912920,0.29831564484422707
1600933560,0.4448958952996304
1600948860,0.42356278186233604
1600961280,0.7015193994725973
1600981260,0.24306193335665363
1601001060,0.4140304242299784
1601022480,0.3304413185033382
1601046480,0.46943213513220905
1601066520,0.04750701283388379
1601081340,0.6720847463008215
1601101920,0.536586176803225
1601123100,0.5946339713049242
1601138280,0.5580665171346028
1601156400,0.42500146218054363
1601167380,0.3109231290715706
1601185260,0.3386216963017597
1601207220,0.17225573911477246
1601232060,0.09588622833275441
1601252700,0.8292434417220366
1601267640,0.6325493587776232
1601291400,0.3274357484953818
1601315280,0.613342205112851
1601334840,0.12270816604286705
1601356200,0.6543904586874142
1601374380,0.8183621151574991
1601395680,0.6517122750030507
1601407500,0.8341739000408388
1601423700,0.8962450924077224
1601436360,0.49949087854957014
1601451900,0.4350448957441794
1601465160,0.22884303902074715
1601486520,0.2556513434893514
1601505960,0.8171856607865853
1601517840,0.8366947930924317
1601541840,0.5653164355092182
1601554680,0.9072870009801343
1601577300,0.10476662957289663
1601598780,0.7732270923427071
1601611200,0.6344621401475379
1601622300,0.7311867757873269
1601634840,0.1654327466250909
1601653080,0.7411392863868508
1601675760,0.7659432598307679
1601688240,0.2259196519166946
1601710560,0.8733862265797923
1601731860,0.6204313088173622
1601749380,0.1766106411331566
1601764740,0.26309450229152076
1601785620,0.6683806224515895
1601805900,0.36367655799936427
1601827020,0.400311166926153
1601843400,0.26123343266895455
1601864700,0.21330115477845238
1601888100,0.8971595023504966
1601902260,0.9228216826263524
1601913600,0.8449436759052219
1601935980,0.8913519358541926
1601957580,0.7939142540204911
1601975220,0.7899104767179287
1601986080,0.8852084931528937
1602005760,0.1178482235735978
1602017700,0.9010647440108924
1602034740,0.7730092342288695
1602052860,0.14120426700300678
1602077400,0.043642591480434846
1602098100,0.8439749570556844
1602114240,0.6602919613065413
1602128760,0.8207631926381878
1602139560,0.6011552136625349
1602163680,0.2042832733856522
1602186780,0.8457608259519475
1602200880,0.566742051981516
1602214140,0.19617555158356134
1602235800,0.7928901300008387
1602250200,0.5756480280807269
1602265920,0.13264431017694198
1602288540,0.22913012394834648
1602301620,0.5030057211929042
1602321420,0.707105824581316
1602333060,0.5644861649697673
1602357300,0.8652791128220473
1602381060,0.36700929374086017
1602404400,0.315809307048741
1602423960,0.43406818171508155
1602435060,0.5369591712572482
1602455640,0.43450910907115625
1602476040,0.8181307185493475
1602488160,0.20182581611547148
1602510960,0.8874474123547809
1602534000,0.9116812986852794
1602553500,0.8004446835105056
1602566820,0.7441767412510519
1602589560,0.28724712243004463
1602600360,0.23398868383065427
1602621900,0.7745407280356769
1602642900,0.8731004324403696
1602661740,0.4422089201174485
1602674280,0.5321991316562428
1602698340,0.7297555909614526
1602712740,0.04129004335008226
1602734100,0.8930562999199236
1602756660,0.8772372124270817
1602771300,0.7361172490369086
1602790800,0.9063044216160088
1602813540,0.7905516989071698
1602838020,0.2146431890065654
1602855540,0.8219089983736395
1602876240,0.5375473617359443
1602889980,0.09073280458994387
1602914280,0.757207265651453
1602930600,0.4241780388904074
1602942840,0.8064462093900098
1602958680,0.3348199016823506
1602972960,0.8742318403301844
1602994740,0.3227185975352941
1603010880,0.8131161021528128
1603034340,0.665305425970149
1603054260,0.611261964140575
1603066860,0.10276396380260117
1603080780,0.6528931603747922
1603103580,0.5263622530443004
1603115700,0.5964584720174404
1603133760,0.45400454344508423
1603155540,0.669708770216996
1603168440,0.8975178998735238
1603186380,0.8775094545503619
1603209120,0.8595910613065669
1603222740,0.8906138054856713
1603239900,0.8891888674605768
1603264200,0.4170181738664652
1603275300,0.7168645896850783
1603296180,0.6769283513586559
1603317480,0.9064773604650008
1603333740,0.7845203839889697
1603358340,0.26869270430176273
1603377180,0.3942239243183944
1603399380,0.19009440172760328
1603414320,0.7262520332630035
1603432260,0.7559518297563267
1603443660,0.8131400854550352
1603458120,0.8298417222061573
1603474140,0.8533478102707863
1603494960,0.10402401920805787
1603519320,0.7926800403397004
1603532580,0.4055600911681376
1603551780,0.48190674857168936
1603563600,0.3395276353600616
1603582560,0.1813892713131029
1603598220,0.861789268933447
1603614960,0.8632650924929797
1603633320,0.21096233716315885
1603651080,0.8641081663185838
1603666440,0.8019198933108523
1603679700,0.5919989469695294
1603692180,0.4168286654132186
1603711440,0.21521128005559256
1603733280,0.32072754407586185
1603756500,0.7618421313821709
1603769460,0.22973976382088762
1603785720,0.2494823093809409
1603800480,0.26361207936472847
1603820160,0.11621937903108198
1603834740,0.13782275230368354
1603851660,0.38898058423082665
1603872780,0.7955357603688805
1603892220,0.08917821082479814
1603912680,0.26509728889389833
1603935300,0.26330394124841355
1603950360,0.6876811475791382
1603963800,0.5284173130974966
1603982580,0.6590032516693953
1603997760,0.8961838420165572
1604021100,0.14123342303341074
1604037300,0.2984659489419164
1604048880,0.8967022341458722
1604072640,0.045945463206254845
1604089920,0.9194797387384966
1604111160,0.10473525010759126
1604127360,0.8944282498634369
1604149860,0.7373576957111658
1604164200,0.426742831076959
1604188140,0.901929189985368
1604211480,0.5570199922308553
1604226600,0.06656786010514976
1604243340,0.0762902804553696
1604263800,0.8873298161865774
1604288280,0.5686295635858262
1604306400,0.5294754790132418
1604328780,0.16374524900967627
1604339940,0.9023249603882054
1604358960,0.16002766291865964
1604381460,0.9187973748557587
1604406180,0.8946030317668079
1604417580,0.8160330137010453
1604429460,0.8956361360072819
1604445900,0.10649874855060579
1604461860,0.35461419760097357
1604486700,0.8623762332291232
1604508900,0.8940128475491521
1604533860,0.5671629858277947
1604554800,0.6584757337440369
1604574780,0.5995546577003584
1604598000,0.29950099095560057
1604622180,0.3142248660189563
1604634360,0.13968886886459836
1604655060,0.23325019181745946
1604671980,0.3264315502026022
1604689320,0.4542626700652657
1604706600,0.6492546467782312
1604731380,0.7883794436666637
1604751240,0.6793528950670112
1604766000,0.211888908888133
1604783460,0.24382414266729996
1604798100,0.6442119300350617
1604814960,0.5925365522012416
1604825940,0.18527252665000674
1604840460,0.7397627889976645
1604852580,0.44185979777876033
1604873280,0.2560710130426461
1604896920,0.6626593131920225
1604916720,0.15405302572814877
1604932260,0.9071242852770954
1604949900,0.4050351800739524
1604966400,0.8221397208517178
1604989140,0.8601176409789212
1605003600,0.03733861844687572
1605021360,0.07968671234284391
1605045660,0.30188154204666506
1605060180,0.7931043217283598
1605076320,0.22737104138160605
1605098940,0.740841075062135
1605122760,0.6157487580026498
1605144000,0.2917319106277088
1605165840,0.24241522452371703
1605184800,0.8034270908111698
1605199500,0.8926464660126912
1605224100,0.869613610073803
1605236700,0.8868323213896483
1605252360,0.7417177202639956
1605269520,0.07351514020083319
1605284460,0.920737031800537
1605302040,0.34044653526170865
1605324600,0.3829588125452266
1605337140,0.8738548095257856
1605359280,0.2592333965048742
1605370320,0.6575743772401456
1605395460,0.8110636616093679
1605415200,0.1800993405110695
1605433140,0.44718942867437805
1605455400,0.36828722243071316
1605480240,0.7667981977398124
1605492180,0.9346012131727076
1605503700,0.26816482494889293
1605526500,0.7216768478521666
1605546720,0.040525437288777576
1605560760,0.7143035885390613
1605578700,0.9229274923341328
1605599940,0.8409795343165852
1605622380,0.7347657146266385
1605647340,0.10243366204931445
1605670980,0.8712005567872924
1605695100,0.19934713689232983
1605710520,0.9048550569400436
1605730140,0.883898385179168
1605745260,0.32872000195378803
1605767760,0.8230666825901147
1605788760,0.8206791312396955
1605806160,0.7867913243879967
1605828900,0.25265471154623775
1605849720,0.7108011668709716
1605866280,0.20879830348593312
1605879780,0.7463852510284691
1605891600,0.37877315923727184
1605904560,0.8728178767769258
1605928020,0.7138292470320144
1605951000,0.2574050087381041
1605970080,0.5663575800881055
1605983160,0.7475580718183434
1606006620,0.8722062274287493
1606022760,0.3161502683483488
1606034580,0.5770476615554543
1606056000,0.08840246099421666
1606069440,0.8465059636839433
1606087500,0.3904792217769495
1606109460,0.10813186791302336
1606132440,0.8965513220831385
1606151160,0.8521303943811606
1606164120,0.8317507791164411
1606185060,0.2542075178778982
1606206600,0.7523893015309236
1606231440,0.7971672610417466
1606250580,0.7552227077338768
1606275060,0.2242790972814326
1606289640,0.9218817362774605
1606304640,0.12086676408569796
1606319220,0.7986855365585056
1606336800,0.8694652493602151
1606357320,0.1280192893335639
1606370400,0.5653156094461861
1606390200,0.037837242520902634
1606406400,0.8804441632853041
1606420140,0.35961941091889266
1606434360,0.43873915448777817
1606459560,0.7878594730176609
1606480260,0.8614601494694595
1606504620,0.8495813115622864
1606525980,0.9452971175329969
1606537500,0.23199600557380803
1606558620,0.776140552528284
1606580040,0.3519275801926782
1606597320,0.7731181474299914
1606609740,0.5828404424982118
1606633020,0.7704680022447803
1606650060,0.5796705020148059
1606665180,0.45611004445056946
1606681200,0.8723614343309596
1606704840,0.7305596919637791
1606718880,0.8403244516395711
1606743780,0.12189941226762976
1606758960,0.7016663144202215
1606772460,0.1394633524455626
1606791360,0.7949819761500241
1606805580,0.7155921811206796
1606822860,0.9214451855310415
1606843980,0.2059581084715083
1606856940,0.9039777918257279
1606868220,0.24753488759041706
1606881300,0.8428417161905811
1606903500,0.8574774873527086
1606915800,0.21500956847950736
1606931040,0.4174855400707363
1606956060,0.8708343449288429
1606980300,0.26750431738742714
1607002680,0.23188493817891237
1607014080,0.8742949190041841
1607037720,0.30341787437968265
1607062860,0.1768279539375344
1607083020,0.3911910347886684
1607100420,0.2965468931674072
1607111880,0.07217869287636801
1607127480,0.17204681233861718
1607140620,0.28089917790652036
1607160360,0.43504051309757924
1607173500,0.5110052521543129
1607185020,0.24017631482261695
1607209020,0.44747689101119287
1607234160,0.36554249982967235
1607251620,0.7533616532004233
1607272260,0.5114999130258935
1607290680,0.12235588178167524
1607310900,0.19365357754570575
1607323500,0.39509063046048665
1607341260,0.7726199770253924
1607361000,0.8862822855557909
1607377140,0.7914094263975182
1607390880,0.6794674340644676
1607411280,0.4879507948951599
1607423340,0.20506347466401192
1607436420,0.8454589226732838
1607454360,0.12583036011172752
1607474100,0.335824160933513
1607485800,0.8240404142335582
1607508000,0.6679869131940969
1607524320,0.09737226603952504
1607542860,0.24028465800322582
1607561880,0.07237325675473001
1607577660,0.8243247765014625
1607601060,0.8476188007708586
1607622120,0.5669465442086077
1607637720,0.07809502862783475
1607653080,0.821984584752797
1607674260,0.8704852210471263
1607687220,0.12020282597893651
1607702640,0.8784792401474742
1607721180,0.6871322860522624
1607737020,0.9152127966708281
1607759340,0.7203506672996962
1607774940,0.6940893317078614
1607792460,0.8567970874900148
1607809800,0.6560813980920251
1607823720,0.7064000497795232
1607835660,0.3597258406085295
1607851500,0.6371149569916654
1607870520,0.3691857067178042
1607886240,0.8116539199681718
1607910720,0.8795599264696818
1607932020,0.32808595007904023
1607949180,0.494681518840744
1607972820,0.7517405654991959
1607992920,0.20302629459040175
1608017940,0.4058586219186
1608037140,0.6088831990318189
1608050520,0.8312184976468271
1608069720,0.8258849801129221
1608089820,0.5207354509747538
1608101340,0.9137207404346442
1608117720,0.5840764117849516
1608128820,0.8321208039141409
1608144480,0.2125928745757888
1608159720,0.12153631425434865
1608173100,0.9065612314827852
1608197280,0.7676190169920297
1608208560,0.24688907844902477
1608222240,0.7028024978932141
1608241920,0.8010795015029216
1608253440,0.2603847923649131
1608266400,0.4885081123714775
1608277200,0.883321776224019
1608291960,0.6240696137433404
1608304980,0.04319854868349961
1608329580,0.3609666445701068
1608350820,0.92589205457933
1608370080,0.5764610297787738
1608381300,0.8424175152198984
1608398520,0.764988904211738
1608416400,0.35980191454727173
1608438600,0.41455469479215573
1608450720,0.3064701822343894
1608471480,0.045255708133490016
1608489240,0.3196659555603076
1608506160,0.5505184973321677
1608530760,0.08531015964477888
1608549420,0.4760453224579741
1608568620,0.7862445960778233
1608585420,0.36516492703848774
1608599520,0.22348008823480076
1608621480,0.907239448812853
1608635220,0.4135525564012145
1608647700,0.8604473113275699
1608671280,0.8033239325318857
1608696360,0.8555467975870618
1608710580,0.7942769897656338
1608729360,0.44204746497941594
1608745440,0.7540192967781416
1608757440,0.2383464674137099
1608779700,0.7893909484575724
1608801660,0.5176260042177533
1608821220,0.7294349808271551
1608833520,0.10719705075859357
1608850200,0.8891283045233614
1608870900,0.8213903601925269
1608884640,0.4047476059546873
1608906420,0.426311888785102
1608917760,0.3739729431409448
1608936540,0.8236783508247274
1608953820,0.7840764314066877
1608975360,0.5908713348155495
1608995880,0.8547354841537805
1609007700,0.2086806702147271
1609030380,0.39489785458759535
1609055040,0.49810265954121075
1609067340,0.565191578787712
1609090860,0.7103371641685878
1609107720,0.6858264164289491
1609118760,0.6167687250381657
1609131840,0.7496909843192671
1609154760,0.8575979178128619
1609178880,0.777770310336086
1609191840,0.8674126868306136
1609208820,0.7821919505073589
1609227420,0.5043871687965138
1609246020,0.8718031307158691
1609263660,0.29054559834368926
1609285920,0.8657202392385368
1609304220,0.6986232213033913
1609324320,0.13252155152296632
1609345560,0.30829062477847297
1609356420,0.4333723060177475
1609370820,0.6415638387221191
1609393500,0.5634288963999106
1609416360,0.5826130838185694
1609427940,0.8274897812724358
1609441920,0.33426403850845116
1609461660,0.9121364263360843
1609472460,0.6603352768528323
1609491420,0.2457444638421177
1609506300,0.11183494118854742
1609530300,0.6438535212124354
1609554180,0.8340791565789263
1609569000,0.18747372312919044
1609589760,0.11311803642108115
1609603200,0.7207958432955849
1609620900,0.514568195350409
1609642140,0.662527161714882
1609654680,0.524700704105582
1609669920,0.782914599466043
1609693560,0.43748732816654806
1609710060,0.2736238195646929
1609723800,0.8756575526203488
1609746540,0.9173173902307964
1609763520,0.717080620828552
1609786260,0.6579174022024366
1609800060,0.8770815380377799
1609811640,0.7430238156147375
1609829880,0.6503786401565379
1609843800,0.6139304477569009
1609868580,0.7387473300446478
1609892520,0.8834096318567607
1609917000,0.6191427179152591
1609930860,0.852327420230137
1609950540,0.8742824053827039
1609962300,0.8487645886030194
1609976160,0.3660190706750648
1609994160,0.5052459326666429
1610018220,0.4761940083055481
1610035020,0.8981550243767636
1610059440,0.2373825508550612
1610075520,0.2652436296628277
1610088720,0.2487394454748572
1610103720,0.25549759631542995
1610118240,0.5219197874672851
1610133240,0.6353060759003228
1610144580,0.2148921732277686
1610169780,0.4446626814129056
1610186520,0.23416697549118062
1610198940,0.7190459943202867
1610215800,0.6274792567282645
1610235180,0.6202293140736523
1610259540,0.7133954028160789
1610281260,0.2130221217307581
1610304600,0.5781717433473431
1610323680,0.4231998568180784
1610340420,0.7542320999019301
1610352300,0.614971320219639
1610366280,0.2529623378381862
1610379300,0.6770586695777944
1610398080,0.7831056538758897
1610419320,0.17186871065724246
1610433180,0.3245675767635945
1610444280,0.8374601316688901
1610465760,0.25831211346831057
1610479200,0.4338101852246231
1610498820,0.2709557592012344
1610511900,0.8255577141569341
1610532600,0.7788663825110411
1610545980,0.7373779669264228
1610563560,0.6616946962501774
1610581800,0.803353648463916
1610605020,0.7542188224871629
1610625300,0.6827391744924944
1610642880,0.6673916236798481
1610657340,0.726338669668423
1610673720,0.8215280238135071
1610691840,0.35898545230083223
1610703840,0.9112223184637542
1610717640,0.24552394166982516
1610729760,0.5512761368550437
1610748540,0.7790581510743815
1610769300,0.5584899535387716
1610784720,0.7868968787553161
1610808300,0.5433044244625599
1610827620,0.7961914251261853
1610848020,0.8718903326107723
1610872200,0.5007657334952544
1610888040,0.22345017828708294
1610900700,0.32171945358978105
1610919360,0.7429635587801912
1610933400,0.6163302896443503
1610958120,0.2087836185128394
1610971980,0.8989677317631886
1610987700,0.5176490182817474
1611009480,0.5034108833562775
1611034320,0.7938474480122253
1611053640,0.395944023616812
1611073920,0.905194179949133
1611095460,0.10299298525459662
1611109920,0.7633649897516396
1611124620,0.8153682992517486
1611138000,0.1859895137322964
1611157860,0.688051175021077
1611177900,0.7465389811065297
1611190740,0.5686034627822636
1611211260,0.7427224753411014
1611233520,0.20802091292578934
1611253080,0.701108252059048
1611267720,0.8394199175207361
1611285540,0.7062950153610201
1611302760,0.21200374032197875
1611319380,0.7576708277008076
1611340860,0.5481700087901261
1611360180,0.5959434355502946
1611377880,0.34743666335963613
1611391440,0.7170856679009338
1611403320,0.5423052631771378
1611424800,0.113325892264405
1611445740,0.7893211398059266
1611466020,0.6098144353847664
1611479760,0.6602738751681833
1611497400,0.8083871631633831
1611521940,0.669042573965195
1611536460,0.7649832280961554
1611552780,0.8494060469423489
1611571680,0.8246995354789317
1611584460,0.12222182587090204
1611606840,0.8371133102156421
1611630120,0.19579578231737188
1611649680,0.7209101346682627
1611664980,0.8054157595603811
1611677880,0.6606464663534241
1611690600,0.8248096818095164
1611709320,0.09265820414067448
1611726480,0.5003981567036818
1611743880,0.5940683920871281
1611761880,0.7911059979437296
1611774180,0.24573155081160572
1611786240,0.9178187630268805
1611799920,0.8477487446274772
1611824400,0.879977304361248
1611841500,0.4723955422189665
1611862140,0.09659613514069262
1611877860,0.8164552824715868
1611894960,0.38159525328212396
1611920160,0.6209169644901014
1611935280,0.8726161361104654
1611949320,0.9083257967952285
1611971040,0.20782581449723597
1611992640,0.7365640221010571
1612015080,0.5668125609863395
1612030500,0.43385145216196497
1612055700,0.7811821793616969
1612069740,0.5320145510395092
1612087620,0.7285579717850899
1612101720,0.21575461741710947
1612116960,0.17085115388452685
1612136580,0.38194875465021816
1612153320,0.8779683804982826
1612175640,0.4998508404276599
1612188240,0.4154303798481207
1612204140,0.32441263420431316
1612228980,0.3489020716107562
1612253940,0.5878581772483341
1612272900,0.04076706694958106
1612292100,0.2570176720068936
1612313400,0.9050638580617822
1612331520,0.10504180216370317
1612354860,0.1338166675339515
1612375200,0.26335428348446094
1612387440,0.7700886832175422
1612406580,0.7739944024403297
1612420500,0.3398533656739419
1612442940,0.548267538782989
1612457520,0.8487272205746286
1612482360,0.7440320791516544
1612506060,0.9027490755589492
1612530060,0.31965735422443087
1612550100,0.13229781521561404
1612561380,0.21780517081711556
1612585620,0.8119073980125391
1612608540,0.6627499422730401
1612624020,0.6106213047901977
1612637640,0.6971912746281104
1612660260,0.5754750938351344
1612682280,0.31043209618321554
1612707000,0.51803032581232
1612718520,0.34253353027850586
1612741440,0.36629804979071623
1612755060,0.8244028202849195
1612770000,0.7987339895216496
1612786380,0.4495485211658121
1612803540,0.6762429253617526
1612817220,0.6588043034142635
1612833300,0.43871367881902423
1612854060,0.8189511957165265
1612869300,0.16851455397525525
1612889280,0.47042497764548047
1612908660,0.802769494557287
1612928880,0.6260472778680368
1612941060,0.8015435901972185
1612952520,0.852363545600866
1612964280,0.10513625023584507
1612987080,0.49935374264510946
1613006220,0.9025283250045142
1613030040,0.3176346402815534
1613042760,0.2547830149104352
1613067180,0.2106517522778261
1613082480,0.7766716307860555
1613104740,0.7476001972072209
1613121780,0.39855560194921563
1613145840,0.9181270804131817
1613168340,0.858256359607462
1613181660,0.6683869582235284
1613203620,0.06814162658836297
1613227140,0.19392034944493303
1613245980,0.17808117839422766
1613269920,0.7803253178799653
1613292600,0.8483157616440863
1613312280,0.6358217535005386
1613329200,0.8469738039005767
1613342580,0.19700752222279438
1613358420,0.8723385381146073
1613373840,0.4115207588654467
1613391540,0.7449292551200893
1613414940,0.18443896420880018
1613439300,0.31162392153128704
1613454600,0.830571162174813
1613476920,0.6319151865401658
1613500980,0.7332409096461511
1613519100,0.7748388933213004
1613542140,0.4461948715333764
1613558760,0.8027332720694507
1613582040,0.3987538780673593
1613599320,0.884377143648614
1613619360,0.31813362906481646
1613634720,0.3389022525115052
1613653800,0.15021722765662193
1613672520,0.771201141411976
1613687700,0.09505894509567513
1613698680,0.760012526095814
1613709900,0.7156698398284564
1613735100,0.6733071831525533
1613753400,0.10415964902282854
1613767560,0.2557678244243424
1613779200,0.7617772753305448
1613793840,0.7768783430597561
1613809860,0.8172926965851453
1613834040,0.8471955115651405
1613855040,0.8589225476353762
1613867100,0.36240241053518746
1613889720,0.33387532703424616
1613907960,0.6244140222184815
1613927940,0.8333097420954944
1613942160,0.8427595164494195
1613954640,0.9164846103513956
1613968140,0.6573279371680842
1613981220,0.406434161408273
1613995020,0.6832560641219203
1614014400,0.7258185730338774
1614028080,0.8902936857284248
1614041220,0.3175972185601438
1614057960,0.17543965521199018
1614079380,0.8013473576501183
1614103380,0.9391699597875788
1614116640,0.7004088015068107
1614141840,0.2808965124765058
1614159180,0.0975765350368538
1614180060,0.5742614900752935
1614196620,0.06585458304109719
1614212040,0.650724034853686
1614233340,0.9021856322720818
1614249300,0.40118027889234487
1614264480,0.08860277252479942
1614279180,0.7356745616275947
1614292020,0.4624188678205938
1614308160,0.7126715275917704
1614319080,0.8360814215312544
1614342300,0.2130527208689193
1614357420,0.83643560442678
1614373320,0.13981478876520045
1614387960,0.4175451209581504
1614410580,0.5553704226857319
1614423360,0.30540463111299515
1614441780,0.7038337597459768
1614452760,0.8728482278708385
1614474120,0.7968729960022122
1614491520,0.8440517522478974
1614504000,0.5543498153677152
1614521580,0.35313375366777205
1614538800,0.4449799588536845
1614560160,0.9123184208757429
1614574740,0.20385706542076962
1614587820,0.5659722992364287
1614603240,0.4664406965307481
1614627480,0.8843975114985779
1614641160,0.378305181301522
1614665400,0.5838774830291026
1614688080,0.8619152651746691
1614704040,0.10941527667043885
1614715440,0.5902861728220467
1614729360,0.578521396651837
1614752640,0.8626654726055966
1614776100,0.2870067212929884
1614795300,0.7679770360746124
1614817800,0.28175671766574995
1614838920,0.4149478240966431
1614852540,0.3305752858337431
1614869340,0.6959745860931374
1614891360,0.5942439066372132
1614913020,0.21720459535140316
1614932100,0.7063689635568559
1614953280,0.8890365580595196
1614965220,0.647611225412133
1614986220,0.4075620588715866
1615005900,0.8274744646946046
1615028880,0.753224210854418
1615047000,0.10324621954470709
1615062960,0.8446593534111988
1615081860,0.49454845640949097
1615092840,0.3170523833773178
1615106820,0.8558747716825967
1615121040,0.7871194906703898
1615141680,0.48013767429323406
1615154880,0.3753083979695554
1615168440,0.35412876355593725
1615187040,0.5419137650854068
1615202160,0.26239742365751406
1615215960,0.18716425516441113
1615238280,0.14281803392908987
1615258980,0.3233063456419309
1615273080,0.8065162775083798
1615295940,0.8941415518376897
1615318140,0.8120373226680653
1615339560,0.42396843269680196
1615357920,0.6643710719677043
1615372440,0.45945410488375493
1615384560,0.04066514441605682
1615403460,0.9274281571878822
1615426200,0.6321008240198405
1615449420,0.8291626396059457
1615470300,0.5186774975448688
1615491240,0.8137463565278878
1615508340,0.2737006286811363
1615532820,0.5736251878556314
1615543980,0.5556805511537352
1615556040,0.4684987163071639
1615579560,0.29627127615849524
1615604700,0.7639226578404941
1615625400,0.4763878710507319
1615639260,0.8676834309641146
1615657320,0.4417141125654421
1615670460,0.820779605997051
1615693740,0.8787819470010825
1615716660,0.6362094894875173
1615741800,0.8376226718594423
1615754460,0.24982109375795372
1615767960,0.869144481485961
1615791180,0.5558094000132756
1615808460,0.8877194977391218
1615822320,0.7891743344547898
1615842660,0.6227548715145433
1615867200,0.7656097041475863
1615878240,0.8963489608397792
1615890960,0.8736794018197933
1615909140,0.2317512800865977
1615924680,0.8230553921514095
1615948620,0.7460687624006449
1615972680,0.8803301593978604
1615987620,0.35860822581489393
1616005740,0.8232376891520601
1616025480,0.802208231703751
1616037780,0.901672933927501
1616059020,0.24252995419571616
1616079240,0.20153013535654662
1616102220,0.842304544227545
1616121960,0.7877839837946291
1616145480,0.7161591078181396
1616168700,0.09570579375256
1616189640,0.9200505908761232
1616213880,0.7001929770859334
1616236140,0.6513159663307656
1616249220,0.7225935037638622
1616261400,0.2237057390986851
1616272740,0.21726624304218306
1616287200,0.913946469343029
1616304540,0.6473133437808366
1616328900,0.7700961112014925
1616342760,0.7974988160585904
1616362560,0.6249093845423255
1616374860,0.4807424146643414
1616389560,0.8762501184857968
1616402880,0.624010523891626
1616419440,0.47898560471204177
1616438400,0.2005006962415732
1616455980,0.15137362163149054
1616469840,0.2802615571965985
1616486340,0.7734212161376322
1616498280,0.4186645159952176
1616514360,0.8059913640736918
1616533020,0.06606445428242576
1616552640,0.6897623908851085
1616569260,0.8160245877944065
1616584980,0.2432440288111212
1616596620,0.3633813329696163
1616614980,0.34606200929895864
1616638500,0.5735715543464645
1616654700,0.7683149400955478
1616668200,0.5107292105877306
1616682840,0.8741909701033862
1616694780,0.8710196825100539
1616708700,0.11034297949587428
1616731680,0.10304314385047234
1616755200,0.500731371192382
1616777040,0.8444461073141362
1616791320,0.31513125875862225
1616815560,0.8307667141449389
1616836680,0.664821119954244
1616860740,0.7516808361804848
1616882520,0.6687311225345812
1616896320,0.7695724383464191
1616908020,0.8275762603730443
1616930640,0.5453206076920507
1616942880,0.7845630842072806
1616965080,0.5938501863239417
1616988300,0.3084780768137129
1617009840,0.8345908348944873
1617026340,0.38967246683838047
1617039120,0.21156504183400035
1617053640,0.8723500435543861
1617072840,0.3146258554114423
1617097860,0.9048989996718289
1617113400,0.47703197326781177
1617130500,0.9290242837274185
1617147600,0.6783924079067603
1617167880,0.5442870407050896
1617191340,0.20293418885062275
1617208140,0.8195045973705611
1617224760,0.4170483531012534
1617248940,0.8669054421755805
1617265080,0.6762435601784937
1617288600,0.19090256945419606
1617308220,0.9140113769289318
1617332880,0.6729189604940812
1617352320,0.8963426372959225
1617369480,0.7468685528580928
1617393060,0.08001559945253456
1617417900,0.723472817350293
1617435780,0.6066584602241201
1617448260,0.6161170937782385
1617459540,0.5932864553231074
1617479400,0.3621652348285707
1617502920,0.6660154183810525
1617515880,0.4900311997627145
1617533220,0.471358190167631
1617552360,0.09427364435479306
1617574080,0.22554797247070651
1617595980,0.2980610770835625
1617608040,0.9015455982023048
1617622800,0.21322106059210147
1617637860,0.9006564686713681
1617660540,0.599380364443987
1617680820,0.6246696745604954
1617702240,0.8504674411723853
1617716820,0.21830310694087326
1617738900,0.7632612357780872
1617758940,0.7670232242700217
1617778680,0.21701533563800837
1617799020,0.8610580252427547
1617817080,0.16836313551736068
1617833460,0.8646531356677993
1617853140,0.7867403154916426
1617874320,0.7945943795005971
1617892200,0.7190231811978113
1617908940,0.8063495876135978
1617928140,0.7074743648118718
1617944580,0.15633937119198904
1617962280,0.8648192164204441
1617976500,0.8337673985933157
1617990960,0.28982980859399987
1618009980,0.6556286532573468
1618026000,0.8033771466249398
1618049160,0.34092266726111986
1618068300,0.2234177904150481
1618089420,0.5153409462037294
1618103520,0.5895669171588385
1618121160,0.774454312871884
1618140720,0.7783934395287405
1618152120,0.32693174745610765
1618163520,0.37706919037005265
1618188660,0.10571624465372535
1618202580,0.9087258021425418
1618217820,0.3808779201696646
1618232520,0.8597886358150929
1618244040,0.1276339237301425
1618255440,0.8222390318644852
1618269240,0.13443270134913368
1618280460,0.7425862149882243
1618291320,0.6216526656397291
1618309500,0.09109962752547957
1618333800,0.8688589615765063
1618353840,0.8691759083898524
1618368600,0.8035100105633198
1618389300,0.3215452394220398
1618405200,0.8276065628128655
1618430100,0.19388009948761084
1618442580,0.48682506907632855
1618459440,0.8243974792881071
1618481820,0.21479752172424002
1618501680,0.7237587275966798
1618520100,0.8391333678952697
1618532820,0.15639750155340443
1618556160,0.8677461113743665
1618570980,0.8018937371060084
1618594020,0.36776332747945717
1618605660,0.7224143418997789
1618616940,0.7693696139469217
1618641360,0.5218097433553597
1618655700,0.5834112368677723
1618678140,0.41057088087033616
1618692120,0.7266697166178895
1618713780,0.8453739259539377
1618728600,0.6138203364364142
1618753320,0.5149598548748336
1618777560,0.38703440638922126
1618799760,0.21782214335209238
1618815240,0.7475656430355019
1618838340,0.7992222102223114
1618862760,0.3280476058112537
1618875780,0.6239253704488479
1618897860,0.7820155766085332
1618914420,0.1915135735173464
1618928160,0.11888503218975517
1618944960,0.1772884506144232
1618967400,0.898501904717358
1618986480,0.7776065190805227
1619003700,0.7024094576878764
1619026320,0.7726435767272621
1619037300,0.10913975747130451
1619058240,0.8543129558681967
1619072220,0.8531361145676489
1619089560,0.2073162756696938
1619110200,0.8315396035086694
1619131500,0.9357614627258438
1619147040,0.7709133150216465
1619170740,0.8196465978374343
1619182680,0.1021376105460159
1619193960,0.7410836103551899
1619206740,0.8343779405642566
1619229060,0.8340404703399686
1619244660,0.6269246400205958
1619257560,0.640490872284143
1619271000,0.6240847280163039
1619282640,0.6448170535829423
1619305800,0.6864374056088591
1619325540,0.6333212434470571
1619349060,0.42809784473656076
1619364960,0.30006874939709366
1619378820,0.4520640141121413
1619396820,0.5147016421403355
1619408580,0.9021789281468829
1619430180,0.7889191657398
1619447820,0.6723628301741449
1619467080,0.8648880622567674
1619480760,0.8911060099117627
1619493000,0.7642801829032337
1619513100,0.925097176310919
1619526660,0.21758251389364996
1619540100,0.8954063283113787
1619558040,0.6160590388217421
1619581560,0.24043601715699278
1619601060,0.25292493486065415
1619615280,0.22769206131973796
1619635800,0.04286216009558784
1619655120,0.9133328122450154
1619667600,0.7648695603977006
1619686980,0.8310094876884722
1619703060,0.21114222725886517
1619715900,0.616369994924619
1619732400,0.6181489092491006
1619748180,0.8894946339175434
1619771400,0.7948035497483652
1619791260,0.07680926982979423
1619808720,0.7604519257341991
1619827260,0.9180569580983008
1619840760,0.2133784972798183
1619851800,0.9231749677607559
1619876820,0.3516586708394867
1619892120,0.8792018850572467
1619916660,0.890174633457936
1619937720,0.36803452209304194
1619961480,0.2189969167280985
1619977380,0.29717545390336336
1619988180,0.26654467907215845
1619999760,0.47629733251120443
1620022260,0.697764710244904
1620044340,0.6334974166264334
1620064080,0.5247768145256914
1620076260,0.22502122785574713
1620088920,0.652309965002729
1620102840,0.9096152614890769
1620126960,0.788015059804531
1620140400,0.8940776796328639
1620162540,0.3664142941380123
1620174120,0.595014538254319
1620193740,0.8139092407704809
1620207420,0.34149008059186886
1620225300,0.8796082353626478
1620245340,0.8280425429082202
1620267300,0.43719424627195147
1620282240,0.10484900063617092
1620302160,0.08316413491782286
1620323520,0.25763821743581605
1620348480,0.15763011970449783
1620372480,0.7158590027490646
1620386460,0.3395501704111476
1620401940,0.9337935497486041
1620417060,0.8219782037675623
1620435780,0.5203839730701986
1620460020,0.8246935937841654
1620474720,0.22323493208458708
1620497580,0.3615571296470205
1620518520,0.17371279365982864
1620541320,0.35385287856056746
1620557760,0.4391137493444222
1620582240,0.44164327230610867
1620593640,0.5217539185323178
1620610320,0.8689822344478392
1620628620,0.2715025125225948
1620643080,0.06659635390793546
1620655740,0.2502823615003837
1620672480,0.876392517217396
1620694680,0.7835698576028296
1620715500,0.8006245242002242
1620737340,0.5681656118545427
1620756840,0.05538558662408018
1620778800,0.9130053469400773
1620795420,0.8782299974247675
1620809160,0.041790671181472755
1620823680,0.55873425014003
1620841680,0.24019190705090332
1620860220,0.03821123105961339
1620873780,0.891396901058189
1620888420,0.7330060169428255
1620910020,0.1943271413544153
1620929580,0.5419390528815867
1620940380,0.16695086596701142
1620952500,0.11435888336524175
1620975660,0.9161118928896845
1621000440,0.40156735074073985
1621018740,0.8628586780831469
1621042140,0.734579439980908
1621057920,0.7596633223372898
1621079400,0.8120422483833439
1621097160,0.5231402409852082
1621117260,0.9330653725616108
1621135020,0.7662363940911963
1621155480,0.9113240449496239
1621174920,0.48114140866812044
1621189380,0.8328069287474567
1621207920,0.5503909941393968
1621230960,0.35880677017458146
1621247340,0.5506685737547543
1621258860,0.2866659341076418
1621278000,0.7612600773341686
1621301640,0.10930144072838552
1621314420,0.46193426185954023
1621335360,0.818900061655943
1621347240,0.765502860198157
1621359840,0.805710447517943
1621375200,0.8677555679670059
1621392120,0.6397544381242852
1621411800,0.3135768401165013
1621432020,0.7755392988466955
1621449060,0.9064449333313372
1621473960,0.05107443419180589
1621485360,0.5826853098061914
1621507140,0.8678764776412509
1621521780,0.8753888605361312
1621544400,0.6652589860674941
1621556100,0.7615201164868901
1621574640,0.24516774698850133
1621591620,0.20062012069374832
1621611780,0.4140006533044072
1621630080,0.7655082093404788
1621641300,0.8822556528582184
1621653900,0.18441737392551408
1621666140,0.7167344770639029
1621682760,0.7190469835737413
1621693740,0.6462899067927828
1621705920,0.6659601419686108
1621723380,0.8199559139758564
1621734720,0.6443482613432715
1621756680,0.3642972082763209
1621769940,0.8157087970199344
1621782300,0.5843707811656684
1621806120,0.5714218584701113
1621831320,0.24592451332747248
1621852620,0.8957593615962924
1621867980,0.7554952390324471
1621888260,0.7836058753755117
1621902540,0.9040336457401532
1621915860,0.8566806603834592
1621939080,0.7456179164669235
1621958940,0.7450946261749285
1621978980,0.727932144626575
1621995960,0.3080041647191261
1622011740,0.7336934055861642
1622035080,0.8807664796017488
1622049900,0.8646744073259981
1622069160,0.8986588840340931
1622093700,0.7892250200478933
1622114880,0.14556357377034448
1622128260,0.8877801090044589
1622149680,0.8879964730489562
1622161140,0.8554533504051587
1622177340,0.850227024430057
1622194440,0.5636085843292513
1622207460,0.25529447051675846
1622228940,0.9196036236021667
1622244060,0.904324568488152
1622265420,0.449853773080822
1622277120,0.8944431894131452
1622289300,0.27515823116977045
1622312040,0.853794838478794
1622329500,0.3454226374828851
1622349000,0.8455835950239874
1622368380,0.5208786028973112
1622384520,0.7685525882052828
1622406420,0.9009398424864369
1622428020,0.5396665779982397
1622449500,0.23739363380196063
1622466240,0.24728366171055263
1622483820,0.10033846192430886
1622496960,0.7633874878601741
1622519280,0.6461209745052238
1622537700,0.8598596408129315
1622557200,0.7624362330274799
1622569800,0.8651823337373545
1622589960,0.3661699193062097
1622602920,0.7698973787027711
1622613780,0.8171948701064388
1622626440,0.9063790986825878
1622640540,0.7210229957407734
1622661840,0.10706893037496011
1622676960,0.5830782784753614
1622688000,0.5233894883135746
1622702880,0.4791372718218182
1622717100,0.8044469511482827
1622735460,0.7356127760448764
1622759220,0.8072204266233216
1622771040,0.8238507701473098
1622789520,0.8554533504051587
1622804820,0.804641950761122
1622816940,0.6415558368092127
1622835300,0.778681026016659
1622851800,0.7435289094951195
1622867880,0.7188443838948411
1622881920,0.3816496304064412
1622906580,0.8100975326994555
1622921280,0.6674745236407775
1622935980,0.7967683046677909
1622954580,0.8767993224286906
1622968560,0.7622069330607673
1622992860,0.24089251238510376
1623003660,0.7842081179348876
1623016320,0.36727533368373505
1623027180,0.6001293186124939
1623047700,0.20162042192686128
1623066000,0.23926712284419482
1623078840,0.9133496205224774
1623101280,0.4224992161622846
1623114300,0.8067344841779434
1623133020,0.6146109168500481
1623157800,0.6107824713748522
1623180960,0.08934202048653864
1623195120,0.5896851261662874
1623210120,0.6022847711368039
1623230460,0.8161824157051144
1623246480,0.7323368387022806
1623271260,0.46935326867004556
1623283740,0.6263666358233566
1623303420,0.7522408575266801
1623325200,0.7959807444001225
1623341640,0.171218780298368
1623365460,0.3732188492563528
1623380880,0.20488307324307997
1623396420,0.09656185381405928
1623418680,0.22402942226878828
1623437880,0.5167191767869418
1623459000,0.7612557018511523
1623478260,0.3387554017849313
1623499140,0.4686659703739664
1623523020,0.7037103021693235
1623543900,0.8601463260295442
1623564420,0.19501683785449753
1623589380,0.8743728831454667
1623607740,0.06302814317802556
1623630720,0.76730165260442
1623645360,0.8893649750092921
1623657780,0.04374111336458668
1623676740,0.5568378293981572
1623688320,0.039583088147320526
1623702060,0.8022949103484682
1623720420,0.04188933613283921
1623744300,0.7921015276925794
1623769140,0.8603703585346371
1623790380,0.834014798222097
1623807840,0.3664835967475911
1623831360,0.8956111917071853
1623856080,0.8606888735682542
1623875940,0.25297564742399764
1623893220,0.3289693551065136
1623916680,0.9173314741367361
1623935460,0.08135953584953685
1623955320,0.3996509822317196
1623977460,0.8532793579895931
1624001880,0.4449970057790008
1624026960,0.8636333748115104
1624040100,0.8848760316868297
1624058580,0.7088206245235263
1624078380,0.5920078929934515
1624095720,0.8048363432130596
1624118580,0.48509756903113826
1624131300,0.6023068529576052
1624148280,0.6244639888258764
1624168560,0.8172041432475378
1624193340,0.7867911749645308
1624212660,0.3990714429211915
1624231020,0.8463966117768991
1624250880,0.6669620802419919
1624271580,0.6803828887856244
1624283220,0.4926616547166238
1624299300,0.6208293002727224
1624320000,0.8887673107986571
1624336740,0.2765038713294276
1624357080,0.7986655773047845
1624381620,0.3652413181151452
1624404180,0.3771024698388492
1624428180,0.20349421193373865
1624448340,0.9144241018609865
1624469220,0.8496014310422665
1624488720,0.7820334730363028
1624501560,0.4337014469307802
1624523760,0.7933982499655794
1624547700,0.6149747077349631
1624561620,0.3392613697303411
1624581180,0.4446962818173972
1624592220,0.20527738917761756
1624603860,0.7537552430665102
1624625160,0.793728820404144
1624638180,0.11055571185150787
1624654980,0.8625313527895264
1624675200,0.2614855256243658
1624692180,0.7154719790904446
1624706580,0.6412712384619957
1624719720,0.7506130723389819
1624733520,0.7088265968670927
1624747860,0.6145808167483693
1624767240,0.558744102448843
1624791900,0.7894431979840025
1624809000,0.8633896991516927
1624829520,0.640798552178011
1624848840,0.7514369017676216
1624868160,0.6832768693588028
1624890180,0.25453054426061694
1624905660,0.7179633389947155
1624924860,0.7487282892437673
1624940820,0.4654616824865477
1624955640,0.20232586303242378
1624966740,0.6845530204396518
1624981920,0.21417046390816763
1625004960,0.2816386695772498
1625026980,0.827266659077007
1625037780,0.8945258461722455
1625050620,0.16217689916288264
1625072880,0.8895833663176433
1625092080,0.37387506268238613
1625103840,0.43517662783630684
1625128680,0.8173334969599549
1625141640,0.7975398313161786
1625153160,0.7597937516188185
1625167800,0.7989916410506969
1625186880,0.7742765574243272
1625202060,0.9028568210097198
1625225520,0.8943960375019047
1625238240,0.7386849669446219
1625256120,0.374096347676151
1625273100,0.5532410634824837
1625297760,0.6032903968893363
1625309460,0.6491932404098355
1625334060,0.6183759580752533
1625345820,0.10649140110270618
1625364960,0.6634310592942522
1625377140,0.43474377461719804
1625388360,0.18917423898436123
1625403720,0.36216229513398235
1625421600,0.20733851230484812
1625433480,0.5933310319767423
1625447580,0.8559310080699176
1625468160,0.35565938931781954
1625480280,0.2130221217307581
1625499420,0.48036660000225345
1625524140,0.7800069833162264
1625547840,0.7822494812621149
1625559600,0.257593161619882
1625570940,0.7337899680042461
1625590500,0.2982086704344114
1625611020,0.9126605460330299
1625632860,0.8132233627940385
1625645700,0.2375052717997526
1625664360,0.3211737821733284
1625689320,0.9068872925000928
1625702580,0.7053349403720197
1625723580,0.741264868031422
1625737980,0.33531572114006236
1625762580,0.3337023992729152
1625776200,0.7177027530094474
1625800560,0.8985121347940351
1625824020,0.3317363975812694
1625847540,0.9375939050536948
1625867580,0.32275467594260965
1625878560,0.5871485322859948
1625890620,0.7887403592160536
1625902020,0.8241273317226518
1625926860,0.6946759027528523
1625937960,0.6388737584776347
1625956440,0.6901247922213424
1625975220,0.9276353769701984
1625997540,0.3214301152888666
1626022680,0.22574440827012351
1626041520,0.6323508395755798
1626054540,0.6507492841948549
1626070200,0.223139216554895
1626091560,0.22364078577665716
1626109800,0.10319863117729905
1626121620,0.5229558884080177
1626140940,0.23109050392716443
1626154920,0.8335635115226244
1626180120,0.747101461212242
1626191340,0.5958350684177182
1626206460,0.6493154884949861
1626220260,0.5937900573731817
1626236460,0.4163405367953964
1626259560,0.6562691606416776
1626280920,0.7958326656606219
1626292680,0.20069566346503218
1626309240,0.6509358070847668
1626321780,0.22131915700298146
1626337440,0.7073068791465484
1626350400,0.3196802169913088
1626369600,0.0687658973163752
1626381540,0.2948696204387751
1626395340,0.4089238802845203
1626411360,0.4881321258794273
1626427440,0.4268439713253856
1626448020,0.22390293614484424
1626466980,0.40449370168672066
1626479220,0.8666238776635177
1626501600,0.21333829498848267
1626515520,0.8261046898670007
1626532800,0.8370101060654938
1626553200,0.34560207097757617
1626568380,0.22914220658909554
1626589020,0.7768355263578555
1626607560,0.32447765182963056
1626622740,0.5581692457925246
1626644160,0.48727311850131105
1626659640,0.43935152504436464
1626672780,0.7630913608813296
1626691740,0.22087454056553169
1626705120,0.612317577061879
1626723960,0.6689827803225559
1626738180,0.32513091301297403
1626759300,0.4960677819999012
1626781080,0.7402456935468089
1626804240,0.2371823038899026
1626824400,0.9039700517324379
1626841800,0.4120965322801057
1626862920,0.7887724610350964
1626878940,0.12655692677544236
1626893820,0.7642697669797515
1626912240,0.39848493816837605
1626925800,0.16898545799096276
1626940860,0.48188050732717613
1626955200,0.19024296943847424
1626976680,0.2653343642191984
1626988440,0.8788388712560581
1627009140,0.599487919983476
1627032300,0.22630687147426487
1627045980,0.6807221733756543
1627056900,0.901996672575714
1627080120,0.851053053338945
1627092600,0.2431230898252279
1627116240,0.5691525726434453
1627134660,0.7057574861928024
1627147500,0.6706662220184102
1627163640,0.5294969825646528
1627176480,0.21745913583152926
1627196340,0.4936252472469522
1627220460,0.4623083337154514
1627232940,0.5726106834475029
1627251960,0.6831097516954548
1627274100,0.4425393998545095
1627296480,0.8374667366103837
1627315440,0.2720973905216349
1627340580,0.26029431102077816
1627351740,0.0827318583578255
1627374420,0.6238894724346813
1627386120,0.5365083382423772
1627399320,0.4757717799877094
1627419120,0.7495499381355849
1627432560,0.28202353484768167
1627454220,0.7549910931765006
1627469520,0.2190058226999934
1627489980,0.7791942393394359
1627508760,0.24360573204478678
1627532880,0.5645254155340161
1627554780,0.11226021994927761
1627576680,0.6513311688021612
1627593180,0.8941693264691363
1627608720,0.31152283747466325
1627633920,0.24373588847103433
1627654080,0.22659941403591832
1627668960,0.22589673798264873
1627689120,0.6854912523259163
1627707480,0.5692312879330926
1627729920,0.41023292061978806
1627748460,0.6752008376003323
1627767120,0.6843092217867206
1627780860,0.6860074394993473
1627798560,0.6158376247764898
1627814640,0.6864915025327814
1627835520,0.481382922657442
1627858140,0.8054167036799837
1627876740,0.618917569791219
1627897860,0.6760194367799273
1627915500,0.7423718248914921
1627930440,0.5865363434937809
1627944120,0.6882777327572273
1627965840,0.2223332568208315
1627979220,0.8064810528289802
1627996740,0.8140452902076546
1628015820,0.6658539490431229
1628030400,0.8895421882623866
1628047500,0.7934362456013596
1628070060,0.8859041948203729
1628088720,0.5237974131508767
1628101260,0.7958018305249351
1628123340,0.8266380120411982
1628148180,0.6199303817468459
1628161500,0.24086068397914848
1628182080,0.9017362184587118
1628196960,0.1945714950190104
1628221800,0.39111701707995816
1628244660,0.7934339322558527
1628265720,0.8841648095539482
1628281200,0.5715116785516016
1628300580,0.6475506186923962
1628316780,0.5612231453306558
1628331600,0.205709349798454
1628356200,0.677902764667903
1628379660,0.43482291521494426
1628390640,0.6208219894705946
1628407740,0.7898255316302059
1628424180,0.5636288900917366
1628438820,0.6474748233094039
1628452260,0.35880677017458146
1628473380,0.8535047689493983
1628489940,0.8789556426561018
1628515080,0.5233482520042568
1628535480,0.7971892229762525
1628560140,0.39151115338960973
1628582040,0.09967573854362818
1628600640,0.06365879577689133
1628623800,0.7025530897490799
1628643300,0.8315983124032753
1628663340,0.8912880027444554
1628681820,0.6610885231858031
1628703780,0.8023220855269337
1628725980,0.23989124311562696
1628748900,0.8950701379043008
1628768520,0.27003061663114764
1628792580,0.7192232581019936
1628814600,0.8563480128136328
1628834640,0.7167481970938542
1628855220,0.8898770171587407
1628867040,0.12375307093249202
1628886660,0.6044905247069945
1628908380,0.33851118880210224
1628924880,0.8570661939939537
1628942040,0.6070500476573092
1628961240,0.7898722657674702
1628979900,0.31839255830265806
1628992440,0.7738354023501363
1629014820,0.8061630566071702
1629030780,0.4700057634690472
1629055620,0.6797511543680219
1629078900,0.6397961786423321
1629099960,0.8195411136122727
1629123960,0.15659803245427698
1629144300,0.7094952813681669
1629161220,0.8357044169473994
1629175380,0.8270165753331071
1629186420,0.8733892342651438
1629199440,0.31424026745452655
1629221220,0.5277258225627778
1629235800,0.747379255477478
1629248100,0.4010752992092891
1629266940,0.8304612581925134
1629286260,0.8204207212670753
1629299940,0.8997144841614327
1629314640,0.09324851572984054
1629331740,0.09934915179510037
1629348120,0.7767752174980738
1629360720,0.8332778417346272
1629384300,0.663301287750884
1629402240,0.2956766571456832
1629418020,0.8527624354009273
1629434580,0.18943114808444145
1629459180,0.8104264845097848
1629481080,0.8935283641146718
1629501480,0.8451785242579296
1629520020,0.2106636488632148
1629544680,0.037389463163992144
1629564360,0.8934043236949794
1629584820,0.8146482088407159
1629601680,0.5234617556252655
1629621840,0.8345908348944873
1629645480,0.7305998370164339
1629664740,0.21063438566145515
1629686100,0.7702259778943993
1629710940,0.21865248248048508
1629722280,0.2607354984241958
1629733200,0.8720001463735866
1629752100,0.6993021227870178
1629764580,0.7529652407861089
1629785160,0.8245617403845785
1629799260,0.8609621446772248
1629821760,0.2322049163688762
1629846240,0.18954198828400845
1629869760,0.09863833668162515
1629890400,0.3814871741159727
1629903840,0.6695531122537531
1629919020,0.8461357107733398
1629937020,0.7051540470352773
1629959640,0.8514463242582901
1629973920,0.7454364923138554
1629998940,0.8613460772188591
1630012980,0.46869170902513113
1630034520,0.792215584949073
1630048080,0.7541104179245726
1630063680,0.23180996691642744
1630086840,0.8880158808063162
1630106160,0.21530403697106343
1630119060,0.26716908270299405
1630140840,0.16579868561944988
1630160820,0.8209143455785846
1630172580,0.7671855474352882
1630196520,0.641613472291889
1630209660,0.7994244860128207
1630223820,0.841632279728494
1630249020,0.1942579715323937
1630266360,0.7715884943148021
1630277400,0.626901431402995
1630291200,0.12350916499457842
1630303740,0.2393443280666826
1630321440,0.24107742509170738
1630338840,0.5798590091085721
1630351680,0.7406897525087083
1630371960,0.31122259588555545
1630392600,0.7003607504287883
1630406520,0.4845978646890867
1630423140,0.852035297724313
1630448040,0.09369539668548538
1630461360,0.21705707375214237
1630480920,0.6626080784586641
1630505520,0.8701080860976448
1630516800,0.8918897426802583
1630535100,0.7235898253344843
1630559640,0.7448254845649642
1630579440,0.8542065657432978
1630600560,0.7073178206732766
1630618080,0.8622077565802277
1630638720,0.7843987944145264
1630661700,0.7181524122170883
1630681380,0.6589256001079805
1630702380,0.23760899393128637
1630722600,0.42847889753191154
1630735200,0.18906635950416653
1630749960,0.7814082632547344
1630770900,0.1650344468056266
1630792860,0.4455188632294805
1630818000,0.8252142533222032
1630840260,0.7126617297359511
1630853580,0.39292788194235906
1630873620,0.6808949329896603
1630889280,0.7963239861083972
1630905420,0.7066913832970131
1630922340,0.7753917880029549
1630938600,0.9425438815566819
1630952700,0.22725752144660366
1630967700,0.8499079936767043
1630979100,0.2741274843975493
1630994880,0.7089171884224487
1631014080,0.1560722535640863
1631030220,0.3575058620130025
1631054400,0.8146643073424096
1631065980,0.6893496409418367
1631085120,0.7169184198826466
1631110140,0.8096441256914111
1631129640,0.8155316691509074
1631149320,0.23380385806238652
1631173020,0.2256565498033905
1631184300,0.5935052717249835
1631206800,0.7967635610239693
1631226900,0.2309931279618779
1631248380,0.8881535675667511
1631259540,0.30544965219925724
1631273580,0.8534142007274169
1631289780,0.7692540413972928
1631304600,0.24306613133363056
1631315760,0.7094161206186299
1631339700,0.8097972935547737
1631356080,0.5788408913654652
1631372820,0.6830986883965405
1631392080,0.09424160253676432
1631405760,0.6165753277596674
1631421840,0.43482291521494426
1631433720,0.6028140541239485
1631454060,0.66224936586281
1631466960,0.7364542179739672
1631483640,0.2235906456341842
1631497800,0.8039354085112952
1631521560,0.5163390474562279
1631545380,0.7834745317890001
1631561400,0.10063109487141722
1631575740,0.8945713733114821
1631599860,0.8796644671254923
1631616000,0.8084602884031475
1631641080,0.30835042730896667
1631656260,0.6587030692504147
1631677620,0.4507844660798913
1631693280,0.49485193823890095
1631713440,0.5827366529674791
1631735940,0.7926477782741154
1631757120,0.6815970150632991
1631767980,0.7534729134798868
1631781120,0.3102559655935688
1631803440,0.725708455179044
1631826180,0.3923391185181551
1631849160,0.8976838999205776
1631869500,0.6841849865914792
1631881560,0.30639522857356993
1631893980,0.0671732254349577
1631905680,0.27027506114633537
1631922900,0.17116044320116897
1631940780,0.8835776229497946
1631956080,0.8537018657045575
1631976480,0.8078208652306861
1631994660,0.6047714793124477
1632011220,0.6956781638455029
1632025500,0.640420510919999
1632049560,0.8146399326867798
1632063240,0.8638327446647451
1632075660,0.8046632658823544
1632086580,0.5302377815756735
1632103680,0.24100509512571294
1632124500,0.6599644464526692
1632141120,0.24209625852734473
1632156420,0.7847984838561344
1632177060,0.6941891763839357
1632192540,0.2354927342479541
1632215220,0.06816404140978997
1632235740,0.921233624204017
1632254580,0.6864995359442122
1632276420,0.3067467848529698
1632291660,0.4701631051966128
1632308760,0.5452296875572442
1632327600,0.934876796641038
1632348720,0.04873116095152956
1632361860,0.5251482264455375
1632385260,0.8393859976525473
1632399600,0.8078706189712375
1632410460,0.15557649487379882
1632433320,0.1525767121147143
1632451740,0.8889715704998887
1632468840,0.13285196234935723
1632487380,0.81239475996305
1632500460,0.32164851039458314
1632513840,0.04112631376175802
1632536700,0.0639589946991199
1632551100,0.08151897224779445
1632563100,0.9057498451578907
1632580140,0.138070229923548
1632604320,0.4829672352717803
1632620100,0.8292130732772585
1632636900,0.8024979397210271
1632659340,0.8713643547783321
1632681180,0.9144234428487382
1632697860,0.8737142793740061
1632721320,0.815898359349622
1632740340,0.07629727983613399
1632753180,0.08047260618467211
1632768420,0.8657277186364338
1632790320,0.06071176099354208
1632814080,0.30885127195759754
1632829800,0.8616829017547931
1632846180,0.1945241228074292
1632870420,0.12173591632750921
1632882900,0.7988681413098997
1632904380,0.6966552864548825
1632929520,0.6085074826711463
1632952440,0.05174560467954217
1632964740,0.15695872764961138
1632980400,0.7813245410012549
1632992340,0.29557466762913664
1633009740,0.80221683267971
1633034040,0.8341798212999303
1633051200,0.12766077053773603
1633074720,0.8067302934468091
1633088220,0.29208471417917786
1633101720,0.040255157878810496
1633124640,0.9144651146309404
1633149600,0.6064315324463968
1633171980,0.8741676969837749
1633191120,0.25150214111775077
1633214100,0.7911032941121136
1633225560,0.871083523173511
1633239060,0.8858083278133531
1633254960,0.5039510386783915
1633271400,0.7326033097687674
1633286940,0.5833875410937001
1633308120,0.8783119078419789
1633333320,0.36929067283542755
1633345620,0.6088125501941655
1633364820,0.16127985148066554
1633387260,0.24705641723237592
1633400820,0.9300432155147207
1633416780,0.8265078845193204
1633441500,0.7542811595678227
1633452300,0.4455649243768001
1633467060,0.810869632268548
1633483140,0.7444085471648852
1633504440,0.6446917916893139
1633529220,0.034485092516768776
1633554300,0.7478201383286908
1633570620,0.9401627382173446
1633582320,0.9094683404845115
1633597980,0.781611616043732
1633610580,0.8246862503345649
1633623060,0.8892080029325121
1633638600,0.8939485802237289
1633655220,0.10450745521278267
1633671120,0.8200993551160701
1633683360,0.8813559970101046
1633707960,0.9093304220200763
1633718880,0.13413056011439142
1633742760,0.5198356013379729
1633763400,0.8661969594969989
1633786380,0.8942226322746307
1633804500,0.8410001975961663
1633821360,0.12167169528341888
1633843440,0.23872043514280916
1633868640,0.7457441603083687
1633889940,0.042532417919901123
1633908420,0.07504603505580237
1633924500,0.8601946107507388
1633942680,0.042401237074412054
1633965540,0.6840049630289026
1633983720,0.7968647717060832
1634006340,0.8844840538937463
1634030760,0.8663696144941393
1634052060,0.9253186555316862
1634070720,0.9175501844233566
1634081520,0.8939275614199413
1634098560,0.39121900047638314
1634109960,0.878608661996528
1634125260,0.8927133436401181
1634138880,0.8046806764830924
1634157360,0.1741453361491728
1634172180,0.9161530506905489
1634192100,0.7080714916435662
1634212020,0.9058461793948506
1634229540,0.09171829050266465
1634240580,0.8035787464499926
1634265180,0.26816811233818205
1634282760,0.7622094480039472
1634293980,0.18016946448333812
1634311620,0.9309522536871657
1634329200,0.9108682782036761
1634353980,0.7834816316263816
1634366100,0.8618332582386274
1634387160,0.8146399326867798
1634403540,0.12682525170865844
1634419320,0.7279439376497208
1634443140,0.6038654874076723
1634454720,0.3431081158473242
1634470500,0.8772073957773219
1634486400,0.043470789800018395
1634501580,0.49181135924599717
1634522040,0.2070803705724348
1634539440,0.8768079806338286
1634553720,0.07028288064218859
1634571780,0.49667509166659285
1634583240,0.8944148354329989
1634596200,0.7757941174521713
1634607360,0.9196104048991128
1634629320,0.46977883588726904
1634649420,0.47818745782636646
1634673360,0.8265622593867692
1634692920,0.7081149100550118
1634715480,0.7782173585293586
1634738880,0.4560918191117546
1634757720,0.7812813098321781
1634779980,0.889591047891752
1634803860,0.8021735784025553
1634817660,0.24751210093472967
1634830260,0.6936639708614597
1634842140,0.14369857866778085
1634852940,0.10726113475242989
1634875140,0.643985069299381
1634893080,0.8848919230047801
1634907540,0.8969518107993351
1634920980,0.9175262655448079
1634944080,0.30422850635036625
1634967480,0.7866465010843972
1634986740,0.8048734386303497
1634999220,0.2227669422665139
1635022620,0.16946842643425836
1635047220,0.8170369549317272
1635060660,0.8058584151427168
1635077520,0.25347055440185995
1635093780,0.8437611206957112
1635109740,0.8179385086677283
1635134160,0.9267692228717668
1635148500,0.8528619956871799
1635161040,0.9051555101809396
1635180060,0.9354514741411726
1635198600,0.7629820370662481
1635220020,0.2095105547659127
1635237300,0.7714149789447238
1635252840,0.4006866763550401
1635277980,0.3299217000781752
1635290700,0.8534299633496718
1635304380,0.9356273766714914
1635324420,0.4843802605814587
1635345180,0.19780657459934758
1635369420,0.4520680922026829
1635382680,0.8607346367516505
1635405540,0.7557175521323389
1635423240,0.8749337229207973
1635439500,0.9356340543286432
1635458220,0.14818466107266745
1635471780,0.3062010942660128
1635496320,0.8213698065959559
1635518460,0.9303576344335011
1635538740,0.8803809367592713
1635556260,0.39029584827446206
1635574260,0.8598149730098346
1635596160,0.666136696415396
1635611940,0.2072553268485157
1635636180,0.6527317167359932
1635647760,0.30787532187299743
1635660360,0.8617013333743188
1635674760,0.4307028238660539
1635699780,0.8088337646390352
1635715320,0.7003524152770656
1635726540,0.09366941338060053
1635744300,0.6137395847463064
1635765900,0.6859315253978941
1635777180,0.9300575375478047
1635793800,0.8003676455673686
1635808560,0.9199086466716218
1635822120,0.21389524316389538
1635834480,0.8979176722147277
1635859260,0.27795267620839187
1635872640,0.07340100705170705
1635891900,0.05573744419528008
1635906900,0.08683827525837627
1635930180,0.6709760295050566
1635949500,0.9082770016401036
1635969540,0.2785871420514586
1635981780,0.26380474984640273
1635993480,0.8003267258206784
1636011840,0.5661903557717297
1636029780,0.12490559340138568
1636049580,0.2731621152377191
1636064220,0.46197690716834994
1636083720,0.5663901223413
1636094820,0.042483978599938424
1636111200,0.8940643707627169
1636131000,0.12999060274068655
1636146780,0.33692675606058686
1636169940,0.18688087661712074
1636189560,0.8905961191503372
1636213500,0.6476448710321298
1636229280,0.06953539332457595
1636249560,0.25655541322512776
1636260900,0.35015301810604216
1636280040,0.3318508515075377
1636304520,0.8480652830415017
1636315620,0.8667662081157846
1636329720,0.24243376373441833
1636346520,0.9335085342248802
1636359420,0.5336653499488533
1636373340,0.5987398142127268
1636386840,0.28336439378741
1636400940,0.8623039169610267
1636424400,0.05964797621372129
1636442460,0.5752479349199752
1636463100,0.7499761930239461
1636483560,0.6008396265617452
1636504680,0.2273241001997764
1636522800,0.8357403179343522
1636547640,0.47010118358628183
1636564560,0.8900191852117769
1636578000,0.585063017114724
1636600740,0.8893763024449773
1636621080,0.8186817802261845
1636642980,0.7688074872310419
1636665420,0.22148436974662447
1636684140,0.49232710299041915
1636698960,0.09472600930588831
1636709760,0.8370071441971049
1636733160,0.4055679052678956
1636750680,0.7644842956760224
1636772460,0.29705266257447843
1636787100,0.6341689815647207
1636798860,0.8105052621599436
1636810860,0.5544642316052191
1636829580,0.3812717150201994
1636846740,0.4529541368133887
1636863480,0.5674554073280892
1636876080,0.22732384592079785
1636888620,0.5833678116818265
1636903920,0.885691513479384
1636915140,0.4043065094535911
1636939200,0.7456753667640778
1636953660,0.4758773610859352
1636966740,0.877512930162307
1636985880,0.6913703038082555
1637003220,0.19360198054736774
1637019480,0.09861772742711798
1637040180,0.4297975373762606
1637051400,0.7459238577248565
1637072640,0.858689895685874
1637084880,0.10020503775626248
1637101560,0.8604237128137256
1637121060,0.7801778523865228
1637145240,0.9241713354972104
1637169360,0.8273143767262222
1637182560,0.73837241748133
1637193780,0.8685678009592691
1637214120,0.24655781572812624
1637227860,0.8415630115710074
1637242920,0.3861081255565651
1637266200,0.9102573376489869
1637282580,0.24514342614886656
1637303220,0.8657867533621615
1637319000,0.5663469958725449
1637340300,0.5420715956393923
1637354100,0.09119520004816117
1637373120,0.3257217737594604
1637388240,0.7896002954938952
1637402760,0.49439289226948163
1637425800,0.30483080331957274
1637444160,0.6416705243618308
1637463540,0.2193118567094032
1637475000,0.18816026535293776
1637492580,0.5527223001792447
1637516520,0.30989200867345423
1637527380,0.915422278593
1637543400,0.12285902695506264
1637554800,0.6959455089230033
1637576460,0.667876656840414
1637595480,0.7397889573087817
1637611860,0.8725892642241887
1637623920,0.7935944115511158
1637648160,0.4937515496639422
1637664000,0.8452218268803985
1637678160,0.27099209125599166
1637700600,0.7680039704465219
1637717100,0.09602358001464478
1637734320,0.32150740736934724
1637751480,0.837801812317341
1637772660,0.09510085138812699
1637796240,0.10394521916143268
1637811000,0.7690069424944177
1637828280,0.17438219309110384
1637842800,0.7724737085323994
1637854740,0.9308030442796231
1637878560,0.20883919721351374
1637898840,0.7275892216854322
1637912820,0.24119436052186874
1637936640,0.6575029646023424
1637953680,0.14394919145436197
1637976780,0.170627143591665
1637992140,0.16031835869356004
1638006600,0.8070535670249037
1638017400,0.5144405380330638
1638032280,0.5531114526460724
1638054120,0.6801378781109945
1638075540,0.6843092217867206
1638091860,0.8205039401896519
1638114900,0.6483589256352381
1638125700,0.774027169669102
1638140100,0.44745115414875014
1638161400,0.9206637333159048
1638174960,0.6680181125235671
1638195840,0.8616942349598435
1638210720,0.7075774088310363
1638224400,0.09677176778216044
1638237060,0.6882154044937332
1638249000,0.7805804462243326
1638260760,0.23064014219546047
1638282120,0.3735031233315537
1638305040,0.8594957097936223
1638322140,0.6732649463746117
1638338400,0.7846998482624095
1638360420,0.19143628498901205
1638385320,0.33859645998955457
1638400380,0.7202655454770364
1638424380,0.8311652487794179
1638449100,0.3984854214947409
1638462960,0.045148047218735804
1638477120,0.698761182692355
1638499380,0.7644098050230617
1638517740,0.5090164888588641
1638528840,0.7528334984511437
1638541680,0.23662352952318524
1638556920,0.09985166261281313
1638576420,0.8654481221195123
1638587280,0.37349832509660447
1638608340,0.8091092443127381
1638620520,0.1016590941318226
1638634200,0.8280354600601806
1638649920,0.22873431409659364
1638668340,0.5822579205770251
1638689940,0.2327413278528653
1638705360,0.1135822794231314
1638724500,0.8065146188372639
1638738780,0.8269221276553215
1638760380,0.4414604712191851
1638782700,0.6348034182638951
1638804120,0.08460090397103333
1638818580,0.4863108482244948
1638842820,0.7277294542775036
1638863220,0.6516598608226846
1638883140,0.5790387366960703
1638903000,0.24730830991414382
1638922980,0.6773199694902088
1638947820,0.6767447997981583
1638966060,0.23235160853668843
1638979680,0.7219150593253179
1638995040,0.5728414453007836
1639007580,0.9246721385899573
1639029840,0.1850624377482998
1639051980,0.2052752758289152
1639065540,0.7329382206893693
1639081860,0.8730805295148152
1639099260,0.8870438418210903
1639122120,0.43781203526146234
1639146420,0.7078739152918586
1639161780,0.3539720591196502
1639184760,0.6745821291454418
1639196940,0.2704170343949264
1639209420,0.674230258395923
1639234200,0.7054041572471444
1639253760,0.7714341563424364
1639276200,0.6196066426698779
1639287420,0.3290977780946037
1639306860,0.3179188875195313
1639320480,0.6158043107908758
1639334280,0.1070348023089356
1639346040,0.5353801898786053
1639361220,0.33336229474784745
1639375620,0.8480719930256317
1639387860,0.20970786313670278
1639402740,0.7776444557105404
1639427220,0.2057851251541116
1639450020,0.8753228424792333
1639475220,0.7243179596539027
1639496640,0.33681138750434425
1639511460,0.2970232951495711
1639525680,0.19962512136338986
1639540020,0.6639834226211221
1639561260,0.1285263599199073
1639576500,0.8928963984331715
1639593000,0.8843996917812221
1639605180,0.8762887974899021
1639623360,0.7929601685825788
1639647060,0.8080937241338451
1639670580,0.6129738951533247
1639683060,0.8264661853518752
1639698240,0.41509295813419594
1639717500,0.7786678755072423
1639729620,0.29264326540002705
1639742940,0.11661572636180827
1639768020,0.41258491017163
1639792140,0.20625101513545857
1639806060,0.2480902318737464
1639828140,0.4085025008445508
1639847100,0.6913037236213404
1639869660,0.9011135331118133
1639890780,0.39458847670845815
1639904280,0.6738150387745647
1639918920,0.335491760835238
1639935360,0.6278607810423747
1639956960,0.6492804263640697
1639972200,0.14087623871795088
1639988520,0.1937357383783206
1640002680,0.29228566245539844
1640025900,0.09282775235375325
1640038620,0.12371647744122143
1640056860,0.580770144712164
1640078520,0.8156679102975805
1640102520,0.924315110190292
1640120460,0.25747984570895416
1640145600,0.504627900120798
1640169360,0.04593763371508831
1640183820,0.239067213755393
1640208660,0.39402595922716777
1640223840,0.7989237604688454
1640240160,0.20895027935649516
1640262720,0.4776234902875113
1640275560,0.8456908514014227
1640288700,0.6209227863167242
1640311200,0.7352989612865546
1640330040,0.8241059186346043
1640354220,0.3643249125809145
1640377080,0.26379953179338916
1640394300,0.8903389873273345
1640405820,0.2292648815325529
1640422380,0.691611436951065
1640436960,0.7561093710802648
1640457720,0.8143572590236237
1640478360,0.5746544054432424
1640494560,0.26240163407849304
1640507220,0.27307954243303184
1640530440,0.8725084143775879
1640555160,0.726750814275116
1640578140,0.1810179361145274
1640603220,0.879896270042833
1640624760,0.10105417427558933
1640646300,0.7370015303606594
1640669340,0.3887711906171449
1640681040,0.7525976036841486
1640700720,0.7537240691602618
1640724000,0.7885295508845039
1640747460,0.181556270527455
1640770740,0.4478263237790819
1640790540,0.8115624599710839
1640801700,0.8325444530561351
1640825880,0.8679169207779145
1640836740,0.18912110613983796
1640861940,0.396589353948982
1640883600,0.23649067462201398
1640895180,0.6452423516198754
1640909880,0.49836240849769514
1640930160,0.8539824554266982
1640949360,0.597675208112552
1640965260,0.18196237388270128
1640981640,0.8326106831564677
1641003420,0.773318240598377
1641014520,0.2054834240429154
1641034620,0.7402759049961211
1641051420,0.7313180600452636
1641075360,0.6117131717062531
1641095160,0.5165523364003762
1641115680,0.7954749380027831
1641130380,0.34280312223377274
1641155040,0.8701247593331495
1641166080,0.7561309183818924
1641176940,0.8212501523726781
1641198600,0.8339609909555658
1641213900,0.6887423832026495
1641228540,0.10584036386577705
1641251760,0.7197267337913359
1641266100,0.7645609189929808
1641280680,0.7598635068655817
1641294240,0.36165274808811526
1641308760,0.9174712644268402
1641324240,0.8263682376165136
1641337560,0.2181937904622988
1641351300,0.8011735002444491
1641363240,0.21672529208989685
1641385320,0.6319276121838124
1641397380,0.30395369934738736
1641421440,0.3792458741562989
1641439080,0.27369193191558727
1641453360,0.19449367422904879
1641469980,0.11273572398532092
1641493920,0.8207186689146567
1641504900,0.08953627299669839
1641528780,0.7919444679456451
1641550740,0.836728604512009
1641567660,0.7302425737729799
1641584820,0.6465229666690641
1641601680,0.3912541080113297
1641613500,0.24712923510773827
1641637800,0.7864501507677453
1641653940,0.6044556203167211
1641668940,0.3509932177848736
1641691380,0.7545021933288577
1641712680,0.7663347148977847
1641733620,0.39794624348125396
1641750060,0.38745056859134686
1641769560,0.8178047785793456
1641780540,0.06135446959453842
1641795180,0.848292265805197
1641810420,0.33851950524320223
1641829560,0.9320292708989069
1641848460,0.783990412503457
1641868020,0.7439211382362203
1641893160,0.4381976954431832
1641911340,0.8901701260088382
1641930360,0.29673913584194833
1641944340,0.8937786747708064
1641955920,0.8506002426694605
1641967020,0.7095464425060788
1641988380,0.6810952611275499
1642011960,0.6708424453893737
1642034400,0.8100228755653205
1642045200,0.21549334134787942
1642066500,0.48266808443332776
1642091700,0.876283239916015
1642106880,0.6872329506278658
1642118040,0.11956024150440157
1642133520,0.7574189032664851
1642149900,0.6735491481123886
1642161420,0.0975038790760684
1642181280,0.621680123968501
1642200780,0.6747752171231995
1642219260,0.4711032072372649
1642233060,0.3100923533699407
1642244220,0.22733504233729063
1642257180,0.8217684442942894
1642282140,0.800516083789176
1642301160,0.7597822846425061
1642325880,0.6202757772088563
1642342500,0.5793552241612127
1642363980,0.22928971643002816
1642379700,0.32801916938895564
1642393560,0.3115375739583088
1642408140,0.7708762016453982
1642425780,0.2580676446826969
1642443180,0.5533672464503107
1642464900,0.41567439179074805
1642487100,0.23371484806742657
1642511340,0.7297649935556436
1642528440,0.8710246310578051
1642547040,0.10164066709877861
1642560660,0.6578234349837458
1642576440,0.8672445795060014
1642588620,0.6497014979997033
1642602240,0.250267296429262
1642624020,0.6131610105107933
1642646160,0.7554520176891215
1642668660,0.8272334012797126
1642682520,0.8530698947774632
1642706700,0.9036886021998634
1642719960,0.8739902866104146
1642735260,0.36961350054520914
1642755060,0.6786545086728502
1642773420,0.7533502088793081
1642790880,0.6386637381827742
1642802520,0.5142303596276234
1642818720,0.28805601841397926
1642829520,0.6922334545910502
1642843140,0.7130591860268793
1642854000,0.7047262021145123
1642871580,0.7800224565214796
1642886460,0.7649723386593478
1642897920,0.7282444276106274
1642921440,0.21288428678972668
1642942440,0.855226913069951
1642965660,0.7613296925254235
1642986780,0.6673886105367947
1643002080,0.8504928459419262
1643026920,0.6420458141578729
1643052060,0.10532292744686277
1643068500,0.44607925052105557
1643085900,0.22708160784070566
1643106540,0.8104005646713135
1643126340,0.7664765512310899
1643143920,0.8280540130677054
1643166180,0.31900498989994425
1643190660,0.828007217011811
1643203200,0.8854799671158365
1643216820,0.5801266874364552
1643233020,0.9304874849005133
1643256840,0.7448058684634082
1643268660,0.7364325128503376
1643283420,0.8469185818287116
1643294940,0.7643321199157121
1643317140,0.3947808385536187
1643331240,0.866560845923176
1643348940,0.206392719354036
1643374140,0.4215351238080178
1643389860,0.8406869825069095
1643403420,0.2653515535114077
1643418780,0.6613822468916514
1643439420,0.6892725144179808
1643451000,0.42834867816601363
1643463000,0.18950786034692926
1643480100,0.8534848018160479
1643495280,0.6181937585680614
1643519700,0.6403315079581001
1643534040,0.8925430464959963
1643549640,0.3369349358096571
1643565720,0.12651063035906696
1643586300,0.7250887465593986
1643598120,0.8400232285284197
1643612160,0.6198534387296852
1643635860,0.5303061337122006
1643652960,0.11740473943563601
1643665200,0.8001280450145186
1643677860,0.20481219620093696
1643698320,0.7700721102085712
1643709180,0.10076068371747796
1643726400,0.2707453194575608
1643745360,0.11778387991925277
1643762340,0.927110478515421
1643776020,0.8508130784909731
1643792160,0.8503681865010314
1643805780,0.6273486243647225
1643829360,0.21408641839812861
1643849820,0.8636243475239923
1643872560,0.6670701644563173
1643897700,0.9148113121717505
1643921580,0.20153161169930614
1643936460,0.797982098787203
1643957580,0.6735399482418888
1643979480,0.26290219052764746
1644004500,0.7050514376968654
1644029520,0.15004078719139277
1644053220,0.18833197612694827
1644074820,0.5971851404930664
1644091920,0.7814426012202902
1644115320,0.5941466135298107
1644137280,0.2892824574661773
1644161220,0.6182397423482698
1644175140,0.8790374097777698
1644197580,0.1467063672872795
1644209520,0.6967986768874042
1644222720,0.07767259139324732
1644233520,0.351871625903094
1644247620,0.734334488352833
1644265140,0.8039972685194027
1644289140,0.8583109285626429
1644304020,0.8466333333139503
1644324360,0.22259233326546538
1644340800,0.8846562735111327
1644353940,0.460710084255851
1644375480,0.37769535353897205
1644400500,0.6989611147216993
1644411780,0.3849928687435137
1644427500,0.8354635146622872
1644448740,0.27373382721204764
1644469800,0.7491128049947114
1644486480,0.26080990849020363
1644506820,0.9143701624101939
1644518160,0.11066499764747563
1644542520,0.4896092668622171
1644560880,0.5934545381294984
1644574920,0.34043072340044184
1644597240,0.19674022778212177
1644611880,0.6252627850582896
1644625080,0.6838733700836482
1644646320,0.6973157335396478
1644667980,0.6893360800447667
1644686700,0.49819688173150795
1644711300,0.45753931760056016
1644730980,0.22699858617566673
1644745140,0.454629503215774
1644768660,0.819509779201531
1644793560,0.6061736030474653
1644807060,0.43894341369237416
1644821700,0.44664785286129244
1644836640,0.8380028941854865
1644853140,0.8769559763849963
1644876300,0.0646866262621885
1644897480,0.6947954023402987
1644909360,0.8637033002406328
1644922740,0.7970606848420289
1644944700,0.5387424873058462
1644961980,0.48163488644819386
1644984000,0.7846822446637198
1645004820,0.21393584311049713
1645028460,0.4764635592416794
1645044000,0.3620364321267967
1645058940,0.058866642186533806
1645070940,0.4134385615856752
1645093440,0.2164346742346189
1645109760,0.19300451495401844
1645131480,0.888437045339009
1645153620,0.7650136349703264
1645167780,0.8399083861453389
1645181400,0.4897246265270192
1645197660,0.24037481811748082
1645219860,0.8220925584856383
1645233840,0.6737504624180752
1645252260,0.8760448070368186
1645271160,0.8773826957683551
1645284000,0.5780711893485007
1645307940,0.8036021434903955
1645321200,0.3827021129837883
1645342200,0.5637012965189029
1645355820,0.41191329603485793
1645378500,0.6728374601633376
1645400880,0.8976838999205776
1645421460,0.8897373070303063
1645434960,0.5968691522816957
1645451880,0.8433861619325052
1645471500,0.6565851266041125
1645486260,0.28305579776421025
1645509300,0.37233218717129535
1645521480,0.10739901876735204
1645532640,0.836364033565273
1645554060,0.464491062267484
1645570080,0.5680839956059629
1645581060,0.7562170138010795
1645592340,0.7708816137649223
1645606500,0.6154040372215012
1645622760,0.7921258343712702
1645634760,0.48455487362958166
1645659240,0.10123187822583633
1645683420,0.8657667906442987
1645703940,0.17268317090541943
1645721160,0.3517646545706147
1645738440,0.7927977631944687
1645753680,0.49179742673581683
1645765320,0.06917343665456847
1645777200,0.3847948992749857
1645799460,0.8820153159943436
1645818840,0.889459740963784
1645838700,0.4343669507009876
1645851960,0.8557932792342161
1645869840,0.4850038438521502
1645890660,0.7888654518276522
1645913280,0.8235142561138667
1645936140,0.19919525193051557
1645960440,0.8161310628832306
1645974300,0.905417063208617
1645992960,0.7716570879421404
1646018160,0.7742733950781994
1646031600,0.5936332316185965
1646051040,0.23593305513193102
1646070060,0.1427604168268296
1646084940,0.24131711253703902
1646099520,0.42271835260570345
1646115300,0.26905628634534895
1646135820,0.34830444695670243
1646152140,0.8367043137066793
1646170920,0.8735750283250204
1646186220,0.6568357026161694
1646199480,0.9250600784342589
1646212200,0.7755450095675668
1646225400,0.393745170437208
1646237520,0.2337301739896944
1646251620,0.8222124248995129
1646276040,0.7615235059108871
1646297760,0.7210645734824652
1646310540,0.2768302478485076
1646321940,0.9133490984623405
1646339220,0.8663491189606368
1646356800,0.4611413126406967
1646376720,0.21883809631396445
1646393700,0.5476765855099311
1646413080,0.46859299845883357
1646430360,0.8582810458799165
1646450220,0.39038513959553933
1646461080,0.35782232552056836
1646482080,0.7926260891546911
1646496120,0.4974804372416757
1646511060,0.8521392062910474
1646521980,0.765000999688456
1646538720,0.619002252407855
1646560440,0.552129884609278
1646573880,0.6644292918063694
1646598480,0.5585414936396987
1646617920,0.9150405259282225
1646641560,0.34290032056628517
1646656680,0.23397488479065298
1646671140,0.8964051449857683
1646693580,0.5841598596243941
1646714580,0.7083906273344277
1646730300,0.6685544961878886
1646741820,0.7295620913791316
1646756940,0.4087470927555402
1646774700,0.21030933881928832
1646796240,0.11578075492068117
1646810400,0.6983363943124518
1646833620,0.8114083503981042
1646855580,0.44640439279884825
1646874900,0.8533617410098292
1646889660,0.8190823044871368
1646908800,0.46948132061132675
1646928060,0.804793243728146
1646945400,0.4485911593613254
1646964840,0.3465710902210929
1646980020,0.7642044484861286
1646999640,0.2525004257748909
1647024840,0.8704079420884356
1647049560,0.8533853680058635
1647073320,0.7423046477002323
1647085680,0.7047262021145123
1647104940,0.18087046838248103
1647126480,0.8231973299826759
1647144660,0.3423704049125811
1647166200,0.7282191628282337
1647178740,0.8619452512887427
1647197760,0.7453888450219118
1647222840,0.6500076539617138
1647238980,0.6001827594658751
1647259440,0.3721925774666219
1647279720,0.2676743035955843
1647297720,0.8574440763116589
1647312720,0.8358997473104767
1647325380,0.8652508723529824
1647337980,0.8759054973871773
1647359280,0.9012958186256456
1647382860,0.6165483107602203
1647406200,0.5994092947788721
1647418500,0.6611729279621565
1647435780,0.09357272297439478
1647457620,0.9079001376732836
1647472440,0.8452863160433759
1647491640,0.6998339373515859
1647505980,0.725397194075443
1647520680,0.11857845458276868
1647532440,0.21953679461039816
1647543720,0.34210469224295637
1647559800,0.3431362041906888
1647574440,0.8856983524220833
1647586800,0.46635208360778907
1647606180,0.7109839303326329
1647621240,0.8484031239863999
1647633660,0.26781997552556913
1647654960,0.6153484745331318
1647668340,0.29244644338292924
1647689460,0.7325187585772138
1647700860,0.06304978897559224
1647713640,0.520047956304196
1647725160,0.6319861488289852
1647745140,0.8511731143560252
1647769620,0.7907085384425998
1647781620,0.11653689153227284
1647801420,0.3807413233888631
1647812340,0.6397280022346901
1647832980,0.6114566598778663
1647850260,0.7766083943960659
1647867120,0.7749828711320148
1647882060,0.8763193256513503
1647896460,0.2318219085859436
1647920100,0.09996180782141344
1647937380,0.6953264401294689
1647960240,0.045393973215729216
1647974820,0.9088619829616581
1647998160,0.29855404987640594
1648008960,0.7532085169426036
1648026420,0.8848669868288458
1648041180,0.08835244936429146
1648063140,0.7696326424700393
1648076220,0.8584492177380946
1648094160,0.9132890140084304
1648108440,0.3662259811457637
1648131600,0.5274596960943031
1648145760,0.9112302599150177
1648158000,0.2087834152327942
1648179000,0.5755689644635296
1648197120,0.8574553570522303
1648214520,0.9132445040943681
1648235700,0.8963066012716023
1648260360,0.6446945222609296
1648273620,0.23458864760705753
1648296900,0.5898727056931434
1648311720,0.6615075841523474
1648329840,0.5018875450085291
1648342020,0.3058918935922765
1648360080,0.6379765735561014
1648377000,0.772540712301595
1648395540,0.21701533563800837
1648410540,0.8931501555807833
1648424580,0.2802430185856326
1648441800,0.8547946500063258
1648464660,0.6392350850135547
1648482060,0.442264704279621
1648500180,0.08925089735212492
1648513380,0.6586236484580157
1648537860,0.884557916576633
1648562460,0.8662396493520885
1648577520,0.2587363304538394
1648600440,0.8200194839336999
1648613460,0.4956007972140588
1648634580,0.552607680485764
1648646040,0.05999219060800153
1648668840,0.8621174242557688
1648690320,0.9273054477341718
1648706940,0.6600463550622605
1648732080,0.35828388698979624
1648755540,0.7600767769144116
1648779900,0.2571516330141042
1648793820,0.2809936219317985
1648812660,0.05167123970493882
1648823460,0.2141311184073221
1648844820,0.6629100450525441
1648865940,0.4071116322610399
1648880820,0.3890447319249861
1648903080,0.7655022242052688
1648922700,0.23066046875402074
1648942260,0.10888995912376288
1648961460,0.21476852222113618
1648980480,0.7743899616196886
1649003280,0.8843678975453965
1649022420,0.03870932632168423
1649035260,0.37713022068837143
1649046600,0.2792330779537194
1649068680,0.8673254484150412
1649088060,0.9154221040351369
1649110740,0.5648276344413027
1649134800,0.5002014119628461
1649150820,0.632570168274754
1649161920,0.8058019191482486
1649184300,0.5556809385461183
1649199060,0.31341176305234864
1649218680,0.8026619821426559
1649237400,0.576899378404693
1649261760,0.4311067016248842
1649278620,0.344231377537894
1649302080,0.8848868163290101
1649323380,0.12561123596225093
1649344560,0.8535456682685969
1649357700,0.6403229802971581
1649375700,0.9233391710716866
1649395860,0.2733143594446196
1649407500,0.7066276080416616
1649425980,0.737452263574217
1649439180,0.8755220947614747
1649461980,0.19137261772263994
1649483340,0.46136582374779656
1649503860,0.21930935770552965
1649520900,0.7449861905019519
1649542200,0.9013360637761608
1649559480,0.38880055272926956
1649574660,0.66333167281717
1649596020,0.6563558754458373
1649620860,0.46851386983881493
1649641260,0.7224437821816261
1649657520,0.8475060453490528
1649678460,0.8978565443897853
1649698680,0.49207159293115155
1649718480,0.6902343616322918
1649734380,0.8105766401374932
1649755260,0.3246618121135163
1649779080,0.7993472864422154
1649790240,0.9042954610417352
1649812200,0.5003492785664266
1649823120,0.85138703349188
1649842740,0.8539267996048391
1649856780,0.2514544948772304
1649881860,0.5433066664586127
1649906640,0.32449094369608056
1649925120,0.6361207225927221
1649941500,0.5658912769979152
1649957580,0.08107442396660362
1649972400,0.9080532892035115
1649983200,0.7616987746284426
1649998920,0.8242009589567462
1650022380,0.247628935113351
1650036900,0.21994025464701428
1650061560,0.27229194123391715
1650076740,0.2848981928149884
1650093180,0.7650727277016982
1650105600,0.20791612108577337
1650127020,0.6503380906333123
1650149520,0.5834875763485243
1650169260,0.4458319779027672
1650185760,0.5955374582436717
1650203280,0.82317716150555
1650227220,0.9061915098414677
1650239880,0.32155350923730486
1650250800,0.6867374731949436
1650268800,0.30957356813551173
1650284220,0.5224113741081964
1650305640,0.8305588668655765
1650324120,0.21336813444726377
1650348240,0.5121734284987425
1650365160,0.09868188811976038
1650389040,0.5694274713548372
1650413460,0.6557440687946806
1650438300,0.45821336487181497
1650459000,0.7217497143840713
1650474720,0.10702332652040715
1650496260,0.23090995645845636
1650509280,0.6507789197741118
1650521880,0.12774370359074022
1650539700,0.22554188691297639
1650560160,0.663142562559682
1650579720,0.3363741079471825
1650602100,0.6165769670614327
1650624900,0.5949211144393364
1650644400,0.8105799810509974
1650664200,0.5782839501538987
1650683520,0.37717194430338874
1650697380,0.7945021159415225
1650714600,0.4227953537882739
1650738720,0.25709214498834754
1650757320,0.4450578088830485
1650775860,0.6216885584093483
1650789000,0.7512389708091729
1650809640,0.8135789499866863
1650830820,0.20394182738498118
1650841740,0.517752809558664
1650853920,0.432614510080814
1650875700,0.704214143329593
1650886860,0.46030632911719704
1650905820,0.20619153261974293
1650925620,0.8636362048502676
1650946020,0.8640806312402227
1650968520,0.9081084860472903
1650986460,0.8798157616894896
1651008240,0.44312232483997893
1651028940,0.8998090490725691
1651041960,0.7500742020000801
1651060020,0.20424945734517852
1651077600,0.8935231242466363
1651102740,0.6900035924903231
1651119720,0.4534085002371446
1651143000,0.5461381589111968
1651158540,0.8982160047942368
1651169520,0.13777729539348357
1651194300,0.8446433020514508
1651211640,0.3170950679067444
1651231560,0.44658618114179127
1651247280,0.28094467314154214
1651262160,0.894873507942982
1651284900,0.3668968823714437
1651305420,0.344772664374028
1651321080,0.30363090195444165
1651345680,0.6741775726269361
1651361820,0.6217967020026023
1651385520,0.6543496720221069
1651397580,0.7722532087906464
1651416960,0.643965885179767
1651440840,0.8496554654903989
1651456740,0.23618772484812922
1651480860,0.8744827466479036
1651495320,0.18801115972975835
1651518540,0.8942590244148207
1651529460,0.5288030372469388
1651543380,0.21235015109547703
1651560600,0.6238136711678013
1651574460,0.33008094556112133
1651587720,0.11916481390312796
1651609920,0.850103342863733
1651625460,0.7801686657552476
1651642800,0.6257688482062763
1651659480,0.5844683071219909
1651684260,0.4651344659915339
1651696020,0.7807281527388605
1651716240,0.1999584315525708
1651727340,0.2516912502244684
1651748580,0.06573856098243595
1651772940,0.8906180111161266
1651797300,0.043474872571100324
1651809120,0.6795373862951934
1651833360,0.3919265338201022
1651853940,0.27666942691539964
1651875720,0.08780249949195713
1651890900,0.8064067957347478
1651909440,0.11720274058382213
1651928280,0.7589983514944779
1651944000,0.8856132423420471
1651960320,0.25145701182848207
1651976460,0.5756855989497383
1651990980,0.4412861624995931
1652009220,0.1585931637148064
1652029440,0.7673334889939929
1652043300,0.808430220645413
1652067060,0.7712075453577232
1652084340,0.11135849288035865
1652106360,0.5824475354084722
1652126640,0.8534520728751064
1652145420,0.8260222385051055
1652164140,0.592298189015071
1652183640,0.16373857849873233
1652201880,0.6414815217607391
1652225040,0.780469794239847
1652243580,0.5388142868898137
1652268720,0.08326168983527563
1652293200,0.889638716704037
1652312340,0.8660368325311488
1652333100,0.7828674458297931
1652355540,0.8476624815155657
1652377620,0.9208293526011586
1652392200,0.25385019772698086
1652417220,0.08406813024461086
1652441400,0.8456279569302069
1652463840,0.2708997080016971
1652486460,0.4706913811230455
1652508060,0.6543522003388758
1652526540,0.180733218247109
1652550180,0.9109247789194377
1652561400,0.9092387341288581
1652578560,0.7561180869573592
1652594880,0.5829909666938538
1652615040,0.680693133609251
1652636280,0.5209291531314714
1652651100,0.7906744559418523
1652664420,0.08061794612453844
1652688600,0.5255796781606246
1652712000,0.8480494387538952
1652735340,0.8460677623730356
1652750280,0.7949599179309519
1652768340,0.5875016708559788
1652781300,0.8479512530918027
1652802000,0.7193030186841777
1652816940,0.48374678454140063
1652831820,0.8796847377531575
1652847480,0.8865139669916384
1652862900,0.4230892915510861
1652882520,0.8342158905103702
1652903220,0.9127879082237507
1652927460,0.824692665560651
1652943300,0.23082575473777
1652961960,0.8224926919119023
1652977560,0.06302740014366395
1652989560,0.8992554132697923
1653011640,0.586185558348112
1653025440,0.7873811905286061
1653038040,0.8125363139691116
1653050160,0.889348220057412
1653061740,0.7449547947155565
1653078120,0.9320951199004952
1653099540,0.3052808201998187
1653111300,0.839079708189107
1653124080,0.6199894024804649
1653146160,0.6560466628741941
1653169200,0.7987358907760762
1653182580,0.24966581031707039
1653199980,0.6986232213033913
1653210960,0.2914545436192924
1653228000,0.6615817180763541
1653239520,0.7122005614035918
1653253500,0.8530753625329011
1653264840,0.38209390203265226
1653281340,0.8466791013960163
1653304800,0.38806551823350527
1653324540,0.7039390954008166
1653335880,0.688475454998704
1653357480,0.7730816689636321
1653373980,0.6131613616744175
1653396720,0.31356195792331104
1653420420,0.07961879436884578
1653441840,0.46950021568014466
1653465300,0.6060168254078135
1653486300,0.5376278271724432
1653501360,0.09649707078515087
1653514320,0.8698275778211882
1653525300,0.7445859723143925
1653543240,0.7646712464995568
1653567060,0.174067062021021
1653578940,0.23043763291871888
1653599700,0.12081724989296568
1653623160,0.6419935464218626
1653648000,0.8875467678531201
1653669540,0.3936268729192336
1653690960,0.7742585919224833
1653703980,0.3119329194689849
1653726360,0.37173288395838094
1653749760,0.8831441882549189
1653770040,0.20652883255363533
1653791220,0.7705560194937386
1653808920,0.39765563599190223
1653829260,0.6929272823416243
1653844560,0.8877994068718171
1653857160,0.7133759193509004
1653874200,0.8083269957003472
1653888780,0.7996266513903719
1653911280,0.8993842694376865
1653933180,0.4806669964218018
1653958320,0.31057402010815155
1653975660,0.2897748526529393
1653988860,0.23509775915367154
1654006860,0.9014278240595927
1654020540,0.6413039883490311
1654041180,0.912278801536115
1654056780,0.6664527061744412
1654081920,0.8632892132165932
1654101360,0.7723877644020022
1654126200,0.8477746073450245
1654150500,0.6788350418328067
1654170840,0.8835148379107194
1654184040,0.9056519179425034
1654203360,0.2704133794582406
1654214760,0.6466634591103645
1654232940,0.4842768686458085
1654249800,0.8963086912673709
1654261380,0.9178713727296899
1654281600,0.18052225935917632
1654300320,0.5198499790562551
1654318980,0.33267311029387997
1654335180,0.3614458746082877
1654355580,0.5774584162051789
1654372500,0.31003809535003746
1654393200,0.22613340507887386
1654417800,0.3406015681104966
1654438080,0.15967030391971343
1654449300,0.2315965534751121
1654464660,0.3501147051499347
1654479960,0.8443641436088744
1654493100,0.8655180337279659
1654512300,0.19985101911924028
1654527120,0.8685030249644223
1654543320,0.43926966851904725
1654567140,0.9120410028889768
1654585500,0.48031487792418986
1654598400,0.5421924924889974
1654619700,0.8352611485925968
1654632240,0.5489313304931851
1654650060,0.8446657933677795
1654668660,0.779159429017296
1654680840,0.7572589096110052
1654700700,0.09173779777703371
1654719960,0.480418202863791
1654739520,0.8271520116166057
1654751160,0.23868685445279691
1654765560,0.6701519547660668
1654781640,0.22949531264361844
1654806780,0.7038862819720385
1654829100,0.8709326051927541
1654848240,0.6937674838009805
1654862880,0.8015280158479804
1654875360,0.4040337341883422
1654889640,0.9139089258136448
1654914420,0.6188090759024852
1654928100,0.3902618275976134
1654947960,0.21994433681315465
1654959060,0.7735787453401646
1654981260,0.5901272338991156
1655000880,0.8859664571902679
1655019240,0.7508242031225199
1655032800,0.37777894262463113
1655045760,0.19201308367089653
1655067780,0.7010451727523876
1655092500,0.2099810575979921
1655104320,0.6465763210646435
1655126640,0.3065930808166911
1655139240,0.7180959255069715
1655161320,0.3830972032116321
1655181720,0.6292566258587905
1655203380,0.8196005942790293
1655223600,0.4887090526384208
1655246820,0.24215815388426118
1655261940,0.8215750741561496
1655285280,0.7576570674533097
1655298360,0.4540245542897915
1655310300,0.11993714428410977
1655334060,0.08620068749353213
1655348340,0.7495623366074963
1655368620,0.05969265807531812
1655384340,0.7556755308229453
1655402400,0.817152560841464
1655420580,0.06302733470691375
1655433420,0.1878379716107229
1655453220,0.6700100247432128
1655469120,0.2096150559212681
1655480880,0.8070772887389118
1655501100,0.27905330387445487
1655515200,0.5422785342001868
1655528220,0.9024247801181517
1655551320,0.7887724610350964
1655570700,0.673735219941427
1655595300,0.5477667559667798
1655619360,0.5497988357709268
1655642220,0.3617386112631917
1655659260,0.1913016039467873
1655670300,0.23170819842186194
1655689320,0.06938222623169797
1655704680,0.17972883750810947
1655721780,0.6241725851343618
1655733060,0.6608119489465191
1655745720,0.33283042121275286
1655761800,0.2385911044643235
1655780940,0.43325957715893004
1655796120,0.061014971424491624
1655808180,0.3171831827716236
1655828460,0.659346466324361
1655852940,0.2541048117405162
1655876100,0.14154599641067536
1655901120,0.9111507404239035
1655917260,0.9044278540042033
1655942160,0.11178039637508017
1655958600,0.8420799930123044
1655982780,0.20174778018455772
1656007740,0.776921593136467
1656022320,0.24118168569440504
1656045000,0.4308333158948284
1656065040,0.8801194941710835
1656080340,0.11125242263160572
1656102600,0.6263012072805004
1656119580,0.766202410343457
1656137040,0.6394431444092524
1656153660,0.06070744285565358
1656175140,0.21744351284108887
1656187680,0.5472752325744386
1656208200,0.4763228915516638
1656219180,0.229587069059061
1656231060,0.371769206420256
1656243900,0.46414413277976607
1656255420,0.2335685688889588
1656277680,0.8383654611925986
1656302280,0.3840209311160652
1656314520,0.8674373495838634
1656339180,0.2594974793542543
1656359880,0.4368341557211535
1656381720,0.1833911823291987
1656397980,0.18198124670262894
1656416820,0.9163896902304501
1656428100,0.9357388843600053
1656451080,0.8431029012706994
1656464580,0.6308263249864167
1656489360,0.8258266924345067
1656508920,0.5443707963855157
1656531240,0.4886319485107925
1656542460,0.06823304507027408
1656563640,0.8607544197565996
1656574980,0.3102017587423769
1656586500,0.1800948762777252
1656600360,0.8245746339169059
1656615000,0.8654619854124582
1656637260,0.0573941903752147
1656653160,0.4134783141225329
1656670440,0.6167007659326349
1656688260,0.7820414340968369
1656703620,0.6723614996132533
1656718860,0.385904849655396
1656733920,0.8335472401978287
1656757020,0.4016094762684541
1656769320,0.6637887728828336
1656786720,0.8697483069018759
1656803520,0.8800835868266769
1656815100,0.8072249585933498
1656838200,0.7524241082509577
1656861420,0.7038261626006809
1656877020,0.803433841334912
1656888720,0.0688497662981822
1656911520,0.8895719288278369
1656932400,0.27664425822309824
1656947160,0.6824693567789981
1656963300,0.7578696339781879
1656977040,0.5845064771781326
1656993960,0.9022313492561408
1657012920,0.8203834020703209
1657024560,0.20616232580049138
1657040100,0.32220392547107113
1657056240,0.3208715261768881
1657080660,0.7159150258786321
1657095600,0.271488834896575
1657108380,0.8419095288925015
1657130700,0.27372828955901
1657155240,0.8757568714697964
1657171320,0.26886650232331644
1657185420,0.7522093494823823
1657209180,0.08922103002027752
1657223280,0.7512408456022148
1657246620,0.7815340405460763
1657267980,0.8708413964663255
1657285440,0.6076097917850196
1657306680,0.48380564445853796
1657328700,0.3904365816281245
1657341720,0.17449078416353256
1657362240,0.6713977649606186
1657382220,0.4148098095126649
1657398660,0.66166400286117
1657410900,0.6489569754838425
1657431000,0.3275812226126404
1657447560,0.7308995647679242
1657464840,0.7867859265271674
1657482660,0.2605678794026515
1657500960,0.8738066114675761
1657514460,0.6951653831258535
1657526760,0.353519251121217
1657539660,0.8711547736568487
1657551780,0.9305173131755963
1657570800,0.6820167854739173
1657594620,0.8191114839462578
1657618020,0.10435963366257138
1657630980,0.6396169097069238
1657651680,0.9155530596045649
1657675320,0.6909605295405215
1657692900,0.2161800159142421
1657708380,0.3905932934733817
1657732800,0.7939529490436387
1657754040,0.9133559673741012
1657778280,0.8003305572917159
1657795380,0.7196470211867547
1657811160,0.6062637443804636
1657829460,0.6492716423029059
1657853640,0.8873145444912087
1657868280,0.8256165789130255
1657893060,0.9056451182758908
1657908300,0.3523927047396391
1657927320,0.3227957619695747
1657940460,0.2260592667227725
1657958580,0.720299819954409
1657981500,0.6226672210317982
1657999260,0.39873867648072164
1658010300,0.8203443485560006
1658033760,0.8036912516850968
1658057940,0.5032723685099444
1658073600,0.23963390034032406
1658096460,0.635165044970107
1658115300,0.769062559513929
1658129940,0.49125304146413823
1658155080,0.7418461831384938
1658168940,0.7435015734893288
1658189460,0.3976869880081109
1658212860,0.8788321570312471
1658234520,0.6447185617516396
1658251920,0.4265608270654196
1658264280,0.8308339619098775
1658278380,0.2228769675609285
1658300040,0.4334929150433055
1658319120,0.4379968426075332
1658340540,0.27767127120761487
1658365560,0.42354408607299643
1658387460,0.5515439923752359
1658411580,0.5795995649860798
1658423460,0.2628105584106985
1658442540,0.5368837557740633
1658461740,0.8510196299807625
1658480940,0.8419125521399442
1658503740,0.12424495384314689
1658525760,0.4871185244740461
1658548680,0.5860311736450281
1658564640,0.3184108456270362
1658586060,0.8298590039257423
1658597400,0.22678460300444167
1658612040,0.7658015364614111
1658630760,0.6425226025654818
1658651400,0.18928746047505368
1658663880,0.5410933752774055
1658676660,0.8134683653281743
1658691780,0.8674246485924437
1658716260,0.8606567081138446
1658731800,0.6040125885529521
1658752980,0.7548033757405836
1658772000,0.8986713145902829
1658789580,0.051873058709450255
1658801040,0.6370568771486522
1658814840,0.39584069987232084
1658829240,0.7159929764979195
1658847900,0.7740362047644007
1658858820,0.11347737703553805
1658881020,0.6038809804838047
1658904900,0.9110863996500826
1658916000,0.4260680452955248
1658933580,0.060792249003785936
1658955240,0.05294767024620618
1658974560,0.8233078762602358
1658985600,0.7096151770178241
1659003900,0.9036055143266603
1659016560,0.8964841169178922
1659040980,0.16062211700270196
1659063420,0.6412667074707763
1659080340,0.1698887364885373
1659098400,0.8698912225118273
1659120960,0.36706148075049894
1659142620,0.9274210544300469
1659161940,0.4916686612395298
1659178140,0.3775981750427567
1659199920,0.5428689518376357
1659224820,0.4647935915673646
1659247500,0.813279589742224
1659262860,0.921815590050796
1659281760,0.6045086522208533
1659301620,0.8568665776965785
1659319800,0.911890991438588
1659339300,0.4796573233848275
1659364200,0.7881707048610787
1659379080,0.44338798593684403
1659393180,0.47869630245593264
1659408360,0.8368355982847415
1659427080,0.42596560003315276
1659449160,0.8621284529753375
1659474120,0.9274121896481435
1659493860,0.8839243498311575
1659517740,0.490761900474106
1659534780,0.7381911205103806
1659556680,0.7350234584024555
1659581400,0.7886736312420108
1659600900,0.6475487406475289
1659626040,0.05876588971139876
1659641760,0.16301128958075706
1659665820,0.35093417377086034
1659678180,0.7095598230307166
1659698160,0.2365256397354734
1659723300,0.17449078416353256
1659739620,0.8025144866523926
1659762300,0.4099034797411997
1659785160,0.9104164736431559
1659799920,0.6921710348189984
1659821400,0.860571908538604
1659845760,0.08941971987729598
1659861240,0.7161861311873289
1659880920,0.689382730465798
1659894060,0.889974564266727
1659906240,0.2213987794144529
1659926820,0.731592087050123
1659942540,0.928421578675766
1659956940,0.25089892176978795
1659970560,0.19436352665825338
1659993120,0.22744027830153085
1660006740,0.8760560525613471
1660030200,0.9122343311204875
1660045620,0.05227912734004211
1660066020,0.9105950363550128
1660077780,0.2449439602556191
1660095240,0.2620406669142165
1660116240,0.8388894096443326
1660140120,0.1257774014047639
1660159320,0.8295180089737565
1660176300,0.08094131839215123
1660187100,0.20877196056681252
1660200120,0.7320053986851518
1660214100,0.212822657436407
1660234860,0.8155939937174552
1660253460,0.667753286205896
1660278180,0.8028545680782703
1660295160,0.24164831352931287
1660319580,0.9221921110233893
1660336680,0.21603338661504887
1660360140,0.11241038874540336
1660373040,0.7326153073866735
1660390500,0.24056275302101118
1660412700,0.1736914317216908
1660430880,0.10531727546156346
1660445340,0.753590116614409
1660465920,0.7845042060045003
1660481160,0.5195026736191865
1660500120,0.5353838826126359
1660521000,0.22429832271232097
1660545900,0.7630024246358301
1660560180,0.7369890868190528
1660581360,0.5072263818132422
1660601220,0.09470718694921043
1660624980,0.13417266355318563
1660644300,0.8903983386020529
1660664460,0.8193136732323865
1660687020,0.7408767323096508
1660698780,0.6541399168580855
1660712760,0.4257728704094782
1660724760,0.5005090196064981
1660747560,0.7291703260319368
1660762080,0.1913016039467873
1660784640,0.26465704547482743
1660804500,0.520924881872671
1660829160,0.06673776817489759
1660853520,0.8110511105396531
1660878660,0.26460979896054754
1660903140,0.7667993886741823
1660923120,0.6348704661745956
1660943040,0.9203471631180024
1660963140,0.8453710159370198
1660978020,0.6350672604386681
1660997880,0.523821104303765
1661019240,0.6940963199051671
1661033760,0.5809056056597729
1661046900,0.8953512161035824
1661065680,0.7250101145167347
1661080680,0.22564723197241604
1661099040,0.2581055831509924
1661120640,0.7551269025823851
1661145780,0.7151978544742282
1661168340,0.7704677489954879
1661193000,0.14492112967575127
1661204100,0.7860828724778116
1661215620,0.902920442889795
1661236380,0.11228637411750728
1661259720,0.35565712447275916
1661275620,0.23668844366680192
1661295660,0.2174255641239239
1661310300,0.7845135012945658
1661330280,0.15972143548804665
1661341200,0.23895487124766282
1661358840,0.17837370813429415
1661373900,0.2088468633167135
1661398320,0.8186454578142845
1661419140,0.7661203507176887
1661441820,0.7802493388606121
1661463300,0.22316725711768673
1661476260,0.7875908113777554
1661498760,0.8767462520002463
1661514840,0.8295766942779657
1661536680,0.9364230984856875
1661551320,0.868462036231288
1661563140,0.2254880916951404
1661577300,0.8268300632481839
1661600820,0.9008159093263229
1661614740,0.38220562547425185
1661637240,0.7879240569228343
1661658300,0.8325617821108486
1661677680,0.8043188673141772
1661694120,0.6713861201289637
1661713020,0.7920495007509116
1661727600,0.8196409692142536
1661742060,0.6157355882109409
1661757840,0.21426542071694749
1661777400,0.6240982045191126
1661801160,0.8707528414049868
1661812680,0.4450008410768569
1661825700,0.8537018657045575
1661849460,0.8231278066412937
1661873580,0.2368356624463702
1661888640,0.3317080326531134
1661908620,0.1947344315086938
1661927400,0.5038747556271336
1661945520,0.6381993711689529
1661958780,0.4290459815468264
1661969700,0.1046247302117532
1661981220,0.4921618626316953
1662004740,0.6959622315224375
1662029040,0.1869874110912274
1662049320,0.10712841155918201
1662069180,0.24336876644420835
1662088140,0.2017652781638192
1662105540,0.5891115188032415
1662125700,0.4106425331022397
1662142500,0.8890688496195377
1662153720,0.855658521229054
1662164880,0.4567342312187179
1662178500,0.8039017021153205
1662201240,0.8052898928150535
1662217200,0.5731675323526686
1662229560,0.5289325718378639
1662244800,0.5774249548671677
1662267240,0.6775581042436433
1662284820,0.6620203966220621
1662304080,0.8402772475172594
1662317220,0.3657348550548336
1662340920,0.7720291606274259
1662352740,0.30364191058349455
1662377100,0.7020752797445443
1662400320,0.9082929577897096
1662420060,0.0761061400096553
1662433200,0.36841368657693596
1662454140,0.848469982493785
1662475260,0.05758752587185356
1662489420,0.8470904742830037
1662506400,0.8322150161911203
1662518760,0.3362182003402562
1662541680,0.889873547354912
1662563760,0.5854078925638698
1662588660,0.21485346942274014
1662612840,0.3419513139182431
1662636480,0.6660194140953493
1662650580,0.8586591917032649
1662665100,0.892123107614231
1662688860,0.04751167350481483
1662702420,0.8523630775688282
1662719640,0.7784629691532949
1662741300,0.2524287704861942
1662761040,0.203189492932894
1662775140,0.4170519442642832
1662799440,0.49623384669827214
1662814260,0.499045620699751
1662838860,0.7286197932178279
1662854340,0.822335830916544
1662877620,0.5734119614777219
1662896040,0.8167911770781823
1662919500,0.7625036214735419
1662934980,0.8073188054299674
1662956460,0.2294881266150824
1662979800,0.8947294575256804
1663003320,0.8739522209674314
1663015560,0.10305258628943949
1663038840,0.8070346415921535
1663053600,0.3699070278222055
1663068420,0.8856170730293262
1663089360,0.11657893309598844
1663108980,0.8933528241930719
1663133520,0.7546452094322431
1663145100,0.35711822037324215
1663167240,0.8971024913921523
1663181100,0.11682588213807357
1663192620,0.9313295181469492
1663217820,0.8320856387486297
1663235460,0.7632059781287375
1663248960,0.5291526519619821
1663271280,0.30632659332528445
1663288260,0.7357816781638371
1663305060,0.46893588047463997
1663318980,0.40412123760904295
1663330260,0.8818054891593966
1663344600,0.9355823832363591
1663357080,0.10174630216506002
1663374180,0.8870179468959152
1663393320,0.5860279279439398
1663405500,0.4213552150531333
1663427640,0.8100068937417685
1663451040,0.10798490132328926
1663465200,0.6075118342292766
1663489560,0.7006463144392114
1663502640,0.824164760589004
1663522200,0.21682998004073686
1663540020,0.7102816281035071
1663562760,0.6862379859448364
1663580820,0.9035481567821648
1663597800,0.9375819616113878
1663620420,0.5929006451410506
1663633680,0.8223133193478235
1663657560,0.9217256499071907
1663679340,0.7226460594367077
1663698900,0.9189104438042918
1663716420,0.6720631910255235
1663729200,0.23485326559473113
1663746300,0.09060866149292073
1663767600,0.26353449737275875
1663785000,0.3794954780099624
1663799520,0.36465914173343666
1663820820,0.33727986577020563
1663840020,0.29753957044840107
1663853100,0.7048839988253341
1663871100,0.34116732885401496
1663892340,0.8718736603633607
1663915320,0.4218111847401155
1663929420,0.07504688474240957
1663941780,0.7120174593139523
1663966980,0.8092111564979124
1663980780,0.42787963817107716
1664003340,0.6443807216652105
1664023320,0.44325081331759275
1664042700,0.7011724577476296
1664054820,0.7613836861712506
1664067300,0.8669364026142093
1664088300,0.2132217702431662
1664102280,0.8728652946346194
1664116200,0.6474579973628677
1664133780,0.32760265002348204
1664150520,0.2576454301344211
1664172240,0.6983407418521609
1664196120,0.8577363153778857
1664214120,0.24635382838932066
1664237160,0.42429473423449393
1664261640,0.23345688005951593
1664284080,0.8150058346734875
1664303400,0.36762904864552054
1664317680,0.9000363114368944
1664332440,0.8404925412726304
1664354640,0.8703045670622709
1664368560,0.8851484719326362
1664381520,0.8995272072336683
1664393280,0.4843155976914522
1664417280,0.8869906991013732
1664440560,0.7329180652408492
1664462160,0.9101180114661555
1664486580,0.26836772545312515
1664497860,0.8124133491682839
1664521500,0.8528784227819073
1664536200,0.224002619950561
1664560680,0.8374534313903782
1664577480,0.853954800682219
1664601120,0.39783819134896603
1664619480,0.6525514641519099
1664636400,0.12356980438256336
1664653260,0.8098872960484141
1664676780,0.6500235886573099
1664696700,0.3831124197850788
1664710140,0.7799191270966421
1664735220,0.7430957390370729
1664757960,0.45240079756277335
1664771760,0.23316511759532327
1664787720,0.04793682488423849
1664804880,0.4450727785678249
1664826660,0.07422050955122914
1664838180,0.8639726326480981
1664851080,0.3200153613128482
1664863680,0.11352260941504277
1664874900,0.11522710651666618
1664899860,0.6488661151400165
1664912940,0.7721917619336054
1664926380,0.2947114527338422
1664950740,0.6707790078074951
1664965920,0.3009055516506984
1664981280,0.21978468549155242
1665003240,0.9100827627947026
1665026340,0.9090197608075662
1665047940,0.8053966596697266
1665064620,0.27325313320864564
1665078360,0.6053089645178321
1665102240,0.9201512236218138
1665118200,0.20816249417763016
1665137100,0.07136164910641248
1665151620,0.7164318566960237
1665166740,0.8605784650317965
1665179280,0.8218200930086914
1665193620,0.2108290914119764
1665209520,0.5102561932381846
1665230340,0.4649744337449264
1665251820,0.2596323840294111
1665264120,0.7412057545813214
1665282660,0.6856441978913294
1665295740,0.7721360878248198
1665314820,0.6809681627306693
1665338220,0.8684974308771094
1665356160,0.6905857670759848
1665375540,0.7955301048279204
1665396060,0.23158865944403512
1665412560,0.3035710239156487
1665431940,0.8655250665678601
1665443640,0.18682676096105802
1665456720,0.817652290135811
1665472920,0.8454333952892169
1665485220,0.7884187948532755
1665497880,0.7934182965605452
1665513780,0.903280686875236
1665530340,0.21682998004073686
1665551940,0.11771732762835355
1665569280,0.08840496292836089
1665592320,0.8521613845645947
1665610260,0.6809685057832572
1665629100,0.7023543150280008
1665642360,0.13789445031677014
1665666360,0.5535499524817022
1665688620,0.5301368812056828
1665709560,0.8408330897349995
1665732840,0.09831258590160717
1665753360,0.26322781000134754
1665773820,0.7719292133587373
1665797700,0.9103059960388599
1665822060,0.12663560850122368
1665837240,0.8737942422674331
1665852840,0.19386452407414548
1665871260,0.4203098994363086
1665885840,0.735140826657403
1665907800,0.5402150616230235
1665928320,0.7498917960624102
1665947640,0.35119478352878647
1665968220,0.26200988927993024
1665985200,0.8658761401409546
1666004460,0.8196197109889369
1666027680,0.18063934841004603
1666042200,0.24226353494499409
1666054680,0.22236419023503054
1666076940,0.7589870046965345
1666092300,0.8043833675937863
1666113120,0.6735491687649652
1666123920,0.8826590605455612
1666141740,0.32341416440783677
1666161420,0.18951460352702318
1666180740,0.855144271042666
1666200720,0.6252087527958605
1666216020,0.10541132720625218
1666232760,0.6308241957618971
1666249500,0.5283401622028908
1666272300,0.10653503095072464
1666288380,0.5815259110998516
1666301340,0.7340793307709919
1666317540,0.6124357171607894
1666335840,0.817484370134331
1666348980,0.7376106293029054
1666369080,0.2508776220704825
1666390380,0.4741738759937904
1666408860,0.7448039010417284
1666423260,0.4924492813353905
1666441080,0.536359476325619
1666453380,0.3512675549087632
1666478220,0.7066409148838291
1666501260,0.4484520537536026
1666525860,0.77184711964206
1666537620,0.6644681318599837
1666556100,0.8572540282382014
1666572420,0.2843443199290048
1666584840,0.7646823166567727
1666601700,0.45245172367745357
1666621200,0.7640573146477181
1666634580,0.40123732377806703
1666648980,0.6873169369049082
1666673400,0.6492066297427417
1666696860,0.0926309498653699
1666718820,0.8942025214658229
1666729920,0.9211780685293506
1666749720,0.21993508702853812
1666761060,0.07150977402770961
1666776240,0.7930800274828363
1666787940,0.1272164111155006
1666804680,0.8638198250760284
1666819020,0.6262426465613377
1666838760,0.3783908600091615
1666852200,0.8938786659462257
1666866060,0.7832133328554054
1666884060,0.6887455547892412
1666895280,0.08777083805004947
1666908000,0.6098757863051188
1666931700,0.6592492822791528
1666943100,0.8102843942418336
1666965840,0.0922109861860811
1666983540,0.7691405573106731
1667007960,0.4023766787034767
1667025900,0.42572421564508184
1667037840,0.5911173112887816
1667051940,0.5985121615277385
1667068020,0.6956781638455029
1667091120,0.24057119274279373
1667104980,0.8383567029345019
1667117340,0.4388414791319297
1667130300,0.5489918595273553
1667149260,0.6585245785380172
1667168580,0.8581329106571571
1667187360,0.6442849353997798
1667204820,0.7928401610710988
1667221380,0.8591676678121978
1667236980,0.23559657333824677
1667262120,0.7461394115316248
1667280480,0.9168010531770403
1667298120,0.7596306966865376
1667316300,0.10930304680084704
1667339460,0.5949914327331884
1667350860,0.6704962155613015
1667368680,0.8346416586478268
1667380680,0.8719609360274189
1667394300,0.9028718296769289
1667411460,0.8505059780597984
1667432520,0.3877148923475869
1667454120,0.12981487002373404
1667474400,0.8828267128660607
1667497620,0.08856312525801444
1667509200,0.1181783531756903
1667526120,0.8894792252607083
1667546640,0.8518665745184409
1667557680,0.8479669569558573
1667581740,0.9140377918579221
1667601900,0.9397130312142132
1667613120,0.7625560365040854
1667628000,0.205842571496425
1667644200,0.9184497935557082
1667664000,0.18461720987435015
1667679480,0.07236169915642186
1667697660,0.8570797664163214
1667721060,0.9092341824424871
1667735880,0.8332784113516829
1667749020,0.8527064293124916
1667769180,0.6499680433018218
1667781420,0.9019217996298591
1667794740,0.724436488884055
1667818260,0.147545705699349
1667840700,0.7713941152746593
1667851920,0.7948826490420634
1667863200,0.8541506886248031
1667883060,0.043846765611901116
1667894340,0.07712675232084407
1667917080,0.11815045626256077
1667932800,0.8823649933086144
1667957880,0.7189039168860295
1667980920,0.09188661872071263
1668001920,0.19244420708112117
1668025800,0.46267612225765153
1668048480,0.05391931127983184
1668073320,0.7730556979502892
1668092580,0.8724061425953911
1668109620,0.9470474044345238
1668127800,0.8658044037404689
1668152640,0.7825443598604643
1668167280,0.2614244063644679
1668183900,0.053006890860795096
1668198180,0.868804427963161
1668216840,0.88849967841796
1668233460,0.8069363004042602
1668247260,0.2829309685173053
1668271140,0.87333935633845
1668291600,0.18221319001068192
1668314580,0.7550083275609482
1668329400,0.8558213551562804
1668343800,0.8286284502764042
1668368040,0.8442898484880276
1668382440,0.1303307118871866
1668398160,0.7181606245804489
1668417480,0.7873855394937809
1668442260,0.5922847066767997
1668466260,0.712424769797228
1668485520,0.2981968074978802
1668498540,0.05524517408869257
1668515160,0.05480652565236868
1668535740,0.8462667679636569
1668556500,0.7272320177682982
1668574560,0.2461825646008138
1668588900,0.8180015549674667
1668609660,0.037199172270065445
1668627960,0.862008167596692
1668648960,0.12602587322242528
1668666600,0.8080040340951236
1668681960,0.8185025171699921
1668696540,0.7437692501282249
1668716700,0.8909556791798328
1668727920,0.8466412977035335
1668740880,0.8293385636529809
1668753720,0.8453700954674155
1668769260,0.8905650103499503
1668792360,0.1200226290198744
1668809280,0.7780831124031682
1668820320,0.7986550362288043
1668836280,0.8894062597780906
1668852180,0.78428530517337
1668869400,0.9212941529534309
1668883320,0.5664915937928224
1668895380,0.07371818320303518
1668907560,0.6891771910056391
1668925860,0.9076599003176538
1668944400,0.46785001595923437
1668958440,0.8341472062806377
1668982740,0.8214015398367936
1669004340,0.9306217683888366
1669021800,0.8695938990068564
1669034340,0.0441265150765066
1669057200,0.8376924672821601
1669072020,0.8304450075350013
1669085400,0.8916855837002292
1669108560,0.7351873786490304
1669129740,0.7614927162469288
1669140840,0.05733474084210373
1669161900,0.6638998513518158
1669175340,0.043183544201027234
1669195980,0.10938604484585983
1669218120,0.9367519662413969
1669234080,0.3374738208115054
1669245540,0.65875880047734
1669268280,0.24568462333917013
1669286460,0.5024725637475824
1669300080,0.3067234787344765
1669318260,0.6406395837951089
1669342500,0.8363947736391208
1669365600,0.13124732629439428
1669388460,0.8054900606241809
1669408920,0.865366467942983
1669419780,0.14307904512404698
1669441980,0.20767074650339024
1669461660,0.727283710349549
1669473480,0.819188014985186
1669491300,0.8505122378235253
1669504620,0.895419298799914
1669524240,0.7447820604304038
1669544100,0.1623779415038896
1669562760,0.1470370704201494
1669586040,0.8922496353491861
1669610880,0.8885384186573448
1669627560,0.919947820189472
1669652220,0.48706409646266974
1669675620,0.6457861019175785
1669691100,0.3988393873085309
1669713900,0.8754895264786328
1669737000,0.8328713358169053
1669751880,0.7425091254548609
1669768320,0.7425186997450148
1669788000,0.9076227257138857
1669806540,0.5997309591404287
1669831740,0.8678399467702613
1669852860,0.9112437363831467
1669869780,0.902078136258905
1669884840,0.07417831878423756
1669905000,0.81649526939288
1669922460,0.61748600685064
1669935660,0.0800077198617507
1669950060,0.7633224316750421
1669974780,0.7811894154425985
1669997160,0.7915314914247125
1670019960,0.2510094115454817
1670031120,0.7839019045825599
1670055660,0.31133367554484176
1670079060,0.6628543962129061
1670099340,0.42470099784924203
1670122920,0.2740272678083975
1670134020,0.1512686177963881
1670146440,0.9228502102272343
1670167740,0.15447968078206933
1670191440,0.21019447471522004
1670214780,0.6428852087883126
1670228280,0.7554982144169885
1670250600,0.7470341940848866
1670271420,0.2893173876118291
1670283000,0.8733537812338212
1670294700,0.8816038721763089
1670311080,0.194988537313131
1670326200,0.07311900835627615
1670339280,0.15407631829409005
1670358900,0.7650702308668917
1670377800,0.8184466551041797
1670391660,0.8213664969364339
1670412180,0.7250786168036006
1670434560,0.8729536712033517
1670448180,0.9139028733774757
1670461380,0.34787780625870784
1670472900,0.40369316640961295
1670488140,0.774616314764152
1670511300,0.8565843333856759
1670528220,0.057578333150605975
1670542980,0.33929556102681274
1670565120,0.11537537708561647
1670582880,0.27957021501109697
1670606220,0.8940721674688782
1670627880,0.6822263840115621
1670649300,0.8693479062375907
1670667540,0.8660428343220499
1670681280,0.8289485724155204
1670705760,0.36674191125877337
1670724360,0.2835306250810498
1670743680,0.8881491373778052
1670755860,0.1125447197403246
1670771700,0.10749203453803201
1670785740,0.6389161636543244
1670805540,0.6878046279757012
1670824140,0.5209245783634027
1670841420,0.8834842604014971
1670857500,0.9006420637808245
1670868660,0.6776413085078083
1670887680,0.8872485452740891
1670912820,0.2347207142054844
1670933040,0.7386122216202932
1670949360,0.6729313206005411
1670967240,0.8704754111358535
1670984760,0.07444510138334423
1671002880,0.8259711666755876
1671025500,0.4781196485333997
1671044520,0.8974859855352487
1671065820,0.7657906017399552
1671081180,0.2390285567642683
1671099960,0.870587862009462
1671111600,0.8613245423268144
1671125400,0.9402777557756761
1671148080,0.8424792210308703
1671164700,0.7846122198303946
1671179460,0.7857965332321633
1671200280,0.8587281444684612
1671223680,0.825633074946462
1671237120,0.9363115749353311
1671257640,0.5949036644429379
1671278700,0.8746638793103403
1671303420,0.1650390296652113
1671315900,0.3895089911362425
1671331920,0.27276966639003253
1671348600,0.06821117439641688
1671364560,0.7731063285612879
1671378360,0.8769664148728018
1671399420,0.8751615768523344
1671421080,0.12748333346573454
1671439740,0.5058735948025384
1671450660,0.918440912852908
1671475860,0.4337403575028759
1671494700,0.587905161176705
1671511800,0.7745410041014031
1671527940,0.930786468367366
1671551160,0.8344476020487755
1671563340,0.4414694718562195
1671578040,0.3372329104335802
1671597780,0.8764267376518271
1671613020,0.4095960224912542
1671637140,0.2847376827267493
1671656940,0.04227878800095964
1671670020,0.47565393010387824
1671689400,0.7600908493915097
1671703920,0.24014115231825423
1671718500,0.27317821456406766
1671731760,0.6476823630961648
1671743460,0.8786774063602144
1671761400,0.5067752369288692
1671773100,0.6503395009422145
1671793200,0.8640716613550984
1671809460,0.8336630004293517
1671833040,0.5337482402245894
1671849240,0.3032159887422723
1671864480,0.9103782633226021
1671881880,0.3022336702048548
1671897840,0.19633265355119095
1671915660,0.35446285017107443
1671936720,0.22153810049664294
1671952620,0.2988337434588964
1671972780,0.4597965406827467
1671986580,0.24407736129754276
1672003740,0.8797563723327199
1672018080,0.154767707368591
1672028940,0.9068016011762415
1672047360,0.844911596482603
1672068240,0.11418479349328674
1672091880,0.8884310811842185
1672116660,0.7600778257904685
1672138620,0.23726596310683487
1672153920,0.8003583969012105
1672166880,0.5057614041744588
1672182600,0.21420188180251773
1672207320,0.23288076224434115
1672221780,0.929716691974635
1672239120,0.24655248276442993
1672263120,0.44864562754522813
1672285320,0.25303808019018514
1672307160,0.8661296030948821
1672326360,0.5546494767319395
1672347720,0.33403017107233857
1672360620,0.7651951058393774
1672381680,0.760994393093849
1672392780,0.26658220098806645
1672414620,0.9077806307730186
1672431540,0.06621565378746283
1672456260,0.11500022986891507
1672468200,0.1888088457276801
1672484580,0.8819538298122138
1672502640,0.18876435450135043
1672526220,0.30580472487506577
1672546140,0.21862190095444164
1672569420,0.5949306307799435
1672588860,0.3843262758767019
1672606500,0.07480101399778917
1672626180,0.044268073530630093
1672648320,0.1548200945312913
1672667220,0.6962864401162804
1672689480,0.7788367647860964
1672704360,0.8368112453603256
1672725540,0.9080354565534787
1672740120,0.04653617860132467
1672759320,0.885701874058746
1672774320,0.30670235736555224
1672795020,0.803746058378212
1672812000,0.22026311115764918
1672835760,0.8453534559491025
1672849200,0.05818304111604792
1672863180,0.9159177243526209
1672874700,0.2836297906082296
1672885980,0.34335163223501713
1672905600,0.2099603794706785
1672927380,0.8189424336469896
1672947540,0.8468748965936375
1672960620,0.9388833334750157
1672983480,0.09908822583691958
1673005800,0.781937544040521
1673021220,0.7632614503921111
1673038500,0.5498784103920017
1673057880,0.7313919056146256
1673083080,0.738460654041848
1673103180,0.08700379290967479
1673124060,0.9222760039407274
1673135280,0.2034302282197987
1673151000,0.5518816569966386
1673165160,0.4685716385602826
1673178180,0.628909631363307
1673195520,0.34934928489563233
1673206980,0.7406554415220709
1673230620,0.6810433423615384
1673242620,0.5916493385812941
1673258880,0.7403192156749555
1673276400,0.6391017340625718
1673295300,0.2667750487240822
1673317080,0.23729675215308554
1673329200,0.689242682098375
1673341740,0.8941426997033586
1673363880,0.9371732448396474
1673375640,0.040386787006511285
1673394540,0.20371679843068785
1673414220,0.5732186572522092
1673435820,0.816017479932382
1673455560,0.40776964999896864
1673467200,0.45355886535195633
1673486340,0.6365478054390769
1673506140,0.2291278437184787
1673525880,0.8309065837090795
1673537700,0.756994247389983
1673557140,0.9089650048029706
1673570400,0.16435739506026087
1673585160,0.4703548654699037
1673609580,0.6700021065252286
1673633280,0.04778036204141653
1673648700,0.8032390617620708
1673671020,0.6157480503483233
1673692020,0.7347176730924335
1673709480,0.36397239242273305
1673725200,0.39761263298621236
1673736720,0.6758332098765026
1673750580,0.8371346828331064
1673771460,0.8591635799437909
1673788860,0.7275379319568558
1673802840,0.19876453272248326
1673822460,0.19510385132423438
1673844240,0.7796377109551957
1673869200,0.6492006372119306
1673880180,0.0806230468792794
1673899800,0.11747327081934138
1673922480,0.28524243244047026
1673935500,0.39586210318295045
1673949120,0.8514871354341522
1673959920,0.8887277021184572
1673985060,0.13670330286996474
1674003780,0.6117035404537133
1674020340,0.3343212547978121
1674032520,0.8812061769767305
1674049680,0.5188621371268048
1674065520,0.8571445456064444
1674077580,0.889252526452019
1674089640,0.9099851624987119
1674112140,0.26960732303351037
1674123720,0.6389926400829109
1674143940,0.8901206052808021
1674166680,0.8686282094745
1674185820,0.4388518011497407
1674205320,0.15880997430369506
1674222420,0.8621025802575046
1674242520,0.8121250561548804
1674263160,0.6047110474554609
1674287700,0.29952390767126635
1674311520,0.07296997832293153
1674331440,0.8826619374481537
1674342540,0.8265088914007339
1674361500,0.7500975785186009
1674386460,0.6637141052182777
1674398640,0.6705778301341125
1674420780,0.5196645930656164
1674445680,0.8152874523967703
1674465960,0.8425389121596613
1674489000,0.8964170852015337
1674509100,0.13098538452902156
1674526680,0.9020086748531483
1674550320,0.4558080133468352
1674561540,0.5142674232993467
1674581580,0.1591812200619205
1674605820,0.5173435360307539
1674629640,0.8520127791587667
1674651660,0.1735541623029695
1674667800,0.6893358708884236
1674683820,0.9207353849968478
1674697440,0.8407177523385777
1674710040,0.8750249089443057
1674730260,0.3607399348950543
1674747960,0.883461325058668
1674770040,0.9308448535992719
1674791340,0.5206715121239662
1674810600,0.10441431697278639
1674834480,0.2195568916575903
1674849060,0.6742696549107181
1674869160,0.6065781001563181
1674884340,0.07263812258083041
1674907680,0.22855368831933817
1674922020,0.6903823886372727
1674943860,0.24415890083982708
1674968400,0.28971980219984983
1674988380,0.6005357747416387
1674999300,0.5211744867342962
1675020960,0.34947316431210873
1675039500,0.44753181820837856
1675052400,0.3117524429791713
1675073160,0.928519994276661
1675089060,0.5275641293462876
1675112340,0.5127329578073717
1675132020,0.7062701797569831
1675145040,0.3655059405083725
1675159260,0.4864898282752623
1675170240,0.11888311124444856
1675185300,0.7836462846006346
1675197180,0.7573298342275028
1675208700,0.8884224781617514
1675230720,0.8521524576738091
1675241580,0.5834761211758269
1675256340,0.7293849815287415
1675268220,0.8931931110968983
1675279860,0.8092210517364942
1675294740,0.5231668721807022
1675307340,0.745134645265136
1675328520,0.655683546228614
1675349460,0.8080174460769326
1675369140,0.6538830952443857
1675388520,0.9442130711272471
1675410660,0.6793493649926636
1675423380,0.18268502690226912
1675445940,0.584452186779536
1675465080,0.9086173245586254
1675484880,0.2852759402799409
1675505460,0.4777595211215452
1675529520,0.3414819829468773
1675541640,0.3547947906760212
1675553640,0.4803122624012731
1675576020,0.7578749549339335
1675595340,0.7892488297274267
1675608960,0.7642352998309447
1675626840,0.2759230827070564
1675639260,0.8914759789026832
1675659420,0.8605596823318958
1675682820,0.07455077589038757
1675693800,0.4195813445966664
1675711380,0.5385485662661176
1675729920,0.793081253636576
1675742580,0.8525609590422071
1675767420,0.14249386225706
1675788720,0.16523161010491094
1675809300,0.6534020556874067
1675823340,0.859188671844169
1675846560,0.2534289274213802
1675865520,0.5884823834761246
1675878360,0.885281335993875
1675890720,0.13836542692637935
1675903320,0.9302727510615371
1675924740,0.341331371573938
1675936080,0.8831894778720165
1675956600,0.4466510688387671
1675976340,0.2571381864647692
1675992180,0.7784463917860346
1676012820,0.1455036064915024
1676024880,0.4943408502540255
1676039820,0.3320627089885795
1676060940,0.22531001184678512
1676076300,0.8614662911117728
1676098020,0.9121383335591926
1676121960,0.5972184006298885
1676140560,0.4446856793191022
1676163120,0.7638431510461052
1676175000,0.6027527259563542
1676185980,0.8078725021850278
1676197740,0.6196939689541727
1676210100,0.26607018832288465
1676221500,0.26190120755756274
1676237460,0.24757971789121727
1676248440,0.5097567214679674
1676270940,0.8907504236867319
1676281920,0.44844993402975564
1676293740,0.8730837284511197
1676310060,0.6092405406774799
1676325360,0.04413774320852577
1676344380,0.3566193396381339
1676366700,0.7932550286176362
1676385960,0.8830815648414118
1676406480,0.9389331213574191
1676424300,0.8909891808250241
1676445960,0.10345524201097311
1676464140,0.8302151059562004
1676479860,0.9126681278380858
1676491500,0.9219537326687333
1676507220,0.7183621109370829
1676532120,0.8382042528972143
1676546040,0.109199262290942
1676569920,0.7988398245761347
1676581140,0.8877682359864261
1676598840,0.3605798385767837
1676618040,0.31668728737830715
1676640420,0.13271501422658696
1676653440,0.883815479069186
1676673840,0.10350681727944942
1676697360,0.5294987468193395
1676711340,0.5571592343625356
1676723400,0.2270039061670678
1676737200,0.3451524206912992
1676756820,0.22795821283153408
1676771940,0.27496962663162516
1676788740,0.7992322932360766
1676801160,0.8736754517087134
1676812740,0.7919585797360348
1676830260,0.7466174146280979
1676850120,0.07007822344359839
1676873340,0.40257720706032213
1676885160,0.8786085931380588
1676897340,0.285147154721814
1676914860,0.8000408830335851
1676935920,0.12980071786093228
1676947260,0.8344677307791305
1676958600,0.1403594422889721
1676974200,0.6816151063860293
1676988720,0.7385099138063576
1677003840,0.6941268970576004
1677020040,0.8861850565927163
1677042660,0.898690736421094
1677060420,0.7651108522026934
1677071580,0.4423633797284393
1677093360,0.48999059107673765
1677110880,0.6947114087943249
1677130200,0.8597133745351653
1677146880,0.7657767415930795
1677158940,0.8867734875458575
1677173940,0.831802407922221
1677197760,0.9235767851989801
1677210960,0.6678316729675583
1677234000,0.6916018248973511
1677248220,0.11166585568879324
1677266580,0.13022690803408182
1677286080,0.721255582014944
1677300900,0.5256241849882983
1677324780,0.7657012810717404
1677349260,0.6417838350000701
1677373920,0.21892903165544364
1677390420,0.8280230982165002
1677410640,0.8243433456478653
1677422280,0.8013062150735358
1677439920,0.8156878382179139
1677455160,0.385486189809549
1677479880,0.8500897680551406
1677501660,0.6561351617953097
1677521460,0.8862214713212598
1677537780,0.9468006753706262
1677558120,0.25133053617258316
1677575220,0.25313698610905666
1677587220,0.15842821928129688
1677601080,0.9481023401933548
1677623760,0.128008884673238
1677647820,0.9166418608303788
1677672720,0.25220062483258704
1677693540,0.6262208037728759
1677714780,0.8083457467721328
1677732420,0.910132692112728
1677753840,0.8068199634590656
1677771960,0.6800630948200497
1677796740,0.7154455712039314
1677808380,0.1332213080742927
1677828540,0.6745115355957382
1677846360,0.8596949368785509
1677861240,0.8657742451311711
1677885540,0.6358636157235938
1677910140,0.7167688270860075
1677930120,0.20813877500197245
1677954120,0.4925233258978536
1677975240,0.2961529989333043
1677988740,0.26194705025020604
1678004760,0.8354999264313933
1678024320,0.7119184083240684
1678042020,0.4259015983598416
1678065660,0.2759073847092781
1678086780,0.6546322213799812
1678105020,0.9100802198235821
1678129080,0.13216619432246274
1678143960,0.9323214041901638
1678156920,0.9020165946380734
1678170000,0.828568559568413
1678190640,0.7357433252131479
1678206300,0.9061274311798406
1678225620,0.6664351552283535
1678242120,0.14635991108298657
1678255680,0.8961050946535644
1678275840,0.29795356493259423
1678294140,0.7158340624889886
1678307400,0.5479787018676654
1678326960,0.04454309838639392
1678350600,0.24638923859958264
1678364640,0.7907677398658934
1678375620,0.3475329557280006
1678395780,0.13016794305019105
1678420020,0.13716438771625908
1678440900,0.8257354943046026
1678454460,0.2532898101503916
1678476480,0.803347438684163
1678498200,0.9372321669510456
1678521360,0.13274460729164173
1678538820,0.9292386277952606
1678560240,0.5747139266980471
1678581600,0.8125584729011226
1678594440,0.701115154201045
1678605780,0.5705128374530004
1678622280,0.8478818850552724
1678641360,0.8940520088980242
1678653420,0.1244601301681856
1678676580,0.11358629559540084
1678697460,0.272220505993472
1678712880,0.6293632151421266
1678728360,0.7634371571740514
1678748040,0.7638030557880611
1678761960,0.5384041963073193
1678786020,0.7675254656137084
1678806360,0.5841138266451377
1678827120,0.9372109601848464
1678838280,0.7766754418711943
1678863300,0.08759417783301587
1678880220,0.8829528998632699
1678898100,0.8049941149173586
1678922640,0.07842509516754005
1678946340,0.04005817146294058
1678970340,0.8813979310784382
1678990380,0.6708818256936644
1679014080,0.8583716434081666
1679029980,0.4373628133243796
1679046480,0.8878825402955332
1679063400,0.13791422780988832
1679075460,0.22347474846133042
1679097000,0.350072249530463
1679115420,0.6570813060629636
1679127900,0.7441702664189846
1679141820,0.7578483959236976
1679162640,0.22575547617751363
1679186520,0.779139147263906
1679205240,0.8278629710366678
1679228760,0.41192974732065435
1679245920,0.19845655693944428
1679259120,0.8622816378102379
1679271300,0.8581581687412463
1679289540,0.5924242470377982
1679310300,0.8368912306797028
1679322120,0.09421668011489441
1679333580,0.04116397917801582
1679347020,0.22647567961021545
1679367120,0.5659293241886252
1679379000,0.9037822208955947
1679390460,0.2823330013602055
1679415000,0.379187669022808
1679440020,0.3171729154011128
1679463720,0.9067281783093867
1679482080,0.39393133761287363
1679503080,0.9222405359653243
1679519100,0.9131354668989746
1679533020,0.9215395231939699
1679546100,0.8462344012172867
1679569560,0.390678720982437
1679594100,0.8090606289275686
1679613840,0.16359189285814932
1679627520,0.16373317212602073
1679645100,0.8396610179017846
1679666160,0.4455460460471043
1679680740,0.3267940304368375
1679698920,0.11639027150667516
1679715180,0.3488034699619297
1679728260,0.6055601435184891
1679747460,0.15800533481509152
1679760300,0.4223032644507769
1679775120,0.8732014171216657
1679788680,0.5704451911085906
1679804280,0.2185337525573906
1679816040,0.44619782830845095
1679831100,0.8696559649704819
1679854680,0.2237250900704439
1679869140,0.06698235229352184
1679888820,0.06806653677905905
1679906760,0.9098133638556116
1679921520,0.8517833609208064
1679941920,0.8232915239363355
1679960580,0.8911570695946495
1679985420,0.9310149250575956
1679998860,0.62291324322348
1680019380,0.13082231185008578
1680040080,0.9092256751584661
1680054720,0.9202148527982826
1680070020,0.9373978022430707
1680088020,0.6486792550571744
1680099180,0.8491013806562044
1680117480,0.9079170839508134
1680130500,0.7433510018716534
1680154260,0.27188580170919163
1680171720,0.3234342314342093
1680183540,0.04356501109937165
1680195420,0.3301895848310245
1680207960,0.04990977989963968
1680220080,0.2553408886312416
1680241140,0.9061673834665976
1680257520,0.8713975882237621
1680272340,0.08027728286079573
1680292500,0.9164035047035989
1680317340,0.14945756738327864
1680331740,0.691648642907199
1680352140,0.8298515566875996
1680373200,0.6205398810167193
1680393120,0.27511076146557534
1680415140,0.3061187007905084
1680437040,0.8219786975097492
1680452400,0.6858934058853435
1680471000,0.632336309675123
1680486900,0.8721931772029012
1680501780,0.26046004194648686
1680520980,0.703477446791449
1680540540,0.04825864828509327
1680565620,0.34812691372613513
1680578940,0.6598680667987951
1680601980,0.8570047623737652
1680624240,0.905094746790028
1680646680,0.6891465241347076
1680663120,0.3707361011867567
1680687240,0.27664625277644456
1680709560,0.1155390795823538
1680727980,0.46542857971911367
1680747360,0.13215233375268548
1680763680,0.7612794261814766
1680782100,0.6974344421959218
1680799620,0.1310467521776203
1680819240,0.11032612732627982
1680841320,0.22144163502678027
1680861300,0.8918070330758165
1680878640,0.4478800488193138
1680902040,0.45076017119850426
1680914280,0.0409274442310081
1680926220,0.8873526242810447
1680950400,0.8956403870951302
1680966540,0.8538488242351016
1680979260,0.18927670117205522
1681000800,0.7572397333990264
1681017420,0.4692883535778386
1681040400,0.3978616280737604
1681054140,0.3608381176711774
1681072140,0.5594459157623362
1681096920,0.10476038147406956
1681121280,0.6905351321626197
1681134420,0.9111489808427055
1681145580,0.44793365714452343
1681161000,0.8870705910260741
1681182720,0.8879559937097217
1681194900,0.25215434596688857
1681215720,0.7773611971673672
1681229040,0.3039896351519838
1681251540,0.5217366065666881
1681269000,0.869359323867189
1681282020,0.8823191295918814
1681293780,0.7817202558219991
1681315920,0.7643284666488597
1681337580,0.6531382551496524
1681358220,0.2214729754071
1681375800,0.08456646608415544
1681388520,0.05534835212994089
1681405500,0.9185508253627523
1681430460,0.7394149835491425
1681447680,0.8467905834712177
1681467660,0.7365612932233427
1681483080,0.04329357489885576
1681505700,0.49370491218908436
1681529220,0.5659865012551462
1681548300,0.6631446482552528
1681561680,0.7455647521928549
1681577280,0.41840018109471905
1681599000,0.2301659537194564
1681610280,0.42650244523890124
1681622940,0.418909734305087
1681642140,0.7004507710593761
1681664100,0.7572933227165719
1681688160,0.5821872119912758
1681704480,0.33388120632718704
1681717680,0.4326952246098403
1681742340,0.9354295918633915
1681765200,0.46841773931010183
1681784880,0.0911745783446098
1681796820,0.5818422651128807
1681818480,0.170469613571296
1681841280,0.8427202069284115
1681862220,0.8019131083263432
1681878360,0.7925703536573706
1681898940,0.4686747200369442
1681912920,0.6770362828653876
1681937760,0.8155728204791162
1681949700,0.04355258569555226
1681966320,0.868801778283514
1681990560,0.5878590348158825
1682004420,0.935931077674928
1682016240,0.9413020570634948
1682029620,0.4572082368835433
1682053380,0.8699060961232192
1682067660,0.7153207116878137
1682079900,0.5122413360842496
1682099880,0.8065126393050484
1682116680,0.10511834001937893
1682135640,0.47072416697522995
1682151600,0.10538567823755811
1682172720,0.5133331379616015
1682189040,0.7577016521998032
1682205960,0.8355490632206969
1682227620,0.7601688186324249
1682245380,0.6692093896142908
1682268900,0.8203570109468481
1682285820,0.8004307226626676
1682304780,0.6275581718034693
1682324880,0.8367828887242825
1682344740,0.5690049497492311
1682366220,0.6708470228644153
1682382180,0.8749072155371795
1682397840,0.6730599168464855
1682421960,0.06539882319170752
1682446200,0.7886291424283881
1682459160,0.3111963379788935
1682476200,0.46357525873530614
1682495700,0.6053996730737452
1682510700,0.3483092924504836
1682531700,0.16329276376296953
1682551020,0.756011150832384
1682574900,0.6577089234404953
1682593980,0.9147968366420172
1682616060,0.7334652405266394
1682639100,0.711007040960924
1682661960,0.9079921342754557
1682685360,0.9137939875516956
1682696580,0.6475662995754711
1682716380,0.6984624972331874
1682734680,0.7293775032730533
1682751180,0.11121194458941946
1682775660,0.66717113798001
1682792340,0.48326571830865495
1682812620,0.8721176881376861
1682834640,0.751667114150905
1682852700,0.3186808289523112
1682865300,0.7342817730533365
1682877480,0.48194014238139404
1682889780,0.6673142235657663
1682902380,0.33555268910660113
1682915160,0.9130243554749076
1682938980,0.6723493910284524
1682953500,0.26573678458168243
1682968500,0.6617428795883284
1682989440,0.06690927478032967
1683004260,0.6797967753157873
1683025800,0.8193572548125726
1683041820,0.30839867285695544
1683054540,0.6310509491651496
1683065400,0.34541414365172335
1683090420,0.8739598161479546
1683101400,0.7779777427377671
1683123660,0.9153624452090691
1683140880,0.48260742197967593
1683165300,0.6738437110445897
1683178020,0.8704285427350674
1683197160,0.7978093363278403
1683215520,0.8123993583739532
1683235020,0.8121666365230601
1683246900,0.1281930736435295
1683260160,0.8115543291516243
1683284100,0.4552168454364606
1683300960,0.8341798353747399
1683317100,0.20359303585100114
1683337980,0.23904537066002118
1683350940,0.8693252485832985
1683375720,0.7898417663542774
1683398040,0.27046720254567164
1683410700,0.3998116048118843
1683424260,0.8445023751085898
1683437580,0.660708026259685
1683460800,0.8773495724501283
1683483840,0.8090956642814237
1683508740,0.8365329155246435
1683533700,0.5672191866551375
1683547200,0.6668523856985019
1683569340,0.7543608833692153
1683594420,0.9225177087745675
1683608820,0.7165051393528683
1683633240,0.9150410043521722
1683648240,0.4348132156155242
1683670980,0.11539514060794201
1683687420,0.7396622415615938
1683698460,0.4745801918346213
1683723000,0.788122289492803
1683747120,0.09669174792803556
1683758100,0.25241044885250485
1683782820,0.22799474258610303
1683797460,0.11382377878403384
1683809880,0.8013268995111728
1683828780,0.07381535777776119
1683853500,0.897426753326997
1683876480,0.4092161046253961
1683899940,0.15168885091325118
1683923880,0.0392742701054713
1683937620,0.8629927567418563
1683962400,0.760520834983685
1683976500,0.645247874856852
1683994800,0.7516166794834015
1684011780,0.275256869247704
1684029960,0.8791512956224756
1684050540,0.7908953230309964
1684066200,0.8935971213455376
1684087800,0.6266227913002379
1684103220,0.3902420977653619
1684121580,0.7017468275299164
1684137840,0.9088180138129571
1684155240,0.9124072738085979
1684176600,0.8695014565938994
1684192020,0.4239411557276135
1684213920,0.8858214418301693
1684225920,0.7894533294582169
1684249920,0.8202881233963524
1684267260,0.842497371297559
1684280340,0.04910377204120758
1684293660,0.7219892847112988
1684307880,0.26937466464206955
1684320480,0.877166294392009
1684335180,0.8169958928937616
1684351260,0.7422667058105744
1684374540,0.7793879668295397
1684393140,0.6763285312163548
1684418220,0.7458406204357105
1684438140,0.7905050801212711
1684456740,0.8650372533606259
1684479960,0.8561575437123841
1684502040,0.3335246722941166
1684524360,0.42628529415345057
1684536240,0.17434899822355712
1684549800,0.5136101113052335
1684570920,0.29623984208352033
1684593660,0.8868043439626226
1684611120,0.7786280885727354
1684629120,0.18896142274842687
1684643640,0.6206869467591426
1684656240,0.8849991282855102
1684678980,0.4458688656511588
1684695000,0.226791139753622
1684716780,0.7910865892885766
1684730520,0.6962621139524638
1684746660,0.83145124796299
1684769280,0.8030434585807384
1684789320,0.8095503523346307
1684814040,0.8819863584935603
1684825920,0.8070127868230895
1684850100,0.8103338699544052
1684872240,0.039737389870894244
1684888140,0.710590480707344
1684907520,0.845437225705243
1684918920,0.8701883760393704
1684942500,0.8943106134858779
1684962600,0.8431429159296082
1684977420,0.06038889979341238
1684996320,0.854595598272631
1685018400,0.8149476302962123
1685033460,0.8726945101289929
1685058300,0.9083873145544443
1685082120,0.8182597388649981
1685096220,0.1029339656306843
1685111100,0.041163237818821356
1685133660,0.12423588103404747
1685152320,0.8932987390868521
1685169060,0.47434868293906274
1685181360,0.6841990183275064
1685204580,0.10370252581468
1685219700,0.7540144394687104
1685238660,0.0554988417282841
1685261640,0.2529159102500034
1685272500,0.11515443673175646
1685286540,0.09555172771461347
1685297880,0.7633984652439809
1685318340,0.41659670508602203
1685341800,0.704976914514841
1685361420,0.8724174073930557
1685376600,0.054824950507088334
1685390400,0.05026952985563402
1685412300,0.9268079895213649
1685423160,0.129963116377413
1685442840,0.7850728993919768
1685460840,0.817475607251792
1685485800,0.04618066778420065
1685499120,0.8162222407745613
1685519940,0.8478412507715222
1685534160,0.8811731176637055
1685559000,0.802116396392416
1685583360,0.898536115886759
1685605320,0.7065426261802996
1685619840,0.8018719748113875
1685636340,0.15983524543506542
1685657280,0.8079459317543697
1685681760,0.04555045645883721
1685702880,0.9013124582646221
1685723520,0.7847939121868992
1685742000,0.7335586100779471
1685764620,0.8525368790466455
1685785080,0.45317535442041124
1685798880,0.651538659601655
1685812500,0.641220580358566
1685836080,0.8834932370965565
1685855220,0.11057030516000499
1685870040,0.889698533728928
1685887800,0.4466575183190002
1685910720,0.7469616432211561
1685935380,0.11008630624457626
1685957880,0.49066229085888224
1685973540,0.132120139225984
1685996880,0.6195381345091548
1686013620,0.8051402345729627
1686026340,0.9471531046222856
1686040920,0.8569842578798185
1686052860,0.20649689538274316
1686077460,0.8767909497061649
1686099840,0.8799199919883529
1686117000,0.7908455336478613
1686137460,0.91611695595288
1686162540,0.6205219626507011
1686179700,0.03602401436614691
1686191400,0.9181666340114024
1686208740,0.08682866855842684
1686232440,0.7514862842813244
1686255720,0.9041263437249483
1686276660,0.7292304832890439
1686301440,0.8326676550263802
1686319200,0.13537677221281116
1686334920,0.8690821900229179
1686356520,0.799540161016581
1686372360,0.6033591177571935
1686387600,0.6857360257401188
1686407040,0.41066554261263133
1686423720,0.7563320885475056
1686438960,0.7789421635349851
1686458940,0.08345636726916028
1686479520,0.3448663738256858
1686504480,0.09473865198708069
1686527640,0.8630074388774003
1686550320,0.2808377196409541
1686570180,0.06034602119305871
1686583800,0.8887221150666359
1686597180,0.8248601370833636
1686616620,0.7633912371919003
1686638220,0.6456245151665242
1686656040,0.3580928426656267
1686680760,0.7821050300788923
1686692280,0.07946623485251149
1686715800,0.9054605069174007
1686728220,0.12774901828354482
1686749460,0.6015339963131494
1686767040,0.10831852167487813
1686784620,0.41654005087610735
1686801000,0.048299153024020144
1686813060,0.6403574887012043
1686825900,0.06880245498190124
1686846720,0.9190857019178618
1686864060,0.19348763450586748
1686879780,0.08523243597646966
1686893880,0.08272700180637672
1686905460,0.462798164195362
1686924960,0.35283787206296874
1686936660,0.9084929949992651
1686960000,0.8801207569398115
1686977880,0.6875549157283551
1686994560,0.3761940513493361
1687007340,0.8530145860242336
1687019160,0.6871747466232263
1687037700,0.21970862377920916
1687056660,0.38270324804611416
1687074780,0.456774770849037
1687095960,0.9080939810118079
1687106880,0.6946357550423208
1687120800,0.8977878905726888
1687133700,0.8899941976069815
1687155600,0.8503872189710303
1687174380,0.16902570196061203
1687192260,0.13733385829442651
1687212900,0.1697889655477299
1687224540,0.4897971086606528
1687235880,0.11006902611687946
1687247640,0.6891174564957618
1687261440,0.08316157736527598
1687276080,0.8526182942323526
1687292460,0.5586576890333012
1687305180,0.07416336425570061
1687322520,0.8131458386327508
1687343580,0.6494642388397971
1687360200,0.0470541508131419
1687378980,0.7466766322655508
1687399200,0.8268267803162689
1687412520,0.10125529036549628
1687425120,0.14227095976209775
1687444980,0.09891070062285277
1687459380,0.5593314299277657
1687480980,0.3671575936434598
1687501500,0.21750727340795958
1687525500,0.5808057199976575
1687536540,0.8529836042452977
1687551600,0.798654694921677
1687568280,0.1132091608271817
1687587300,0.672125034365759
1687602780,0.42916687246548835
1687619940,0.05481215493008328
1687644360,0.9163458409446674
1687666920,0.9420478433711077
1687682760,0.12691039075712168
1687700520,0.8547365594036683
1687725000,0.913380550146706
1687749840,0.10559136975341508
1687764420,0.5299826900157725
1687785540,0.8057422026021843
1687798680,0.8969325489387782
1687811640,0.8128467937373304
1687825500,0.6458700453801067
1687847640,0.5270477228051111
1687866360,0.8748623152506257
1687884240,0.6109617055480011
1687897080,0.11074300426974003
1687922040,0.1958470070828851
1687935360,0.6429039340888802
1687960260,0.04481223139122763
1687977000,0.051409089201273336
1688002080,0.9393374432274924
1688014020,0.8141845854391822
1688025720,0.12512036949905278
1688038260,0.9291734606703126
1688060040,0.9073292132677555
1688071800,0.8715394402408104
1688094720,0.9043590077225305
1688111760,0.7366315875406749
1688124300,0.34623321811332386
1688144520,0.8983121097018394
1688168040,0.8870165956360548
1688184240,0.8398659769470428
1688205240,0.8566194309514126
1688224680,0.07936748859698559
1688244720,0.32994434484635
1688263560,0.902196825779773
1688275440,0.8727694281817456
1688297700,0.9123747632933621
1688309100,0.7430613124056804
1688321220,0.6659184193666172
1688338260,0.1064796957164466
1688352840,0.7415709766460868
1688366100,0.9413992331464383
1688388360,0.07151351527740987
1688407620,0.9030518503625519
1688420940,0.5614584040056305
1688439300,0.2626737930617586
1688462160,0.7932032621560569
1688478240,0.8387447612494231
1688501880,0.045522169845145316
1688526120,0.38285668744073265
1688547660,0.8017407082918644
1688561820,0.9114937920186658
1688579940,0.3566850556135528
1688601960,0.1892939230629991
1688620800,0.9243093634267916
1688645400,0.8870050852996532
1688662800,0.44154575691055364
1688687100,0.8704706462379075
1688699580,0.041001526991810054
1688717460,0.4179306697269069
1688734860,0.06300722145287325
1688749980,0.775866100629986
1688764860,0.867435818977749
1688784240,0.8874222289749377
1688804280,0.3248825428703384
1688815860,0.22214626912303798
1688832660,0.4245988631782965
1688847060,0.31837450434978093
1688860680,0.3321900815992362
1688876340,0.7469861416325898
1688887740,0.0829737982947139
1688900580,0.9074971725534643
1688919600,0.7157387753203496
1688941260,0.7661928451431836
1688955840,0.08746628857005821
1688979780,0.8585433282653406
1688990580,0.9428910849600651
1689008400,0.073558080076115
1689027840,0.0725459459520533
1689044820,0.8888497421300212
1689069840,0.8629510494027723
1689090840,0.7837997737487391
1689110400,0.7031030504636177
1689121860,0.8274649024018927
1689137520,0.3982558466058892
1689160860,0.7546554470860357
1689178200,0.7610790248591188
1689190200,0.31522217440349715
1689202980,0.9096987620508595
1689219600,0.8256672098021551
1689236340,0.9068626218054824
1689260580,0.889234482708403
1689276360,0.03794466905322214
1689291000,0.301137925618147
1689309840,0.15026441681700703
1689327960,0.5386621188778463
1689346380,0.05138919372578368
1689365220,0.8617833767821863
1689385080,0.8231798370784038
1689406320,0.11303947043515106
1689427560,0.7320494686372161
1689445200,0.11553695202905431
1689464880,0.8888803834822181
1689488820,0.8316965284686363
1689510120,0.9260135542012049
1689520980,0.7272528364379387
1689534840,0.40502470530991047
1689555360,0.2838958209542706
1689577200,0.8563017116383986
1689594360,0.31224042982434175
1689615480,0.34682340405133333
1689628740,0.6456037311882246
1689642000,0.09079924245183862
1689663960,0.7989415650360853
1689685680,0.8790777655968665
1689709980,0.07783844311695713
1689731880,0.1536668097050648
1689744300,0.8600234795846295
1689756840,0.13801961317068792
1689772500,0.34398392711660464
1689795180,0.78343098528405
1689812640,0.9349462293431253
1689836040,0.9418838613852359
1689851820,0.9200019026823828
1689874020,0.054118330267529095
1689889920,0.7898213048477472
1689901800,0.8452020196623793
1689925920,0.8202322478113956
1689940380,0.7907332198083439
1689963900,0.8802770486633372
1689979080,0.443083054819223
1689993480,0.7993146130662174
1690016520,0.042896364609236785
1690027680,0.441624180938549
1690051500,0.87024820026442
1690062540,0.7145482283281894
1690073700,0.04934134185969298
1690087620,0.483442932996141
1690106880,0.935069771894775
1690125900,0.9040096173226411
1690141620,0.6831839646519179
1690158720,0.9308469502239336
1690172700,0.7977201048000097
1690195200,0.4127431451985553
1690211880,0.10359128912257146
1690236480,0.8343721912496594
1690258500,0.3143053493017793
1690280580,0.8757662145838312
1690302600,0.8583260672776621
1690320060,0.35896799984729033
1690330860,0.8049867383989663
1690352640,0.9250950001277171
1690369260,0.801225643997766
1690391460,0.07833649271554799
1690405200,0.11316735549346991
1690426320,0.8030148832088039
1690437120,0.2633536356345739
1690461180,0.053145305964192285
1690483080,0.9427651485353827
1690494420,0.9375733575120793
1690514160,0.8585705493360467
1690538160,0.7051156229138934
1690561380,0.08905074741294902
1690583700,0.9388652726845089
1690597560,0.1351109188308882
1690618920,0.8806861714709822
1690634400,0.7431859169740036
1690658460,0.7786484707150734
1690679580,0.9005210200174143
1690692180,0.21769204598101866
1690711620,0.7233613299663169
1690723500,0.043249582493559854
1690747260,0.30662254778384124
1690766040,0.12756994131823035
1690783140,0.8212379167747059
1690795500,0.049171489458995764
1690817580,0.3088693964165267
1690840860,0.8676004799877504
1690852320,0.8430831321062814
1690865580,0.918563706381287
1690882020,0.2880071857700945
1690898760,0.7973515002145238
1690917120,0.23632621637763976
1690941840,0.7622014726280991
1690956180,0.684898604010906
1690969200,0.9047167537675044
1690994280,0.7904316252457065
1691013900,0.9173612288372873
1691035500,0.931413790020283
1691059620,0.7395917820013056
1691076960,0.04630326029356676
1691101620,0.6563627014082584
1691119920,0.19657826840619744
1691134080,0.7983312836344856
1691156220,0.09159319637080687
1691180100,0.9135464807377751
1691205240,0.08771896981916759
1691227080,0.8053799521190457
1691246820,0.763065228265427
1691258880,0.9000831692439251
1691274300,0.9064634736942397
1691286600,0.2282760368888503
1691311140,0.9259988184657739
1691323380,0.2269679587134367
1691335740,0.8157988086383701
1691356860,0.8511877263296911
1691367720,0.6232693788219882
1691380380,0.9162752384920436
1691395500,0.47293939921214045
1691411160,0.8676754804566867
1691435400,0.1631626487126898
1691449080,0.11457477239948693
1691461440,0.3698567494510235
1691473440,0.10066171780533803
1691487780,0.8177346849152345
1691502660,0.6512929745003111
1691517600,0.8260445404076932
1691530800,0.07182661756360978
1691546040,0.6888883255139082
1691571000,0.930891520897171
1691586000,0.14612555430540788
1691611140,0.40688469913207337
1691635860,0.9365641183520169
1691648580,0.852880135790858
1691670660,0.08784426334615668
1691684460,0.8990139842856754
1691699760,0.08718998239537125
1691724840,0.547387504804019
1691736180,0.07836674074607769
1691752140,0.052178009821082706
1691776860,0.06763257096189607
1691791800,0.8092780099756438
1691814660,0.8760177033593777
1691837940,0.14372089092827267
1691860500,0.2543131325324464
1691877420,0.5917562199458513
1691896500,0.21660061487567686
1691919300,0.07136239438262773
1691930160,0.20209501618840162
1691953500,0.0476834235721678
1691970180,0.49038679442148086
1691982000,0.8555037782306731
1692000720,0.851806991843322
1692020100,0.04191523623847533
1692031800,0.8279777995674769
1692047760,0.517017979750392
1692068400,0.5725602119226814
1692090180,0.7615168474244383
1692101100,0.069345542452942
1692119580,0.8721300722513651
1692140460,0.15200183315483706
1692157980,0.8001060026065233
1692181800,0.0682460026863696
1692193320,0.9107049385918576
1692217320,0.3513817729005475
1692240780,0.8602070696454203
1692255540,0.6825310627197175
1692280140,0.558000679547084
1692302760,0.12825912636037828
1692316680,0.923890523296314
1692328500,0.6479379205808423
1692344400,0.1795775844080662
1692360840,0.13098905271515146
1692385620,0.11509186496739847
1692404940,0.7613513417788649
1692424080,0.05931421193714584
1692444780,0.8736794018197933
1692456420,0.7785344691514773
1692474540,0.3340062869431164
1692499080,0.3671848966995017
1692516120,0.22153844280932117
1692533580,0.7902581040524593
1692552240,0.8623525373727304
1692573600,0.2103193779654138
1692596160,0.15174117757195216
1692606960,0.3824963010923843
1692626340,0.8855424232643376
1692638580,0.25139239232488936
1692656760,0.1002679923805117
1692678480,0.09062105632514561
1692692760,0.2366303356211471
1692710340,0.0392742701054713
1692722700,0.6125610780156729
1692740400,0.10496375590037951
1692752400,0.8388831439771
1692773640,0.6964111509316999
1692785100,0.7656703709742217
1692799740,0.2157244857159663
1692811560,0.3816826410587423
1692829200,0.526627259671718
1692846000,0.908514838996511
1692866160,0.6573671649904572
1692883320,0.8308104131924456
1692902040,0.7909078596721968
1692921000,0.07508021462055507
1692941280,0.3593335316441913
1692955740,0.7751899412484772
1692968580,0.9142186431896702
1692990540,0.11116063386994991
1693015320,0.8182936840092807
1693033080,0.7727645203194591
1693056840,0.904085394096798
1693080360,0.48630562820164713
1693104720,0.869689526707807
1693120440,0.9001379042040277
1693140480,0.8752667905024853
1693152240,0.40156763137911455
1693169520,0.47028826334861557
1693181280,0.597034147772157
1693202580,0.9024787765036034
1693222440,0.7337412463093326
1693246320,0.5040487323793933
1693267500,0.6635773163291311
1693279200,0.5441473134535049
1693290600,0.7821870304511449
1693302240,0.6723904228420647
1693325820,0.2316891304425367
1693338240,0.8299355979303337
1693358940,0.7929812318485691
1693371060,0.8844078593162288
1693386180,0.06070691275217573
1693407600,0.8439676582311058
1693431660,0.27002124151533485
1693442460,0.13777569519549202
1693457940,0.4100969668497242
1693480860,0.6414269805877045
1693496520,0.6628567084667378
1693516620,0.2221841323372506
1693536420,0.0559635643710026
1693557180,0.7185848088583006
1693574160,0.4710245935786367
1693593900,0.261562846347201
1693608480,0.695378936913029
1693620000,0.7010076982949872
1693633260,0.24944827632207697
1693656180,0.9164593958525551
1693673340,0.6474295070134588
1693684260,0.8333361003007793
1693703280,0.7453676788764296
1693721640,0.10543896927371664
1693740600,0.7692839229773017
1693752720,0.6679717980601751
1693767840,0.6733748389595231
1693780620,0.3091675398949738
1693794780,0.8704351711578343
1693818240,0.3919136598104272
1693830480,0.9148128049933042
1693848120,0.7773024276446644
1693863420,0.8869246604325486
1693879080,0.8850296678416322
1693894980,0.9205055990528118
1693917240,0.9244139907146091
1693939260,0.6962184142491182
1693951560,0.89786298945739
1693966440,0.18323024851230227
1693981560,0.3146930695744636
1693996920,0.894835434098022
1694015820,0.7140905699336281
1694036040,0.7843818677167184
1694052300,0.811348875977408
1694066040,0.9276369707214646
1694084040,0.15314774438271173
1694102760,0.907438116761116
1694122920,0.7027255557420903
1694143500,0.2912682339952781
1694156640,0.7186688842910892
1694181060,0.7819975358492446
1694202480,0.10580919226040245
1694220480,0.21463890126191912
1694235420,0.8669339615411326
1694250960,0.5930757118876443
1694268960,0.826061769249137
1694284080,0.10711157534077385
1694307180,0.8652486746498372
1694327760,0.5823369024535501
1694343180,0.8720210095315447
1694366880,0.3838888367156003
1694380500,0.7528226542751261
1694397840,0.9308326723448683
1694417100,0.8862983755061233
1694437860,0.8469045057686442
1694454660,0.30820507643002815
1694478960,0.7799833441942674
1694496480,0.052508205134513444
1694520900,0.9065785951141139
1694542200,0.09220146508682148
1694553480,0.18815277499762287
1694576160,0.08814524581912205
1694589960,0.2146759451689203
1694613540,0.2171966776803894
1694625660,0.4357913155394245
1694641140,0.5420264001284857
1694665140,0.20136330513589412
1694681940,0.9357234201727702
1694698080,0.20526700179899543
1694719380,0.40470636729334714
1694740140,0.7653995030248512
1694760480,0.5650797225800719
1694784060,0.09565045592173509
1694805720,0.42339579541132794
1694823180,0.6667328617367185
1694845440,0.7601318157899357
1694865060,0.8371972358413023
1694887860,0.8723670104455759
1694903220,0.7861915421520291
1694917920,0.40578559198652503
1694940060,0.24918403255677363
1694954340,0.9066540620799801
1694972940,0.5858091782119939
1694995980,0.7949306580239379
1695011280,0.8943961565768651
1695026580,0.8685340670154986
1695043020,0.9067439355136591
1695059820,0.8553515684804475
1695076620,0.7070251156532409
1695095220,0.35011198774053226
1695112080,0.763196478312247
1695134640,0.2809472872807764
1695156660,0.2932033346188731
1695173940,0.23364500633719631
1695196500,0.0988797115752145
1695219720,0.8197515929434969
1695232620,0.603412905946611
1695250140,0.05010547855268563
1695271620,0.19299184533785657
1695283260,0.20716443613729688
1695300300,0.25864625443698247
1695322320,0.8226878261663626
1695341580,0.3700050734675057
1695366780,0.2341859901089411
1695381300,0.6904725360429113
1695399720,0.2821032698000026
1695417780,0.4301987440888024
1695436380,0.25570426717825884
1695458580,0.23768099260976408
1695475560,0.25757622949544856
1695489720,0.7554076323093755
1695506700,0.7612405194894197
1695521040,0.7068130854024813
1695545580,0.9163363482831596
1695557220,0.7607855258915993
1695572280,0.7052746274795567
1695589200,0.889907264858006
1695604500,0.23749790096287612
1695622380,0.3720058544037269
1695635700,0.7287979434543205
1695654000,0.7390048886814413
1695676800,0.8304160580967934
1695689100,0.7707468597210936
1695700860,0.6763083927204916
1695717660,0.8620398084617515
1695742380,0.8334388260213302
1695759000,0.8507038747655598
1695774120,0.29052150229904816
1695786060,0.8158051690664936
1695797640,0.8686744123536451
1695810360,0.7837658035697023
1695830520,0.2730641772793794
1695853440,0.14830734179311914
1695876900,0.04385881730517901
1695887940,0.7803269153602074
1695907860,0.915854616049872
1695921120,0.7339865128457431
1695938460,0.8811961309057491
1695957120,0.32774207904610486
1695969120,0.11891297432659159
1695987120,0.9244561144661834
1696002360,0.8600314529278943
1696017180,0.9198695215139708
1696041720,0.3253984662588376
1696059300,0.4509981172230635
1696073940,0.8911473737197854
1696096800,0.5322406307229718
1696120140,0.8283201086205317
1696136100,0.8893628288185844
1696160940,0.6542631977292259
1696180440,0.21071615108579533
1696199520,0.04203393826123256
1696217640,0.7276039816651481
1696234500,0.1049963526577362
1696255740,0.8512600920326573
1696271280,0.4039665517200818
1696296360,0.8442917088570262
1696317240,0.8500989073557955
1696334820,0.8439366352741015
1696356840,0.667951665028786
1696376940,0.8683429723583239
1696390740,0.7189580181906471
1696410120,0.0867985083574217
1696423380,0.7600915767454932
1696434420,0.27631722892072325
1696453380,0.7136078012759968
1696469880,0.8194623220448866
1696481160,0.9080727671036717
1696503600,0.49655164330964024
1696522020,0.9139941971326019
1696533780,0.6637409593792357
1696553160,0.8628001144888705
1696565820,0.8059940849113093
1696579260,0.7551500833157732
1696594140,0.33635291352318974
1696608180,0.9057655419607956
1696624440,0.9193168017347096
1696640400,0.2277994112231828
1696653060,0.3107762238417787
1696676400,0.7639232276085125
1696694280,0.3388853130246224
1696718340,0.6478629953790928
1696738860,0.6232848408666903
1696750140,0.3074195909681144
1696765380,0.07259039914492323
1696783020,0.6043280228921708
1696804800,0.4130977065490522
1696820580,0.8750884857234672
1696841520,0.7992190689798773
1696855320,0.1898155635576196
1696874340,0.8058507869108745
1696896300,0.2052571041355311
1696915320,0.11700790350598585
1696927980,0.9056089736509069
1696940760,0.7591165580684847
1696958580,0.6225235997865132
1696974180,0.6846254662555454
1696986420,0.723869864773171
1697003640,0.4667866924101433
1697018700,0.6399968277035955
1697030760,0.34806300789174205
1697054760,0.23552343025510022
1697073480,0.36514908056695794
1697089860,0.7120383235414233
1697100960,0.2157056408032179
1697121060,0.804025763188277
1697141160,0.7982062960031898
1697157420,0.3974066435342998
1697180700,0.9088682592997331
1697197320,0.9388496742737837
1697213940,0.866756127782859
1697235900,0.723028837799019
1697255220,0.9079264418560494
1697279640,0.817363203943437
1697295000,0.5369589455767769
1697311500,0.36583320766635846
1697326260,0.39287187770454823
1697338860,0.8460525898864224
1697351580,0.7208810427550995
1697366580,0.4418945349073938
1697385240,0.7713557649450995
1697405460,0.7811450732547238
1697419440,0.3811901712148089
1697443140,0.503390195340124
1697468340,0.841291318128163
1697482140,0.7910443281994207
1697505780,0.926234725635626
1697517720,0.36819993372295867
1697528760,0.2022256947949484
1697547120,0.10985617794925075
1697571360,0.2607971817665195
1697591880,0.7919491733580777
1697611560,0.8707407684250004
1697632620,0.8160415067256569
1697653920,0.4507635976128072
1697676360,0.6980492167570739
1697689800,0.6305033803996386
1697714220,0.2883731090312937
1697735880,0.9312358557802242
1697760840,0.311446513613852
1697785080,0.41721868941365364
1697808240,0.4828598295029805
1697822400,0.38994410856206474
1697833200,0.4427822025635455
1697851020,0.6940507834675956
1697869800,0.7539974134299036
1697888400,0.16256666584534696
1697910120,0.8747012628040787
1697923140,0.1924994934828795
1697948220,0.6572647208747628
1697961240,0.7174217038535289
1697976600,0.20157532472548065
1697996100,0.5090928790088961
1698009000,0.5181652288909592
1698024960,0.1929166787629321
1698039720,0.7768075969603353
1698061260,0.33072674926302986
1698073800,0.8502831549297741
1698096420,0.13585115396349617
1698109740,0.40827722381674203
1698130020,0.8818110931445646
1698154080,0.8536091348106731
1698169380,0.8308460425748299
1698193860,0.9197878045950442
1698206160,0.23281869378059886
1698229380,0.11334477147335516
1698242340,0.1999628983730688
1698256080,0.2668924064875268
1698277980,0.1959745534213423
1698298860,0.8738184661725577
1698311280,0.497604061206404
1698335760,0.09258220121256858
1698359700,0.7682775178770386
1698373560,0.315201683207564
1698390840,0.1917594581921824
1698403680,0.10284578803897511
1698418320,0.6886967816590127
1698438540,0.11523269115097817
1698450660,0.19385472041615223
1698463500,0.5870391489571442
1698484200,0.35768661652711997
1698499380,0.5015424490353818
1698519840,0.159796698343259
1698537480,0.8199823140683349
1698552360,0.39294561811714623
1698565380,0.642126868837888
1698578820,0.34432030159130467
1698591000,0.7019238883483618
1698602760,0.7313648381014801
1698624540,0.6976236837439784
1698638100,0.7523232478375831
1698656160,0.35573063627369544
1698674160,0.8801739141830986
1698698220,0.07853122539763385
1698709260,0.807565288416065
1698729780,0.6492705747907703
1698741780,0.6922876239222567
1698759120,0.23730028523050345
1698781200,0.1902057995344478
1698796200,0.4770620458379334
1698813420,0.06013572655733906
1698829500,0.2131557070203387
1698853920,0.49683230708165543
1698868680,0.3028657409449644
1698884640,0.4169692006485717
1698905160,0.2653902708320622
1698921780,0.4799047630895674
1698935040,0.6077495464293392
1698960060,0.8982966812921372
1698979860,0.8409099615143194
1698990840,0.7696721638761699
1699005180,0.7342404435842309
1699029840,0.7409597276772497
1699044720,0.8248391195798179
1699056900,0.18742802281018628
1699071420,0.7609941131544252
1699082340,0.7710054796878547
1699098540,0.23088684802294643
1699120440,0.8267607673033452
1699138440,0.8228429871617463
1699154040,0.5688706839114902
1699176540,0.4522918641080348
1699198740,0.35813730124688703
1699222860,0.5210595724529347
1699242900,0.5632290210241839
1699253760,0.845079873397283
1699266900,0.10319134516037513
1699280820,0.2586917082953658
1699295340,0.6830873367491446
1699312260,0.06477086329383451
1699332660,0.8227028055505112
1699345560,0.8513688884559789
1699370400,0.5803622469620655
1699390920,0.5143930394160449
1699412640,0.07066108523852437
1699429860,0.9033922156285491
1699454640,0.1304514368575839
1699469640,0.6786941838675119
1699484160,0.8979587876018145
1699507440,0.8510081585629813
1699523040,0.45456541094125696
1699535880,0.8618160390243484
1699560960,0.25588974667053616
1699582320,0.26334772608823276
1699603260,0.8700707579870808
1699615020,0.9211946578199861
1699639020,0.516961765762372
1699652220,0.6672558023882059
1699675560,0.6234688623720269
1699686720,0.7043640240621942
1699698780,0.6275089773007966
1699711380,0.5466760146018229
1699734720,0.828140078719407
1699756980,0.2407033394984505
1699779360,0.9014354920681483
1699793280,0.8074465985252215
1699818480,0.47348128800009914
1699837380,0.8727400953109679
1699861320,0.7941759724492546
1699874580,0.8074883338592067
1699886160,0.8295130643143092
1699905900,0.9136930568472231
1699929720,0.26827099030309953
1699954680,0.23273760817940245
1699970520,0.36937571432765615
1699992600,0.928772260470292
1700005740,0.6897413852769938
1700021160,0.39754278002009924
1700043900,0.49510521216325615
1700056200,0.77716953379188
1700068380,0.9080527762634988
1700091360,0.5421773022176997
1700107560,0.8584617351961479
1700132040,0.8617930513456494
1700153880,0.7140409130452167
1700172060,0.9084890113154231
1700192640,0.3226989371289672
1700208960,0.6993898325047024
1700231700,0.49447004167739517
1700250120,0.894687912660785
1700273580,0.4136028302998197
1700297460,0.3191435153613236
1700318400,0.30350423747124544
1700332140,0.3802383800332206
1700342940,0.8342257676043234
1700355300,0.4959635753478212
1700374080,0.8718096273524226
1700386680,0.6132256511985753
1700402940,0.30292470334285726
1700419140,0.656701772623282
1700439060,0.4041509041740287
1700463840,0.8512838308232015
1700484240,0.7626802578233941
1700496240,0.08212574437960601
1700513100,0.8747602670864706
1700526000,0.8459534730159527
1700549880,0.8565571833471526
1700562600,0.8550228705917229
1700575920,0.8447214331747481
1700599080,0.5180246250103241
1700612700,0.8963547959406732
1700629200,0.7405633302790201
1700649600,0.7032110458161667
1700674500,0.9120595300278074
1700688720,0.268409656690009
1700702040,0.6413628796159407
1700713560,0.8069994500849748
1700734440,0.20931023407463833
1700747580,0.8081063111727664
1700770080,0.32302211094198974
1700784300,0.7582800438427815
1700800320,0.6922562615950781
1700825280,0.9344229906625061
1700849400,0.7305420638260894
1700869740,0.5927330521882161
1700881260,0.4513442252174395
1700900160,0.23059582941064433
1700911860,0.23188398337664104
1700924880,0.254404890712595
1700943120,0.4139060577299393
1700961480,0.7868182243818146
1700976720,0.7593593379100436
1700994600,0.09226714145587554
1701011820,0.19220662561915747
1701023340,0.3151182474221712
1701042720,0.4660093014174692
1701053520,0.7322822656790413
1701075240,0.7439903400591091
1701090360,0.4931172446906314
1701113400,0.576355791323363
1701127680,0.8378661666928243
1701152280,0.22886836987282871
1701173280,0.7253117454589308
1701187080,0.5720944706900137
1701202320,0.23394452017764264
1701216300,0.04091713990848478
1701234420,0.9200201982629774
1701257460,0.6518982677940619
1701268260,0.8403567045995514
1701283140,0.7733844086264623
1701308160,0.5979181465624505
1701321780,0.22652222290437338
1701346500,0.3746634015298422
1701358020,0.1032316906566571
1701376560,0.8383120799655573
1701395100,0.6275007361838632
1701408240,0.23280542866002443
1701426960,0.8517587556023245
1701442260,0.5102073402619773
1701456060,0.8004071439493325
1701479820,0.8045557606408849
1701496200,0.6227378446204349
1701508980,0.7985011211768056
1701533460,0.7929178938522816
1701548880,0.23854712615618504
1701561000,0.667137945111297
1701574440,0.8287499755906088
1701590340,0.8042116754162937
1701606600,0.7929664193692245
1701626580,0.3955871627883505
1701651180,0.04036674731534948
1701671340,0.7024504779345138
1701696060,0.6162015689533201
1701716220,0.2809931875507935
1701728880,0.12663051656683347
1701746880,0.23014701522035033
1701762300,0.24671658547233055
1701780540,0.7674933301321036
1701791700,0.10747806856565265
1701811500,0.12519499952407698
1701832020,0.5024795715759725
1701856740,0.46994145205709886
1701876840,0.7574359498201031
1701897060,0.4168327630221436
1701919080,0.13084117324611963
1701941820,0.9002059199230413
1701959760,0.872305113814401
1701984240,0.6611166130260168
1701997440,0.7278783107129693
1702012620,0.3067979012789476
1702035000,0.21512253320101418
1702050840,0.9077434826804589
1702065840,0.6721233553127387
1702088100,0.3476396853625936
1702104960,0.4486230358358764
1702126500,0.4351714539986142
1702140000,0.8820629370182708
1702163280,0.34290032056628517
1702183020,0.5384373493446961
1702201980,0.6953215766702932
1702217400,0.501375622302917
1702233780,0.46436079238933875
1702244820,0.7500654966373518
1702268220,0.8998326503630422
1702282200,0.9186472811519338
1702297740,0.7750111778730014
1702322820,0.427423095648409
1702347360,0.2449673375065628
1702367040,0.6850477087115997
1702387140,0.3186258175777522
1702399620,0.2827711348280758
1702414860,0.9427934405060202
1702434240,0.6823560370184318
1702447020,0.6637327924826388
1702463280,0.39093876647797693
1702481400,0.750535628211623
1702504440,0.22989851757139573
1702519920,0.1765506116417052
1702543020,0.5551915962731209
1702557180,0.5352550732852246
1702578780,0.5713038469130365
1702590600,0.3078899036484697
1702614600,0.11144685507508598
1702626780,0.7668959037716097
1702648380,0.8150948886295756
1702673280,0.920999266963877
1702693140,0.6284497248430246
1702704660,0.8229043632669847
1702726380,0.5185898144998315
1702747140,0.2566466776460633
1702762740,0.26592350601438874
1702787700,0.6691787388480693
1702799040,0.33687969386527733
1702815300,0.7584089812221833
1702838760,0.4866858404219796
1702860900,0.3932793839067577
1702878180,0.7760453601686778
1702897980,0.6241453162930798
1702922160,0.5992464215480237
1702942440,0.8271492482008684
1702960440,0.8565610831108628
1702985580,0.24108240531583092
1703004300,0.6151215938954084
1703022180,0.4741738759937904
1703035440,0.7970295343569166
1703057700,0.8294107051330102
1703079240,0.8146855691235303
1703104200,0.10030128387342953
1703121660,0.10693067212299505
1703141940,0.86816636400202
1703152800,0.48885942581032293
1703172960,0.7514483191981438
1703190480,0.9000969464500747
1703201400,0.7940165678532556
1703217660,0.8835125227830958
1703231700,0.6133856766181344
1703253900,0.11122936575673233
1703272620,0.7996250029461277
1703287440,0.8824346507837052
1703307300,0.6550079830981684
1703332080,0.43728453549889534
1703353620,0.36045335162072856
1703378100,0.8982331687981824
1703390940,0.6235653966951548
1703413080,0.6931317452456055
1703426760,0.6525972786043547
1703441460,0.34564911154776723
1703466420,0.6377701947260095
1703490060,0.21627680575998487
1703506980,0.8000525129460773
1703525760,0.5480515208656386
1703548380,0.774475403866374
1703569500,0.33992431035944254
1703583360,0.23547469205496813
1703596080,0.08483938872690554
1703617140,0.10092446846940747
1703634000,0.26262785975180525
1703652000,0.57211084455127
1703667240,0.36243237827380964
1703685720,0.785852233509657
1703699220,0.39291505294034407
1703711220,0.8544459124201372
1703722740,0.6438360900336599
1703736300,0.2409552280773579
1703752260,0.5532903741927508
1703770740,0.8968255768021628
1703792760,0.9025615136907749
1703803860,0.7789055501885458
1703814900,0.8984713029270734
1703835060,0.09126263533256691
1703850420,0.665447806206721
1703871960,0.5915399020440486
1703883240,0.7791308945239415
1703895420,0.8713449460735578
1703914260,0.5971570393513065
1703937660,0.6449930482102743
1703960400,0.7690873081014584
1703981580,0.7919444679456451
1703992380,0.8057622240150295
1704013620,0.7125564012685984
1704037440,0.7859261078860095
1704061980,0.6360502676374856
1704081420,0.09695129779469235
1704101580,0.4229603404291188
1704114660,0.4362386754189662
1704127980,0.6567774364829593
1704139680,0.8166048679830873
1704159240,0.9219314932352833
1704174540,0.3811377322896935
1704191520,0.22977790563865957
1704207300,0.7418704365346852
1704223260,0.5758449073255566
1704244080,0.6927356285518143
1704266580,0.5573885887935589
1704282900,0.21200374032197875
1704293760,0.8451559098777137
1704305700,0.869212169835352
1704327780,0.9055647559113238
1704343740,0.2029548196468423
1704354660,0.19819002535798144
1704370800,0.31231058608821277
1704383100,0.14858566608837068
1704394740,0.5550517357018901
1704409500,0.10680364233160768
1704426780,0.7432083242064587
1704448440,0.7041518142374695
1704462780,0.6100497869940957
1704476760,0.8289406162697585
1704497700,0.22491283251808963
1704511920,0.6982215981574794
1704529200,0.5882396892062179
1704551760,0.6465516923460384
1704573540,0.6947251957186962
1704590280,0.11344479448558739
1704603900,0.2357261965710985
1704616020,0.6479097616409114
1704628500,0.7086493692825918
1704642600,0.7454647138157238
1704657480,0.35226307239753774
1704677160,0.36462009775806054
1704694200,0.3326449571923774
1704713040,0.12320788667470205
1704735780,0.4266265224102021
1704755100,0.6663200660713595
1704767880,0.7650493836275519
1704786780,0.5507025821098546
1704811020,0.9193455158720084
1704826380,0.868533603273881
1704850140,0.11761651575155661
1704870420,0.9239856913777078
1704894360,0.2631664395688205
1704915360,0.36908883926606645
1704926880,0.7759060369948411
1704941580,0.6456738807402708
1704962460,0.2981467556961373
1704982980,0.9094265622236505
1704994560,0.09857393132136802
1705016340,0.1997736902620566
1705041480,0.327677431764045
1705056480,0.8833765963823386
1705069500,0.7782877661418114
1705082640,0.848613492840864
1705099860,0.2099986814474378
1705122360,0.8460092315524849
1705138440,0.6335343444203352
1705153080,0.47197982159610796
1705165260,0.574723488556103
1705178280,0.3219351028030731
1705196340,0.09025096869899137
1705219080,0.6512270621852188
1705238760,0.4231861264255904
1705258440,0.7272188132306409
1705271340,0.6268574571439481
1705283940,0.6739953347518195
1705296240,0.8986006708760226
1705307820,0.6673721344071081
1705319280,0.41625873169955757
1705337160,0.2994453980777013
1705352940,0.8948489635349547
1705364640,0.7925231470407101
1705389120,0.7015870630831254
1705400640,0.3795674048843699
1705413900,0.43382405451669065
1705429200,0.5129940890866617
1705447440,0.4923093879081792
1705463040,0.2147460536521407
1705481820,0.5663808166284716
1705503900,0.28325051686959707
1705520940,0.8129231065039239
1705545720,0.8767899195798197
1705570140,0.40596116810059807
1705586340,0.7708920436301597
1705604700,0.7802445786276201
1705620600,0.2898796181749112
1705643640,0.8506693841229802
1705655880,0.49477056574085226
1705667940,0.1882230971699223
1705683540,0.8407099895041762
1705705740,0.8552986700037254
1705717800,0.6584489677090961
1705738200,0.8747141093048153
1705750140,0.6962060345910556
1705770420,0.8249081069043038
1705791180,0.7819851878572396
1705809900,0.7136532960619404
1705828320,0.868592481433262
1705845480,0.45110687489868734
1705863300,0.7137039737753332
1705877760,0.6165010154177712
1705897020,0.5690112574841929
1705916940,0.571193747315385
1705937100,0.20231351461711325
1705953720,0.8172425033546767
1705975200,0.32030022757433657
1705995840,0.41185186139384
1706011080,0.5527988263020994
1706033340,0.07335810625628002
1706049960,0.642687697703864
1706070120,0.6388152958748343
1706085600,0.8669078845831597
1706104800,0.06370066659565515
1706122320,0.6086388361897541
1706134200,0.6677609322183654
1706155620,0.6706151050241128
1706173140,0.31378154921207463
1706188560,0.8675280495898405
1706205900,0.08607375229732553
1706218680,0.22297051867153278
1706234040,0.24489558455648874
1706256360,0.19220292173488865
1706272860,0.20360273569990534
1706287320,0.6207032987228249
1706304180,0.8460985857335648
1706325300,0.4035148913726418
1706345220,0.6142718568942733
1706365620,0.8262452992495867
1706387100,0.22153810049664294
1706406300,0.40432836295119234
1706428080,0.601124627984755
1706450400,0.2508066293058685
1706471280,0.894381809289501
1706483160,0.8337514889727833
1706494560,0.32537552538247383
1706515200,0.658108738573803
1706539260,0.17657899975813818
1706552820,0.8273421665244528
1706575200,0.4843429810745153
1706600400,0.1010577095997008
1706614500,0.5802536706973498
1706626020,0.6862620537818218
1706650800,0.5573343932792707
1706675280,0.8647755040990882
1706699040,0.3160857632677296
1706711700,0.8521592959977319
1706725200,0.27616762459230326
1706747040,0.5273155657964747
1706759040,0.7373212249658122
1706772900,0.8760637160063725
1706784660,0.8764179726945421
1706809320,0.7495933521655012
1706832960,0.23248709311414925
1706850660,0.23725269618687708
1706862240,0.9317998312437277
1706876400,0.5043364937951125
1706899320,0.642170726111611
1706922060,0.21186954857314855
1706939400,0.7384902093469982
1706956860,0.7103371641685878
1706974740,0.4832946143336011
1706990040,0.6750628534400632
1707001980,0.2233478071822672
1707023100,0.8301666059180787
1707038280,0.7520632941067543
1707054060,0.4396470639700093
1707073920,0.324643307035925
1707096240,0.39001118890124054
1707113760,0.876475743930649
1707135360,0.3562022267274802
1707153720,0.11251482837116208
1707177360,0.9002202609439377
1707196320,0.2712105559582855
1707220920,0.3395741778059628
1707239820,0.8328870363697125
1707256980,0.2593331965198222
1707272640,0.6830803679806708
1707293280,0.7301002064714502
1707315180,0.11130505489379895
1707331620,0.8855538429099813
1707349740,0.9361920153264105
1707361440,0.603750578284029
1707377100,0.6985791212462958
1707388560,0.5472128257288157
1707406920,0.270897034815481
1707418500,0.6720610144180915
1707440340,0.8766524878045365
1707463320,0.3393986302202224
1707484440,0.8659608907366417
1707505380,0.8956553278267837
1707523140,0.16085702478957026
1707546300,0.7958042199111965
1707570480,0.6565375286428016
1707582660,0.8674911412836944
1707602940,0.06415696522478574
1707621120,0.1067977146896364
1707637140,0.6943849805033727
1707659400,0.8461773915690719
1707671580,0.7655532474131534
1707696540,0.6352499826435549
1707712200,0.6566863837032421
1707730140,0.8730102258893349
1707753180,0.3935189303218153
1707775740,0.9233705436133223
1707799440,0.1871375600375307
1707818940,0.860000339917955
1707836280,0.47241560743674665
1707847860,0.3746433058537534
1707868260,0.7902331076689738
1707893220,0.2255687393255726
1707916440,0.1475617357992959
1707930540,0.0691342276536219
1707944940,0.64808847692246
1707955920,0.860092119902898
1707976440,0.6684668414609661
1708001220,0.8384994419370669
1708014060,0.2732776651907699
1708036980,0.07860047177590795
1708059360,0.9155093083390066
1708081080,0.45900373852331594
1708092240,0.8174566373760871
1708108260,0.8464319465855271
1708126980,0.5275564401728303
1708147020,0.4718044869855004
1708163880,0.2669008977899117
1708184280,0.8209251219639467
1708209480,0.1899078507384426
1708228620,0.7663393314884028
1708244280,0.3843469056155172
1708262580,0.41455514642481617
1708280880,0.6393090542255202
1708294620,0.7863979432877121
1708319340,0.16269300325942135
1708339860,0.6843965477285018
1708363500,0.6169086936021607
1708388220,0.2526958690526618
1708407420,0.6469110845263553
1708430760,0.8355816014884923
1708444500,0.6393994197890386
1708464960,0.42483637144046454
1708477260,0.2797789087325844
1708501140,0.8534530799988416
1708522860,0.7303004485604289
1708547220,0.7761936258802892
1708567680,0.9054712764999586
1708578840,0.7409194431296549
1708600980,0.8276975595327641
1708617060,0.8435500523476408
1708636560,0.3504644607477779
1708655520,0.7328281020365743
1708679220,0.7691462795633535
1708693560,0.8820506004653905
1708716240,0.7536441235152131
1708727940,0.6658167827325311
1708738980,0.09348847679243269
1708759980,0.29926007371280666
1708778280,0.49233953356455185
1708802880,0.6477027814618764
1708819980,0.7838344878822746
1708833240,0.6612125807705861
1708852320,0.6680100055406126
1708869420,0.4775989982830985
1708891080,0.9117921600450439
1708916160,0.9376952211400956
1708940220,0.21893798862129246
1708952820,0.6389274166659531
1708976100,0.8218994944836852
1708990800,0.8250778119008603
1709014380,0.06092393128595212
1709025840,0.09002724148321088
1709039520,0.21810574317668663
1709055240,0.8189783197434588
1709071740,0.38449238023291415
1709084040,0.7589138495380614
1709101200,0.22543292515656202
1709118240,0.8387659857940898
1709138760,0.876240207209111
1709155740,0.6695725401931253
1709173920,0.1090489091385356
1709198520,0.6311265463875976
1709216940,0.25825156578846004
1709230560,0.1165744654993028
1709249040,0.23566530401504884
1709265240,0.20809941581180044
1709289120,0.7900565920593549
1709302860,0.8505840129252518
1709328000,0.8321704569523123
1709348880,0.22391765848770517
1709368980,0.7010115731185244
1709381940,0.8881535675667511
1709395740,0.7715524614806961
1709414580,0.351103437088947
1709433000,0.8911151838748311
1709451120,0.38672119440629144
1709470140,0.45312404066062334
1709494620,0.21423937822914638
1709514300,0.4785873079801318
1709537280,0.6675842422824901
1709558340,0.8043778541053915
1709575680,0.42891659113731223
1709591220,0.6718242296708002
1709602500,0.8973093128057443
1709613720,0.6119119726167723
1709634720,0.1243326706837693
1709651220,0.3978311756719569
1709666340,0.7809975000154589
1709677320,0.10722658390779796
1709701080,0.6327386428657512
1709718000,0.8084160987007214
1709734140,0.844357480572239
1709752200,0.6460229672177018
1709765520,0.325964606437859
1709784240,0.6591852231784999
1709802840,0.6344418223746738
1709823660,0.75820184730637
1709838300,0.7342973246917371
1709862240,0.11584180471953567
1709886000,0.9026328730393383
1709910660,0.762664650589522
1709921580,0.283873674066976
1709942520,0.24947350793359035
1709961720,0.7096041606301821
1709973960,0.19773825267511008
1709989980,0.16866989716591774
1710006360,0.35743308135319585
1710017700,0.5903726130187182
1710041220,0.22438278800876735
1710058560,0.713929336373545
1710071880,0.5794087447207116
1710093000,0.7390999915042471
1710108420,0.9131297564001725
1710133500,0.20891691891104314
1710145680,0.8470076731131566
1710164340,0.2348868993752312
1710185340,0.10523916980430381
1710202500,0.5677648098403485
1710222600,0.8443076317180075
1710234840,0.47843722192907523
1710257160,0.7206147501923424
1710280020,0.33078101787948905
1710292620,0.8508349255376209
1710307860,0.5119576362783778
1710321900,0.905252883185378
1710334560,0.9179842511000879
1710355740,0.6617709839773578
1710371520,0.5725602244821208
1710390360,0.8669070855847713
1710406320,0.6935184048466312
1710428760,0.19036194311244653
1710440700,0.6614207931629945
1710463440,0.4791174503112145
1710488280,0.3294538234601075
1710508860,0.26856008348035204
1710525660,0.6432674246263048
1710542100,0.21905648630079366
1710554520,0.2475470606445186
1710578460,0.7884017921786303
1710597780,0.7204229068087291
1710614160,0.3149650634292356
1710630720,0.4777823963909734
1710647580,0.6856717384037058
1710660300,0.8636890607161553
1710676620,0.37290422763180786
1710700860,0.8033487976574161
1710712200,0.8654396226511679
1710723240,0.21329027257139843
1710743700,0.7019619033846305
1710758220,0.8139367347324479
1710776640,0.4607326219784043
1710796920,0.36516072804143
1710808020,0.09481922237276383
1710826560,0.8344382236802973
1710841620,0.7362004663504155
1710864660,0.23404546939839127
1710889740,0.6468555601843469
1710911460,0.36431401335235436
1710924960,0.2331219509383137
1710941700,0.7558267560572489
1710958860,0.8207803493607144
1710972420,0.3017496555045081
1710992820,0.3931047918435791
1711018020,0.8634012464853454
1711036320,0.1792377110808663
1711051260,0.41487379815231284
1711072680,0.2124743855349365
1711093320,0.7318139731119127
1711109280,0.5204721032628256
1711123800,0.26922374516134706
1711137180,0.76424407832188
1711150560,0.24427189713857828
1711172940,0.3828130308871414
1711187700,0.48846865308196336
1711202700,0.6232966588660329
1711221180,0.2646849245796995
1711245300,0.4008084861086605
1711259460,0.03888884697325776
1711271160,0.3430297376247312
1711294020,0.4511056724255391
1711309260,0.8034509250189964
1711332360,0.8997096174760769
1711354860,0.5575095489229155
1711366680,0.5659628932122654
1711379580,0.8354362932609283
1711404000,0.08863686765653184
1711418520,0.693901292058174
1711435380,0.5110146409707718
1711457940,0.5961981486651726
1711472340,0.253455535507074
1711491180,0.7741406900488995
1711503000,0.10877015578705677
1711526040,0.8287499755906088
1711543620,0.7333546859098006
1711567500,0.391048431358765
1711591200,0.526457704588428
1711609680,0.34830420407758206
1711632600,0.7567476879001818
1711645320,0.0880486241444674
1711661280,0.882593297875469
1711682760,0.8718560594207523
1711706400,0.7523224289632946
1711721880,0.8675036211861098
1711745280,0.8084059050205826
1711767600,0.29800016208440167
1711787220,0.5610881407485956
1711799460,0.7781426517165262
1711819260,0.641383066207449
1711838400,0.689846790169695
1711851840,0.6983713322631332
1711866960,0.6759246337127421
1711877820,0.8109958624095098
1711891020,0.6057650184265159
1711904040,0.2049895991661701
1711915140,0.666912896804133
1711933440,0.8722866008393286
1711952820,0.8482586745226788
1711964520,0.8830090188959814
1711975800,0.9430020130211895
1711987140,0.813419627740628
1712012220,0.1282020699510834
1712036520,0.15438025033457634
1712049600,0.6334624834951568
1712067780,0.7246709930601242
1712079600,0.8721767800797535
1712092980,0.19042699079361392
1712104320,0.7102455099093101
1712124360,0.8983345624789257
1712148480,0.18174141847019926
1712168940,0.6136599996934343
1712182260,0.2503260384174202
1712206440,0.372388712024477
1712226060,0.8349223319980715
1712240640,0.3687979693088026
1712255820,0.3473590293451188
1712275020,0.6768446317210836
1712292060,0.7934641912339442
1712316840,0.16092963471023575
1712333580,0.9333864954546864
1712355600,0.7795578187558257
1712373540,0.8657896970906998
1712397120,0.6330232894912464
1712421960,0.824594723329064
1712442180,0.671032874547194
1712453700,0.6508186069710948
1712474040,0.5342884001382571
1712495040,0.6788963924708058
1712511840,0.5630738723173432
1712527140,0.859587074649611
1712551500,0.6115383631211508
1712563680,0.21531352526447997
1712585160,0.6559577048670787
1712598540,0.7523102805761647
1712618580,0.804521189826402
1712636460,0.5461240251785013
1712648640,0.8779510643322128
1712667480,0.8660668556742632
1712690640,0.25441894531729237
1712705400,0.7902565699487004
1712729040,0.8744819867472704
1712750100,0.6059370200169943
1712769960,0.9360551791212903
1712781000,0.8933326877753014
1712796480,0.8428966473657965
1712811120,0.31067082402108476
1712830260,0.31229643320998873
1712844480,0.5677067649334775
1712859000,0.7833039081099804
1712882880,0.7068505804418324
1712904660,0.6749867528118759
1712921460,0.7609577252916061
1712941200,0.8731163733151265
1712959680,0.8864905320030579
1712978700,0.45920468668576603
1712997300,0.7628977650584585
1713017940,0.2789026481109475
1713030420,0.5942700401486756
1713053400,0.6502277852240741
1713078420,0.675258569408473
1713102900,0.20586709359875976
1713115200,0.7602924033593803
1713128520,0.6485711985956317
1713144960,0.8824173478947427
1713157020,0.6952029757898299
1713173160,0.4562512433963673
1713184200,0.21040788289547707
1713203820,0.4398397524264397
1713217620,0.44294725744976615
1713240240,0.34375325417624764
1713262740,0.2458432937271455
1713277380,0.08360542225470732
1713301800,0.850519473955855
1713317760,0.5990684582062733
1713338460,0.8774266010932634
1713358200,0.6822902548953962
1713369300,0.8641899006650539
1713392100,0.7995827737233403
1713403920,0.8441149503097053
1713422700,0.24217052259220856
1713435240,0.2726577762800061
1713460260,0.2597055654226248
1713473640,0.8699825327882893
1713491940,0.753150864231651
1713513960,0.04475370789769178
1713531540,0.7365747552048741
1713551280,0.8367527244223086
1713569700,0.6529383976407215
1713585000,0.0981684495151616
1713599040,0.6750897455701494
1713619500,0.4076189728596168
1713631080,0.2237057390986851
1713645180,0.7758606002381887
1713664920,0.1043113374516896
1713683820,0.8270395976253855
1713706680,0.9174427737973144
1713722220,0.8773084106937841
1713740820,0.872664507090018
1713757440,0.8263709527025077
1713770400,0.8446776685774083
1713787380,0.23852587116174698
1713810480,0.7328086619970384
1713823680,0.6623122079809071
1713847080,0.8080121216044266
1713859860,0.7482925922264952
1713883200,0.7230935473677125
1713906720,0.22424871876764427
1713925800,0.04819360062650367
1713937380,0.3857048337629032
1713960300,0.7633601192663918
1713974880,0.08498346002749181
1713995160,0.83176233848847
1714011000,0.8631487998680918
1714022880,0.11712248365908023
1714045560,0.6910540802552404
1714056840,0.7694081791477496
1714080360,0.4649707106334503
1714096440,0.8586701509999142
1714120440,0.8175056379693748
1714138860,0.9133795310117329
1714160340,0.7250265883407195
1714183860,0.324898025663648
1714207020,0.3200957857366901
1714226400,0.2437283146166709
1714244100,0.09020234173850959
1714267860,0.8685704203523267
1714282920,0.7733336129942734
1714300440,0.2629379587788921
1714317960,0.6374951504474228
1714336320,0.20460115082392874
1714355640,0.30895916740473156
1714372200,0.041931231149439634
1714386240,0.683688677670882
1714403220,0.44881375037635907
1714417800,0.8244321396821229
1714430160,0.8734251236835925
1714441860,0.8174566373760871
1714462800,0.9074698156442735
1714480680,0.0661768893054271
1714505160,0.9052357572692086
1714528440,0.41552127143466405
1714545120,0.25041498184181177
1714565100,0.8763709031674644
1714587600,0.836958699801539
1714601820,0.7739466813436843
1714624440,0.3878332503277222
1714642320,0.28871495372780764
1714665120,0.10486867024831924
1714688400,0.5806680885292681
1714704480,0.41789963233830335
1714722180,0.6701656991096159
1714733580,0.8099653106115112
1714745700,0.23420766005421492
1714767480,0.752476318084251
1714781280,0.246015833968438
1714801440,0.8510607947218974
1714812600,0.568245319503529
1714835040,0.19739009021881307
1714848240,0.8677821949131735
1714859640,0.4639046574459269
1714883040,0.2273099687805764
1714895160,0.2165635298839914
1714906200,0.6218600381291516
1714919520,0.7297779134533986
1714936860,0.7279143436908269
1714954320,0.21651287748969064
1714971900,0.7510710269537598
1714989900,0.4789245578137402
1715007120,0.7654019975239172
1715027160,0.07750975218474203
1715046180,0.27177975827660883
1715071020,0.9133557357340121
1715092860,0.8255891575721324
1715117880,0.9187302335581438
1715140980,0.05049722642239574
1715157000,0.7691627752222479
1715178960,0.7694127472766787
1715194140,0.7523783523813503
1715218080,0.27059714194532575
1715235120,0.7824857998834648
1715248440,0.909400530174329
1715266380,0.12077533467942668
1715278980,0.34639144085148227
1715299560,0.9068319013890245
1715311920,0.8392769114077971
1715336580,0.7299536840171621
1715353800,0.0728060536550868
1715376960,0.9300328249550605
1715401560,0.37937083418962464
1715422140,0.4636322361227167
1715438880,0.2318856042673385
1715452320,0.9052152736601671
1715464800,0.6713502476944821
1715477280,0.6909951479919708
1715501280,0.6497221774629501
1715526180,0.09144465299646888
1715547180,0.09549366465799163
1715570400,0.8805992332723369
1715590740,0.8696814644583373
1715607420,0.899738917724823
1715620080,0.8285803741538597
1715640780,0.6658232895968738
1715656560,0.44177184301336364
1715671620,0.8690527356594248
1715682780,0.876930527615872
1715705340,0.8194822218712833
1715726700,0.8884353716944349
1715744220,0.749887750962321
1715755740,0.49762616192415143
1715780340,0.6781843408042928
1715791320,0.09381333208707801
1715816460,0.45400890175853775
1715830800,0.8280955230401128
1715852400,0.807783615599943
1715869920,0.6699301448250102
1715887920,0.8623817055013545
1715900820,0.9090802109407461
1715924040,0.6184216812940574
1715935080,0.04715717553393741
1715954580,0.7447790630561189
1715970900,0.07562835532681703
1715992620,0.8514042684186607
1716009540,0.8637546823670403
1716032280,0.8317629938919177
1716046080,0.8301973968268054
1716064260,0.2945150671777099
1716087300,0.5629107402865638
1716103080,0.789824361644665
1716117240,0.609636336620365
1716138240,0.6801277357384031
1716160920,0.8056502029064246
1716180780,0.2150239317908243
1716197760,0.1117682450621059
1716218220,0.7139793927170953
1716229620,0.0853979056640428
1716242640,0.05251039792789649
1716261600,0.1394237007871937
1716280860,0.08985426030336563
1716296880,0.9085578742127258
1716309660,0.851901923271225
1716329340,0.7761326171127092
1716346380,0.8355036392618456
1716359460,0.8541818256287411
1716384360,0.7974898067753539
1716401700,0.7581138735346531
1716413880,0.8073680457355888
1716435480,0.8743835073980601
1716448560,0.7789550938583549
1716463020,0.9123263840969702
1716477120,0.8787037139790389
1716493740,0.1233046157824896
1716506160,0.16185137098954952
1716519360,0.629020653291812
1716539700,0.65170121543797
1716553560,0.465464229986134
1716565320,0.34849470744487654
1716581760,0.38737240673201473
1716606240,0.8650128322567858
1716621840,0.4334760515760909
1716644220,0.8523898656671325
1716668520,0.7562720058917607
1716681660,0.24268962907295352
1716703740,0.506542006529959
1716723780,0.18530960450396272
1716745560,0.3090410692305495
1716765120,0.22489380542407786
1716783660,0.8826457210190923
1716803760,0.5985849618056723
1716827340,0.037906016834517
1716848340,0.058512445304484864
1716860940,0.45135391745728054
1716878340,0.42016245244422157
1716893700,0.8218898375314173
1716909960,0.28670531918322983
1716928020,0.33670796311529694
1716944400,0.694134224178175
1716957840,0.8801738774433916
1716970980,0.6991239441635813
1716992340,0.5622052591438799
1717015200,0.7366823680730619
1717030380,0.7831877848736147
1717045860,0.4482561074656734
1717056780,0.8582270925565981
1717067640,0.8760448070368186
1717081800,0.5840473740933844
1717104120,0.8819208684872303
1717123020,0.7351692538947489
1717140600,0.8713511895172964
1717165140,0.7363197797187818
1717181280,0.8538145118022307
1717200900,0.5211280175666021
1717222680,0.8038329954133474
1717240140,0.4139208355416872
1717257180,0.7597216589047112
1717280760,0.6197238087033726
1717293720,0.8652411168624511
1717317000,0.5974492622105425
1717342200,0.7052473871723568
1717358340,0.20341943738159396
1717375320,0.7510222472581349
1717397220,0.25187446958765664
1717408380,0.2294513811539333
1717432980,0.2669532029755672
1717444080,0.8495911988615414
1717464480,0.8961228748419937
1717481580,0.6173241952151062
1717506720,0.2328444087520248
1717523220,0.14412263082823734
1717542300,0.2821508329574905
1717558740,0.1748708690099033
1717580160,0.10285740659022458
1717596600,0.36066209757099205
1717615080,0.29291262932002415
1717625940,0.0392742701054713
1717647720,0.7040992288371855
1717671960,0.37951039167816547
1717685220,0.9207925758996408
1717702620,0.8729355113779188
1717716480,0.35990408134130786
1717737540,0.3601473613567922
1717752960,0.8636849837575444
1717766280,0.07025865733584334
1717783380,0.10262937233182755
1717800720,0.8336871241456983
1717819080,0.6164667167991028
1717842780,0.5054063351847415
1717862940,0.26868420089127
1717885740,0.7382049736357253
1717908420,0.832269202215748
1717920720,0.7812980561422987
1717941900,0.7598547414127133
1717964520,0.7261821139154083
1717981860,0.28018579970308466
1718000100,0.5532672720409614
1718021040,0.10332685680352813
1718043900,0.8503210672811611
1718067420,0.07515781633587762
1718082300,0.7963625450622114
1718096280,0.6182340388086229
1718108580,0.7789329083011449
1718123460,0.22671693971948048
1718147880,0.4538190189285677
1718170620,0.10828081373614636
1718188260,0.6546543488973807
1718204040,0.9104388808809099
1718225940,0.7735040113126452
1718238960,0.4452023513193158
1718258760,0.8157728470737753
1718277420,0.6773310833839007
1718294280,0.8171711765039423
1718319120,0.91775399256845
1718338920,0.8958482130202063
1718350620,0.661056197259536
1718364840,0.6506058649742772
1718389380,0.3225534602873599
1718409900,0.6971836181943273
1718429880,0.639557932014214
1718451420,0.6362796892943398
1718468580,0.553502778414543
1718488920,0.7582098420065781
1718505720,0.2514905712210222
1718516760,0.20764965808633087
1718540460,0.6590179030988728
1718557560,0.4955033432582625
1718580120,0.3967277632396167
1718598660,0.6414425320908781
1718618820,0.9052326739129776
1718636340,0.4831559715120235
1718661180,0.7369388049443863
1718675160,0.41952962483263123
1718700180,0.7622881450030058
1718716380,0.6080731153897674
1718740920,0.2870702804904418
1718755800,0.8193970789131616
1718771520,0.9193451810904923
1718790600,0.815750455685442
1718814840,0.8353829194328083
1718833620,0.619411212317945
1718848440,0.7583445987814835
1718869920,0.4473250153682784
1718881980,0.33555185366407236
1718902140,0.8335737624221485
1718926080,0.6542082457743387
1718944980,0.38635755057210963
1718959740,0.8881535675667511
1718972280,0.2500882668446168
1718993160,0.6734384547811408
1719017040,0.8479143933652158
1719028740,0.31487382570578687
1719043080,0.8854527923319564
1719065520,0.6940058784086869
1719089400,0.9187205888384048
1719106080,0.31045478033889584
1719130560,0.8899738148523396
1719152460,0.8870793082660051
1719167520,0.8423129443926195
1719180840,0.8922257640701863
1719196920,0.24996519530996805
1719218700,0.10342904014209381
1719232920,0.20627029231451932
1719247740,0.8279789838149666
1719270780,0.8422755397247675
1719283800,0.6619973358661321
1719296340,0.7279175917992845
1719315180,0.08140463687028904
1719340380,0.9260855755208134
1719358500,0.8374868674655009
1719379440,0.2133784972798183
1719399600,0.4988528302491323
1719414540,0.9091928614054894
1719427500,0.9442135081350729
1719448260,0.4222425336467583
1719464400,0.7932434439302729
1719489540,0.6412952268917201
1719504360,0.8888809396388159
1719515220,0.8484871030546405
1719533520,0.31212367584926926
1719546060,0.8179877148534472
1719570180,0.791002965864041
1719586260,0.7044050747101108
1719602100,0.6218916138799974
1719619020,0.6012165391341769
1719638040,0.8251151945191183
1719654060,0.6227914928468677
1719675240,0.4959259616993424
1719699720,0.8075978836780893
1719713820,0.22381628210006663
1719737160,0.5411635435848796
1719754980,0.8149042940305768
1719770040,0.6153083685078664
1719795120,0.07464714178429085
1719816600,0.8526650721364889
1719841620,0.9111898997395165
1719854220,0.24956833841807774
1719874380,0.08188637439914134
1719892320,0.8518583379717932
1719907140,0.04681484658535877
1719929340,0.7905983125180082
1719945240,0.576801373218431
1719963840,0.6776762194791919
1719982560,0.4779318082898176
1720001460,0.25906468580616704
1720020540,0.26141910373218624
1720038300,0.23920333257602824
1720052220,0.3689397232896598
1720073160,0.8736794018197933
1720084680,0.12180493033137345
1720108380,0.052301076400108434
1720119900,0.7696763454879791
1720144320,0.11684570187367928
1720164240,0.567867527087042
1720185720,0.8788945003424897
1720203540,0.13215152611611305
1720220160,0.3555714045730846
1720238220,0.8309097370211347
1720249740,0.3920509441414629
1720273320,0.8172601955320888
1720289820,0.3660038002352001
1720307700,0.602948008017532
1720327620,0.737767151350044
1720346580,0.7461232063361676
1720359540,0.6351454692934361
1720382760,0.20681588692201583
1720398780,0.9081365211228093
1720414500,0.12025846984512856
1720435560,0.2418057610715543
1720457100,0.848573440802848
1720478880,0.4578781892329313
1720494420,0.7374065457323945
1720505880,0.6584223091232014
1720530180,0.09193655425412646
1720553460,0.0930576840786041
1720575240,0.8395316015939538
1720593240,0.576040654630118
1720614480,0.7336639794277873
1720635720,0.12382705191693417
1720650300,0.2958290701273543
1720665060,0.3998597533338858
1720682880,0.8007027179144899
1720695000,0.7553353123662874
1720712280,0.9048864411077836
1720728720,0.9131890641656061
1720740420,0.6351475482012827
1720763040,0.8515438860303111
1720787340,0.2096150559212681
1720802580,0.4045224685265464
1720818480,0.8274518630633448
1720832280,0.29290728089591195
1720847640,0.6934764933934812
1720859220,0.7285026550459734
1720880940,0.7773345049399277
1720899600,0.8360112282813793
1720920540,0.6585187958801092
1720942200,0.7048879224586176
1720955580,0.22262889744670578
1720972560,0.41922701735729634
1720995120,0.1636889334315483
1721015460,0.45546177369698565
1721035020,0.20737617498698013
1721049360,0.09925502524784488
1721062260,0.15623509418476167
1721074800,0.940265469799141
1721087760,0.8712274011369396
1721104380,0.4011433419919681
1721128500,0.26388896204210704
1721149560,0.11024708426784426
1721165880,0.4233396267318991
1721189580,0.6514411520621383
1721209080,0.37563125769632927
1721220120,0.8796030928221096
1721242320,0.10259799469543664
1721266680,0.21787964316843333
1721288340,0.16493069070354538
1721306700,0.852979887239015
1721324220,0.4383248422458477
1721347740,0.832996134797939
1721362860,0.11275552017624135
1721377020,0.08317976165834812
1721388900,0.6107354397272449
1721405220,0.14231104067383238
1721422260,0.8078549209804545
1721443800,0.19570429239480844
1721456040,0.7201997501395685
1721469180,0.2494724667789556
1721485620,0.5196996108556786
1721505660,0.256912661712777
1721522820,0.6197588099573946
1721534520,0.4559620640553295
1721558100,0.3344730999050851
1721578200,0.6751879847809027
1721602800,0.20840715783160974
1721614620,0.8934361643336768
1721626080,0.7819271219133953
1721637600,0.8609689899342641
1721654460,0.7822316105082054
1721669040,0.12985764140938216
1721689140,0.9278232216195994
1721705280,0.41596932996216074
1721730300,0.7519988040819284
1721749980,0.8218513824319225
1721770500,0.31111649901715754
1721789940,0.05158963630682454
1721809680,0.9108998363444816
1721824920,0.5582920775449395
1721838660,0.6805642243177421
1721860800,0.22154055543776902
1721880900,0.09751882100611362
1721900880,0.5198989302571232
1721917920,0.9344102898706094
1721929980,0.9197403990733256
1721952720,0.8818417216771594
1721973060,0.9287600990220659
1721993880,0.8756231092418842
1722007320,0.790117686489817
1722023520,0.7893791311081482
1722046440,0.9204379474237387
1722059580,0.7279082069765938
1722081540,0.7701622031861769
1722092760,0.08775517332949703
1722117540,0.5476585395317249
1722135660,0.3491493909532282
1722156180,0.21701533563800837
1722173340,0.8190848773574997
1722184920,0.327164167037915
1722204660,0.8926953411185998
1722228780,0.6051600293085713
1722253140,0.8717740217260113
1722275340,0.303316971356175
1722299220,0.11391573230761096
1722322980,0.7410161503586111
1722337620,0.44159182483483267
1722354840,0.1014945029828801
1722366840,0.12307775408660915
1722387180,0.8871016093268111
1722407160,0.6329450634732865
1722426000,0.7594686235632474
1722451080,0.6543220204321145
1722476220,0.7694688330397209
1722496980,0.68528438709042
1722517560,0.03650229057487219
1722535140,0.8777066772079434
1722546240,0.035491662792673066
1722558000,0.7999730250139664
1722575100,0.5676888901290629
1722588480,0.12484681678519019
1722603720,0.9335370341878769
1722618660,0.3202170484977583
1722637980,0.3286228633973096
1722655800,0.24445238480391945
1722680280,0.8871874292180392
1722692820,0.7931093802668668
1722714420,0.10322752498746207
1722734460,0.0818680744901101
1722746820,0.9044124312858423
1722771120,0.7629631110652423
1722792780,0.206497492854107
1722807060,0.8434790597573599
1722817980,0.8782754185064033
1722831600,0.12508145630916703
1722845760,0.580403367893093
1722862380,0.7797085063116027
1722874860,0.10998198085912989
1722891060,0.892646887946619
1722905220,0.7643609539950569
1722928620,0.8770380960568464
1722944340,0.8989880631385948
1722966600,0.3191598797644649
1722977400,0.6155819569255758
1722993480,0.14389388598302333
1723007580,0.6125881913860015
1723021080,0.2252808813107437
1723038480,0.8733243611797157
1723056480,0.07921033767403231
1723076220,0.45123247641461783
1723090740,0.14467946697666526
1723102320,0.11730126155703036
1723118160,0.8736760763956983
1723142400,0.8616827232151226
1723161660,0.893236516558925
1723178760,0.8690583632369192
1723190880,0.8021902264157909
1723215240,0.756778159358596
1723228920,0.39902618958910785
1723250880,0.49258446521917626
1723262580,0.41071070920821817
1723279920,0.03892301306413917
1723291320,0.3130625148799463
1723312020,0.7558661272350231
1723329720,0.8941009882947687
1723353060,0.0925928261001994
1723367160,0.5528881911502053
1723390320,0.12204272877972672
1723411800,0.5219689474142114
1723435080,0.6818716872712245
1723459140,0.9013702136450387
1723476660,0.8675977069981544
1723499400,0.4434046448227298
1723519860,0.20873158046264675
1723530900,0.8938786659462257
1723553640,0.6750530330637383
1723575240,0.24097012435268744
1723595820,0.8586800261260984
1723618320,0.52460546334129
1723638120,0.6263874106847428
1723650540,0.8473686147065079
1723663380,0.4573591318169168
1723681380,0.765290166580562
1723704060,0.6629999496986626
1723718040,0.8487635219788086
1723743120,0.7436894291772991
1723761180,0.3816050964323135
1723781220,0.05558669677569221
1723794720,0.5919104497697616
1723815180,0.1158903350616873
1723836840,0.9135159782200584
1723860780,0.9054523672310508
1723879260,0.4062232907730375
1723902840,0.24210706433485787
1723925460,0.2322049163688762
1723948200,0.8758659856940664
1723969020,0.8342154091969057
1723986600,0.5481700087901261
1724000700,0.3466844632902728
1724024460,0.9224298697092349
1724039700,0.8971856944283829
1724055840,0.8315077109758411
1724073120,0.8541437010572204
1724086140,0.23052472943778765
1724097240,0.09618476100958186
1724116080,0.372669273711138
1724127600,0.7380607667695556
1724143980,0.5093657843617531
1724156940,0.8922068217360049
1724168820,0.5732010722082415
1724186160,0.2261270737751016
1724209560,0.6770790412017205
1724233920,0.8243098570355109
1724252820,0.8261122974844504
1724265180,0.6047041106264989
1724282160,0.8640970144669188
1724294040,0.3955729752581951
1724318880,0.8937639566904798
1724335860,0.4201540782878377
1724356260,0.2687186553916901
1724375160,0.8474198763295682
1724387640,0.4380378337352268
1724399040,0.10392388179832623
1724415720,0.2170163873597305
1724434860,0.23896581746721735
1724454300,0.07239253191327735
1724472480,0.23088684802294643
1724484420,0.6466786824484847
1724498160,0.7717592616995053
1724515500,0.7817731659139592
1724529540,0.348255361045798
1724553060,0.5971525357138242
1724571060,0.3278508734067637
1724594820,0.21211533285783238
1724617560,0.8591307825923497
1724632620,0.19824049563348986
1724653680,0.10517472472027839
1724677800,0.8220076845719057
1724700060,0.8154317427486483
1724711400,0.2327127510935465
1724732640,0.1934732705876519
1724744220,0.7620605098953103
1724768520,0.06772157889299138
1724791680,0.5390648438615806
1724804340,0.3205575100281342
1724815680,0.6889601317948937
1724835240,0.9103640081382047
1724848560,0.1831959312813697
1724862780,0.5322418767317624
1724881380,0.12832809630002087
1724901840,0.24224636344992603
1724913420,0.6801313813271472
1724932260,0.8274190778357967
1724954760,0.8275372110030175
1724977320,0.09654272644135942
1724997480,0.18630377052161837
1725015120,0.3628316588738853
1725035100,0.2322352786652061
1725058440,0.09880462363606941
1725075300,0.5996748911568927
1725096660,0.8664173515762439
1725116160,0.4030342149470474
1725131880,0.25912973787933097
1725147180,0.8827912446075051
1725161340,0.4393825105408874
1725181020,0.8035666771744409
1725199920,0.48930251663890656
1725217980,0.8827040387871796
1725238260,0.17275129713209147
1725252420,0.2546624048201892
1725271320,0.7959593262826605
1725294060,0.7390099126979471
1725309840,0.7974730837447633
1725334380,0.14085079275163262
1725347520,0.9003467440547362
1725359220,0.8894660484689317
1725380700,0.8155887493562618
1725400920,0.22759590955769965
1725411960,0.231388711608312
1725431460,0.6850310634332345
1725445380,0.9093538429795766
1725465300,0.11258283380842683
1725489540,0.8920818333641614
1725510900,0.44164631142179495
1725533700,0.65921861538823
1725548100,0.736108080602392
1725560940,0.5326898495796911
1725585540,0.32362498219314495
1725608040,0.7184455069436677
1725631740,0.5428942722627222
1725644760,0.9153941829078404
1725656760,0.6961117131414477
1725680640,0.5470672529550068
1725700080,0.7894947208365105
1725712740,0.9076527725228105
1725736320,0.7427402220096194
1725760680,0.7796431651296157
1725785280,0.4321511400408596
1725801180,0.2159259665607505
1725815760,0.5610227135449144
1725827820,0.8379162946130162
1725841080,0.10115290300874623
1725858360,0.26764814355054917
1725879720,0.06606445428242576
1725900540,0.09269821691434596
1725922680,0.7423883502365434
1725940200,0.8900814651137231
1725963180,0.8252377215785771
1725987840,0.2747139322942226
1726011840,0.22958488633601334
1726024260,0.10417527151624359
1726037280,0.08723215055863213
1726061280,0.352136722820415
1726079040,0.5823880554459114
1726098540,0.4268406440472647
1726110240,0.7324128445891823
1726125180,0.35388033304506744
1726149420,0.8743108974982763
1726174440,0.08764612121299974
1726194780,0.06624655397087822
1726217160,0.3947790383366214
1726233840,0.19580094216008112
1726256460,0.8274399799298824
1726276860,0.5104134390822387
1726301640,0.8554218266431045
1726323300,0.8787349967777666
1726345980,0.7009503471593539
1726361100,0.4037101639662576
1726372440,0.21233994803143516
1726384620,0.21614750202161906
1726407720,0.7558553817724241
1726431180,0.8569620238426646
1726449180,0.6456968367731369
1726462320,0.7803110647793547
1726478700,0.6825406638814515
1726491180,0.14617791611511352
1726504740,0.7192378943183798
1726516920,0.6509310717365112
1726538160,0.6924221761004505
1726550520,0.3760997883164416
1726572660,0.12316665161472486
1726595700,0.26870308376919194
1726607880,0.3781651768241221
1726632120,0.20123341844545345
1726643940,0.23004043400580404
1726656000,0.8121789495852197
1726667760,0.8647240480344685
1726690020,0.3374418833495057
1726713720,0.7731148727258124
1726738860,0.5372319406618626
1726756020,0.8793276876492636
1726776720,0.24130907671043947
1726790340,0.4818383437195919
1726807740,0.8535004978384034
1726826460,0.770641875731243
1726840860,0.32860539707758707
1726852620,0.9344493281032432
1726871940,0.10523637087193695
1726888380,0.858256359607462
1726909440,0.4707027011414069
1726930440,0.6735417624608918
1726946700,0.8030374586967077
1726963260,0.4086850982306358
1726976640,0.20830641885298465
1726992720,0.33243371742518685
1727003640,0.8512248931652017
1727026860,0.09484202488422566
1727039820,0.7047174385285787
1727052780,0.21485043290547678
1727076240,0.6792352102426199
1727087340,0.7331997267702537
1727103360,0.8184618850678811
1727127960,0.299254030569951
1727145660,0.7933112902339533
1727163180,0.5011419741889491
1727187900,0.5273349692127117
1727207580,0.11981148705858868
1727218620,0.9249726636030255
1727240100,0.5464212754174446
1727255580,0.6096485321787283
1727266500,0.8000316602220926
1727284320,0.21763496527846393
1727295960,0.8084747351031378
1727313360,0.9216379596174659
1727336520,0.428533036547029
1727347380,0.48839669491769905
1727369040,0.1794636012291956
1727394120,0.4662841880163163
1727416140,0.6556610495785373
1727430060,0.6906817209317332
1727449320,0.454193482517249
1727470080,0.21319462189538504
1727482860,0.16474695959344637
1727494440,0.8936957248895346
1727507460,0.15124808392640354
1727523540,0.39343946583819683
1727545080,0.8362711809504111
1727556300,0.614425001886715
1727574300,0.6583958643010245
1727597520,0.79569688443399
1727621220,0.27992314615509484
1727633040,0.3829038823630513
1727644920,0.8932350379142278
1727659260,0.4478468390476641
1727679420,0.8443887980841075
1727692320,0.03916868793430535
1727704740,0.24787287130767774
1727719920,0.8466988766416413
1727733060,0.4869676253006021
1727758260,0.8815548645062119
1727772180,0.8919135685344315
1727794080,0.11089844636583358
1727815140,0.25559790486445777
1727833020,0.7307573808859779
1727856180,0.6118026401073098
1727870160,0.8866839265213726
1727883240,0.6992050021303857
1727905380,0.46436805000761333
1727919360,0.8135862846392214
1727943780,0.11696956741488725
1727966100,0.6435602737810906
1727977080,0.7636080199942612
1727999640,0.5587778226218418
1728018660,0.3148972617662482
1728039360,0.7810009048148762
1728057360,0.21655995091390454
1728073680,0.8412568012059716
1728098580,0.21245539803952004
1728111360,0.10907091639375488
1728133260,0.7521000915534811
1728153000,0.6505982667280473
1728169020,0.2822230537764533
1728189480,0.8119632136095609
1728208800,0.8006307003489349
1728220020,0.3933043732825197
1728244920,0.2056464678209151
1728265140,0.4469005210113531
1728279600,0.10149686192057052
1728292140,0.8789108038892139
1728309960,0.9077775831545213
1728325860,0.13231139674779405
1728349740,0.6282094635973904
1728363360,0.16440648567743907
1728377880,0.11006640906678246
1728393960,0.9257330819582785
1728415320,0.23707570481131854
1728432180,0.8881171251408945
1728443760,0.525829238142094
1728457980,0.3476084598652097
1728469920,0.568120640049988
1728486360,0.2563806799030488
1728507480,0.23226724127954068
1728520980,0.8521729096428234
1728538620,0.6471251626698483
1728561300,0.29558371894314067
1728576840,0.09166832964928465
1728594840,0.6866735201922566
1728608880,0.8084709969849635
1728622440,0.2383069439873423
1728638400,0.7451587733647771
1728663240,0.788556958979644
1728680280,0.7389743141558993
1728702180,0.09278023736793478
1728717240,0.5995050988476011
1728730500,0.7893919581682849
1728744960,0.6410571728547638
1728759480,0.34236606298314165
1728777840,0.8553476342369556
1728795240,0.7766204432007864
1728808680,0.5022437235019148
1728832980,0.8396649173681301
1728844500,0.8042936143407345
1728856020,0.9211874061421503
1728872760,0.7722821450626997
1728892080,0.633396563137718
1728916320,0.8941785595394605
1728941280,0.1021504126585313
1728963900,0.2866006465284738
1728980160,0.8777953454024322
1728990960,0.387936070491584
1729008960,0.7802247104379816
1729022460,0.905655470809869
1729047000,0.3850527453521908
1729065180,0.09978383756146172
1729076520,0.774151872740372
1729095720,0.7920857352805266
1729115820,0.09507027817439745
1729136640,0.2322096648540051
1729157940,0.5622368803808323
1729172280,0.3450869791962299
1729187040,0.6034352369222422
1729207620,0.8022180390091777
1729218720,0.7627500930909152
1729232820,0.45503290146333414
1729246500,0.5225622529248138
1729257840,0.5021930858828245
1729271220,0.7279966890323333
1729290240,0.905858479367916
1729301640,0.5702194495024934
1729323060,0.23500091938363651
1729341180,0.7297205752910382
1729357200,0.15811929403275682
1729376880,0.7430617016023826
1729399380,0.3084317383338778
1729412880,0.7259945606580918
1729432380,0.8583131086943376
1729449720,0.851374699291631
1729467780,0.9237731754991912
1729489980,0.5402112926778914
1729501320,0.6249360071283379
1729521840,0.36481210439195977
1729534800,0.85906292409376
1729550100,0.34704893542944143
1729569540,0.6373850040260635
1729587300,0.8139538410007284
1729606500,0.8447712494710589
1729623120,0.6522999066942423
1729635900,0.34496894656478416
1729649940,0.8744029618944053
1729669620,0.6955900260383168
1729690560,0.7718822296064597
1729709640,0.913393910682936
1729730880,0.7685165809868519
1729745880,0.4648856212298117
1729768080,0.8869780018699284
1729782000,0.7605038221201271
1729801500,0.6200733450292456
1729819080,0.7490379162844673
1729841460,0.8758618239673627
1729862220,0.24992009180041275
1729875240,0.41663799674049073
1729887660,0.3807046785799262
1729900680,0.9101040678284861
1729925460,0.8687733762256588
1729936620,0.10073039580628096
1729954380,0.646443004492587
1729978320,0.8479413614749608
1729993920,0.9178678471948845
1730014200,0.6976324705393017
1730031000,0.2594127248684794
1730044020,0.8125892577375766
1730056920,0.5807238883925958
1730073480,0.3097734415760276
1730089740,0.2312876358128469
1730101560,0.19506474080625227
1730121720,0.3281122292326711
1730138100,0.0975818612940761
1730156280,0.38436609858544846
1730177820,0.8590295229605619
1730197740,0.5386617475247624
1730217180,0.8271223854794544
1730228220,0.741116043516859
1730243220,0.3063578922830833
1730264100,0.7225656683394897
1730287560,0.12247971870282587
1730298600,0.7220646451201311
1730314320,0.652648483027266
1730326560,0.33558001645235336
1730349360,0.8478752274414312
1730368140,0.2157056408032179
1730383260,0.9096371590813184
1730402400,0.21379821151621156
1730415300,0.940385787861453
1730435940,0.8747784848642661
1730461020,0.519221413037899
1730475300,0.76286822316631
1730488560,0.10565893106941811
1730502480,0.8299807434420613
1730518260,0.6866630220181853
1730532120,0.5381088069100401
1730556600,0.21080102059206224
1730581440,0.22439287581483428
1730593980,0.7438313066359293
1730614620,0.7982714821592732
1730638860,0.8928904947497586
1730660040,0.9068629365768266
1730676000,0.2299839163778411
1730693460,0.7867790738141907
1730705820,0.7814229545671425
1730724960,0.24555732055414223
1730742000,0.22344844178588713
1730755860,0.5928745974028571
1730772780,0.8463529119944172
1730797080,0.19082909297811837
1730809380,0.2799423939038395
1730833500,0.5720874868698872
1730854860,0.777309019973949
1730872920,0.5811197086236426
1730890440,0.21040358902053266
1730910300,0.0705654024232869
1730935200,0.908763735750006
1730953080,0.30788660913561855
1730969400,0.12676941338353692
1730993700,0.09807482690762
1731018060,0.1256673566164299
1731032880,0.42645979180140403
1731045300,0.6443262536973415
1731056820,0.7751105354476291
1731077460,0.7036181517301434
1731090840,0.12720023499010472
1731109020,0.4082230974848243
1731134220,0.4313930554725998
1731159060,0.862606921086084
1731179880,0.41570649847772284
1731204840,0.8515043781494114
1731216300,0.7527486311097249
1731240960,0.6866342682368467
1731253200,0.23984264156556243
1731276480,0.6392836823884346
1731290040,0.6434079466011302
1731302640,0.7277312097425829
1731323640,0.6688499797269168
1731340800,0.8751379061991811
1731364020,0.7263942138336368
1731380460,0.8936441091933878
1731402000,0.8999911327734023
1731414120,0.9252294948382614
1731438240,0.261699343589923
1731459780,0.7281037442896178
1731479880,0.7486734783686013
1731496260,0.311890606750683
1731515520,0.10342436620582626
1731537360,0.5723940044655017
1731557340,0.26936940532848097
1731573480,0.16893253476760883
1731597840,0.1462121638502918
1731611880,0.6223445469971801
1731629760,0.045900039687912786
1731654480,0.8251899651875201
1731670380,0.2651707025259929
1731688380,0.5846593082249278
1731705360,0.37648610450989345
1731718860,0.7359491734894905
1731735540,0.12382782174608231
1731750480,0.8909074749376554
1731773640,0.5019694383057836
1731788100,0.5515841943170544
1731808920,0.04066514441605682
1731833880,0.8870929748082133
1731850260,0.6063645187709429
1731865380,0.20177973149231346
1731885540,0.21550637434256442
1731902220,0.8411625544568758
1731920760,0.8361427919974537
1731944460,0.8805395592594596
1731961800,0.5221406033337225
1731977580,0.7825703782251592
1731990540,0.08423777151090572
1732009320,0.9222582733234331
1732030260,0.6883165571348707
1732046100,0.273639555763646
1732063020,0.6291712151674738
1732074720,0.722136937345535
1732086420,0.8893256552334892
1732100280,0.2024030321932241
1732116000,0.875408157865505
1732140720,0.06697042186950543
1732155900,0.07460216109370343
1732180020,0.4775516114254238
1732201500,0.678268220773378
1732212360,0.7646254313564614
1732234020,0.7942431919020153
1732252800,0.8921570709928883
1732268340,0.07165887547045519
1732282860,0.12081978772125677
1732299960,0.8194838194342684
1732313340,0.7313823824481536
1732327920,0.6318186934405904
1732339440,0.11603505512224943
1732356420,0.12104448314202629
1732376520,0.8418572212093803
1732391760,0.7983710271051442
1732411980,0.10183777099490499
1732427460,0.4205184759365209
1732439820,0.8334755770748656
1732461180,0.17219981405782753
1732478460,0.8472263019100426
1732490520,0.7630229006401269
1732512120,0.8895799327336793
1732531320,0.8532639600210884
1732551960,0.7093076975469593
1732573020,0.885904020849089
1732594440,0.9058948002750841
1732613160,0.6114165689086486
1732630800,0.8577986801433176
1732646520,0.8454870100837445
1732660080,0.053752719836547405
1732682460,0.512425249540783
1732695120,0.8288586757097544
1732715820,0.6760470594430869
1732728480,0.11749737048459367
1732745940,0.8377935369720919
1732757160,0.03815727952771344
1732770660,0.8762926328146826
1732793160,0.45347063499964624
1732814880,0.04756947004168824
1732830420,0.8778544397803094
1732846020,0.26370956890050257
1732862400,0.2621024560351164
1732881840,0.7470167120471898
1732895940,0.07481091211009674
1732910220,0.8181173223541663
1732931340,0.515440977331227
1732942260,0.6837577454253093
1732956000,0.9070097163615317
1732972680,0.2528891427233076
1732990680,0.6357407901385307
1733006100,0.9092792440082899
1733022660,0.7642028787598361
1733043900,0.7305843806334967
1733054940,0.5951764969448965
1733075940,0.6328242945414608
1733088900,0.7716353687389369
1733108100,0.8619697148042729
1733119140,0.7653116609460784
1733142120,0.7229533128449228
1733164980,0.05388936940063001
1733182620,0.1739272991208131
1733203800,0.1456081808737532
1733214720,0.1992443334397325
1733229960,0.8200295069907763
1733241780,0.715367238460686
1733252760,0.21499562295721109
1733271840,0.09851979936249604
1733294400,0.7358217043717158
1733317140,0.08458110276574865
1733332500,0.9102351854991524
1733348400,0.33750591679196157
1733372220,0.0766371638156599
1733389620,0.6302130731702278
1733402520,0.7260126549178568
1733415120,0.2406006205512858
1733435700,0.8162466049241701
1733454780,0.1403458116252801
1733465640,0.8756557454356032
1733477340,0.7923207153805709
1733491320,0.8164420874156156
1733515140,0.6442745152145233
1733536500,0.2307459091467723
1733555940,0.6911956166004127
1733580540,0.7124808404809052
1733600520,0.041731994278728785
1733617080,0.32373621218874676
1733640960,0.7239354313613985
1733660460,0.7281857305205467
1733671440,0.05071366789844497
1733689800,0.912986573868005
1733714400,0.18352185882590083
1733732880,0.6444121488274528
1733748960,0.26460363353027216
1733771400,0.09999130385019203
1733788800,0.28241788223830167
1733805480,0.4955469919302505
1733820960,0.6369901439482897
1733837340,0.7670687662054597
1733852820,0.5771819900622502
1733871900,0.9163259561980923
1733896680,0.7816910477665377
1733918880,0.8860811494392582
1733938200,0.045235163553871714
1733952540,0.8515542155211333
1733964900,0.27663983170030815
1733977140,0.8017338024174604
1733992320,0.8156157488901755
1734016800,0.9297964395551472
1734030180,0.8247270037525274
1734047160,0.7297836919915002
1734069540,0.8124371542459289
1734087600,0.9322591908643981
1734100980,0.6196174754140243
1734119880,0.9074916613997998
1734143520,0.714432556294723
1734167340,0.5796941397044324
1734186960,0.0691426670853842
1734201240,0.19327332672194603
1734217200,0.4098343902417627
1734236640,0.5854415382619569
1734260280,0.7207172806030486
1734276540,0.6682786901423874
1734299880,0.3686347422296576
1734314040,0.6412972784105323
1734334440,0.8399708650796109
1734353160,0.4250628504105464
1734373740,0.11308060394783175
1734387540,0.8928367988291088
1734398400,0.23667232631068633
1734418020,0.4503040444396621
1734429120,0.13103147434406393
1734441540,0.5933542100315825
1734460680,0.7378941557409504
1734482640,0.4816315404184012
1734505500,0.22962587736597143
1734517020,0.7027158389764745
1734535980,0.8962704947484228
1734556260,0.25512044505621506
1734578580,0.9044124312858423
1734592440,0.8748744968066219
1734610140,0.8431343750918242
1734622620,0.7436979072742506
1734634140,0.41317130890049236
1734648000,0.8698110675498586
1734663000,0.05944219334927307
1734687000,0.709689353243913
1734702720,0.04434996957533264
1734719280,0.8755865346957089
1734732600,0.2805685036479964
1734744840,0.4011790880442526
1734756180,0.5436084081774051
1734776040,0.21744558200572078
1734797220,0.17546312874203415
1734822240,0.8603913511601653
1734835680,0.8626252618921465
1734859800,0.11456366832052282
1734876060,0.6422044710826981
1734887580,0.3626033661262181
1734910740,0.7984077717817669
1734929040,0.8068876204697274
1734941340,0.24343030042051125
1734959760,0.810398156235369
1734984120,0.23067988223633068
1734996660,0.6626948995701144
1735021560,0.28762991377054964
1735044840,0.26365323732842044
1735057440,0.08927653883134833
1735076460,0.7604310868403983
1735094460,0.4941376591882201
1735114740,0.5906970646630189
1735134060,0.23491287147807444
1735158360,0.7969523806317197
1735182120,0.08410156142291991
1735201260,0.9176028089929708
1735216560,0.44261569433039694
1735230960,0.6735209403072621
1735242360,0.3351368179566808
1735255440,0.38804227665701424
1735273920,0.3156808565312934
1735289940,0.801801803539777
1735303500,0.8610191695461202
1735317060,0.8661652496784368
1735334940,0.06410513019084631
1735355460,0.8467698559943899
1735377660,0.8689268704019976
1735397340,0.2955467986188925
1735421280,0.7691493654205692
1735436400,0.21726872524420024
1735452420,0.12764085761994662
1735475460,0.6968644769841987
1735490880,0.32015192326344083
1735512780,0.8893871518587875
1735536480,0.6207710738587467
1735551360,0.5571749651634446
1735573560,0.7491164338089397
1735595280,0.5164346530372077
1735615320,0.6166124303877181
1735631880,0.8874914503083398
1735654320,0.22689795896281595
1735672200,0.7113479902786994
1735684260,0.1996630145595684
1735705380,0.9192433443689624
1735719780,0.6038487525952505
1735731960,0.8775726400005915
1735754040,0.12338959890621075
1735770840,0.34401675571282225
1735783200,0.8847719207666316
1735803300,0.7817023361612693
1735819980,0.1082986808956793
1735844520,0.05533540067576999
1735861620,0.5611902463349787
1735877520,0.8076964541460969
1735898520,0.9265454026059063
1735911300,0.8558455817865279
1735930440,0.10419445868910372
1735951740,0.12606015257219524
1735967940,0.2155333405350848
1735992660,0.3827420508110234
1736005080,0.7683350497743364
1736017740,0.12012517435758749
1736036220,0.8078659589988983
1736048160,0.1196220045957688
1736068800,0.4731735792295443
1736082960,0.7292934228484993
1736103120,0.05204357221236304
1736115420,0.4876747247233696
1736131020,0.6526586275025757
1736147220,0.26557727832680506
1736160240,0.8918492294966542
1736172420,0.882714047225871
1736194380,0.27923140787705264
1736208180,0.8676133628646427
1736224020,0.8153801760371301
1736237940,0.8209826892471633
1736258220,0.7928631265635427
1736272680,0.9097319251298192
1736293260,0.2432528154706257
1736317800,0.770807990138033
1736332740,0.8727436732379329
1736357700,0.8299216277603753
1736372820,0.6857567920056821
1736386680,0.909023646241645
1736398560,0.6375450043204781
1736417340,0.5163960741496433
1736436900,0.14168981207772133
1736452920,0.8227714121494465
1736465880,0.46398513061668
1736480160,0.7803519777280317
1736499180,0.8440666399956778
1736510520,0.3274238824089353
1736527800,0.10234728776954932
1736551260,0.45635856557782145
1736564760,0.3813285499884185
1736588520,0.7484165067504117
1736609520,0.7835329937047711
1736629800,0.8877672384938586
1736654400,0.8872615611235417
1736668500,0.8556686810052816
1736688660,0.8177229643657307
1736709960,0.5796373672004852
1736731260,0.8663575351884698
1736744880,0.9284798849398408
1736769480,0.43892256685178616
1736788620,0.7295108554028393
1736803500,0.9198947103479358
1736826120,0.8812270693587085
1736850420,0.8013925537041877
1736868300,0.9055468282861274
1736883540,0.13467623763922737
1736903100,0.9106361879558031
1736921760,0.7187096856084817
1736938080,0.5245602272232727
1736959260,0.9167025010175399
1736976960,0.83760248693796
1736998560,0.11776974563990708
1737010560,0.24034633347631693
1737035100,0.8577969429265676
1737047580,0.79540219704988
1737060420,0.11483616304027304
1737083160,0.9427254342516809
1737101940,0.03474619959785813
1737119580,0.24717604659865217
1737140280,0.2778657636173197
1737157680,0.8484178279091883
1737173940,0.31814430049890824
1737197580,0.7631260864676973
1737218160,0.7133359583750353
1737234480,0.862516296323094
1737258960,0.752244485744705
1737274380,0.3656794884885913
1737299160,0.4828174172312916
1737321480,0.6230975281434489
1737337920,0.7234280127928308
1737362700,0.1514702300788746
1737387180,0.40722516979284473
1737398700,0.755770190131013
1737420120,0.10438990042419852
1737436740,0.9230044904095301
1737452820,0.07279165249335026
1737469020,0.9201879401271791
1737481020,0.0662739059818854
1737505800,0.8826197243720375
1737525480,0.09430082843504715
1737540120,0.8693541345650382
1737555720,0.8644433706245627
1737578040,0.8117776783465982
1737603060,0.7811500708377541
1737622560,0.29939587835111103
1737642300,0.8352386403736679
1737659520,0.2674086137347402
1737671820,0.12337481869712472
1737691740,0.6016486480111538
1737716700,0.9001947360805304
1737732540,0.1622046236245699
1737757740,0.8607031431035487
1737771780,0.6595616341450323
1737795000,0.8669237991024864
1737813660,0.11167573357369877
1737832980,0.3128867801277325
1737854340,0.8140860369700995
1737878580,0.4978669503610845
1737902040,0.8238168960287633
1737923940,0.8787078706866435
1737939780,0.6017454253628883
1737960540,0.06755682271308353
1737985080,0.8686457286176373
1737999900,0.32817463397521773
1738022820,0.8827997699092065
1738036860,0.814949599031046
1738048560,0.17805750424816671
1738071420,0.8630428718409127
1738091040,0.0448995902138673
1738110180,0.8054078897915066
1738131060,0.8912135203457386
1738151580,0.8973265184165335
1738168080,0.14865308692546267
1738191120,0.91149645950035
1738206720,0.6371087976607961
1738221420,0.5877009251254468
1738243320,0.25429812671403246
1738258560,0.15510927367234703
1738281900,0.9152697282137003
1738301340,0.12933585296522054
1738318920,0.8558086048186029
1738334700,0.8626235621364483
1738350060,0.37758846116883826
1738368900,0.6402318855666074
1738389660,0.3428044077269205
1738407000,0.347366093566649
1738428540,0.8504007340661393
1738451520,0.07376655420224111
1738471020,0.4125431362691797
1738494240,0.09500417822461156
1738511580,0.7852363096719819
1738527180,0.34902434850368924
1738550220,0.702759322579023
1738569420,0.21917270153651122
1738590420,0.7600767085726853
1738613460,0.21500338613414177
1738626000,0.08539544491967925
1738647300,0.7706422886586941
1738671780,0.46970903462180835
1738696620,0.7771108602802117
1738718820,0.7325088186265857
1738735440,0.7684839951689529
1738757220,0.5793249207878989
1738768560,0.795871579243802
1738791360,0.464674072632429
1738811280,0.9374592482059645
1738825380,0.7754797302431246
1738847340,0.744293154327714
1738864260,0.12306822803360008
1738886880,0.27381579441680154
1738905240,0.273430796483709
1738923660,0.74651390749533
1738936380,0.07348677787871577
1738950060,0.05080388685960304
1738969020,0.04375527443261339
1738988340,0.13543624248186933
1739004900,0.9167128704209421
1739021820,0.046288682372938046
1739033880,0.9122832560589955
1739046780,0.6531671163983971
1739071080,0.860061451507417
1739090340,0.13395538310894556
1739114280,0.8966511843813204
1739134440,0.7633243731134067
1739156940,0.22216573055835928
1739170920,0.8916542540471204
1739193480,0.9086299519690129
1739211120,0.8835953313908983
1739226300,0.9400196916519411
1739241600,0.07681153536822452
1739264280,0.8614170837426864
1739288280,0.8108786736673017
1739300160,0.25418822488982107
1739313240,0.20430164548599067
1739331960,0.2184320467528111
1739354100,0.8703017408069103
1739377740,0.7913205587687544
1739402760,0.7885218106263225
1739424120,0.6965148503063565
1739447400,0.4573463675333449
1739460720,0.17800237882093323
1739481420,0.9286626993651211
1739498280,0.7788112349548714
1739509140,0.7743377720738677
1739524320,0.7703046224267356
1739541720,0.3900930499517308
1739560860,0.8952017332689277
1739578200,0.05225642343727022
1739595180,0.2544171475291887
1739619480,0.6107156144791013
1739630700,0.10200236279996834
1739655060,0.9027166513149909
1739672520,0.6879061240999342
1739688660,0.8320036214206992
1739707920,0.7066385128343537
1739728260,0.9135832965016494
1739748660,0.871207247940141
1739763660,0.8691621670662439
1739777520,0.9051402999096
1739796960,0.8460999950122231
1739809800,0.8319635797386721
1739820900,0.8279034259117346
1739835780,0.4484092716373121
1739860320,0.190391379131299
1739872500,0.26351310424470986
1739885940,0.9140282036282668
1739902680,0.9160742477674634
1739927820,0.8501911491178331
1739948760,0.8222205493158885
1739971200,0.048933138509616614
1739986860,0.1934706339193039
1739998620,0.9364155411159001
1740019080,0.8201044657084055
1740041940,0.9203299163340618
1740060900,0.8308920619281439
1740076380,0.9076644933572382
1740091380,0.05458701794916631
1740114240,0.7528051006902301
1740135240,0.8029529122743229
1740156060,0.7562543633816038
1740179100,0.7692634831586458
1740200400,0.8720646919309714
1740220440,0.8727436732379329
1740238920,0.4338410718410753
1740250080,0.6308561306990744
1740265620,0.13723020690830012
1740283560,0.22567298991184936
1740301560,0.8871261035523206
1740324960,0.8835243984163784
1740339360,0.06112183991835003
1740360180,0.70514356893655
1740377460,0.7672893932515812
1740395520,0.632973940649436
1740409860,0.06246543148293761
1740421860,0.049063015464186524
1740444840,0.06535455938930496
1740467940,0.5904918856914149
1740487920,0.9024982392422656
1740507360,0.8834249859544839
1740526860,0.2475010660831283
1740541920,0.6996609682616384
1740564000,0.8777060690896407
1740582840,0.8971788021563742
1740602460,0.8956810633483256
1740621840,0.07411831779656088
1740646920,0.6706579548946072
1740660180,0.7724471519896768
1740674640,0.9203459576501977
1740688680,0.09877367400206459
1740711360,0.4808423086806431
1740729480,0.0731252493064186
1740744780,0.9265198030015449
1740758520,0.471886767052448
1740773280,0.5468653026870233
1740785880,0.5614737909113903
1740801360,0.6556555110778839
1740818640,0.8136229243703285
1740836280,0.22803591902617726
1740852000,0.532740762433563
1740864000,0.7396564257042807
1740887400,0.8507200883249391
1740898320,0.7643969101122781
1740911580,0.7585360353823587
1740924660,0.7295313667127449
1740941940,0.2255184287188053
1740960420,0.5034259708774167
1740973020,0.8193599370686208
1740984420,0.4423882165383056
1741009140,0.11414180244391527
1741032360,0.7137371081220889
1741054080,0.40161899865056006
1741077900,0.7852377133681465
1741098360,0.1459052797725038
1741123080,0.8648885910898106
1741145400,0.09259104089606864
1741165140,0.24812347362103745
1741189320,0.11955553425055167
1741204860,0.2610071116887115
1741226760,0.8024679916341502
1741239060,0.7379825569009483
1741262700,0.10289674919445022
1741279680,0.6925988738541374
1741293720,0.11380406834171647
1741310220,0.782828953407626
1741328400,0.10699625325140825
1741346280,0.8098731156302379
1741358760,0.2674176910712955
1741374360,0.8602507776542689
1741390380,0.8515074080079532
1741410660,0.1107394493393608
1741423320,0.2764489438844725
1741441740,0.7616751106625347
1741456500,0.5121142798476219
1741470900,0.2634533935136731
1741495200,0.10302268387434826
1741512600,0.8588356950377823
1741537320,0.19674509516826516
1741554240,0.3243197981900158
1741573320,0.35778401872590804
1741588260,0.4641478494476128
1741606860,0.39583414727596017
1741626060,0.7340408150128274
1741641540,0.9185969137090031
1741653060,0.7009238595492014
1741670820,0.06288454482944102
1741685040,0.0649682776643155
1741700640,0.8723555713552801
1741717860,0.5370448492739152
1741731000,0.14148067624596536
1741752180,0.0984951791365764
1741770420,0.8102180513963951
1741782900,0.8864557727788787
1741802700,0.5552257125723543
1741825020,0.7921921762464917
1741841040,0.27298107567951546
1741862040,0.9074484011330002
1741883400,0.8890833275968368
1741896840,0.8482945801414602
1741915080,0.7225821527560415
1741930740,0.8199872074274374
1741945020,0.6822409983950004
1741962480,0.8054985404524316
1741986120,0.7322956004492689
1741999620,0.7775303747753306
1742013960,0.23207706279564178
1742027880,0.5135167063802955
1742042580,0.13756902315067493
1742054220,0.6269461489668079
1742069520,0.773239774801846
1742093760,0.8703396637529932
1742115960,0.744371529407227
1742126820,0.28340001775160023
1742150100,0.7977167266429774
1742165340,0.8847612321087927
1742178120,0.11650630384406956
1742199780,0.43014877340994506
1742222160,0.30236067728874033
1742245980,0.8107286849531946
1742261640,0.8063857140848977
1742276880,0.7517208018296595
1742297820,0.25785483359385664
1742318700,0.9202275135280019
1742343780,0.08432348418366788
1742361360,0.9009068654901251
1742373000,0.8017997697382337
1742390700,0.6232427566908898
1742405820,0.8677673775018788
1742421960,0.43224617092189993
1742445660,0.8470662111093304
1742465340,0.10678329000301781
1742480160,0.5626749546335541
1742494680,0.6699296013462228
1742514780,0.3253265237719664
1742538900,0.7250502976556771
1742560980,0.88154806651594
1742581380,0.2635420802783463
1742605740,0.794828030501217
1742617860,0.5486478612234743
1742636520,0.729995139028072
1742654220,0.2858280780874747
1742669400,0.6837664622186298
1742685780,0.7011957357520837
1742708400,0.28171421087253934
1742720040,0.2865845270856864
1742730960,0.6733936909334813
1742754240,0.85477653747835
1742765760,0.7537559229831777
1742780280,0.8184632256082519
1742792220,0.7832315742094115
1742808060,0.6624364454109192
1742823300,0.9138878023864765
1742846820,0.08556856894605509
1742870700,0.7902725488458653
1742888580,0.7558079089531176
1742903100,0.3175156978796833
1742917440,0.8815502281040699
1742942460,0.23164245652607196
1742959140,0.9222657628949741
1742980980,0.7410570203277335
1742992980,0.6354246275437961
1743014400,0.2945704510040483
1743035520,0.655299715964443
1743055500,0.8056702991636022
1743073860,0.672191564757044
1743087720,0.9216498826728978
1743112920,0.9453883044895838
1743129000,0.1673728253441353
1743141180,0.06388302045199268
1743159240,0.8302723254420475
1743174120,0.8757552000566475
1743198960,0.7487339291675373
1743222120,0.13715835203500734
1743242880,0.3939125780944326
1743262080,0.08117809092003463
1743284100,0.9076120446738993
1743303000,0.7951849599799778
1743316560,0.3952118214383076
1743328980,0.8854949436309121
1743347760,0.66329912478251
1743361320,0.9137129317795734
1743376980,0.8871262689967763
1743388200,0.26599243994542315
1743399900,0.04312630660117615
1743417360,0.05983547645895107
1743439920,0.33744566215351984
1743463200,0.13018933501693858
1743478620,0.6784237855331736
1743499620,0.47810125437915224
1743512160,0.8852523289366608
1743533700,0.9126157280910079
1743552960,0.326746384884592
1743571440,0.7127968808737734
1743589440,0.3183204282595558
1743603840,0.7913894567148111
1743616740,0.911820145890651
1743637680,0.18367901922835259
1743658800,0.2816492770339935
1743677580,0.5750874066370428
1743700260,0.14545879364751305
1743725340,0.4079518017884819
1743737460,0.2726651435750192
1743757620,0.303532944637596
1743780960,0.046161753971317436
1743801720,0.09782083654407032
1743820440,0.04318809199796836
1743838740,0.3195736655230876
1743852960,0.851391249142162
1743875100,0.0865125729114325
1743893460,0.3604614510824146
1743916980,0.43419265651642425
1743931140,0.8675786375563195
1743953460,0.18269497834264098
1743972780,0.5561642453535215
1743986580,0.10391765913310742
1744001640,0.8204984991712634
1744025940,0.8587774132809503
1744044480,0.829782250449625
1744061340,0.941129470566168
1744081560,0.7945685847524263
1744094220,0.09005558985776244
1744118700,0.520972613067382
1744139220,0.8778616906157506
1744159980,0.25515008610813544
1744179480,0.7698987371936105
1744190640,0.9072835668344283
1744211280,0.6233167939112451
1744222140,0.24834148078841406
1744235400,0.44595854963569764
1744253100,0.8439395592306467
1744272660,0.9071249082613236
1744291260,0.7034037534289898
1744306860,0.16751082610328394
1744329660,0.25930177226871787
1744350660,0.1083442795877597
1744371420,0.9341141768672309
1744382400,0.8280040672737641
1744399620,0.36896462479768183
1744422300,0.1464239000896819
1744434600,0.7773375640249054
1744456320,0.6208472358962849
1744480440,0.8276604372605176
1744503660,0.7115084541360538
1744516380,0.36254040342501753
1744534620,0.8929718081684174
1744547040,0.7778188416326829
1744562580,0.12242023747538375
1744577880,0.4122746894680949
1744592160,0.4170017495604274
1744606320,0.3234109233662618
1744619520,0.03970304562830898
1744640820,0.9347836105492473
1744653480,0.747816690833564
1744665660,0.35427704277109207
1744687980,0.7988232023190835
1744710360,0.8078357210470302
1744730040,0.04712658496941055
1744750140,0.07453494338023631
1744772400,0.9022889415557445
1744788060,0.6567971336472022
1744801740,0.919652915280042
1744825620,0.6297594918588983
1744848180,0.7484693556594889
1744862520,0.7869244729591406
1744879980,0.7590061471000229
1744894140,0.829947443480521
1744905660,0.1310097689321434
1744916520,0.9290312983172118
1744938780,0.7080388749287443
1744958940,0.6408751437988349
1744978140,0.8613361949935227
1744989600,0.8003506457263003
1745008440,0.9389342099115866
1745029140,0.6558009008951186
1745045340,0.1732607839780203
1745056440,0.2030098574355173
1745073000,0.3368809753762818
1745097660,0.2058513311291358
1745110800,0.7759694892495437
1745122680,0.23556774216202825
1745135760,0.6920318347131212
1745160660,0.7508702057000787
1745183580,0.34714907676175855
1745198280,0.817518818996113
1745210460,0.8294185527898044
1745224140,0.9149346027699344
1745245740,0.2877763859010795
1745267520,0.05166962941658614
1745284260,0.4459490037408884
1745299200,0.8822338248861299
1745322180,0.8770573346116455
1745345040,0.7635210650720158
1745361060,0.8065696332493757
1745380800,0.6730367657859914
1745397180,0.9380157818301684
1745417880,0.9173140507761879
1745435820,0.8688178087322815
1745453040,0.3430458439846012
1745468340,0.09923502346939932
1745480160,0.3432429839202417
1745494380,0.3478512375642265
1745510220,0.8476997909659142
1745528640,0.8639371999729474
1745540700,0.8797717034463276
1745556000,0.6286762415485341
1745579520,0.5398142271568284
1745602140,0.1264238799577324
1745626380,0.04411743105759517
1745648340,0.7591056325720013
1745668260,0.36401004783923
1745687160,0.7006164617366897
1745699100,0.21953480391916744
1745716200,0.5042768134580705
1745734380,0.9023581440840688
1745746260,0.467548109428137
1745759220,0.5102179608071306
1745781000,0.42903127936945606
1745795280,0.9165755065686995
1745806200,0.08900356647382479
1745828520,0.11238280305432977
1745841480,0.04301341852175911
1745865840,0.14628858229094135
1745883960,0.4641778106603012
1745896500,0.8374502871845421
1745918100,0.1679495052536517
1745929380,0.12619093829077777
1745944380,0.13686027307705093
1745967660,0.05301879832316194
1745981340,0.7160672513672427
1746003780,0.1864698116129009
1746023700,0.9500636731633888
1746034860,0.4981461275260421
1746053220,0.9470314858534569
1746071520,0.9404681073514551
1746083040,0.12488482979828108
1746104760,0.8674518202054232
1746125940,0.8427265880119713
1746147300,0.12090230831629441
1746169860,0.1450786579883385
1746193740,0.8724103879531997
1746215640,0.8390860983760702
1746236160,0.907274606199889
1746251640,0.642244631646195
1746270300,0.8266466629433519
1746292620,0.791129374543429
1746307080,0.25518352378747594
1746325260,0.8302537290342075
1746336420,0.2969713027292345
1746350760,0.838013115930117
1746364500,0.0665127323636135
1746380640,0.14393418213940865
1746394140,0.03829400918255891
1746405360,0.14903227478008782
1746418140,0.05546110816399495
1746438720,0.2191919259582158
1746456420,0.8815486741789493
1746472860,0.6482997053826531
1746485880,0.7787875957210327
1746503280,0.7114009128268381
1746516600,0.8792884862711879
1746534420,0.03558118916886219
1746550080,0.10207738412295463
1746560880,0.8350143371154359
1746575760,0.8743463758429252
1746600780,0.1511679232343456
1746613140,0.7127786067674599
1746635100,0.8682537074796438
1746655440,0.06306296833077803
1746671220,0.2885001715705549
1746686100,0.1420835004222592
1746701580,0.6787748091383482
1746723000,0.2872956630238297
1746742800,0.8835901043569476
1746755760,0.8069196514800039
1746775680,0.29263252611360563
1746800760,0.9143871874249166
1746812220,0.29376338091895327
1746833940,0.7183246573256857
1746845880,0.847709744871037
1746862860,0.6372145315246917
1746878820,0.7604232042518302
1746896760,0.8901254576419826
1746921360,0.7775486289316818
1746941760,0.8692894551527939
1746960540,0.8706442524025688
1746983520,0.2414189874930863
1746999000,0.4389282641867358
1747017840,0.8058686022717888
1747034760,0.05726311883292929
1747050000,0.6664741421530673
1747072320,0.161523238266601
1747093620,0.3233783708729478
1747113960,0.907307086427671
1747129740,0.7752928264279665
1747150620,0.6757448171319623
1747168020,0.11758354359761239
1747188300,0.8323081781991534
1747201260,0.9121209088672864
1747221240,0.9431216581740258
1747240440,0.8245220616749387
1747260420,0.8578261680526155
1747274700,0.8710410441665769
1747299300,0.14508001305373094
1747315740,0.8302059427796603
1747334700,0.11951271765858927
1747346700,0.9349409196954788
1747359720,0.3508029032051452
1747372800,0.8107801385710233
1747396920,0.8205891969857071
1747410480,0.6303424174554692
1747422540,0.9198793520135472
1747433820,0.7989237076277338
1747450680,0.9030500933463734
1747472280,0.8860417922540686
1747483680,0.26832257058698733
1747495980,0.6776408165298717
1747520700,0.4344777006563924
1747532700,0.31524490381068204
1747555140,0.8694896101395978
1747572900,0.5735684377738521
1747592280,0.29026440425293754
1747604400,0.06170984971363522
1747626720,0.8932298620713981
1747640220,0.11155259318225517
1747659780,0.5118889184500086
1747676340,0.26573538410322345
1747691520,0.7463412585320405
1747709820,0.11156930695923342
1747727040,0.8219853338050603
1747747140,0.09959883638367671
1747765380,0.7981065699306595
1747778760,0.6118352916329389
1747800300,0.864765341505858
1747823340,0.1724898194924302
1747844460,0.4364410315537044
1747857120,0.228929956573442
1747871880,0.4684634195954872
1747887840,0.929028603963791
1747906620,0.9246127617053377
1747931580,0.8924871147545901
1747956480,0.6232759875226612
1747972200,0.18254389443810834
1747992600,0.11821386164025073
1748007240,0.6046398947951719
1748018280,0.18682495536728075
1748035500,0.8218944900708828
1748049660,0.935957721776285
1748064840,0.16659029727394162
1748083020,0.8674097163152544
1748094360,0.9037067370790627
1748118300,0.8931887528182516
1748130000,0.06857206702489109
1748154000,0.08787033066653968
1748173200,0.7637594917108471
1748198400,0.4827713730619432
1748213220,0.8176766428788237
1748235660,0.22074212105965788
1748246700,0.6346920439380663
1748270760,0.8046330871266624
1748287860,0.9042616467454568
1748307900,0.8987776087958662
1748322120,0.4962337343150148
1748337780,0.6093984867029433
1748357520,0.06006629352611718
1748374200,0.20659251053633632
1748396940,0.8392023423117805
1748418780,0.8699715872129857
1748434080,0.09543497464804652
1748456160,0.1344401776318103
1748473020,0.11787899981896238
1748491140,0.8624352488843661
1748504100,0.8481967221224282
1748527620,0.915020765382866
1748541300,0.18622361993839698
1748565180,0.6908581749144278
1748578260,0.6461933525960315
1748591820,0.668253621396249
1748616300,0.09888222293508164
1748636040,0.2658712111244717
1748653740,0.7039998498252856
1748673240,0.3374107721200195
1748688000,0.09348675061839638
1748706000,0.6695228143822134
1748729760,0.7970250780812119
1748746440,0.7767314379306721
1748764980,0.2714805304047056
1748782380,0.7536982263573957
1748794440,0.5784122956931266
1748812140,0.5956553043359196
1748827440,0.49779648383426434
1748841360,0.48327691992905014
1748853240,0.340744853584117
1748867160,0.9309379483661971
1748891520,0.8681311556222947
1748905140,0.7966141569272595
1748916600,0.8546226377807503
1748932560,0.3926371941668195
1748953320,0.8585551103043009
1748967600,0.14888201002839432
1748986020,0.8203050042585716
1749008460,0.22933128234363498
1749023760,0.659532513626383
1749041940,0.872042143525632
1749063060,0.8147547212969946
1749085980,0.08892327269285635
1749111180,0.6482280540974773
1749127980,0.35075686983338317
1749152580,0.7026826145402328
1749177240,0.7037463977489954
1749198960,0.13163986674079975
1749214920,0.8397177186415452
1749239880,0.8270304710959023
1749259800,0.7798029382052105
1749280020,0.7837305792605701
1749292200,0.35777090819998447
1749305580,0.3889300006882448
1749325440,0.8965870651676217
1749349740,0.8756673217207295
1749369240,0.2547865075926802
1749390660,0.2426038551112737
1749403020,0.4449284028114579
1749422520,0.769634165269301
1749445020,0.7524332272046271
1749461940,0.6732720174246348
1749475620,0.9393399743117652
1749495360,0.5328101960424889
1749516480,0.2985590442653832
1749534300,0.13043754554058273
1749556500,0.9280529710348521
1749569580,0.05700247464026828
1749587880,0.6836917468788922
1749604200,0.8221604732555279
1749627900,0.0903251665743974
1749651240,0.6761387537272341
1749663000,0.873755358943936
1749676980,0.8165560725847661
1749696840,0.8672401466233061
1749719520,0.8042950771070536
1749735780,0.8662667834649518
1749748140,0.9028355540379356
1749763140,0.08183025959394953
1749787860,0.0768746746697556
1749812100,0.3790760429591613
1749825480,0.746745111827789
1749846360,0.7809689795671266
1749864540,0.23183434522596352
1749881580,0.6081340351798558
1749892740,0.8962585739726137
1749907380,0.8327816389781225
1749920700,0.8492052039250904
1749934200,0.8470904742830037
1749956700,0.44115633992598585
1749971100,0.07358276752113636
1749983340,0.7111763699355815
1749995760,0.9112411173566952
1750020360,0.7480440450806785
1750045080,0.6598166757030758
1750060200,0.3036079868061931
1750080660,0.8086697732809723
1750105500,0.7332355089928642
1750125540,0.7947364107976723
1750145580,0.5854331254490525
1750168440,0.09810911154167379
1750180320,0.9345118715827784
1750200060,0.7726471819353877
1750216860,0.3503772467331311
1750233180,0.8465787725577066
1750254960,0.9184958474024815
1750272960,0.811184786375263
1750290480,0.8756235780620198
1750314840,0.9368965453288903
1750329540,0.8868024115439885
1750340640,0.2598784134010132
1750356840,0.07250773996632127
1750373040,0.4684173344921626
1750391520,0.8913437899559542
1750413780,0.8687628615962751
1750429860,0.30290529497941954
1750442520,0.6308707338314525
1750464540,0.8490347545325087
1750483020,0.29384365442568045
1750506120,0.3816910026529963
1750519020,0.23411230831255406
1750532880,0.6902091460238665
1750547700,0.24049871100932577
1750564860,0.29959442371387607
1750587120,0.17118359846354875
1750609080,0.3047334634263361
1750630380,0.8863562921927652
1750650300,0.10178644135417828
1750665480,0.28380783653964975
1750681920,0.157076104690071
1750698720,0.6608218923507594
1750715160,0.1780932074563202
1750729020,0.9277405703189098
1750743360,0.41863575811559456
1750755000,0.8787934236253016
1750774380,0.2225629643757055
1750799460,0.9435874028239122
1750813620,0.9373780627750891
1750838520,0.3000437042284277
1750854900,0.4788925814889937
1750872600,0.8790837172664095
1750886940,0.10336256040155485
1750900440,0.6629847673216739
1750912920,0.31480924373588537
1750928160,0.7016680480662358
1750951200,0.8210564367210625
1750964340,0.7974340790865587
1750984260,0.12804443219184358
1751002260,0.8636030003917586
1751025000,0.25921354587039697
1751037360,0.9306662128011927
1751054580,0.8689288292725512
1751074020,0.0852966963498477
1751091180,0.2537167312838831
1751110800,0.41459607073789934
1751131200,0.845796692266532
1751153640,0.801664159345324
1751173200,0.6724348104171015
1751188560,0.792268822588343
1751201820,0.7501069362283002
1751215980,0.671603524910601
1751235360,0.47190393941835623
1751256960,0.9052818324605729
1751281260,0.40610973400318023
1751303220,0.8262719904941052
1751321700,0.927442283291712
1751346480,0.7356640231199262
1751370960,0.8469155466983165
1751387280,0.0384547499806945
1751408400,0.8300866305163171
1751422980,0.2562069829694847
1751443680,0.16698472825750843
1751459280,0.6027413635128214
1751472360,0.259803481877445
1751485980,0.07950878660667135
1751498040,0.8507400854791024
1751511780,0.8904014674631608
1751527440,0.11729923489373091
1751541060,0.5634499747240718
1751556840,0.5256879619898865
1751581260,0.34282131907929997
1751595120,0.7854551140602336
1751619900,0.40816512471386507
1751631780,0.4084574380192612
1751653380,0.12221000328915849
1751666160,0.8735074573056398
1751677080,0.8213161660814502
1751701860,0.19118274303349955
1751713320,0.7947427272921799
1751737980,0.05063681553887418
1751754600,0.7210358892103037
1751768580,0.21943300757977174
1751785800,0.8441921127838032
1751802420,0.1286818127492006
1751819220,0.1818706671827849
1751834700,0.6323235272770036
1751848320,0.12899157681768134
1751867400,0.9027227671283626
1751891760,0.7168556131728864
1751909880,0.7466170533249163
1751930880,0.935163376575722
1751952000,0.7929582221997554
1751967420,0.933454082126478
1751988000,0.9383337351567221
1752000060,0.8941677559939543
1752012600,0.10113080496935108
1752034380,0.5522624563851742
1752050580,0.7221844093014146
1752066360,0.30683263964149904
1752089400,0.6981142982480936
1752109740,0.0675521401884893
1752129360,0.36848238969300495
1752145740,0.4629483534938337
1752160800,0.04587582115227611
1752181740,0.8656068293565233
1752201540,0.13570103455576396
1752219720,0.9110352702483826
1752240420,0.6769883023186679
1752262740,0.32282108823065536
1752283440,0.07185920523015685
1752305760,0.3448331811596489
1752325620,0.8448912845846264
1752336420,0.5826746044866328
1752351120,0.6467695855239073
1752371400,0.899290649294639
1752386700,0.32815908691929324
1752398640,0.06626034546066323
1752420240,0.2073618614632161
1752432300,0.843331934286258
1752456480,0.30219924763861117
1752470760,0.10524486135054183
1752492960,0.4050802664041131
1752504060,0.16234153639541837
1752522180,0.7732556978170373
1752534600,0.03631290126307666
1752552000,0.8374785855279113
1752575040,0.22531742680271832
1752597360,0.7789316469034878
1752612060,0.10486368169982449
1752633420,0.8867602442656874
1752654660,0.8758719298656145
1752672360,0.18162323155032975
1752684540,0.8837949386754614
1752700200,0.8652211773491986
1752719700,0.8595005064400466
1752744060,0.7782123307204691
1752766140,0.1562511197648395
1752784560,0.7709107205000055
1752801240,0.8798522941996723
1752823980,0.7486851861138722
1752837180,0.8562409457623988
1752860160,0.9195092512700669
1752873900,0.8251549397925261
1752885600,0.8956445705551922
1752902940,0.3714196662476005
1752914700,0.7960424178503349
1752927060,0.7834037026554159
1752946440,0.3350838833732373
1752959400,0.8681479994470847
1752982020,0.542119765210578
1752998280,0.7834869327218185
1753010520,0.3021998380620606
1753028940,0.4345231069952952
1753043460,0.5294865674806661
1753065960,0.7753564026338792
1753077300,0.8781881200057846
1753100400,0.8978513086905154
1753114500,0.27843035091379437
1753135380,0.10520659270992146
1753159020,0.8539225673249815
1753173060,0.6879347237062051
1753191240,0.23121824033940958
1753205280,0.8398079407654405
1753219500,0.27160384589396547
1753233540,0.43594554439624483
1753248240,0.6953566266311266
1753263120,0.5685253124734978
1753285020,0.7511038855810922
1753304460,0.2592317133506235
1753320600,0.41074100447364065
1753340280,0.7281369408614415
1753364700,0.7425621874519727
1753381020,0.08325475168141039
1753396020,0.8606779182185547
1753420740,0.856523127711528
1753435260,0.13484474253570036
1753451820,0.6161873554294487
1753463400,0.5273537270564854
1753478400,0.8658207598124756
1753494720,0.08497093853422807
1753510500,0.6469110845263553
1753527660,0.8235715704135654
1753547400,0.8838932473494444
1753558440,0.8243254509206442
1753580580,0.7575571290384233
1753595280,0.27206324667129994
1753618800,0.12974800528781374
1753643940,0.5574754461913453
1753663620,0.5441731954415528
1753674720,0.6474724082075838
1753686300,0.27660387718571333
1753707180,0.4075131122788533
1753732200,0.8091654438532017
1753750260,0.8245560211918933
1753773840,0.6884743681408464
1753793820,0.8437952888546879
1753805700,0.6461367889049614
1753821480,0.9170048245002493
1753834080,0.7325447402372045
1753859220,0.169705894232427
1753880160,0.8995785193781562
1753900380,0.4770098286528067
1753916340,0.6034219083631497
1753939260,0.41634343711205574
1753962780,0.3567505663625046
1753982160,0.6280549232031752
1754005020,0.5205909443433563
1754022540,0.7005800219707823
1754036280,0.2736810297930237
1754061120,0.405938382740619
1754081340,0.8537111593996164
1754101020,0.4587363968774929
1754120340,0.7694952345683198
1754133420,0.5621248282173732
1754147340,0.8698397199596791
1754161980,0.20867618998784096
1754180940,0.7631799811896833
1754202720,0.814870284313275
1754220480,0.2018790971182537
1754240640,0.11329685035342141
1754258880,0.24184558877128495
1754275260,0.8108849001736234
1754296740,0.8901689156272977
1754319780,0.8853758266026266
1754337480,0.1885588140353164
1754349720,0.4161991902099547
1754371320,0.6615350290706287
1754394780,0.5358897386122411
1754409660,0.8660538813397085
1754428140,0.9046000478542932
1754445240,0.9138983316427906
1754469900,0.7443808421149265
1754483340,0.12173693605112498
1754498580,0.9027099256672185
1754522580,0.49570093160257483
1754541240,0.6602275922915603
1754562540,0.08423953032497665
1754579820,0.3694636108765239
1754597280,0.22162279620744416
1754616840,0.9343041172131274
1754631840,0.7740792540103303
1754647920,0.5849517352926215
1754669280,0.8663081247048593
1754682780,0.7943867328324978
1754706840,0.23377840789010804
1754721240,0.23878273494568467
1754732640,0.24552639620184008
1754755980,0.2662329108872348
1754771220,0.8399138577633345
1754789220,0.5695829747798988
1754811720,0.38814933117707007
1754833560,0.530356127756315
1754850720,0.7682625715113541
1754867220,0.12527463185615606
1754885220,0.8687838387238346
1754897280,0.3688795699191889
1754908800,0.49448900956517017
1754931300,0.8675660967178946
1754942940,0.9098234077867517
1754961540,0.9141242120869152
1754972520,0.3783759459075842
1754987400,0.679559239802688
1754998620,0.6263524349082749
1755011340,0.5153464505681179
1755027900,0.7390216540750775
1755050940,0.7287944077299413
1755068280,0.2650320170239088
1755082380,0.8426131935172386
1755101160,0.799363421786527
1755115800,0.8827245473688184
1755130500,0.2623349001295924
1755155580,0.04035198580155725
1755178200,0.9318569481183451
1755198300,0.8691162224678315
1755218100,0.6629629822205866
1755242040,0.695053544620298
1755266460,0.4354913448541241
1755277620,0.6443355389757813
1755288420,0.46753477484785666
1755299580,0.8178316120863691
1755312840,0.8038306805755777
1755333960,0.5297805643698243
1755347040,0.22260106073592167
1755367260,0.22872454540237605
1755379860,0.6239400268910057
1755390720,0.340505369667191
1755409740,0.09779528643562692
1755434160,0.5014175268520676
1755446640,0.3292481094455397
1755457620,0.8729231056063743
1755477600,0.8700111873223838
1755498540,0.9280591123769389
1755522540,0.7742918757518074
1755539040,0.9347469728741127
1755549960,0.7894662152501533
1755565440,0.9396648366599882
1755582300,0.8675237124044146
1755594180,0.11641446759217734
1755607860,0.6982795166521025
1755628620,0.6326058415126158
1755647880,0.7090812948313047
1755670620,0.05703524331685455
1755690420,0.8719697099222559
1755712200,0.8645842081277412
1755732660,0.8295216552904697
1755747000,0.8804462504159959
1755767700,0.8691688603501548
1755787140,0.8793601755783906
1755803820,0.28482253477669206
1755826920,0.8955324348637818
1755839700,0.05057816744118443
1755861660,0.8601131913984649
1755874260,0.08265398278964242
1755893160,0.9339930321029358
1755906120,0.035722723349326635
1755928500,0.8945103757193896
1755944940,0.6534752148055476
1755966120,0.3580482312826298
1755977100,0.10505694139106678
1755993120,0.7424498171681984
1756008180,0.7051520399879323
1756033380,0.7647923527516297
1756057200,0.7028180534492074
1756069140,0.796368708102982
1756080720,0.8736532364598185
1756099980,0.11687295937213284
1756121700,0.9191841360886468
1756143900,0.1389237353300819
1756158480,0.8405840390376746
1756174860,0.8951148768967443
1756199040,0.13380803646535888
1756219800,0.9191995217286276
1756231920,0.7976972808496767
1756254300,0.8633067821617867
1756279500,0.9277357616857644
1756292280,0.9304889183770744
1756313820,0.767403709625537
1756332960,0.7178651147206261
1756349700,0.8000033149799438
1756365900,0.09379540969297269
1756383660,0.8089711656453639
1756401480,0.09927818330049448
1756425840,0.9260507370593258
1756437960,0.7415218196793943
1756461960,0.7890329643974819
1756479540,0.10876767013731342
1756495740,0.18526832777103927
1756515060,0.7188097569312254
1756526580,0.06823708143342931
1756545540,0.776971585815238
1756568940,0.9274159610690598
1756591140,0.1603769546232666
1756612920,0.2136255259723741
1756635900,0.5914406336637918
1756659300,0.8337265732897403
1756681260,0.03652945690191737
1756704660,0.699839458643193
1756715940,0.7817571867689217
1756737120,0.11191827937964567
1756751580,0.833640796456989
1756767900,0.8947363262707697
1756792380,0.8006761206621182
1756809060,0.10453156667163742
1756831320,0.6507301485306406
1756846680,0.2723731939415822
1756862520,0.26031676642683105
1756874760,0.8531158072976437
1756889700,0.08736363360296091
1756904160,0.945244958156656
1756924680,0.942718600870794
1756948560,0.8648666825155599
1756970040,0.3957527006977735
1756982520,0.24088704833669464
1756999860,0.45042736101131653
1757022000,0.17043579413832824
1757041620,0.06011095758811272
1757057460,0.7382167195875927
1757073180,0.04214052457811936
1757097300,0.5707495461983626
1757115240,0.7433347492738922
1757127300,0.25066269540838054
1757141280,0.6816791532396433
1757153040,0.9059463822922827
1757170020,0.9217905869202017
1757181000,0.8381980187027527
1757205900,0.37634305690701425
1757229240,0.7237500266076513
1757247240,0.5102722859315487
1757272020,0.8458372261700184
1757284860,0.8110759500586476
1757296200,0.41965284368265593
1757313600,0.5150834335417471
1757335080,0.31919323979445263
1757360040,0.6698403327640507
1757371020,0.15998664899676102
1757389020,0.7317014796300247
1757402400,0.738283739170567
1757418060,0.19433608971948715
1757430180,0.7747726762879963
1757447220,0.8151887459884899
1757470920,0.0696834171689447
1757493840,0.846418012327082
1757506860,0.27889875054147234
1757520060,0.04341929349377672
1757531220,0.900364048477176
1757552040,0.8936992911486892
1757575740,0.730743300767344
1757596800,0.887009521733141
1757619840,0.22857628466476462
1757639580,0.6274131088195416
1757651280,0.3883527065909846
1757665020,0.21645386590627938
1757679540,0.8901264539952802
1757694180,0.5824112232702383
1757711220,0.30863787341174703
1757729760,0.7721538067129117
1757747580,0.5776597881005677
1757772420,0.36443771518256873
1757784900,0.8116380866812986
1757800320,0.8913447333066129
1757815680,0.6295226688618469
1757827920,0.7780754006308358
1757850000,0.8720229865402986
1757873820,0.440454133701104
1757898240,0.10512049909242288
1757922000,0.09997930868483117
1757942220,0.7676828839104829
1757957100,0.26101695202744557
1757976660,0.132176155694842
1758001380,0.2109981830715464
1758021360,0.5029872176751048
1758038280,0.17453533489213913
1758049860,0.7340765850569635
1758062520,0.054734824373106665
1758079140,0.5325804747433669
1758101580,0.6595673596942792
1758121140,0.8094527992993333
1758141060,0.6913793164569394
1758160740,0.4643385635529152
1758172080,0.7728506343564655
1758188160,0.7618438451340382
1758203700,0.10465197105957995
1758218520,0.6101770020772965
1758231180,0.8167611607638962
1758254280,0.6063215788432664
1758279360,0.3055204837164784
1758293640,0.731466841696391
1758315060,0.6434853343271898
1758330000,0.7727320241432886
1758351000,0.5885360714007029
1758367860,0.8938137265067424
1758382920,0.6453369509663064
1758395580,0.667219624479331
1758416160,0.7098078930033342
1758440760,0.2643536673043649
1758455700,0.6749153013043798
1758470880,0.25433679389793984
1758493140,0.7570527576731044
1758505560,0.7709841949054147
1758522900,0.1043861597253735
1758535800,0.6988017556882701
1758549540,0.33113186344440854
1758568620,0.12705132448385592
1758581280,0.7887784148523497
1758603240,0.24831965202240366
1758619560,0.12434435067383391
1758636000,0.8974270159952296
1758655080,0.2984527512500474
1758669600,0.04616648034683412
1758688500,0.25300300682634763
1758706200,0.10689743311381358
1758720660,0.08088552619036893
1758742920,0.8610976892162022
1758755220,0.8208691966284327
1758772380,0.8584726098036877
1758795900,0.2970176270059731
1758812400,0.8769611793916346
1758836580,0.23382001551846304
1758859200,0.11888050658558601
1758870960,0.7696746715048645
1758892980,0.755574163074098
1758911160,0.9274389209529861
1758932100,0.7791247962541358
1758955560,0.2532649692377599
1758971280,0.6825515219083154
1758992340,0.433253693031877
1759009560,0.4915781366843125
1759023240,0.28024353985575157
1759048380,0.6111366535449175
1759064640,0.6903775837424214
1759089600,0.8835035336260137
1759105740,0.9205231673735559
1759130700,0.5806468475923011
1759152300,0.6931597293946733
1759168800,0.04396979578655754
1759191180,0.7089237026894418
1759212000,0.7614241383340407
1759225320,0.11238312409341768
1759248780,0.7195816804763606
1759263720,0.7912016183117374
1759287300,0.8947879549524159
1759300140,0.26229339426546244
1759321860,0.7535093992607688
1759345680,0.8849281203955335
1759370760,0.10469160545482516
1759388040,0.04179337708731015
1759400640,0.22948553531001706
1759415820,0.05747182939164062
1759426740,0.09733882061801287
1759438620,0.09833165631702452
1759451760,0.12477551225913544
1759467540,0.8567417404321294
1759479600,0.0771116688926673
1759494480,0.8779940932390116
1759519140,0.3127357299410087
1759534140,0.892377625322981
1759549560,0.7534776233663606
1759566600,0.843367025727134
1759581960,0.11965739474426558
1759603380,0.22612992782030017
1759618140,0.7200582983468437
1759638540,0.5546838416275677
1759652700,0.8845492993788956
1759668960,0.8595460631884136
1759686000,0.16605190096506342
1759698600,0.4875164015601721
1759717020,0.5975176137379815
1759729380,0.10196260664256755
1759753800,0.6808686757809435
1759764780,0.2439483487204116
1759777320,0.7793138108904496
1759798500,0.7072408899124912
1759812960,0.39581329079942623
1759827420,0.2885706440516417
1759851780,0.871080456189745
1759868940,0.3756476482131503
1759880340,0.22888644807737896
1759894680,0.3954631799594982
1759911060,0.18824340239364792
1759931160,0.22924448794396485
1759952520,0.6662878083822076
1759974600,0.31993382640079293
1759994400,0.2623013343587136
1760009880,0.6574678574044711
1760027220,0.7046370014358224
1760044080,0.40499915520909324
1760055060,0.7016054980861137
1760066340,0.42419728855870326
1760083560,0.8513665789900743
1760104320,0.3918729505341761
1760116740,0.9201309901516871
1760131380,0.0671024270152647
1760146200,0.03829828105312255
1760161260,0.32164194645306976
1760181600,0.7722999247829462
1760205060,0.6146998101889495
1760221500,0.36218605683341726
1760241480,0.3866697437177454
1760262960,0.8486531658480764
1760284560,0.2433824927319255
1760296260,0.2665712886570938
1760307960,0.7417400573534167
1760326320,0.8232644098730563
1760343420,0.5142897496451748
1760367060,0.05020373302261257
1760388180,0.7346816782186391
1760400180,0.4496894232357666
1760411460,0.19558963350315067
1760434680,0.25938959880394225
1760448420,0.7345848600545156
1760466660,0.8254297929035203
1760481060,0.42238484801425635
1760494620,0.8515438860303111
1760519280,0.822086256187434
1760541480,0.7662644402281318
1760561100,0.9273366617421196
1760580900,0.7891673550384255
1760597040,0.6586821405865104
1760612640,0.21172152873512687
1760628360,0.9178643547632606
1760648940,0.42104981629817884
1760659860,0.13164371495447605
1760671860,0.882530652448145
1760696880,0.7159911949894754
1760721000,0.2572032204054774
1760732880,0.5457348321040415
1760753400,0.777214942445155
1760765340,0.6293263963393444
1760783700,0.7669642160367103
1760805120,0.7958505987532587
1760824260,0.3433849890544776
1760839620,0.6448054296792224
1760852940,0.6902343616322918
1760877060,0.762919474284117
1760892540,0.8496733061164036
1760912100,0.32238672707124716
1760924460,0.20784093353789895
1760937300,0.9076479863137059
1760953860,0.8881381863405345
1760976300,0.27760400783443756
1760993880,0.9160737575852892
1761016800,0.6041146779243605
1761029460,0.20885202579862708
1761044820,0.8248194670440991
1761063900,0.07588494536730715
1761088320,0.8183129969804943
1761111900,0.8981959681948815
1761134700,0.7117822521898403
1761156960,0.26893315311314137
1761174120,0.5877379707702775
1761198180,0.8593860402002758
1761215220,0.8914515685341597
1761227160,0.09951781030684588
1761239580,0.8822961828702162
1761253260,0.49298503278909067
1761270300,0.07095071912501551
1761284940,0.8713641528493671
1761305040,0.8274399615400876
1761322200,0.8976409061009396
1761343620,0.2525214292181783
1761365820,0.7900565920593549
1761379140,0.4894579139601467
1761397560,0.29351074301375263
1761419760,0.7204520884241942
1761435840,0.9037252983155152
1761460500,0.587223072575413
1761483480,0.29925159035298904
1761501660,0.6198371447635462
1761526860,0.8526199899995313
1761540660,0.742843385081736
1761558180,0.9114577348796734
1761582060,0.22446766177553884
1761596820,0.8084042670175403
1761607680,0.08044608824200286
1761621900,0.42580840355665667
1761641220,0.7721548911695387
1761654180,0.9156782625504322
1761678180,0.8269137949397738
1761700920,0.9217455614445286
1761725760,0.3444526319815616
1761736980,0.7536483027295171
1761756180,0.8184926397654572
1761769740,0.4540096800709292
1761785100,0.48600746220999486
1761802140,0.846249730615671
1761822660,0.5711156009095542
1761837000,0.25243826892753135
1761849840,0.8612128990791802
1761868140,0.8260940778682799
1761882120,0.8454623945996541
1761906480,0.22792750517029264
1761928560,0.8653113561192163
1761949500,0.8922909743010854
1761969780,0.8099060180533657
1761987540,0.6178464204354709
1762003140,0.6873225759351601
1762025280,0.4286252605495782
1762036260,0.7965015295156325
1762047660,0.06490616477056399
1762065300,0.06793403054280606
1762076100,0.33851118880210224
1762095960,0.8383126792105721
1762109520,0.8420435664969699
1762129980,0.156888679730338
1762148220,0.2591420916443421
1762159080,0.291441163021656
1762171020,0.7046638801638395
1762182840,0.34694901201577166
1762198320,0.07321269237138074
1762210080,0.8380243626180935
1762221780,0.7682830762605587
1762236060,0.5997993156489112
1762251420,0.8142101084651062
1762273680,0.9084509243369501
1762289400,0.10875833672062857
1762302240,0.8623241616230722
1762314840,0.4347557388757347
1762326840,0.20583752957775403
1762346100,0.3447949268793577
1762357800,0.7775469880685343
1762372680,0.8392188898071219
1762392120,0.8682035512514237
1762404360,0.8686185962250654
1762419540,0.36789212152745343
1762436760,0.41172737298196294
1762457520,0.7125947566263128
1762470960,0.10778736272503421
1762495680,0.09558892851071872
1762507620,0.25621295007950906
1762520940,0.2976559163222348
1762537680,0.8702176272695105
1762561680,0.25156275494194413
1762576860,0.2254940945376711
1762589400,0.663371663302588
1762600800,0.7908182604799733
1762618380,0.08313064595464974
1762633860,0.6951496865606773
1762656480,0.8096801553103553
1762675080,0.2823219747732614
1762686000,0.8990770392143451
1762705860,0.4166354347762377
1762728060,0.26391864493222955
1762746960,0.2642842540366129
1762771380,0.11759603204650136
1762793700,0.7208465035718985
1762811400,0.8151973298109743
1762823640,0.8722546154866699
1762843620,0.19781477314083648
1762865580,0.8497767693460914
1762879080,0.9063667417195169
1762901880,0.8792348245874373
1762918740,0.8720681040257439
1762940580,0.6897090769422725
1762965420,0.15807064534364274
1762984920,0.845251505519207
1762997520,0.8115363350276713
1763009160,0.5905068086817302
1763024760,0.7888576652976041
1763047500,0.8552437259526131
1763070300,0.7475935761626229
1763094180,0.7644282626151132
1763113920,0.7768602831941941
1763125680,0.8288155735830912
1763139360,0.30063785076783406
1763161080,0.4402089536834191
1763177640,0.1589620312299896
1763198640,0.2580525168449359
1763211180,0.7704768134277559
1763229360,0.6135155095115403
1763252280,0.2057482950958103
1763274480,0.7381933558298438
1763292840,0.8664714043727677
1763305200,0.2584367779719779
1763324160,0.2374515985370096
1763340480,0.30656429806567675
1763353560,0.0392742701054713
1763367600,0.8795888400813454
1763383500,0.8727044384608392
1763407380,0.2854008292225915
1763421540,0.32206795782555425
1763439540,0.7809956357560137
1763457660,0.2840117967892964
1763481420,0.0566789878548533
1763499780,0.875128750890751
1763521920,0.7453027360188508
1763540460,0.8011265916863523
1763559900,0.8886961762212453
1763579400,0.9331255739921918
1763593740,0.2502831881774164
1763614140,0.24030336224084262
1763627280,0.3181453573594398
1763651340,0.8857666876385996
1763676120,0.21946066840715697
1763692920,0.6609923427950243
1763714880,0.7515654453669514
1763730360,0.1543625617221776
1763746200,0.19512438930502868
1763758380,0.904768954066129
1763772600,0.25011756252243084
1763795340,0.39366084054130707
1763807880,0.8397306549754842
1763831520,0.6933532702963778
1763851740,0.3814871741159727
1763863680,0.38281225692211085
1763885400,0.7938474480122253
1763909340,0.8909013530669709
1763921100,0.910318957682095
1763936460,0.7690126304877992
1763952180,0.4308058950838085
1763965020,0.786821799967779
1763984340,0.4473287008909026
1763999700,0.3078369668548128
1764010500,0.3703338611974588
1764028320,0.8545228716074025
1764046860,0.258265128858003
1764064860,0.09575184649641413
1764078900,0.38926326207813666
1764103680,0.8228987206799717
1764122640,0.8910273931213806
1764144300,0.8978245971580519
1764162360,0.22280847942218393
1764179760,0.06458079987711791
1764198840,0.23450803682884003
1764217140,0.7947837974658354
1764232740,0.7679510727656298
1764245220,0.4164498638009377
1764265920,0.7696148144147223
1764276720,0.43204000288283784
1764299340,0.19890513918966657
1764324240,0.8874380757419325
1764349080,0.1802409333025439
1764364500,0.352168308247146
1764379260,0.9227615768139176
1764392760,0.7444165259066957
1764416760,0.07170123169087494
1764432960,0.9119886223828934
1764454560,0.8914696367474888
1764475080,0.7437994981572024
1764488640,0.9091918203083917
1764503460,0.23460783834159027
1764526380,0.7341315882154462
1764549960,0.23991906575961208
1764561240,0.3803836731621633
1764578220,0.4389318733875964
1764591120,0.8919003468534431
1764613560,0.14216707572829826
1764626100,0.49957585596446785
1764637260,0.8929629795209415
1764653160,0.0711538584515777
1764676920,0.20074832636346226
1764694380,0.7976676041717287
1764714300,0.755199901955327
1764731760,0.060382868671147436
1764753360,0.738049978517815
1764775500,0.15708488685609867
1764794460,0.9360673889884853
1764806700,0.8640662560365883
1764824340,0.8458044638872848
1764846540,0.6808135884513055
1764864900,0.14769299180608686
1764889320,0.25314496294507505
1764903300,0.3185275860625914
1764917940,0.7592864008941302
1764932400,0.14595326151895913
1764954600,0.27906227527706123
1764977940,0.8907830832983552
1764988860,0.5346396617711427
1765009620,0.7832785376277749
1765029900,0.7606263340027117
1765047540,0.9345118715827784
1765069200,0.8750733312645245
1765083660,0.6658792191532581
1765108620,0.12526188844860586
1765122360,0.4220498913549937
1765143720,0.12525579060351336
1765164540,0.7552695974507768
1765179960,0.2395484536315899
1765191780,0.9221817900060308
1765206780,0.8002002741195915
1765225260,0.9156348698909602
1765245780,0.8820207808069793
1765267860,0.18578744485281745
1765289040,0.6248398903309438
1765313280,0.1388230159236866
1765332300,0.16525409187705511
1765349340,0.757297707600583
1765370640,0.3432226901629386
1765383060,0.7020272051953025
1765401720,0.27927709423826924
1765418280,0.8099310888604795
1765429260,0.7770754277765491
1765446300,0.8319907369999301
1765465380,0.8980601141034976
1765484280,0.2327764745839342
1765508700,0.9199432150099035
1765529400,0.27082276553810375
1765545480,0.24328354388704648
1765568820,0.9235959824459467
1765592940,0.36175897101439386
1765606140,0.3006219758280948
1765618020,0.8140609917451236
1765636140,0.6584492646522672
1765659300,0.7368745239397436
1765676160,0.4438536704196834
1765700340,0.8864108660484359
1765720260,0.9248026115821651
1765737300,0.9091250994225611
1765751220,0.8725190736377569
1765765860,0.5046300109963601
1765787340,0.6510885852667679
1765803960,0.4263078186353367
1765825740,0.5778283630288671
1765842060,0.4597694040723139
1765860480,0.8676742021943764
1765872540,0.6590653619958408
1765886760,0.5723078199338224
1765901580,0.11919485026301005
1765924020,0.07833619283097831
1765936380,0.8273630132841987
1765959780,0.912170064154192
1765983060,0.9442823828814174
1766003100,0.0392857155854955
1766028060,0.2969359068370699
1766049720,0.03892410320420194
1766061780,0.6231817896146099
1766083140,0.8755927167598447
1766095320,0.9282914851202129
1766114220,0.12034804252535579
1766131020,0.07669899809231182
1766153640,0.2037074913909995
1766176740,0.8394214024208516
1766192640,0.06830196054628776
1766208240,0.050654847725024085
1766223060,0.9233018135603278
1766243220,0.26502880342197427
1766265240,0.9244659622217495
1766285340,0.8955489569735995
1766298480,0.11721284675744396
1766314020,0.7096763456361284
1766326260,0.04346723268905736
1766344980,0.8075084683220797
1766356860,0.20129214634046574
1766375460,0.9014204705609765
1766389920,0.08469580420065917
1766410260,0.9273635384111367
1766432580,0.9028932376805909
1766457300,0.8464881231714753
1766480820,0.9374679701811144
1766499000,0.43838882984030836
1766515380,0.7736875285400822
1766529840,0.33795398401171833
1766552760,0.0531238823870673
1766570520,0.6880819243753034
1766587260,0.07707391774418738
1766601180,0.13185500742196005
1766623560,0.6160573333024961
1766642040,0.7787794180149763
1766653440,0.4190561642979109
1766667720,0.8226086002818794
1766692260,0.23673056836685502
1766704020,0.8944380117883187
1766716680,0.26709474140528916
1766736420,0.5085329229322461
1766760420,0.7349110651082367
1766771820,0.2953545989626609
1766795400,0.8469146203231548
1766814720,0.30114637273839767
1766832840,0.818009345947119
1766851560,0.45690549130297115
1766872740,0.8469792587390765
1766889960,0.30157831280303304
1766902440,0.22398847815019707
1766920260,0.9232798925729201
1766943420,0.047804421128903714
1766955420,0.10428467439546428
1766970000,0.819095841793082
1766988720,0.7358911357131527
1767005640,0.1358792415497529
1767028800,0.911008907697253
1767045960,0.9146649569510227
1767069480,0.6326390800551112
1767086700,0.05419174182172969
1767104100,0.19969825091031826
1767119460,0.13888587002703429
1767142380,0.14130539596432762
1767164460,0.2546713038603413
1767177120,0.15138810555889598
1767202320,0.40436304402810247
1767218580,0.8469045057686442
1767241920,0.04604817737684558
1767257580,0.29896916562986625
1767273780,0.4549627737981602
1767295140,0.8756951496320938
1767319080,0.10609456719460378
1767343680,0.8228265528721604
1767365160,0.8710428767893941
1767382380,0.05052187341870901
1767404160,0.7881996457836178
1767421680,0.75854597732145
1767445860,0.1400176833197946
1767460620,0.910442821915211
1767482280,0.6742415783250828
1767500340,0.6761130420070962
1767522000,0.4592401260291647
1767535620,0.6033228863793779
1767546840,0.8505436570948526
1767568440,0.11798843277241063
1767584100,0.8808907936081822
1767602160,0.9205313354363661
1767617340,0.10397703854923336
1767641460,0.9248065419837626
1767655200,0.2606807173321804
1767674520,0.9354039689467696
1767697140,0.7639815795197038
1767708240,0.9143685611371277
1767720660,0.8775920695128514
1767743280,0.5992602083178868
1767760440,0.11210189220414772
1767778620,0.8703517121930899
1767800520,0.17129994075574456
1767825300,0.3702409361664966
1767838860,0.05823766365743076
1767854220,0.7990232571808336
1767879240,0.9203665189991642
1767900480,0.07120139629964815
1767918780,0.10497269641633979
1767942240,0.8973457973126263
1767962460,0.7373832959957421
1767978120,0.1347228591116637
1767997920,0.7137122026127534
1768016580,0.9062354657418575
1768038240,0.7151313740352656
1768052640,0.6130963132200578
1768072560,0.9382302274867438
1768096140,0.8438373283759208
1768107180,0.6377585234697822
1768118580,0.461039597917736
1768138740,0.23462971375907457
1768163820,0.8161848959558989
1768188180,0.08181613629894155
1768209060,0.7513008367640084
1768226700,0.9038747978609308
1768242780,0.7969251561120413
1768265280,0.8959009986915392
1768289100,0.3587099159334404
1768311900,0.9112613943820428
1768327440,0.1141115015466068
1768338240,0.452014742026168
1768349220,0.871689129290778
1768367760,0.2817215632817645
1768391580,0.2639038263318335
1768410540,0.1534003702803138
1768432980,0.9516364996879635
1768450800,0.7450122244522475
1768469520,0.04485045473276523
1768485600,0.915515537406595
1768502760,0.9119228201970997
1768516320,0.1697501761231951
1768529160,0.8574498996841385
1768551840,0.10903012870415406
1768566240,0.8551262855701774
1768581720,0.16090177148811197
1768593360,0.7443091734433467
1768618200,0.7888422550877048
1768629300,0.6819035667862758
1768641300,0.9302878085980725
1768662960,0.6031787158097225
1768678800,0.3163599856847923
1768689780,0.2860051958053435
1768707000,0.6795821682866006
1768729200,0.4770110554155889
1768750860,0.5245626708768408
1768771320,0.5690191954741773
1768791900,0.9088471240464678
1768813860,0.27062747781695534
1768837680,0.26898663244604276
1768861080,0.19487673078405532
1768880820,0.9139113205992204
1768902720,0.3504182368775323
1768920900,0.8631523416572352
1768940220,0.8975193560062675
1768956900,0.915489743158397
1768978560,0.896542518987008
1768994160,0.7373366413954682
1769009580,0.8292438391373668
1769024880,0.6860104645010296
1769043660,0.2330761912245327
1769068320,0.1259357190692385
1769083080,0.17492479999312682
1769097120,0.9121349841076871
1769121900,0.8253429267352711
1769144640,0.657931699361297
1769162280,0.46634316293293815
1769184660,0.5439149816291325
1769195640,0.09037172895876641
1769216760,0.23555509607088804
1769238540,0.871959594336618
1769263560,0.282191310961083
1769285220,0.28517542618579866
1769310180,0.835121532719376
1769322060,0.22370827384363295
1769334120,0.7206184794203636
1769354700,0.8350595469778466
1769377080,0.047538385779325204
1769398440,0.8359459628827369
1769420940,0.9146415563435338
1769439720,0.3517511166010662
1769454240,0.11699735844872433
1769466900,0.6133191373731247
1769483760,0.6872529865651574
1769497860,0.26718600287529815
1769512500,0.10518424515542969
1769533740,0.2704893216127593
1769558940,0.7288310470443198
1769571600,0.8257528578914295
1769586180,0.8465859701869503
1769597220,0.8964448524522142
1769616480,0.5977238464363126
1769639700,0.11239457525829778
1769662080,0.7787185184031811
1769677380,0.8146120231682256
1769699160,0.9090653047704746
1769718720,0.7993047223280906
1769735580,0.9100896436570434
1769757780,0.25660125412163926
1769776080,0.7675857912484486
1769798580,0.09151845793351743
1769813460,0.13109734350354824
1769827860,0.20587550033100194
1769845500,0.5199657534000554
1769862360,0.6793059884137096
1769875560,0.7831074555107742
1769900040,0.30219734233400664
1769913960,0.19158256277120864
1769936100,0.5539863536173963
1769952840,0.09422798794800978
1769969580,0.4907337947947681
1769985600,0.283740465522567
1770006360,0.8659239446177046
1770027600,0.8581567154189365
1770041040,0.7923423859580151
1770056940,0.9074842456549701
1770068220,0.7301484455964098
1770088140,0.2021815624563762
1770108480,0.9385169027593255
1770124080,0.8509785513621053
1770139140,0.3613679775595723
1770161160,0.9085677228832018
1770176340,0.6551850793498961
1770199680,0.8868494589755865
1770216600,0.09099135709318873
1770235260,0.6567039978010929
1770247740,0.9271580400410241
1770267180,0.6347995613614114
1770289980,0.7879620753232147
1770307080,0.2894032228044024
1770326280,0.8915274522033072
1770344580,0.23878622011236142
1770368340,0.9098052086975202
1770382620,0.66393039285516
1770398100,0.6501473748553054
1770421560,0.24794153012948283
1770446460,0.4207901225894495
1770468180,0.8066105739836257
1770490680,0.9348467490253752
1770504180,0.2157056408032179
1770519360,0.665853512709486
1770538020,0.3698156486597118
1770560580,0.891636638836087
1770579000,0.1913016039467873
1770596460,0.22979798641788357
1770608340,0.9083065613501846
1770622860,0.22359392997892724
1770634620,0.9395663797824424
1770651120,0.8411491953445374
1770671400,0.05751073843675201
1770688200,0.6387301210778084
1770712080,0.8788349522776733
1770724740,0.14263642290668258
1770747240,0.2408016809991158
1770772080,0.7231609110301589
1770794040,0.8861540847366177
1770814080,0.14645416462391336
1770835020,0.8204781542451786
1770853620,0.09361160335995888
1770864780,0.8031479507120272
1770876540,0.7906242119263642
1770889080,0.8424450984265
1770914040,0.8965236824909094
1770934200,0.1974612406427986
1770952620,0.8958366831484833
1770972960,0.5793703834403056
1770990540,0.3301858459867159
1771014480,0.850357139331883
1771034880,0.8580714478224271
1771050420,0.2700388912180091
1771069860,0.21309857163689022
1771083960,0.526171395930206
1771100700,0.9050447607518187
1771116960,0.7590151097400641
1771129740,0.21003939104709468
1771143360,0.2661206276320084
1771168320,0.8730261743410244
1771186500,0.10694830674336743
1771198020,0.8392175440472519
1771214040,0.20579881276829234
1771235460,0.8746688066892555
1771250580,0.240874277223103
1771269960,0.8534591490817144
1771294560,0.7319397994253147
1771317060,0.8571361080230783
1771336860,0.7875751383538141
1771355280,0.7824811383673974
1771374180,0.7590704260605203
1771385220,0.2655483696763211
1771406760,0.7299074164990236
1771429980,0.8515635612752672
1771447500,0.852733686579809
1771459020,0.9348366542340912
1771477500,0.24688284096857702
1771489080,0.4495593809681502
1771513380,0.8768605606399029
1771530360,0.8500378581650222
1771546500,0.2298299294182675
1771564080,0.4577875794444186
1771580220,0.6988002652001766
1771594860,0.20593288819635724
1771616040,0.10307999947668794
1771632960,0.3757001245599999
1771656180,0.648092627938733
1771680480,0.8199781476518293
1771704780,0.7719564499636996
1771717200,0.7526022773295536
1771734300,0.12313264785743862
1771752060,0.8697845281304148
1771775700,0.3875187412882767
1771795140,0.7746639212256277
1771810260,0.41778444197592324
1771823160,0.9039167586176089
1771839540,0.7547239673044946
1771850940,0.7101566184611137
1771871880,0.4966292198528412
1771888860,0.21104628560354383
1771903500,0.8948877074521429
1771917660,0.6255193393703964
1771942380,0.8738168969745832
1771959780,0.3264514057354467
1771983240,0.4800098614555629
1772003940,0.7689592997229803
1772018160,0.735837677730456
1772039280,0.8397481411106529
1772052060,0.7356281557952848
1772071500,0.6839266405292322
1772084940,0.7398318343356929
1772106540,0.19962512136338986
1772130180,0.2751954227997533
1772148360,0.8731936374532573
1772159520,0.4282063626004829
1772183040,0.2389631037392895
1772203740,0.6196713704708383
1772217180,0.8914321672781261
1772241840,0.26373178990864576
1772265540,0.44286899136849
1772285820,0.38086281967803043
1772310180,0.8359228487584539
1772323140,0.4693388027234306
1772341620,0.4832117064801737
1772364480,0.10459474287812429
1772385480,0.5692494182945926
1772409240,0.8879486584776942
1772427000,0.9098176263556215
1772444400,0.22539868549218212
1772469000,0.05203657863448609
1772488740,0.08484634216701094
1772504640,0.835620849535783
1772526660,0.7365646583088892
1772539980,0.4111622637538932
1772551980,0.16282305438481987
1772575380,0.2931968210391619
1772589600,0.44070883531894506
1772614500,0.11690529132071154
1772631360,0.7290038330091528
1772653080,0.7532646445145487
1772671560,0.8002068372486604
1772683140,0.8164627997728019
1772701560,0.880530224853036
1772717340,0.8345408751619933
1772738100,0.715648046497741
1772754300,0.7764299961468916
1772768100,0.24622090866624954
1772787900,0.1805464766403112
1772810520,0.8735719741914292
1772829960,0.05225650159522098
1772849520,0.7858700117841478
1772864220,0.8791050575691873
1772887860,0.9090325849183633
1772903040,0.11349492985050719
1772921280,0.8715969607136601
1772934120,0.7162998493140136
1772953680,0.5400293663614388
1772975100,0.8489429222229782
1772996580,0.5955245984139586
1773017760,0.8788919550061646
1773037740,0.49682201833564305
1773050100,0.4231459079527777
1773063480,0.7734004666490321
1773087780,0.40809495275871277
1773111480,0.06474157145104657
1773130440,0.39743638608562903
1773151320,0.4575472973777386
1773172500,0.419658386845001
1773188100,0.04393100712679346
1773204360,0.3964861695239641
1773226140,0.8630146886396615
1773237420,0.8493673534903816
1773259800,0.9393553637620338
1773278580,0.7348468369379434
1773291600,0.5236693271498001
1773315720,0.22973065141024182
1773340020,0.7772475317360203
1773359640,0.1980095831130262
1773384300,0.6661254538994074
1773405840,0.9258243020376438
1773429120,0.8992792302810312
1773441780,0.3067593819528037
1773462420,0.2161144629071487
1773478260,0.3755446568192737
1773501420,0.5584263165046713
1773513000,0.08490267615714932
1773536880,0.8247350713196978
1773549000,0.7460749855556422
1773571920,0.6565650482258854
1773595740,0.7614056683631298
1773614520,0.64337226803518
1773634140,0.7463439554483808
1773646740,0.09658743556345195
1773671400,0.8614874479116943
1773682380,0.8639868395059986
1773701880,0.7926120244168015
1773712980,0.12181300938949376
1773734160,0.591791585117596
1773746040,0.8122816624927861
1773761160,0.2604357060346736
1773771960,0.2923018480138769
1773785460,0.8743881865273512
1773796680,0.15564565259536114
1773818460,0.08282321648158412
1773835200,0.10647708204506108
1773860220,0.6867430359900233
1773883560,0.7815467044814312
1773900720,0.9020467159899973
1773923160,0.9218399906322001
1773938040,0.8554997354563133
1773958200,0.32419077352104597
1773983160,0.09809917629563264
1774004820,0.8966182274474168
1774022760,0.3487519853432222
1774047060,0.8914617122794622
1774065840,0.3761819201003017
1774089840,0.8817232881576784
1774105980,0.45026060289545883
1774118280,0.29107432933287597
1774136880,0.650400963044475
1774157520,0.7570956281398203
1774170420,0.48004779575226514
1774185960,0.444356318397904
1774200600,0.8352115516945424
1774215600,0.6815292952994839
1774235220,0.5994611771698451
1774251600,0.22016488459887718
1774267380,0.1304543874514299
1774280040,0.8087007426268569
1774302180,0.9364677824148189
1774324560,0.7767369545479418
1774336860,0.6686774915792825
1774355160,0.8484530101347685
1774366500,0.7419048844707384
1774390380,0.09327063918298052
1774404420,0.683609325033433
1774421880,0.6761314738155796
1774441140,0.8742196566902276
1774461840,0.902392404815026
1774480920,0.8036557524616279
1774501320,0.3375993247525723
1774519080,0.7410643671613992
1774541940,0.562524872963597
1774562580,0.8764976971468884
1774585200,0.7992144329018206
1774600680,0.878751061754178
1774611660,0.8694506658021837
1774635960,0.7372820193019438
1774648920,0.567995660150939
1774668660,0.2161945134276753
1774692960,0.8297092614315957
1774704720,0.6737367731866905
1774724400,0.5128895548251482
1774747980,0.8012508897995598
1774771920,0.31396507746028696
1774792980,0.2419173967491829
1774809360,0.9080952531381845
1774834140,0.8939305699314615
1774849740,0.10895405377267775
1774863540,0.8729127225907112
1774874460,0.24263481873577572
1774886280,0.7338025986941993
1774899600,0.9127185771521885
1774918380,0.8292124903989122
1774940520,0.9121771773707639
1774952100,0.814882896761269
1774965540,0.7856287822206892
1774988340,0.38240464302683336
1775000460,0.4465705369257846
1775025660,0.5603943420652294
1775050560,0.26258415841542415
1775065380,0.8517722882738415
1775076540,0.35029578373806347
1775090220,0.742124093078741
1775103540,0.329817621818282
1775121900,0.8751275040055756
1775135880,0.8087906467966162
1775149140,0.4343025350678323
1775161380,0.11424081622111652
1775174160,0.17355525076693373
1775190240,0.1042997378086752
1775208900,0.6137006792252295
1775226120,0.8327990834530001
1775236980,0.23832488751614575
1775252040,0.558253055743799
1775264700,0.8894901289184772
1775276580,0.7220635160373026
1775296320,0.7682754694227345
1775317020,0.7763374235444558
1775332620,0.5464142533084763
1775349000,0.6629126648916481
1775370900,0.40238419722623175
1775395080,0.8178397796046725
1775417160,0.697040659135376
1775435520,0.6586065917389206
1775448480,0.8663837187362243
1775468340,0.913734190422739
1775482020,0.25044151933632125
1775495520,0.042137231137162626
1775513100,0.4323984182188564
1775532540,0.7726442410205361
1775553900,0.11015843990878225
1775569260,0.06805500055880419
1775591040,0.8180818322810588
1775612580,0.8152448569578141
1775637300,0.2433975887803688
1775651520,0.7557107396486609
1775667240,0.12199087253477224
1775684280,0.8646907757709076
1775700840,0.9072572324072237
1775712240,0.8683650536251342
1775729280,0.874431804469432
1775754120,0.9322662946236259
1775775420,0.8989124780815578
1775786460,0.8486085263654163
1775811060,0.9271061626762501
1775834160,0.15968026963492166
1775854620,0.27437008484264447
1775869260,0.8494359644806428
1775888520,0.8361672159556679
1775903520,0.652303306733486
1775915820,0.8540711609744284
1775937540,0.8479004528689401
1775953620,0.8867983830787813
1775973960,0.6866793532047095
1775990700,0.08503886457478402
1776003780,0.7690619496759645
1776016740,0.5089675756772658
1776039300,0.8695167717231577
1776063300,0.10252763091464294
1776078360,0.5986487804904396
1776102840,0.5315114683897313
1776113880,0.6427951776028119
1776125760,0.465236683736738
1776150840,0.262642791857194
1776173460,0.6070850305244414
1776192960,0.2720874017496631
1776204480,0.7790142867205905
1776226560,0.47545150737811614
1776242100,0.6238312979765759
1776264060,0.07747797937231381
1776284040,0.7924320443103982
1776302400,0.13983590725537412
1776322740,0.2188075082543088
1776338040,0.8756509693214553
1776354180,0.8479901901069291
1776378360,0.7991404519156204
1776401520,0.8732422036915354
1776423540,0.9282995461213489
1776435060,0.8140860369700995
1776451680,0.38486699361288973
1776470100,0.2516391000078492
1776488820,0.898297846750723
1776509520,0.4710861824765632
1776533940,0.863514363047817
1776556380,0.3523011004327559
1776579000,0.23504098516517752
1776594600,0.7844422913463971
1776605520,0.6627428688109853
1776618060,0.5078201663812696
1776630720,0.2810404875279403
1776641640,0.6249874651473106
1776665700,0.277940580155037
1776682680,0.8205449210300984
1776694920,0.7865478029539327
1776707700,0.4864618868238366
1776732600,0.3917087933237943
1776747360,0.2396937406190424
1776764160,0.42196005430388267
1776780900,0.8828381770009797
1776805500,0.3148873229137415
1776820620,0.8242161708954171
1776838620,0.7780571539821165
1776860040,0.20531754907763458
1776883860,0.8498194658989415
1776908580,0.28348408649190115
1776927960,0.8179624352231688
1776950880,0.8857231408087597
1776964080,0.6735448845537552
1776978360,0.4762062242550701
1776995460,0.7742125726659638
1777010340,0.2744517574743965
1777028820,0.4484975784770922
1777053060,0.2620821337534583
1777075920,0.30208839320207753
1777098060,0.6250487479854214
1777109520,0.5116655446368014
1777130520,0.10736463817745279
1777155180,0.8012098431746002
1777177860,0.8453874948967092
1777197180,0.840378007648095
1777209480,0.09103019012290929
1777234380,0.46682667141818873
1777251360,0.8954394859638755
1777271880,0.8092709293366727
1777289520,0.2474543288116883
1777307700,0.2508273918928823
1777329600,0.6202017377222734
1777352880,0.5608534829166589
1777373580,0.2511170863030126
1777385160,0.04174549648470197
1777410060,0.29096987929339324
1777430460,0.231751246779463
1777452780,0.6664359120446978
1777477740,0.8982473507724098
1777496160,0.6965715881735338
1777514580,0.219203283422236
1777539480,0.2577896195347967
1777558500,0.2900392243388146
1777583340,0.5514112682992491
1777605420,0.3154928151622572
1777624800,0.3742063547545894
1777647540,0.11576517681249192
1777663140,0.2051730646745315
1777686780,0.754737545495149
1777700700,0.8465059636839433
1777724340,0.7719943244512796
1777735440,0.8072088335887211
1777753140,0.35001164658439604
1777771740,0.7105555239413356
1777790340,0.4882246083369451
1777805700,0.4607504407385845
1777820400,0.07825750812454209
1777835040,0.8064049491705817
1777849080,0.9375942592556674
1777864560,0.4208998467471069
1777875660,0.642645382249242
1777889160,0.8425907568756358
1777901880,0.778337545886026
1777926300,0.9055398977395925
1777942740,0.2008413056792757
1777961160,0.2610589797663762
1777984920,0.8675728158093737
1778008920,0.10802723865686403
1778030880,0.9142266450346911
1778053800,0.168259608345328
1778071140,0.44770279505460675
1778093760,0.12354717084150972
1778111400,0.9062725418870388
1778128860,0.03968591678051859
1778148240,0.6764319231710063
1778166120,0.7977842269036547
1778185080,0.8469987900413803
1778199540,0.5161621066486202
1778219700,0.8059649555879039
1778242260,0.830524863419988
1778256960,0.9083247122996952
1778277420,0.7964717692210715
1778298420,0.7293305208270535
1778320920,0.6994543960698747
1778342460,0.5669328815721105
1778353440,0.4436663315366726
1778377740,0.4326955385293436
1778391540,0.42604740912976535
1778416620,0.2457504207055598
1778430000,0.3360021513340475
1778441460,0.8649359346250968
1778453220,0.7034386031397254
1778472780,0.10483840009787954
1778488560,0.9123859774407888
1778513400,0.6265786169741026
1778537220,0.6045687718963313
1778550000,0.5598081071441334
1778562240,0.08554587774357775
1778583000,0.06105786307225923
1778605680,0.8222485244473564
1778624160,0.8107114579465416
1778644560,0.7808595363109878
1778664420,0.839343135645137
1778682480,0.9151229779143027
1778701980,0.04120770701364133
1778722740,0.05756935011547182
1778743200,0.28364737883279895
1778760660,0.7001347590945554
1778785200,0.7833893724164176
1778806620,0.6892118303761415
1778821080,0.6293103352751382
1778846100,0.24675648351294233
1778868120,0.9170527721702995
1778886960,0.2038628564213384
1778903400,0.6839758441982998
1778915220,0.8015618718698632
1778929500,0.7331401287679201
1778947560,0.7494460094255544
1778972580,0.8011829386950393
1778996820,0.32083090695693595
1779012060,0.7357051022079897
1779026760,0.7324161713038019
1779043680,0.5571948578556747
1779068340,0.8975263262386203
1779092700,0.14218679722441646
1779114120,0.046206076325794335
1779129960,0.771176631152457
1779148920,0.44340924177007524
1779161820,0.10328595301261896
1779173520,0.0777099120922212
1779191700,0.35804558836291545
1779203340,0.729037620480288
1779219300,0.1113044048971207
1779230640,0.927954331623174
1779255540,0.12710249024017664
1779270180,0.9109121987609045
1779282420,0.9340325979787297
1779305280,0.23593492863731064
1779318060,0.860310207747737
1779339540,0.8918255367348021
1779361740,0.9034501816638825
1779380280,0.8427068901262398
1779397920,0.7972878692992933
1779416220,0.17543357160958195
1779437460,0.6593155085834946
1779458880,0.6662933870353445
1779477660,0.7225824012404025
1779501420,0.8803075828665372
1779520800,0.23424547032389578
1779536880,0.40964018094516
1779552240,0.40728088989508976
1779563160,0.678069552892193
1779587880,0.7933929481356913
1779609900,0.7154765986075174
1779622200,0.42255981057727343
1779633900,0.44341053089594484
1779650160,0.9352159136181949
1779671220,0.5418919749513743
1779694440,0.1181072721465822
1779713880,0.8463919414961555
1779725520,0.8161297391483217
1779743040,0.12577872149370012
1779760560,0.5118975310306847
1779774720,0.04108288611688307
1779786240,0.5908527318139395
1779799260,0.879849166238476
1779813660,0.2487640037660693
1779828900,0.9225337003713511
1779852360,0.8457338602018721
1779865320,0.05466451790848753
1779880320,0.1822746561669341
1779892980,0.8708557698186885
1779911760,0.7918376880656987
1779926160,0.9309028538856836
1779951060,0.08812385149978079
1779968100,0.6286124633625014
1779988320,0.8758502688168313
1780011660,0.3306530901640284
1780032840,0.07479001213049243
1780056300,0.7090435586225876
1780073220,0.04784654438434155
1780087800,0.06363341568102897
1780112820,0.9022839455056512
1780125660,0.9094389277235259
1780140780,0.7753071575442316
1780165380,0.14616586411026206
1780190580,0.8807617255098056
1780202820,0.5569426164523835
1780215180,0.683728453514689
1780232280,0.3432276323023274
1780252920,0.044993296207950666
1780272000,0.7366233340967115
1780293960,0.2317298211815283
1780305000,0.8570140555497294
1780316100,0.8468553099025872
1780336320,0.32396063488909027
1780360980,0.12210599032639677
1780383780,0.806210258779635
1780402680,0.06799055243013906
1780420860,0.11063086017329601
1780436340,0.9441032211706722
1780452060,0.15270406627659583
1780468080,0.8771210104558481
1780486260,0.394112582649573
1780502280,0.8652237942325703
1780523940,0.8719459852503794
1780548000,0.8560755925998906
1780568700,0.8685191333587187
1780583400,0.17097583720130824
1780600620,0.04776345353819771
1780624260,0.8851488264818835
1780641360,0.873089126841659
1780661880,0.564383839844628
1780683300,0.054345086580573736
1780701420,0.8319785247197781
1780715220,0.6376101101532862
1780735380,0.6992763461455789
1780755180,0.04000791007912713
1780777380,0.5921971133541234
1780792860,0.13074635792837858
1780812480,0.04280372967532282
1780823580,0.5039556272698775
1780838520,0.8714589601558859
1780850220,0.8720681040257439
1780872300,0.28748405400752275
1780895640,0.07697555985539863
1780910700,0.758910366999282
1780925700,0.8363444221974093
1780949220,0.119395328360658
1780973340,0.7288350811069427
1780987560,0.8856997576456761
1781008200,0.8836001033295738
1781020020,0.04042111758470762
1781040300,0.8949009038863811
1781061600,0.4147604658131495
1781077920,0.8221500462190109
1781092020,0.8520266534316477
1781115660,0.8634223793314554
1781131980,0.8868191825143139
1781143200,0.1428448529325013
1781157720,0.05195387660817782
1781182740,0.8071944144921587
1781207160,0.9351355095912882
1781221200,0.16156410117941558
1781240400,0.6626136415498842
1781254740,0.9446136515266934
1781276520,0.45585133588301585
1781289960,0.8785926134005697
1781304660,0.5635178510373745
1781322000,0.3768284898467949
1781339940,0.9036269978092092
1781357940,0.8131907291559101
1781371620,0.8838711706288116
1781394300,0.2560591832813263
1781415480,0.8211925056687679
1781426340,0.8970688229464925
1781447820,0.7690505518403015
1781463900,0.9212209904269286
1781481840,0.8159629626687003
1781506920,0.26741258448622623
1781532060,0.24207595204683377
1781550720,0.07561803827081351
1781568900,0.8322842506920828
1781584680,0.2599110050443118
1781605440,0.5699994193898829
1781630160,0.05271578410203392
1781645160,0.1605398676725981
1781657280,0.12873105431714793
1781671500,0.5690591491983026
1781690580,0.057306540317755866
1781712480,0.048389980802870304
1781732220,0.8646113338857344
1781756820,0.04114403766371471
1781768580,0.5256321694723055
1781781900,0.7952843504163098
1781793960,0.9140377918579221
1781816520,0.11388122943327164
1781834760,0.17540528329985902
1781852520,0.40205299160122016
1781872020,0.9396759937169491
1781897100,0.8564913125450135
1781921640,0.12755853576988122
1781944560,0.13575026104937205
1781959800,0.1407003157217709
1781978940,0.4506405031898378
1781995920,0.8935119753262748
1782009780,0.7263931201056275
1782022620,0.6649794776492661
1782036180,0.2166286526524803
1782049380,0.09633277861245856
1782068460,0.2609022182603592
1782087120,0.8555401883300389
1782109920,0.8428261943536595
1782131520,0.715791625655607
1782149100,0.8307555193008115
1782160980,0.051591399156788315
1782180240,0.8972651780216643
1782199800,0.7750235501480319
1782215940,0.5627219929758879
1782227040,0.4077509489131344
1782250080,0.7641627206596926
1782262680,0.0846691377557545
1782283560,0.4148790479972551
1782302880,0.8246638696973867
1782317760,0.8698366064769931
1782329820,0.04528677350642584
1782342060,0.834467976076714
1782363000,0.6452351599539723
1782378480,0.6044575456800846
1782394980,0.7833303870415445
1782418380,0.8775039451928217
1782436680,0.20434315266748412
1782449220,0.21440966153885987
1782466620,0.2493925560896589
1782483780,0.09083288347510124
1782504960,0.11630622138407422
1782519180,0.6560585026704892
1782541620,0.07221747205037124
1782561000,0.5704827958592157
1782584520,0.27959917796432016
1782607680,0.42244479157745857
1782623160,0.43931033036006534
1782634020,0.7130355161271498
1782648060,0.8174925764478439
1782666540,0.8547395242989261
1782678780,0.3794111431884922
1782696060,0.14556100944230166
1782709560,0.3477048254188481
1782724200,0.8240900308859674
1782745800,0.7379486826495189
1782765840,0.17769537092296062
1782784440,0.17084882424514564
1782808260,0.314151374798201
1782819120,0.6476180600116366
1782837720,0.8803889267731818
1782861000,0.11560956486787126
1782877740,0.08519268441822207
1782892560,0.8095556955899483
1782913080,0.29046440950073643
1782931440,0.6752940021507413
1782952560,0.07822864240681861
1782965460,0.32485715822328975
1782980640,0.9135740098287299
1783002180,0.9456954659781723
1783024080,0.810705487953947
1783042920,0.32956265521293443
1783064820,0.7561661909737573
1783088520,0.6002420763520355
1783110120,0.8759167295563671
1783122180,0.25742628511922405
1783139760,0.8115957445826353
1783152540,0.7443579042820586
1783168320,0.9327404530062106
1783190160,0.8764639240773381
1783209840,0.9331357398134482
1783232160,0.6660096597118179
1783242960,0.16154991240293914
1783255260,0.34477045905169107
1783272780,0.4511202244157807
1783288800,0.6924167126549156
1783305000,0.28436252624710184
1783318200,0.18505855444396657
1783339980,0.3535112437075166
1783354740,0.042430509719401745
1783375200,0.3288230181788077
1783399920,0.83801927046945
1783414080,0.7430603325924752
1783436700,0.0816039939658787
1783452180,0.7753283358288824
1783469940,0.4340356962833382
1783485480,0.2157716993420518
1783501080,0.4687137529548113
1783515180,0.09333930470693315
1783529040,0.8199626071994071
1783552980,0.09343115220528747
1783571400,0.19937797304334776
1783589460,0.133398652700245
1783600920,0.30697633143225195
1783623300,0.8311140587700179
1783645200,0.09535767394410964
1783663800,0.6535473059826342
1783677780,0.39019736583744513
1783695480,0.07730860919044014
1783708860,0.2367626693438094
1783732320,0.6215299811583133
1783744380,0.6793556363606168
1783767060,0.4368760530841846
1783786140,0.8388026914324647
1783806420,0.6332517033446375
1783826400,0.7026280908969934
1783837380,0.5374893761728671
1783856460,0.5184772860344063
1783868760,0.931499486912669
1783893960,0.802172612847801
1783917660,0.14462114875986018
1783936140,0.7025822582579109
1783955640,0.9124517743446917
1783968840,0.9370002918840559
1783981080,0.07222497798199314
1784002440,0.5877496885809417
1784013720,0.8910924855905856
1784034480,0.8647542242383159
1784057700,0.8825358218970246
1784076180,0.5860541285988967
1784095260,0.5600588214056403
1784111100,0.3430192482061219
1784133540,0.9156164614076879
1784149260,0.1039830354475472
1784170020,0.8708833891759442
1784191440,0.7618054595479754
1784215980,0.7059886212889498
1784231340,0.8889104867135891
1784249580,0.041102905387568694
1784272200,0.25343143888770314
1784293560,0.4437278467399312
1784310660,0.8065402026434659
1784330760,0.7540992745348968
1784342640,0.2910311770724299
1784363100,0.32260575684111803
1784379480,0.8449319091957651
1784392620,0.7602241533145867
1784415240,0.7278808667072357
1784427000,0.7551091764292683
1784450940,0.6768886056251421
1784472240,0.22011109145108756
1784486640,0.7605362348505629
1784502060,0.37814675089474004
1784516280,0.888751772491655
1784528160,0.6245776470418273
1784540280,0.1379357070943415
1784558160,0.7896525010768806
1784580000,0.9087042526136768
1784591760,0.6659618286844012
1784610840,0.20277528224900085
1784626500,0.7891725254761123
1784643060,0.8704308485345711
1784666880,0.19888013389609904
1784686140,0.3965750362011645
1784706780,0.6629898184585383
1784723760,0.908954213267636
1784745060,0.2178381750012632
1784762340,0.6492761637082426
1784779260,0.04563942217767606
1784803020,0.706776343066477
1784824140,0.22509826281415946
1784843040,0.6456959867758818
1784866920,0.18955483089267616
1784879820,0.1176448070309872
1784903520,0.9427136641753704
1784920620,0.7672132040411784
1784933460,0.28796811342709033
1784949900,0.9111861365660723
1784966760,0.3512390033689689
1784985780,0.06508647105536974
1784999940,0.45992886945897776
1785019500,0.7045406783465529
1785041580,0.7567586031153147
1785053880,0.8387998423264249
1785076920,0.9075849175155943
1785097260,0.5772082194822221
1785114600,0.044019374686718564
1785135900,0.7770922181866143
1785156780,0.8339417632134628
1785174600,0.4593616980501681
1785195660,0.10169470765034319
1785207720,0.27450115904363587
1785220560,0.9344275526308532
1785242400,0.7466587355883637
1785266820,0.11359512391138563
1785285060,0.6919414657680326
1785306300,0.11360073862107706
1785329580,0.8991971773325391
1785342480,0.8890791246778283
1785361920,0.6929672670748138
1785376860,0.6311731305276327
1785391260,0.7545710600862948
1785412020,0.9135162867505049
1785425160,0.877789226670467
1785439320,0.05511898114639126
1785461460,0.035059963718761425
1785481560,0.05919690774167394
1785502020,0.08160004921465937
1785518580,0.885638296640202
1785535860,0.8497319906418273
1785549720,0.40246863304376784
1785565320,0.46110088557202306
1785586200,0.20777989851973414
1785600900,0.42245183484905835
1785615420,0.39590191851899076
1785640080,0.8676803790734772
1785654780,0.7366739858197816
1785676500,0.7906282995713537
1785689400,0.7688638058436983
1785706920,0.21776292940677122
1785719460,0.8940807562936482
1785741480,0.8808532055984641
1785762000,0.2549452625277082
1785784380,0.2395722304833258
1785804600,0.9403773986305464
1785825000,0.7106390859646574
1785836220,0.7468026884267681
1785850260,0.36190610091819775
1785875160,0.776938323605691
1785898920,0.8216651749238492
1785913080,0.796558588656412
1785936480,0.6685263686472402
1785959040,0.2328229966654082
1785973200,0.7820488088967803
1785997320,0.8168241429009343
1786008240,0.9231599082803207
1786027560,0.04552194954460102
1786047120,0.6527404078863407
1786063980,0.8823599386992778
1786076520,0.11382899010615641
1786093920,0.6326977718354804
1786108500,0.13631494695111118
1786120860,0.8593868975480634
1786135920,0.9392857672460827
1786158180,0.7823538465671277
1786170780,0.8308690284088797
1786193220,0.554018686008884
1786213980,0.6116628775907514
1786238340,0.5893115414820107
1786250400,0.8097844367032563
1786268280,0.8330169386166667
1786285560,0.3470591402783944
1786303440,0.4889506162630163
1786328340,0.3999391828782873
1786344840,0.9060547561179224
1786360800,0.7854248738633856
1786377000,0.37557334486742777
1786396260,0.889162174773878
1786414320,0.6935633532888378
1786426320,0.8795929660731522
1786451100,0.8759613780797056
1786463820,0.33353755081462444
1786486980,0.8167389534068806
1786511580,0.27380718084543754
1786533120,0.8693543844316722
1786552920,0.8922919609415851
1786563960,0.547909319028016
1786580280,0.3886429429311926
1786604760,0.8725084143775879
1786620660,0.8525716982643258
1786643580,0.8782729503682316
1786667340,0.8285106141045421
1786679760,0.7396739637028678
1786691640,0.7237496884107502
1786710240,0.41111191520076235
1786735380,0.7686622674398554
1786753860,0.40870729426546243
1786772520,0.6524942779739592
1786785360,0.10366489184266314
1786809180,0.8239872507377032
1786833960,0.22370672754729587
1786858440,0.4412861624995931
1786878180,0.6444754149182522
1786895940,0.2995242195308808
1786912080,0.639322007094197
1786928280,0.23530203017116025
1786943700,0.7391578407970921
1786958760,0.251182029696817
1786975440,0.1269227701807263
1786986480,0.8822402306687352
1787007540,0.758940132591986
1787019000,0.905174463763242
1787038620,0.10240114534709954
1787051760,0.4928715368524369
1787065320,0.7131241302944024
1787076780,0.47066367582640406
1787095440,0.8778659842967274
1787114040,0.7742245758052322
1787135100,0.817470289355519
1787155440,0.9001940865208862
1787176200,0.748727572278573
1787190840,0.8390831032223729
1787202600,0.3778868463885546
1787226360,0.9203596240109385
1787249100,0.8425878139151585
1787266860,0.8614392899617196
1787283360,0.8167675983078173
1787307300,0.44131074551272775
1787326560,0.8649135699607393
1787344320,0.8219193944787748
1787368620,0.8620900780868341
1787382600,0.30726400545303345
1787398080,0.6983738993623699
1787410680,0.5732783809140336
1787435220,0.8664894357619195
1787458380,0.33700978814935983
1787470500,0.5915556215064104
1787484120,0.5269638634641594
1787502060,0.24668386370042672
1787518260,0.6729716720684067
1787535660,0.05600334135844071
1787558700,0.8704689739966952
1787576760,0.744383664321134
1787590680,0.8721389486457969
1787612100,0.8819573610732119
1787626320,0.4453716325422196
1787641500,0.7859411862280253
1787660160,0.6580468070052105
1787674320,0.9237544306886125
1787696880,0.6031110546834046
1787708220,0.8777559658735768
1787733180,0.583959508647145
1787747580,0.8076459424505168
1787759880,0.34104994022085977
1787773140,0.25810470506658767
1787795100,0.7770188601869916
1787812260,0.8733704685098403
1787829840,0.4287822984448327
1787853660,0.9115112645168724
1787873340,0.24366823328950216
1787896680,0.04205203616114148
1787913780,0.14459560647387598
1787937300,0.3286746816530957
1787960700,0.4684173344921626
1787980680,0.21053122527997634
1787999280,0.27298242765119657
1788015600,0.21135579442205285
1788031740,0.6046250422360682
1788047460,0.3969316090750443
1788060720,0.8109779579284142
1788075300,0.09990586144985075
1788086640,0.32130517546087495
1788106380,0.8507117539451365
1788119760,0.7777098037302723
1788137880,0.7523418398623184
1788155220,0.043202114746967175
1788173220,0.22548906470916108
1788185460,0.8750733312645245
1788210480,0.486259364563767
1788232320,0.22532818750925204
1788246240,0.8519195342159169
1788264480,0.732631396989614
1788281100,0.26069922800525225
1788303180,0.911179141100732
1788314580,0.10200618454200071
1788330240,0.8535618183790014
1788349620,0.22361675185671795
1788368220,0.15712799963770308
1788382500,0.8596064839709997
1788406980,0.3177709584579162
1788425520,0.6962989091267903
1788450600,0.8391631409084337
1788461940,0.9128253719558735
1788482580,0.660303348341065
1788502740,0.6340394742422429
1788525660,0.8332388698618214
1788548940,0.8626403670444001
1788568140,0.6617400475659206
1788584280,0.6871106274271251
1788609420,0.7693164752541829
1788634440,0.6698392094014404
1788647340,0.8395946513308603
1788660900,0.5479996551972225
1788676080,0.19234128632991493
1788696960,0.7722628164002734
1788721440,0.5171433938206514
1788734400,0.08834194885352742
1788751740,0.3705875725043017
1788768780,0.8123866660991097
1788784980,0.14905251501899608
1788802020,0.8575533163448957
1788816000,0.8947038306127223
1788835020,0.7281774143164804
1788854220,0.3457683286518165
1788873420,0.7880120895241486
1788885060,0.8230643553041613
1788898980,0.24608409352762955
1788912960,0.6200477038583422
1788926880,0.11683247378850031
1788947820,0.22895007671106998
1788961380,0.30714735913872476
1788977220,0.8805092965033163
1788989940,0.21473655466375605
1789001220,0.6785126933298874
1789021860,0.5820987794797484
1789037340,0.3568308948701341
1789058940,0.43285146027895394
1789073880,0.10964558104482607
1789094220,0.16173995718947287
1789111020,0.6775125461505791
1789127160,0.2617197905206584
1789142760,0.311466933466688
1789156380,0.47998142424212664
1789172220,0.8562500516816222
1789197060,0.7943263942036137
1789212180,0.6270046977511461
1789233780,0.882291047792937
1789253460,0.20838850777752385
1789278480,0.6932737770764683
1789301040,0.409719251733003
1789315980,0.8550013797648738
1789335960,0.402533508727082
1789351500,0.27111047902492763
1789376220,0.0745368978493964
1789388880,0.8477461608732595
1789413120,0.21071615108579533
1789428960,0.8508363330826312
1789441200,0.2903111422339787
1789452360,0.6113148297391876
1789466700,0.5867398214247982
1789481760,0.8686214090883041
1789505280,0.3725807720496787
1789517400,0.23809924029152862
1789541100,0.23698290451623755
1789565880,0.7881015785444799
1789583340,0.6293127811489492
1789595940,0.2390139315528073
1789614120,0.21985773625236257
1789629420,0.23907167105402116
1789651860,0.5165865304916155
1789672620,0.7005395544148125
1789685520,0.7268263716191045
1789702440,0.41261524376172726
1789717140,0.7572456749886213
1789729560,0.2031447131854106
1789745640,0.8583791105599707
1789759560,0.2887671266981297
1789781280,0.0795009182087111
1789798200,0.8378981034520618
1789814460,0.46807469821837344
1789830300,0.462399904653838
1789851720,0.19844773093176246
1789862520,0.09318839929844792
1789875900,0.7510017639895032
1789900200,0.7459289537561062
1789916580,0.5477954149393826
1789939140,0.8544609124635566
1789963320,0.5953050510829337
1789981380,0.877643534672632
1790006220,0.2639939484175962
1790030340,0.28232710022582647
1790051400,0.559349307214072
1790067720,0.6180481145659135
1790084640,0.6668506270296102
1790108700,0.8482756808432914
1790127240,0.9177672998336871
1790143320,0.6997108689022462
1790158380,0.6195600182070271
1790175660,0.18741160477633573
1790193300,0.8802124114967426
1790210100,0.6116958089527724
1790226780,0.4663202137647956
1790239800,0.19564621991097944
1790254800,0.21784740903808059
1790271180,0.4623275744313186
1790292600,0.23224838751324256
1790303940,0.5381434289281306
1790319720,0.6627442015542766
1790330760,0.47412504515679227
1790354400,0.8910895263966048
1790374980,0.3403564515847194
1790387820,0.8873050116970744
1790411640,0.7895517974334837
1790432100,0.1141654239369399
1790447100,0.783818759678096
1790465640,0.2795077673829368
1790484900,0.4833280138416758
1790496300,0.6282346473600908
1790517900,0.7063310497488647
1790534760,0.6533620455239849
1790546700,0.705486547017255
1790567400,0.8103574291859701
1790587860,0.8894005248971765
1790606220,0.1547876929573159
1790621520,0.5989979374923684
1790642220,0.4531156288447419
1790654700,0.8253513847056227
1790672820,0.2933258545625373
1790691720,0.8915884719722115
1790709960,0.1993604834142706
