ID,p_up
1475380980,0.2170026308301931
1475403000,0.8294061519125732
1475413920,0.11780711165480451
1475437260,0.31182701218018904
1475460720,0.16786883866038124
1475483820,0.7298390212243436
1475499180,0.2626739117582223
1475523060,0.9315538895994612
1475539500,0.07591240398702247
1475564580,0.37668195093088136
1475578320,0.8125164640350764
1475593260,0.9381249562646191
1475612700,0.2879588916998216
1475630160,0.2919787942911079
1475643420,0.42384025181377966
1475659920,0.6856430830711799
1475672580,0.8606612866773429
1475696760,0.941423000092119
1475714160,0.06152936576142257
1475728920,0.9074924361946871
1475748300,0.06740076055059666
1475768700,0.05284981169024517
1475782140,0.7553605752763674
1475802300,0.0714386572932209
1475821560,0.4014207968771696
1475835180,0.18618849006830399
1475851380,0.7424888236497827
1475873460,0.09402448268306537
1475895480,0.24989764362695763
1475907660,0.6600052402313076
1475926560,0.6465259406622946
1475948640,0.7514600327326181
1475965740,0.43701411169483523
1475985480,0.18317314868217827
1476004020,0.8423222519456132
1476017340,0.30410109648624384
1476030360,0.6131419773880694
1476044280,0.8474693345428453
1476066120,0.3021800668166443
1476078060,0.031323411897089606
1476091740,0.6946469101820466
1476115380,0.8769619415749881
1476131400,0.09228053054820957
1476147120,0.3322933138650226
1476158280,0.17077655070037373
1476176100,0.8999861065663252
1476192060,0.03328160943470138
1476203220,0.8739541988109549
1476221820,0.7771987273061838
1476243180,0.21621147840465252
1476265380,0.3331143257028798
1476282540,0.06392975989930895
1476293340,0.08084884257358203
1476304200,0.8792506932319154
1476329400,0.7749183222938911
1476350340,0.6678112769949545
1476374460,0.8471678889625812
1476387720,0.779121915465699
1476410340,0.08384093648732377
1476430020,0.24884956281382742
1476443520,0.6822240762586698
1476458700,0.3561475078418527
1476471000,0.6677145296750141
1476491820,0.8357417930143911
1476508980,0.8639844310088316
1476521400,0.4566399051873322
1476545760,0.36962516595679484
1476567000,0.252593546458401
1476586620,0.1638739519381904
1476600180,0.47465717890818254
1476622260,0.7084571380340228
1476638820,0.6346529874172727
1476653160,0.5389558469624949
1476672000,0.2558159547289545
1476691920,0.863595103043051
1476713580,0.8225603818252175
1476738360,0.8047654607784746
1476761820,0.1428277461157608
1476777660,0.44067271882723513
1476800820,0.6185048768988025
1476812220,0.9292691834584194
1476826560,0.05940730887640248
1476839160,0.7800289017969632
1476863340,0.7641739828771351
1476881760,0.22617021953175417
1476895860,0.9265754289655137
1476917940,0.11013796962258343
1476941040,0.3351305769106788
1476963420,0.43971696992460757
1476982740,0.6072762362679937
1477003800,0.2898120887145722
1477017420,0.8380665170941213
1477032120,0.6806249927951524
1477051920,0.8897144647832326
1477069380,0.11893820559195427
1477088100,0.9335841607139563
1477112940,0.38665867760476175
1477125720,0.18379682100874253
1477137120,0.6735417879658083
1477150440,0.8485872416777407
1477165860,0.8266143641066721
1477189920,0.9360089539718673
1477213500,0.5134721732400005
1477224420,0.07816193125192114
1477237500,0.24022745183725358
1477251780,0.8775849536937953
1477267920,0.8182875667339656
1477287000,0.7698128699965396
1477303020,0.49494556940456186
1477316220,0.8804801112857281
1477332900,0.35044400228525097
1477348620,0.8935277675620076
1477359600,0.6784400989765872
1477371120,0.06540822011451111
1477382820,0.7769718272681241
1477404540,0.8925358070493808
1477422120,0.14731964343574633
1477434120,0.7155566965179986
1477450860,0.8145666727176256
1477473900,0.9453582714919772
1477498800,0.9481469295037015
1477512300,0.8487502416474965
1477535160,0.9062315135260426
1477546080,0.856564368758059
1477568700,0.09698487347169628
1477590420,0.9336098069459539
1477606860,0.5949352048842159
1477620960,0.7717373606224766
1477642140,0.06069030284275967
1477660800,0.08488184788996882
1477683240,0.8833358925358071
1477695900,0.05700459267037166
1477714080,0.45966990838830407
1477734420,0.46075940094829015
1477746120,0.1951149009877085
1477757100,0.3002201094119231
1477777500,0.6382274531238223
1477795800,0.5949874875429125
1477811580,0.02432098094646144
1477834200,0.8554445153854576
1477854360,0.8634647377797405
1477871580,0.8986767487162143
1477896540,0.17916465427171313
1477915740,0.8903975201292306
1477929600,0.054285635327366945
1477945980,0.9668635459422423
1477968540,0.08234458264080989
1477989480,0.8015309280279168
1478010960,0.10565627575442373
1478023560,0.8714270777838062
1478042880,0.6324566507540628
1478055960,0.33203752262425024
1478067960,0.7707486527810294
1478086320,0.9500577068664897
1478099640,0.7949453876559346
1478124120,0.9039979334104372
1478140020,0.7594481979906611
1478154360,0.5539742433858305
1478168280,0.7454141862893202
1478181540,0.706708868711526
1478194800,0.6213707801077382
1478209980,0.8460773917184001
1478223060,0.35533781859627
1478242080,0.17567703611046656
1478254260,0.4147120297434642
1478273040,0.4185358190842681
1478294520,0.9262840547546531
1478305320,0.4984126812857226
1478318340,0.19704082799808886
1478329140,0.2898725147270911
1478350020,0.8067386254613919
1478368380,0.08679082025274272
1478392740,0.8568765612909024
1478406360,0.8457624599116399
1478429940,0.05407297315411701
1478450040,0.757403600148785
1478475180,0.06245540387127591
1478498220,0.39121073511320603
1478522040,0.9076374539597406
1478534280,0.01915921873817976
1478549100,0.26368284899868255
1478567640,0.7262970877060697
1478589960,0.8477692095792319
1478606940,0.47611826971702803
1478618700,0.9485994023398434
1478641620,0.11706974633204235
1478663940,0.08918023017915326
1478681760,0.9283922855703092
1478698920,0.8450870566999505
1478712480,0.8279335080674296
1478727000,0.7797804754835865
1478751900,0.9232258029838728
1478776140,0.7590034170527258
1478789760,0.6249454651507873
1478800920,0.39437313793852163
1478817420,0.9011893295286068
1478833260,0.7200710637126033
1478846760,0.2474272827191767
1478863620,0.9156029631951972
1478877120,0.3437535199928982
1478890620,0.5136236169721174
1478910180,0.7095573662902672
1478931420,0.16402688395828666
1478954820,0.7846023166255549
1478973540,0.12693111635525248
1478998020,0.04448887550871431
1479012600,0.2736106210686103
1479029700,0.18582790179830638
1479048360,0.7866496019151265
1479069780,0.8647161921368182
1479086940,0.36480915115599527
1479102720,0.24649351843533931
1479115320,0.31325537395796266
1479127140,0.6238736885359318
1479147780,0.7876880165925538
1479165600,0.7834099426292424
1479187800,0.7441301948194131
1479201540,0.654095958956502
1479221940,0.8208051386274847
1479242280,0.8443950455139215
1479261840,0.8820316434826075
1479275700,0.22676561824657734
1479297960,0.8874795609263656
1479310800,0.08258251055076263
1479329700,0.8907600404158129
1479354180,0.7013172456088028
1479368520,0.8334037101328421
1479384360,0.8247098400542516
1479403860,0.2797660885575445
1479419100,0.8960355717025301
1479431820,0.7388204201654645
1479450840,0.7573674614360728
1479469440,0.7636590584594926
1479490860,0.07196693491063211
1479513480,0.062287307821748975
1479534540,0.8600606673176366
1479559020,0.9071609512107569
1479582060,0.9127334853187997
1479593760,0.8825544362720544
1479608520,0.8876279056609064
1479631200,0.6454127850487625
1479648540,0.840574834569886
1479660000,0.8532067627048685
1479676380,0.025481451626327256
1479699420,0.04530971252712956
1479718140,0.87826970162562
1479737160,0.9437889421333889
1479756720,0.42922231621484713
1479769140,0.7589667561336715
1479789600,0.560544710651926
1479812040,0.7431975521578612
1479823860,0.4988625172871548
1479837000,0.7033171148776926
1479853500,0.6588455441516151
1479877800,0.6531838656496433
1479899460,0.21281202001659125
1479919980,0.7970850862892855
1479931320,0.974275727539621
1479946320,0.8482140506037565
1479968580,0.8112481719026273
1479986160,0.030114265428622996
1480007460,0.9282349115874758
1480023900,0.9645069067411932
1480040820,0.041249742245181555
1480056300,0.6338975419822558
1480073940,0.3587956238914492
1480094100,0.40055450096418677
1480108920,0.8496386216674958
1480124460,0.09213133709089652
1480146540,0.9470482248960231
1480164900,0.8717747834401854
1480183020,0.7108624713619253
1480194540,0.7557015405049576
1480209360,0.8700527935096045
1480227000,0.8326641866672158
1480238220,0.49434608321585355
1480252380,0.530628933988013
1480268460,0.8877076346873224
1480281300,0.5930304993194069
1480306200,0.857516779107977
1480317000,0.7925619593301306
1480338180,0.9126018363745237
1480358580,0.9109621855751386
1480381680,0.09813875083530367
1480406820,0.5312314895316756
1480418880,0.6651022109138366
1480430100,0.870558236685385
1480442580,0.6524619143360041
1480462620,0.15177511910757946
1480486800,0.895047528148812
1480500480,0.15332843009555852
1480524480,0.27161822637145977
1480541340,0.78479973889221
1480559640,0.7429547518939826
1480573200,0.09864592174533202
1480588140,0.8985228485980924
1480604280,0.34382780603198054
1480618260,0.9394156011435018
1480642860,0.08464439248515278
1480658220,0.7863355391893103
1480680120,0.9560442719790536
1480695720,0.5459383946474935
1480719480,0.9197802901104764
1480736220,0.7498547273755807
1480748160,0.4618565672133946
1480768380,0.6155772277497604
1480783800,0.6210016442832584
1480800240,0.7536741153704261
1480823040,0.1389109149489711
1480847100,0.15314943310485668
1480858500,0.40256495367244705
1480875720,0.6781447669273678
1480889400,0.6924152175922309
1480902660,0.8989307686770104
1480914660,0.1409397216365117
1480927620,0.4322096034027127
1480950960,0.06278767549845679
1480966440,0.8511622340692968
1480980780,0.7007478663851217
1480996680,0.8537461190540602
1481013960,0.8897931740145814
1481027820,0.4613261248336089
1481038800,0.9700805250139488
1481051880,0.8166816931388375
1481064420,0.23616373203791496
1481083080,0.8140773374701157
1481094360,0.8292640056909436
1481117280,0.5953620552690255
1481133300,0.33383432958889764
1481150100,0.9349145904669758
1481165760,0.10448728929097817
1481189820,0.8940281375770635
1481201220,0.34523001597917413
1481215680,0.09775837516490896
1481227980,0.865852606882317
1481246220,0.5240411497211436
1481259300,0.03566264847697515
1481278980,0.17711443280572986
1481292900,0.029282692669349738
1481307660,0.91551464438061
1481327160,0.029047248309226077
1481346120,0.21550264442889597
1481362380,0.6571000828485525
1481375580,0.8558443243190378
1481397720,0.30479725190447327
1481412840,0.9590567595879311
1481424180,0.3446390578238326
1481448120,0.1742581170603005
1481472300,0.2939579240395744
1481484480,0.07516820492952589
1481496720,0.9503942084571114
1481515620,0.24659031560858669
1481529600,0.9330406795635212
1481548800,0.8563312330550821
1481567340,0.8816102449509492
1481588220,0.891827156658499
1481605260,0.13449059199240354
1481624100,0.7108603019292641
1481635080,0.8140221374324469
1481657820,0.4679831295392432
1481676600,0.9607246803452251
1481689680,0.2909442426935442
1481709480,0.8773380888374296
1481728440,0.893520824127913
1481744220,0.8125861876562948
1481764020,0.9265167900602931
1481786520,0.8202267607119064
1481809320,0.5769945683550126
1481833920,0.7268589224892055
1481847180,0.3809849554607975
1481865000,0.39700357832169836
1481882160,0.024180330548536383
1481899680,0.818013377150476
1481910840,0.6388508060871118
1481927340,0.9221384427222138
1481948280,0.29472954079354696
1481959500,0.36955561722215496
1481983620,0.6564964439415909
1482000360,0.5889400033497455
1482016560,0.7996592772296105
1482037680,0.1526207892716854
1482060960,0.6296450735446887
1482080040,0.16519611068496304
1482100920,0.6315852835093517
1482120840,0.291280679568615
1482131880,0.7467410478082649
1482147540,0.44780874957112554
1482165540,0.8870389271806786
1482183060,0.02107071212889262
1482194520,0.3643316133129689
1482210180,0.038990917697634915
1482225780,0.9280430132100717
1482242520,0.8181794575980116
1482265560,0.9084354536407075
1482280920,0.7498851860849701
1482293640,0.8863194376370178
1482310260,0.8058255719425533
1482329700,0.21695944108856594
1482350040,0.8269900106116389
1482361680,0.3155150858897651
1482381180,0.31156096056568133
1482393660,0.7167649112888195
1482411900,0.4513807510772051
1482424500,0.05631570158402284
1482436740,0.8695512161404666
1482456960,0.25264052175332846
1482470400,0.27713660442577787
1482481680,0.7237265829238699
1482506880,0.7877157998418636
1482518460,0.9431126186434767
1482534000,0.858113666139116
1482557580,0.6613855843138678
1482571680,0.6501802013757332
1482590520,0.8243163410847814
1482602760,0.8809365648126668
1482620580,0.40249551756764124
1482639000,0.8201995008838306
1482657000,0.12280863724203557
1482668700,0.6207233740132261
1482685980,0.18531961034778993
1482700140,0.7572129920477308
1482724800,0.25008353717027565
1482738960,0.8438606673061184
1482754800,0.1044428593761942
1482777000,0.6130594578714513
1482799800,0.8340785985764325
1482813060,0.21234648754618085
1482829740,0.7266469179700281
1482849540,0.041246483472883115
1482868680,0.8104989987398489
1482883140,0.8976990270317448
1482904440,0.7910856937031892
1482922440,0.1640757854190989
1482947400,0.8014227141256169
1482960960,0.178081314597038
1482985560,0.21735203339033507
1482999540,0.3878501070499183
1483018800,0.39835057161581355
1483038420,0.9204939262877591
1483063500,0.8625610082231597
1483082760,0.08389486128752867
1483103340,0.9586391663653991
1483117380,0.19660059075742048
1483130580,0.8782131396848541
1483151700,0.7604879357362097
1483173720,0.915611330268458
1483191480,0.697008428336699
1483215300,0.4813364025455047
1483237740,0.36362114153117686
1483248720,0.1901396624603541
1483269480,0.9400910876271505
1483283220,0.5973052820973572
1483295100,0.8732774878886668
1483317900,0.35551465558233997
1483342500,0.9232606866618323
1483365060,0.9094918096818304
1483376880,0.15039481334973812
1483396260,0.0846559644693358
1483419420,0.8955172571764326
1483432080,0.6262142048347795
1483444320,0.4536738047990077
1483459140,0.2279070053453119
1483478640,0.10785297949804691
1483493040,0.429966733208022
1483507080,0.8434606919113548
1483522140,0.8873401606773839
1483536360,0.25366710641911616
1483554780,0.3622166924914848
1483571220,0.4052367024974641
1483593240,0.5910859154851686
1483614600,0.8940394214692585
1483632240,0.9108114481503535
1483653180,0.9394138115065973
1483670160,0.8833194254816296
1483689540,0.8498114960294707
1483704120,0.7441295130817973
1483724880,0.29341770028540176
1483742580,0.7532925462329478
1483766640,0.2696662072067766
1483790280,0.6094403101043034
1483815060,0.6413861599789676
1483833600,0.3368293586273575
1483846020,0.08938802053237359
1483864740,0.6003142140541805
1483875960,0.4506591516446641
1483894620,0.26564062717512965
1483919400,0.8898765720401045
1483938480,0.36151905532537
1483963260,0.9035161918195221
1483984500,0.9239168190326014
1484000940,0.2864032347188495
1484015400,0.7697600592841691
1484032320,0.24242737786710253
1484050680,0.8736602616733342
1484071980,0.9312910112628289
1484084040,0.5962423160903032
1484101260,0.9135333671435807
1484119200,0.16070447126225812
1484131680,0.20236657425747454
1484147460,0.7976871944753279
1484162040,0.6983614257522247
1484179620,0.41779411650410714
1484195040,0.5913667570834795
1484212320,0.13363750800979082
1484231760,0.8208246313398639
1484244420,0.06651325676980135
1484257800,0.17474216847304197
1484271900,0.20240409752671462
1484293860,0.7667781976961141
1484314080,0.10854709426468306
1484338980,0.8162662582756736
1484355660,0.5656154151238736
1484370480,0.8946214700311882
1484390040,0.7621309051862276
1484414340,0.5817827493944008
1484434860,0.5007556162647594
1484457600,0.526381252845675
1484480640,0.6528304871077169
1484494140,0.20369529318968982
1484514600,0.7038147554365929
1484525460,0.4448028356343024
1484544180,0.43597531036769355
1484566200,0.8626977736349043
1484588040,0.7470042736473866
1484603040,0.2636225098241417
1484614200,0.889302325067261
1484637360,0.21618107693708574
1484662560,0.29297331336048416
1484680680,0.20692517826613271
1484705280,0.6684167054254372
1484721180,0.85275636312059
1484742600,0.9074863569301154
1484763060,0.7165884661741361
1484776920,0.9183602558401872
1484799840,0.7626889413669671
1484820240,0.8734482238930342
1484835660,0.33885303746762757
1484846880,0.11946669498372428
1484868840,0.33431895124249505
1484885700,0.8818058573579575
1484902080,0.6791983776730196
1484916180,0.39603832651139004
1484941320,0.7112365010018888
1484960700,0.7510765303748331
1484975340,0.8653040332054749
1484989620,0.06548768036280975
1485001800,0.8119899685922917
1485026700,0.7918989929256668
1485049680,0.8816886231543605
1485063600,0.23970667617609226
1485078240,0.3566874549209908
1485103140,0.8198703998012677
1485122520,0.7512203181384209
1485133380,0.6148905104640985
1485144420,0.4410990726631233
1485157500,0.9521040580358152
1485176940,0.726130092170393
1485196680,0.13885769836171952
1485219600,0.7347061692652169
1485244620,0.8783639741978952
1485267420,0.834873605869064
1485280260,0.29204942954099933
1485296100,0.022441333216401134
1485310140,0.38636487733336866
1485322860,0.6849127284764466
1485346500,0.6529456865191009
1485366660,0.1852492564038062
1485387000,0.8846164133336947
1485402480,0.8030546187925378
1485421080,0.7494357205531386
1485436260,0.5712834394282428
1485447480,0.2403081528410429
1485461460,0.05768823411363734
1485478800,0.05606435601692137
1485495600,0.5144881938042676
1485520500,0.6265521153678855
1485541740,0.22590873552136914
1485561420,0.4255988761020482
1485578340,0.24825543960982693
1485601260,0.7479709449365212
1485621960,0.14068978568124177
1485642540,0.7406115184223308
1485664500,0.3925316781348688
1485685440,0.5586732207331303
1485708660,0.7061587176605436
1485726180,0.780958714286402
1485745740,0.8115606335230177
1485765120,0.26320931096720607
1485780180,0.8835072094821659
1485798660,0.7755218246869546
1485813780,0.01882672602237805
1485832800,0.2762177056007716
1485844680,0.7450711151104958
1485865560,0.8885595015966404
1485883680,0.07754301593950648
1485907500,0.754740926647839
1485929040,0.653297068876021
1485947220,0.6954236904044657
1485972060,0.30024088654686554
1485992820,0.8695274278985112
1486006020,0.7064189367999255
1486030620,0.9230497566599224
1486047900,0.13619278518183653
1486059420,0.24589976760029605
1486081020,0.1994134129290135
1486093320,0.8637791070357665
1486115340,0.6970670669479574
1486139940,0.14227288799161833
1486163460,0.3415441448389531
1486176060,0.3910879000551306
1486190940,0.8240797526414103
1486211880,0.3964362290918911
1486227480,0.19632126106231573
1486251900,0.8167766172954863
1486269000,0.28460170257155276
1486291020,0.7039330626819702
1486307820,0.7169931148864314
1486325940,0.867832191296357
1486338120,0.9312088238573182
1486354860,0.8978047232891998
1486376220,0.06937489014635383
1486396860,0.9071422619037899
1486409520,0.5111821124849562
1486431660,0.6964559120531203
1486449060,0.3720440211416939
1486463340,0.6345236375642086
1486483620,0.8831134430795303
1486494480,0.7330896638545782
1486516800,0.16724452189858072
1486534620,0.8487793426549206
1486547760,0.8271786678064089
1486568160,0.8924934364229447
1486579140,0.1106873407959162
1486595400,0.5009191275028528
1486608600,0.23303605385768317
1486632300,0.8667915129785969
1486653480,0.548317318452919
1486668420,0.07572448924457584
1486693200,0.8617986183527244
1486706160,0.5627452216417098
1486722900,0.8628927437372133
1486736160,0.44227694185054045
1486751700,0.7698513860797397
1486767420,0.5729970419222064
1486787820,0.7594163450624654
1486807800,0.3849354416038834
1486823400,0.873842126307972
1486840800,0.31309074410548215
1486852200,0.23101831535396203
1486868400,0.7201080062009653
1486882920,0.8818607721137068
1486904280,0.2617529574764832
1486924260,0.5205878250944935
1486948260,0.8513589240733103
1486966080,0.6072232657266405
1486977240,0.4882751302646997
1486993320,0.2011834975904396
1487014380,0.2915199770257563
1487031180,0.13611601282624328
1487049600,0.02325006631128236
1487062500,0.5059833199652176
1487082600,0.3617459613881925
1487105160,0.9474888034022895
1487127660,0.8368289704618361
1487144160,0.8897906315907602
1487168220,0.3264990428916578
1487189580,0.7362476635254962
1487213160,0.944650082498604
1487232660,0.9338366491258602
1487256120,0.8161508894816136
1487280720,0.49995128882725975
1487296080,0.34790608253888794
1487319060,0.18288692417432031
1487338260,0.2606686764785761
1487351040,0.1158220903154899
1487369460,0.662893478955953
1487387160,0.3385234654829186
1487408580,0.32520700009702586
1487419500,0.7094476275176845
1487437440,0.917448023409852
1487459820,0.9161820086179262
1487476260,0.9081899061534934
1487490600,0.7423630858458159
1487507640,0.8828422322279044
1487525640,0.41714096327637507
1487539860,0.23375358371044025
1487560080,0.8198240747058659
1487578680,0.8099520346995337
1487594700,0.47004296295952286
1487613000,0.9144738028994026
1487628300,0.862594131844341
1487651760,0.925376312032862
1487671680,0.21819277738939533
1487685960,0.5560074116782289
1487710260,0.732229150137304
1487727420,0.8838956744355702
1487743080,0.7398312345794424
1487767920,0.8829008891697311
1487780160,0.18454233911988616
1487793240,0.5779709767562387
1487806860,0.8349539661752206
1487825820,0.22737325628617744
1487837280,0.37195284203143963
1487859720,0.15545697571842496
1487881380,0.5165375241357636
1487902680,0.4679032440367164
1487925060,0.3811234454744035
1487937720,0.43750365612556413
1487960460,0.17483023640195708
1487977200,0.4143155177395113
1487989920,0.5019229414722366
1488006360,0.6616709623886751
1488018120,0.409552414962151
1488031980,0.41374503261071005
1488052860,0.7821733559993616
1488066960,0.5944602920619297
1488077760,0.3492607582618896
1488090000,0.582560086102427
1488105960,0.7153517421582669
1488120720,0.3889745821331138
1488140520,0.9200374164207608
1488155100,0.8367787569117705
1488175920,0.6352094141998691
1488194940,0.7959715153334689
1488215160,0.8771828367302952
1488230160,0.4160561712835288
1488250380,0.770065316012452
1488269940,0.6312087631311669
1488285480,0.3269208926486796
1488301560,0.4879209764771054
1488317160,0.12694343104488887
1488333960,0.7983232085758986
1488345060,0.7222431172530701
1488364740,0.5821013181731608
1488377340,0.13581308256342042
1488397140,0.8613152692027152
1488414660,0.8983243757156545
1488432180,0.8883922778257883
1488452820,0.7334836457837052
1488468420,0.822066316620974
1488482820,0.5406782126223789
1488497520,0.5081341257083921
1488509820,0.24273040490458575
1488523200,0.7687247156103688
1488544500,0.2409294445554899
1488559740,0.33187883016170416
1488580860,0.7737179938824175
1488592560,0.21666206522476253
1488611040,0.7552628295652628
1488623760,0.4414157323208538
1488636720,0.5585611074186531
1488655620,0.47910097638407256
1488669420,0.26488954735212594
1488690960,0.5214115912196738
1488705840,0.6604820421779068
1488719880,0.7933789483702511
1488743760,0.7962236095827165
1488758460,0.4608094718755923
1488783480,0.8856695848930461
1488799740,0.6715934627440711
1488811260,0.2344467139361389
1488823260,0.6961728931132897
1488848400,0.8974301997131231
1488869940,0.8390783384959967
1488894720,0.4631496669485046
1488907680,0.8848671775250758
1488930600,0.436444679017487
1488952740,0.6411466396863522
1488967080,0.5351462433656107
1488988800,0.5486891477423532
1489000260,0.6262943731017546
1489023480,0.920578500985009
1489046880,0.15368779994830367
1489059780,0.8901773735940801
1489070880,0.34719322521342094
1489082220,0.8456287813883789
1489095180,0.12722409190156977
1489111740,0.08118608636038195
1489129020,0.7030481607642757
1489148700,0.7662459309132237
1489165920,0.22180542689448293
1489177080,0.8941766130386295
1489190520,0.3427235916690783
1489203660,0.7524571933100294
1489224780,0.7602166186469899
1489243380,0.7057884983382396
1489262100,0.674288703508555
1489275060,0.807376530699892
1489293360,0.5422502618106055
1489316700,0.6921761887444984
1489329060,0.8243530800424907
1489345320,0.2114980732054184
1489367580,0.21416348745297903
1489379520,0.10697986141392048
1489401660,0.21436161608432994
1489414800,0.9147747209797991
1489425900,0.09015601016066267
1489437780,0.693116062675566
1489460940,0.23617797766428772
1489484760,0.5329162544369247
1489500960,0.8534410811271391
1489513740,0.14331676868498522
1489538820,0.7344092740093716
1489555140,0.1674543276415177
1489571160,0.8818432755972376
1489585200,0.045098199370926774
1489600500,0.09433896640304779
1489614300,0.3684284497725912
1489633380,0.557146654993057
1489649220,0.5367260661772105
1489666200,0.798848172635836
1489678080,0.13034743563044374
1489693920,0.8215835237857604
1489707180,0.8482159764599496
1489721820,0.6907281025947362
1489739820,0.610796353087644
1489764900,0.789783077032036
1489784160,0.27403347025219027
1489797540,0.20500192338853376
1489816860,0.7068858537908691
1489838640,0.32566944126177166
1489851420,0.6915484996152825
1489868100,0.5146835192981467
1489879260,0.6960035515276713
1489896840,0.403454277442491
1489909860,0.09078650911360119
1489934220,0.6442825670326653
1489958820,0.265077784041956
1489973520,0.27766119836718134
1489986360,0.5107009769323848
1490008980,0.18295879534576476
1490030280,0.28259465354633045
1490043420,0.6929954452771486
1490062740,0.5766365169957076
1490084820,0.6901976395631977
1490104800,0.692689771088522
1490119440,0.23296562549121366
1490144580,0.06138994179226552
1490166000,0.6717778625550449
1490180700,0.19824430523849465
1490195940,0.7610531713360613
1490217480,0.6393367112857552
1490228280,0.4642669341620402
1490247000,0.5664368625735844
1490266440,0.09170351405326468
1490282880,0.5325932133980797
1490304600,0.0784974577826432
1490321520,0.9177738797451676
1490340780,0.6876756828846623
1490354640,0.8402379428624429
1490371200,0.7543176595998566
1490383500,0.7693390550961391
1490408100,0.8570218194181108
1490433000,0.15475034708867136
1490445420,0.8550714471984717
1490466000,0.80067178188932
1490485080,0.6661071066375673
1490498460,0.37751621392201506
1490516340,0.6865710234541323
1490539440,0.573540162089926
1490557920,0.5491926064691406
1490571540,0.5518543946746907
1490583480,0.9108255874135228
1490604420,0.08695627989924463
1490628000,0.9451306499484792
1490647800,0.3431486940020239
1490660220,0.698955200695778
1490683200,0.6719006528874291
1490695620,0.10466467361133391
1490712720,0.9514458361461963
1490725800,0.5030925589432385
1490748240,0.8477888894746922
1490770080,0.18186238858219825
1490781540,0.49727722421278225
1490799180,0.8569419818603741
1490819700,0.1953450957123367
1490832300,0.8628902979020531
1490849280,0.14285515082101885
1490864040,0.37370006477461487
1490879220,0.8070122688419091
1490892000,0.7126312765713196
1490910840,0.1429228225840451
1490929620,0.8602887230451012
1490943840,0.9187181804646949
1490967000,0.8100208386443462
1490991900,0.5239300576663408
1491014040,0.45038884555400716
1491027540,0.7771980155853074
1491048120,0.562965569940579
1491060420,0.37048113796926585
1491077760,0.6535779647647455
1491090780,0.6283619033086867
1491105840,0.3178817107788052
1491120360,0.7775673202504578
1491143460,0.2744244443699034
1491156060,0.4868673027918377
1491177120,0.5322673629398693
1491192720,0.7916892949417009
1491213660,0.2607883406355049
1491230520,0.44101566597393904
1491249840,0.9018147314190744
1491272760,0.3523715314301413
1491294900,0.8722587522329411
1491314700,0.9047761199908982
1491337560,0.20368932796936215
1491352380,0.8460457420000016
1491366420,0.2262314904331033
1491382920,0.8808044090444839
1491399660,0.8743475755220328
1491415200,0.8844022757278167
1491426060,0.6357357493115039
1491441300,0.24742314985040717
1491465840,0.5022880714189669
1491490320,0.7545243750261903
1491512040,0.8757696267205517
1491533700,0.905481598347922
1491553920,0.7307383907411086
1491571320,0.8969715028817182
1491589020,0.8744868821930996
1491606240,0.8532452271232192
1491624480,0.3572012298498056
1491636840,0.3449708268919214
1491654900,0.18887050069603598
1491672960,0.3064584956579376
1491687120,0.5981771413910143
1491706920,0.22601759819444497
1491718380,0.15465979696142057
1491734520,0.8197194679903917
1491747960,0.7695847199368593
1491766500,0.10103745277516486
1491780180,0.31159256483499426
1491794340,0.9271223793814661
1491819120,0.9571195954444388
1491841440,0.8662265194516136
1491853380,0.2812141395650782
1491878040,0.37196396821578886
1491901020,0.5675665735262815
1491920760,0.40477321205473094
1491943980,0.9484334540649184
1491967980,0.8617252687052447
1491991080,0.27714305305504694
1492010340,0.1459637673539963
1492024320,0.07109267080401566
1492037820,0.1574451606985425
1492050600,0.9522645138577341
1492064040,0.42898142303103726
1492084680,0.4335293893104838
1492095540,0.9124726887847397
1492119000,0.6803298574013824
1492143300,0.416425227438888
1492155660,0.30270567623064115
1492168440,0.7316648909747747
1492179420,0.7926591244064821
1492204200,0.7869286918629002
1492226580,0.8620509586371312
1492251300,0.6496115022826471
1492263000,0.793053029517793
1492277760,0.1719013840018479
1492290420,0.82889959468607
1492313940,0.6275270939267611
1492332900,0.709459584691417
1492348260,0.7900142670186421
1492371960,0.514589504972006
1492395240,0.16116142242741785
1492406220,0.6036149663769036
1492424400,0.40005171074393064
1492444500,0.9460581704595303
1492464240,0.19198736274956174
1492478460,0.8583657370007137
1492494420,0.7647709610913102
1492514940,0.8986496433006088
1492527120,0.47696597408257385
1492538280,0.3789552479914064
1492549260,0.15643644700394457
1492569960,0.20849830030173205
1492587060,0.7068657586227065
1492599360,0.21314335028236814
1492614900,0.663584844616007
1492632480,0.29346041622369146
1492644300,0.5654315069533125
1492656180,0.32736092353863366
1492672860,0.38653026139151275
1492686000,0.0669337169377757
1492703700,0.6955126995562015
1492719480,0.7952666183639636
1492737480,0.8150024778267267
1492759620,0.5417078388179695
1492780500,0.6735077872055562
1492793460,0.18793918269571244
1492813980,0.12087223289268755
1492837500,0.5907331891386673
1492856340,0.3695083154565212
1492872900,0.8374325412127825
1492896780,0.6722576002816713
1492911360,0.8328819178885679
1492928460,0.37222353706534617
1492952340,0.776412567389141
1492965300,0.5045687504938343
1492982700,0.8219256003749178
1493004000,0.6998268868228714
1493027640,0.3919832010431233
1493043900,0.28577386502373
1493065500,0.08614872575906762
1493090640,0.8445186738455633
1493104860,0.13932216892531912
1493121600,0.6889670828704796
1493132580,0.2268436048654821
1493150460,0.3749001977268926
1493166540,0.9467282111943697
1493179140,0.19482812931289695
1493200620,0.7796574148340502
1493218740,0.10766396691698342
1493243400,0.7599651331642241
1493266800,0.837278627625614
1493291340,0.7594908405480789
1493307780,0.7746415808424303
1493320380,0.8007391966740214
1493340480,0.33451944595846733
1493355420,0.8739315268875746
1493367360,0.3423156980181123
1493386200,0.7413195778718571
1493400060,0.1204123234559284
1493411220,0.8164141088822519
1493423580,0.844663888567506
1493440560,0.7198716302294103
1493461380,0.28073064895454036
1493477100,0.7848499572478594
1493496420,0.8694321414318275
1493514780,0.3722548699853354
1493535540,0.6245924528627658
1493549100,0.3489164079157451
1493563560,0.6782097700579863
1493585820,0.8704604866064253
1493600700,0.6868468688071606
1493618040,0.04170222825465018
1493629200,0.22222713587506143
1493642220,0.8140429323571367
1493654880,0.9236366730103727
1493668260,0.5802562298225725
1493684880,0.6858553954386981
1493699220,0.9060485464784898
1493723820,0.1989735344681663
1493736240,0.8507325446882806
1493749920,0.8198857734386796
1493771880,0.698309415042178
1493788920,0.7089074847902531
1493809800,0.8361028449540173
1493820780,0.6248989399243875
1493834460,0.7820755765267831
1493854260,0.808616753024371
1493871900,0.3154660880287596
1493889120,0.8710514842910227
1493907600,0.8271744282671819
1493923440,0.6082965368369797
1493942880,0.8377102600009938
1493959620,0.8593445672117094
1493976840,0.8888700731902972
1493991780,0.9209098937791035
1494016680,0.5709666270978746
1494033720,0.08653880036411649
1494045300,0.5582616399699899
1494058920,0.8977193137362756
1494079740,0.7834786030217115
1494101460,0.8864815703027512
1494123240,0.9092760679968835
1494148320,0.11951421129735504
1494173040,0.9059700132876966
1494185280,0.36061054992259606
1494201660,0.6712226002309827
1494219240,0.8081294105954774
1494230160,0.29099873429211615
1494245640,0.8793292791599079
1494268200,0.12735496405437957
1494279720,0.4172192104841471
1494297600,0.9381329579912847
1494318540,0.8768816306090861
1494337680,0.0982179123989487
1494361020,0.29521512654861776
1494381840,0.2812084119269187
1494394200,0.529637711881676
1494417420,0.29463741519013154
1494439860,0.6620485873569086
1494458580,0.7120800377484197
1494476220,0.29370204494009083
1494493680,0.3528275683886344
1494516840,0.7769194927777077
1494529620,0.6230278927858655
1494554220,0.891584454684101
1494565620,0.6981466599471877
1494577680,0.6534223146319077
1494591000,0.6119015861555429
1494614220,0.04391717560578125
1494627360,0.8915812263436186
1494644880,0.14991068962028586
1494670080,0.7720061343605448
1494689580,0.24034362453198177
1494707100,0.2405111191366394
1494718320,0.2667322086054592
1494733980,0.4652261479586452
1494757920,0.798493658635209
1494775020,0.779320669861251
1494790800,0.1507341232807554
1494814380,0.13101264296260326
1494830400,0.37523780641310045
1494847500,0.8518284672033277
1494866880,0.8715535111752094
1494886020,0.5428072040103837
1494904320,0.858151260859528
1494919140,0.5406502666238304
1494939660,0.5163293130768967
1494955380,0.37408499655294475
1494972660,0.7290809536104911
1494984660,0.5544667212800124
1494998160,0.8995664862113709
1495020960,0.37134013111778114
1495035540,0.6530768640557553
1495053840,0.18004400622749933
1495072020,0.16515857760296607
1495094040,0.2697542927743405
1495116540,0.663946682432961
1495136100,0.703895884066315
1495155120,0.8225578908688519
1495167240,0.06224226183225079
1495183200,0.35618832998584293
1495198080,0.7749110181127238
1495217220,0.6541689417084439
1495232880,0.33508100458335466
1495256040,0.7771446301981563
1495278840,0.8162817884226862
1495297020,0.47818086573998764
1495313100,0.31974133172634966
1495332360,0.3475306853187373
1495355340,0.7221177303812497
1495370880,0.8481556925915624
1495392240,0.5980485963108604
1495416180,0.7254395376754943
1495435140,0.8141322071611593
1495451340,0.5947264808891717
1495472760,0.029490512470892672
1495486320,0.6208816422873183
1495502280,0.9422660706652716
1495514220,0.5050339174157535
1495526580,0.722496011518289
1495544400,0.640739774444955
1495568340,0.8312298365975065
1495585800,0.6289897934232094
1495603620,0.44951181876617935
1495626540,0.5488847435454939
1495644240,0.8455116579725515
1495666260,0.8531372900336847
1495687980,0.7592087007525374
1495707600,0.8443548486244224
1495721520,0.9645708427183785
1495738860,0.877014832314007
1495753080,0.8947680764767519
1495774380,0.1635097726752114
1495796880,0.8872203666351989
1495811400,0.5751327941379416
1495834740,0.15578354331623476
1495850940,0.9199034508784683
1495868760,0.409523511767809
1495884420,0.8093259296497897
1495901880,0.7009625886538413
1495925220,0.5858575029207959
1495942260,0.4490987018447714
1495961100,0.8361450748916728
1495973340,0.7246159157327008
1495996200,0.49227215497021953
1496007360,0.33299193524046833
1496029080,0.7111833732950368
1496045280,0.8411232572945012
1496067240,0.8966700962371013
1496088480,0.11204138308090843
1496113320,0.847336188155053
1496130840,0.19078199167127885
1496154600,0.8616296308475846
1496177040,0.5506876100510346
1496188140,0.9026663624608611
1496211240,0.35076623163751736
1496232240,0.6460933527958667
1496246760,0.7853731408587675
1496267760,0.673975586583477
1496279100,0.22802216999513947
1496292060,0.23057431079110058
1496308560,0.5813790467256791
1496328300,0.6872088990748834
1496352180,0.6638753715671969
1496372580,0.8786990731307565
1496383380,0.8116782633435529
1496397120,0.3968667825893062
1496420340,0.9035388250972114
1496431500,0.9053254101813547
1496446740,0.7887294187923063
1496467920,0.6303153752019127
1496484780,0.7626318794061095
1496503260,0.24724959939289093
1496523960,0.18752774405613007
1496537520,0.24489211169768277
1496551380,0.24968377010937082
1496572740,0.5513516734580542
1496596860,0.6998914381614733
1496612700,0.23948802766991326
1496628360,0.8848847087170786
1496651940,0.7289211381406889
1496667960,0.10051397467838918
1496685240,0.6306252640095932
1496708520,0.81411634794007
1496723040,0.6923026249630501
1496746020,0.7381954111769286
1496759760,0.3000679611123513
1496784840,0.3989696501402575
1496802780,0.8253024967715014
1496827140,0.6530571605117284
1496850720,0.12871009964795724
1496861520,0.6568648580567575
1496875860,0.4052649551327537
1496890140,0.6043674579868638
1496914560,0.6898312889885616
1496934300,0.4546917256972739
1496958000,0.5439747588098495
1496972340,0.4088072321638059
1496995320,0.11317041991080687
1497019140,0.0347521549379039
1497036720,0.8334651047640284
1497058800,0.8372274507126549
1497072300,0.8028875831221796
1497094680,0.2814872077388224
1497106080,0.06610483575303785
1497131280,0.18547010249582704
1497152940,0.3239266893239463
1497176580,0.8000927453450222
1497201660,0.7787805111447486
1497219600,0.25756395234323193
1497232500,0.6167876547732497
1497245340,0.6225936269263141
1497263280,0.6644279689322925
1497282000,0.21065396617051782
1497303000,0.8260622248827659
1497319200,0.3175800021381526
1497339420,0.49214018551494726
1497353700,0.7976510485682544
1497369420,0.7461459229266566
1497380640,0.7905299127602712
1497392940,0.7860193155165527
1497406140,0.08120607435300076
1497418980,0.5527719345509153
1497443100,0.13616072733608406
1497455760,0.21000367008006304
1497478440,0.750332485930151
1497500100,0.42836219083781385
1497512700,0.01954282010633271
1497528540,0.9080978397482995
1497548460,0.6506943666960022
1497565920,0.8844777085961117
1497585600,0.6451889041237174
1497610020,0.15897867789189124
1497625920,0.685596279821786
1497648600,0.2389619929966166
1497669420,0.2304664432546051
1497688020,0.5438085267299967
1497704160,0.6549954705952198
1497718140,0.7086432088000704
1497734820,0.7712916572974172
1497746940,0.37569443443751677
1497764280,0.1593015995616212
1497778080,0.9255950871894774
1497795660,0.4452628774949732
1497809640,0.7669422223030856
1497822180,0.7648731966268848
1497835380,0.8922296953179298
1497856020,0.868626090499041
1497869520,0.7814710983183862
1497888840,0.03545704238034823
1497905340,0.7883377720939002
1497917820,0.7895240519295906
1497940920,0.705817160822701
1497953580,0.8022894734203391
1497974220,0.8888328881806136
1497989220,0.4430491265697312
1498002180,0.6945086762201764
1498018200,0.705388344265795
1498043220,0.20543473872720314
1498065960,0.8087650743765743
1498080120,0.8090727777429958
1498098660,0.8289018693966742
1498122600,0.9101145287163528
1498142100,0.48293543772817676
1498164600,0.7468340966960766
1498182720,0.9135623047471991
1498205040,0.5363738007651365
1498216260,0.18353632924906657
1498231080,0.6782117191563042
1498246140,0.8798871320906452
1498264380,0.6540444472767317
1498280280,0.2849193379327321
1498303500,0.22969167818265365
1498314300,0.8839684634313661
1498338660,0.8589014790163613
1498354440,0.8123063928533802
1498378500,0.43024579350106706
1498400760,0.9377438695776826
1498423800,0.07852811038682175
1498442340,0.09342485711123928
1498463220,0.8756955073746884
1498482600,0.08916538911094239
1498493760,0.7898026779021516
1498516020,0.24792190839845224
1498532400,0.11976287020923758
1498552500,0.10731716043156588
1498574160,0.7501197478321407
1498596720,0.7114446604940309
1498611240,0.6845810134973265
1498622340,0.45042657596770924
1498634100,0.8029850831742827
1498655760,0.37010908644169416
1498675680,0.14136948194511154
1498689120,0.8965119030488854
1498711680,0.33327459864749703
1498725840,0.6499176416008586
1498742160,0.8057349139010531
1498764120,0.8199465460820775
1498779360,0.92615262425224
1498797000,0.8628404788566114
1498814880,0.6535553551658941
1498826160,0.12578204086445244
1498837500,0.12016198933525589
1498858740,0.31845405848210206
1498881600,0.45234327840305816
1498906080,0.6566961108397873
1498930500,0.8036328869116285
1498949220,0.21758133101692176
1498961100,0.24012965360930089
1498980540,0.31606091974756195
1498999980,0.3660157726243071
1499012160,0.7948923052036474
1499034960,0.1057706475295986
1499050680,0.9312838995050031
1499064780,0.6491093325560763
1499084640,0.7841501545074232
1499101920,0.05766855963208774
1499125020,0.7791131237967814
1499140800,0.9060027884505967
1499159520,0.05371714965724256
1499183040,0.6711844775016315
1499194080,0.8802376698639627
1499213880,0.7226471134587286
1499226300,0.3372433158613215
1499245620,0.6874016500859095
1499269680,0.8730218749812044
1499283540,0.8213239654328641
1499303820,0.02515854909413309
1499325240,0.08296790586727905
1499340660,0.49017115344688245
1499353560,0.09233287510980608
1499366400,0.8313921219064317
1499383620,0.7381494140321849
1499403360,0.0664595263964229
1499427720,0.6219246620286148
1499451840,0.2742998812037215
1499473440,0.3023781239287535
1499487180,0.34211733905257247
1499509500,0.28576267756555435
1499534160,0.6922524190891337
1499558100,0.7908564909025174
1499576040,0.6015208007960006
1499591880,0.7639871151919815
1499605200,0.3185505659372519
1499622420,0.2076393146851113
1499646960,0.9349661334131166
1499663400,0.7140963802938229
1499685960,0.6214993292956423
1499698740,0.8751034272351033
1499715000,0.9508086130100833
1499739900,0.13152006050551124
1499754120,0.09794760512953868
1499771760,0.9107181256528415
1499796720,0.42309270816910444
1499819100,0.8775367810536715
1499840820,0.883027375964718
1499865240,0.8320848679123982
1499890200,0.14889200597763697
1499907540,0.07253805812715222
1499929500,0.6236098035638531
1499953920,0.6807681536109446
1499972280,0.931399929645592
1499994240,0.8122410120855061
1500016500,0.28252849467382596
1500039840,0.16404268495591978
1500055260,0.889579954687341
1500080220,0.795735974735015
1500094800,0.9133654350456414
1500112200,0.23278157052473938
1500124260,0.8051940201023561
1500149160,0.9483743606549121
1500163740,0.8238075070657337
1500180840,0.43283858849810036
1500204780,0.8019701736099316
1500218400,0.11095226053743525
1500237480,0.15154103758783463
1500257220,0.04976189436797668
1500277860,0.06847142033925886
1500296520,0.06161634441829991
1500307440,0.9150768412262494
1500327540,0.16068280791818326
1500343500,0.8568014701962313
1500365460,0.5663481577858711
1500380460,0.06668384545653755
1500398700,0.7248914280287319
1500409680,0.4464621253080147
1500430920,0.9161334948088515
1500446520,0.8430275269521309
1500463860,0.0640966703560364
1500478560,0.06953944294336946
1500496740,0.8586511448299984
1500509160,0.3265310219741346
1500533820,0.8453762508403644
1500548520,0.8867252741278097
1500564480,0.6887878753995087
1500588480,0.5819477378852801
1500610800,0.48901132632353445
1500624900,0.7761897907624249
1500644040,0.4677745207638132
1500665580,0.39975681528737944
1500676440,0.13902512534952066
1500699540,0.7889494834632226
1500710460,0.07362683613487174
1500731220,0.8578141089136209
1500752940,0.9527119466268701
1500769440,0.2696869398553256
1500782280,0.8203551033268642
1500795480,0.027852548143271313
1500809100,0.8536766712882695
1500829980,0.22876867928158154
1500845460,0.2567070625394194
1500862440,0.5508095533276521
1500887280,0.8851240127522811
1500905880,0.8732333957162731
1500930120,0.8943465657852331
1500951600,0.37678111928416336
1500963780,0.8740825808470505
1500981480,0.5904392154352086
1501004400,0.3591267218221589
1501024260,0.7094707568582934
1501036320,0.8179197053468251
1501052580,0.20559461499116802
1501069200,0.45902628787970806
1501093980,0.6699116540524561
1501118280,0.12681475646539847
1501140000,0.2610167832641361
1501152480,0.2713723456080187
1501171920,0.15896145036679485
1501191420,0.10513018883059583
1501213740,0.1959750492425772
1501230960,0.694424845056271
1501242900,0.561087105044118
1501264020,0.905249600738604
1501276440,0.9214260117843525
1501300380,0.019100941938502525
1501321980,0.14411619622818334
1501341300,0.0736304051981986
1501354620,0.7996043653165256
1501379700,0.7838961235034143
1501391040,0.09896166906611625
1501415580,0.8678939619559061
1501436700,0.7627775148184266
1501449960,0.2604320008385366
1501465560,0.7278900722246523
1501477200,0.34642339554778173
1501491000,0.8494671073179028
1501505580,0.7534609029535644
1501524180,0.22901647966348251
1501547640,0.8025886099791311
1501569060,0.9358888714908078
1501590600,0.9420197654615893
1501614480,0.5804556357621345
1501634580,0.7692772705253298
1501656600,0.955822727864024
1501670640,0.6223572703811884
1501691460,0.9350023028267269
1501711920,0.9171323239145368
1501731900,0.959835208159613
1501744380,0.22642567678886477
1501765200,0.9095203374609725
1501786740,0.8550634202300346
1501803660,0.6315157831096573
1501816740,0.3564182506310187
1501837680,0.23953995121265792
1501854120,0.8661062310932192
1501877760,0.8266853578158111
1501899240,0.2527811745020536
1501923180,0.6147552987388116
1501939800,0.8890835156558474
1501961580,0.9344233472689017
1501976700,0.35048597928349223
1501997820,0.7077007526108856
1502020680,0.7105597357398202
1502032560,0.8289241451506464
1502043720,0.43800036462633224
1502059500,0.22565902310855804
1502075160,0.29431141729806887
1502092920,0.8344331057553882
1502105220,0.7110724880009419
1502120700,0.8519238243987154
1502131500,0.9248436706839868
1502145300,0.40142906410599916
1502160300,0.687490104139477
1502176800,0.9140389054705496
1502199060,0.021888328398221114
1502222640,0.438307053200507
1502233860,0.06682121388346532
1502248740,0.8328876307710238
1502265060,0.9395642117309316
1502290200,0.3734007272909855
1502310600,0.09288581951708849
1502321460,0.8128897014239445
1502339040,0.38955822111681676
1502356320,0.8728745465301513
1502381460,0.8652373471743287
1502403300,0.27085439738207373
1502421960,0.8518380119415176
1502444340,0.10421468697527746
1502462520,0.8996345540367323
1502473500,0.9123355275814805
1502492160,0.8978635410573825
1502504700,0.11503798260511673
1502516580,0.07158154015035542
1502535420,0.5886576631420227
1502554860,0.8557301165331337
1502577300,0.49774858757297563
1502589540,0.3813551967592848
1502613960,0.11079931484718462
1502630820,0.14437706297023467
1502653200,0.8260507773543431
1502668320,0.7926887169115636
1502691960,0.08466280263519756
1502704320,0.4279216835204934
1502724960,0.7894800671078118
1502741460,0.8474283889807619
1502763540,0.8949062159735204
1502781000,0.6756958846964355
1502793180,0.6588646522810723
1502812860,0.9508966072907714
1502828940,0.18106126867537797
1502846100,0.38664629900077835
1502857920,0.09889155912947582
1502883060,0.648376976833997
1502898900,0.14726034603450575
1502917920,0.7692397100749189
1502939340,0.8426937521303272
1502961660,0.5893263889883186
1502972460,0.8406033145704859
1502992620,0.803096182440762
1503011400,0.7246146617102257
1503027360,0.5997568646547657
1503038400,0.24191488392954388
1503062460,0.04709251962945922
1503086040,0.6571458811023754
1503099840,0.6609114615587169
1503116880,0.3335931243813561
1503135840,0.8124438049073863
1503156720,0.16260639343693212
1503168900,0.5926619278229958
1503184500,0.8209177594828979
1503203700,0.34186516784915477
1503218580,0.3453123455698842
1503241500,0.891865475915832
1503266340,0.7644409418855618
1503282240,0.09049344959575419
1503305160,0.09000452728781322
1503326340,0.8767559693216491
1503350820,0.8112156867922228
1503366180,0.9508236009877955
1503377040,0.5419474847321261
1503395280,0.3010396196581289
1503418440,0.8917481284673722
1503432000,0.8757581832687266
1503443520,0.8658219858588132
1503460200,0.4230470631656601
1503484320,0.9559682607602952
1503499500,0.9473396061890885
1503524040,0.9121318169581901
1503545820,0.6249670606650745
1503559380,0.9074506958923475
1503579480,0.8683607524250964
1503603240,0.34717462727181925
1503625260,0.8933504860650168
1503647520,0.10448832358025065
1503659640,0.8969298415503092
1503682800,0.19972901037138832
1503706860,0.08062453638171269
1503718980,0.7450233023796156
1503741060,0.8186225560136494
1503755520,0.0966195182662975
1503774300,0.9057143606544079
1503789240,0.6787032371684362
1503813000,0.6949952808797343
1503834360,0.830419914571395
1503851160,0.702691592629152
1503862080,0.8003843683804733
1503878760,0.8484784065624971
1503901980,0.4082292765609658
1503920460,0.18579726106554412
1503944700,0.08880269841665896
1503967020,0.4393976849742887
1503990840,0.1937732627085728
1504014480,0.17153590939444766
1504031220,0.6976821291461149
1504054980,0.5183647173175087
1504079400,0.7987257598772809
1504094520,0.9212152814300397
1504106400,0.6488296561067245
1504117980,0.36165392702882
1504142940,0.9170167228301791
1504155180,0.8984228051652039
1504167720,0.5121275699581794
1504188300,0.4233187065099159
1504210500,0.3531099359213309
1504234260,0.8438509495939417
1504246320,0.7303131554939143
1504260660,0.705627752515779
1504283040,0.06345467362404111
1504296120,0.7749969029547207
1504306920,0.5297264029722143
1504328220,0.7115695468219618
1504350600,0.7988237359978094
1504365180,0.15014731947302207
1504378980,0.551182558301808
1504399680,0.34397941399319354
1504413300,0.13571501118284246
1504435740,0.6325524424359461
1504451940,0.729519738228681
1504472760,0.19543819883478722
1504488420,0.920679005502684
1504500300,0.9050545356141687
1504514700,0.14576265464009608
1504525800,0.8022889788800751
1504548480,0.759138416081014
1504565100,0.20622157294125917
1504581360,0.8833328793169377
1504606080,0.8739355523262035
1504618080,0.04942659329856912
1504635960,0.8764295100649429
1504649760,0.5139007530520451
1504664580,0.9225799537247098
1504683720,0.5327775441910485
1504701720,0.8637596511611713
1504722480,0.24190954068262005
1504745880,0.8485680150775378
1504768200,0.03398516226952554
1504782180,0.9033409963704682
1504799460,0.8625190569055784
1504812120,0.2043073138208544
1504825980,0.8705449959053284
1504850880,0.15349353410941327
1504874280,0.9373775412618817
1504891560,0.7968936840894056
1504914780,0.8920664722379255
1504932360,0.934958565495047
1504952100,0.19362149022276912
1504967640,0.7668656081158978
1504985520,0.7140410322764587
1505000040,0.784292625459666
1505017020,0.5556643223349133
1505041020,0.6819796132689812
1505057400,0.5647036370187676
1505080500,0.18566114658551214
1505099220,0.7963938709961979
1505113920,0.7712271290766695
1505136360,0.6824061817173591
1505158260,0.07649165040739862
1505178240,0.17563039590744936
1505203140,0.09719377540908433
1505219940,0.4042936185824277
1505237100,0.33518511702464565
1505256420,0.228693402316863
1505276880,0.5568644939547097
1505289060,0.39251020471359227
1505299980,0.3071864285595609
1505323620,0.1640822922002161
1505339460,0.27925083209499235
1505363280,0.5158318308166614
1505375820,0.7293580809948285
1505390460,0.21857146650424383
1505413620,0.051710425420279385
1505428620,0.6694636609807371
1505447280,0.12442665716785789
1505462220,0.8438793596959782
1505482980,0.34299362423777197
1505495820,0.04529291913819808
1505514360,0.10187743002122583
1505537580,0.85740971558687
1505558520,0.25675669722358313
1505580000,0.023306457219994466
1505597340,0.884292638231995
1505620200,0.6796881606322933
1505637960,0.9088094352223168
1505658600,0.8379498675070112
1505683260,0.8393002354584089
1505698020,0.9060061056769808
1505723220,0.04012371322500393
1505735340,0.5346870281207624
1505752080,0.8420934419356658
1505766840,0.7466974294116948
1505781540,0.7868027756943407
1505804400,0.9234361091457599
1505821440,0.08227604218209701
1505832540,0.8564608400423298
1505851140,0.06354861829020021
1505870100,0.9341791806848728
1505889000,0.18314165487298684
1505904720,0.19577531636503936
1505921400,0.38239164866450714
1505936580,0.5282329471320358
1505949780,0.391602929950151
1505965680,0.9363039070092409
1505985540,0.8905062755769312
1505998920,0.9321559111196726
1506013380,0.06101366779623603
1506026580,0.8872633925724853
1506050460,0.8903067408491543
1506074280,0.3288874864744953
1506090660,0.4307477368392806
1506113040,0.11095775497590937
1506125640,0.8438628709756368
1506141960,0.9145256143772728
1506155640,0.0624932776539018
1506170220,0.5762152265638114
1506187320,0.27594555547626537
1506207060,0.7889273515816683
1506220020,0.7221665825983632
1506245100,0.8503547631524048
1506261300,0.2711806842467614
1506284160,0.39074929557164156
1506295800,0.22035979261527933
1506313380,0.20676432401230033
1506338160,0.35371510831226327
1506358680,0.36518256654112
1506378660,0.6309451548984791
1506394920,0.06631576170753466
1506418740,0.0685817772257089
1506440400,0.10106992549675256
1506452340,0.02356353636744671
1506471060,0.7935095677214833
1506492360,0.7609360188493051
1506503520,0.33699716617740877
1506521940,0.6238874653231372
1506543060,0.4172034482010338
1506564540,0.683445801371626
1506588720,0.14767189682431944
1506606960,0.9038771421132741
1506619020,0.0733362195708167
1506632220,0.07839405789670933
1506656040,0.8231192805099252
1506671460,0.2921752392234116
1506691500,0.25318102431997086
1506705240,0.5149691394102015
1506726180,0.06599223571952051
1506749880,0.6582382187218813
1506771840,0.8188757161203772
1506793920,0.8753790436489836
1506812940,0.16457597339440946
1506828300,0.8539069547310137
1506842460,0.2710523176291953
1506857880,0.8203566813382497
1506881040,0.17082437591437769
1506893760,0.07354664375899009
1506912780,0.16249476616028183
1506930300,0.7672417498634743
1506954480,0.8345147658240122
1506967620,0.41980969049789946
1506990000,0.9186143947034722
1507002060,0.8508961909206987
1507027200,0.2262324425024679
1507043460,0.8339246110220646
1507055400,0.7931599869602578
1507079460,0.6624498466398043
1507104420,0.49849035048968215
1507115520,0.8215485790494271
1507140300,0.09462252221910955
1507153800,0.8512724070211423
1507177020,0.5765557133502979
1507196460,0.7785914689342054
1507209180,0.15264799389640504
1507233300,0.574676761935752
1507244880,0.31976219831704844
1507257000,0.11799213244410639
1507279140,0.8866070373857053
1507301280,0.6158319910035289
1507319940,0.3556023522788338
1507333560,0.9534926302517768
1507349580,0.5233499384880057
1507371840,0.29668666930326876
1507396080,0.4716205194242236
1507417740,0.8339113953886151
1507437720,0.743276643585428
1507453440,0.7519106031164803
1507476720,0.9503863112613352
1507488780,0.8030419588529244
1507513620,0.40194258046570525
1507524660,0.7320346038632441
1507536660,0.7073855322858699
1507558200,0.6761802086569053
1507581480,0.9055906854915406
1507596780,0.524299082166291
1507613400,0.8103145975380202
1507626180,0.9355703021213779
1507643700,0.7433068442014983
1507659180,0.854375109911339
1507683180,0.041517152622884995
1507701060,0.2534263125421182
1507718400,0.8069967286044085
1507742160,0.6713717609489991
1507756860,0.4717249650665243
1507774920,0.9427861688134599
1507788120,0.3749258754512856
1507800840,0.814807566425834
1507824360,0.5032173950423201
1507836480,0.09494086782421154
1507857600,0.024253095004928546
1507874520,0.6098647077376365
1507893660,0.8429789434336359
1507910340,0.4730409753753854
1507934880,0.2172346410851906
1507950900,0.5721605803771166
1507967880,0.2666182368185928
1507989600,0.3503197094591375
1508006340,0.26988799756527976
1508030760,0.17637573620025754
1508042400,0.8116987130321822
1508053200,0.7056859936032683
1508074680,0.7682931742798131
1508089320,0.3176950142751142
1508109660,0.593071473454421
1508124720,0.24776446806319533
1508139360,0.8695615410589859
1508150280,0.8577508654029823
1508163900,0.10160283312078548
1508181000,0.40341145404687623
1508203680,0.8262345941992405
1508221140,0.8235916024595702
1508244180,0.36284447392101704
1508261340,0.7663263523183135
1508274540,0.7570592055235765
1508286000,0.06495882791838647
1508309280,0.4813418446278615
1508320740,0.09528304810619649
1508343720,0.3001090062102123
1508364300,0.1449004238856825
1508379900,0.6493669701535659
1508398920,0.32208858435183346
1508416200,0.1631168401961855
1508434500,0.7898858255476364
1508458140,0.3118275647469284
1508476140,0.5830446103065675
1508490060,0.5980061960095274
1508504340,0.22717394040477235
1508522940,0.38037185661049816
1508545920,0.8165395122964189
1508560800,0.9135455623036673
1508580960,0.8708436196898979
1508597640,0.6216875665545577
1508616780,0.2285026273941205
1508637180,0.18345314887376912
1508658180,0.5724381414973517
1508673300,0.8336466805751761
1508685540,0.6888356911473007
1508709600,0.6925023023504924
1508730060,0.6785524924727194
1508747100,0.4221920506158485
1508768040,0.2915079536154755
1508792340,0.7322139638100874
1508804160,0.07777037632413993
1508829360,0.13143296571891191
1508845320,0.7377617106278077
1508869140,0.6428425150834166
1508891700,0.10984605781659758
1508914680,0.046230138110222106
1508934180,0.2927618190005637
1508957040,0.9342934711683808
1508969520,0.7828733531590923
1508988000,0.8745352887767416
1509011100,0.9141174334712961
1509035940,0.057343164503833075
1509058680,0.34402307329101733
1509071820,0.17297548079392866
1509094020,0.2230576839564975
1509110820,0.4776295936348343
1509132600,0.09825386628103572
1509144360,0.8758145757059075
1509159060,0.09300359750337522
1509179820,0.3656781984814157
1509192600,0.0356092511351995
1509208680,0.783027198203592
1509221640,0.6494673454931408
1509233160,0.4418343820568897
1509252540,0.16214536043498715
1509265080,0.06950912936217744
1509289620,0.29121502479831346
1509305160,0.3564826632721828
1509319980,0.6033299995077362
1509345180,0.9111892290903225
1509359160,0.5462401875074745
1509376440,0.8102649973833063
1509398220,0.6143018832417568
1509419160,0.5525102727761896
1509442140,0.861918875030462
1509466980,0.8823316171546138
1509486780,0.12614802704872216
1509507600,0.7961473068074019
1509532440,0.7628510761258797
1509544020,0.8342090267341227
1509569040,0.7985177333250675
1509592440,0.87698971169117
1509607620,0.7298004427893745
1509623700,0.435446109236591
1509643140,0.11677762735469538
1509656520,0.89344217768676
1509678360,0.9184456155075484
1509692400,0.9168853635763878
1509707820,0.6393382348610002
1509727080,0.319345857911654
1509745080,0.6396164856169353
1509758100,0.13149636865877345
1509773940,0.11770558333230943
1509792600,0.6494774477030794
1509815100,0.10175056183948634
1509834420,0.7676896649675014
1509856080,0.7297031161090501
1509878400,0.6374948617559291
1509894900,0.14843100387946334
1509908580,0.04807778931097602
1509930660,0.0511685138838865
1509949920,0.6894502261293245
1509968460,0.35191911072113075
1509979980,0.06780791604475793
1509997320,0.46682219166646627
1510008780,0.46156274991771506
1510019880,0.26565784123796643
1510038960,0.28778382724884494
1510050420,0.2743369272903574
1510063860,0.9174292462352158
1510084260,0.9330361471167766
1510099260,0.9174097474522485
1510122060,0.1886110801083643
1510138980,0.6047961295555918
1510161180,0.7149669134922287
1510175820,0.6715420236396735
1510201020,0.7152132643462998
1510215780,0.4950465652575801
1510240260,0.16123563633699206
1510255800,0.762294381559906
1510267920,0.7320538197190327
1510286340,0.48481386995070463
1510303200,0.7534899970905358
1510317180,0.670993021336376
1510331520,0.9041070034688592
1510344960,0.8563016786143055
1510359600,0.6724652108093138
1510371000,0.19200133112590714
1510389720,0.030637997055651775
1510414560,0.9467770630387332
1510439700,0.6899062375984766
1510462500,0.26886501261673
1510484160,0.058678224551699645
1510507680,0.3710484533699427
1510529760,0.4352380984959044
1510542840,0.1271196628756483
1510558560,0.5080692187032941
1510576140,0.7901272395807775
1510596660,0.09321452448692406
1510617720,0.05776895803623222
1510635060,0.3801865619259168
1510654020,0.6771307683356702
1510665540,0.04283641249549842
1510687560,0.2837186183866192
1510699080,0.9362691259835048
1510712820,0.7577607581969091
1510724640,0.8770809921967737
1510749300,0.03423075986647679
1510769160,0.21546802571284795
1510792320,0.934483399892859
1510812480,0.21166628315943742
1510831260,0.7708703850947262
1510851060,0.928184863638131
1510866180,0.06945832850864002
1510883760,0.619123685949804
1510902360,0.1013568997902081
1510913340,0.9458940859105835
1510935480,0.7960869223964648
1510948740,0.882900757118252
1510973580,0.33759110347707805
1510991760,0.9349963587232619
1511003280,0.5261614381027133
1511015280,0.8528666768041698
1511034840,0.045990198272603845
1511054760,0.8415149308286008
1511066700,0.08459303708724145
1511080380,0.2808076881361314
1511103300,0.8907483752446106
1511124600,0.944555015054919
1511136120,0.059183281879790856
1511153100,0.75361002987674
1511165640,0.9308671486421598
1511186520,0.5842321705544654
1511208360,0.17079378923447752
1511223180,0.06334894835390953
1511239200,0.8998156190277309
1511251860,0.09948568098256158
1511267580,0.8422657607220203
1511288580,0.44765647225035327
1511300220,0.6447755804166584
1511323680,0.13922650091025374
1511346420,0.4413143563344752
1511360460,0.04837492696641762
1511383440,0.7376299801959417
1511394780,0.9380414917340517
1511407440,0.0760668021120622
1511431560,0.03602963032964201
1511450220,0.024875452615551075
1511472540,0.9071367846949644
1511496360,0.41409588011448006
1511518920,0.05954057457533929
1511535600,0.8028498362639072
1511558520,0.6023059401653201
1511579820,0.9013562688400788
1511596980,0.35960100134400486
1511619900,0.3573145398660904
1511643060,0.8980531588462997
1511664060,0.5974546008392008
1511686440,0.8793468943188206
1511699820,0.4683601180006672
1511725020,0.9045071720440537
1511736120,0.8993593185291063
1511760840,0.6462922324242599
1511783580,0.05681378794762613
1511803020,0.01565958385875102
1511814660,0.07044063427232233
1511839680,0.8933177338957994
1511859540,0.04079445646357926
1511878920,0.1554896299895148
1511897280,0.12399614458985417
1511918100,0.9331771716627252
1511929140,0.13465325251552576
1511946660,0.8854949517064776
1511962260,0.7425716284689637
1511986560,0.9085981282245071
1512009900,0.8392830054400597
1512034620,0.930495743026463
1512054960,0.03322629694581824
1512070560,0.872837991194397
1512095640,0.2502089451419312
1512118620,0.12610574985196388
1512141000,0.050218514620931194
1512160500,0.1445274060651362
1512174120,0.9365986379323445
1512196920,0.5676631989838915
1512218640,0.8924721568092371
1512239340,0.5533575608582796
1512250860,0.14657704995991877
1512269220,0.7858877054662562
1512293340,0.11579304710256803
1512315600,0.3848750665432676
1512330900,0.8835346952902912
1512347880,0.05866029402349885
1512359400,0.10003846813252017
1512376980,0.6231199980971586
1512399180,0.6975699414094546
1512421320,0.42476043204693964
1512433620,0.0997632563876061
1512457020,0.8456004621818519
1512481020,0.3339838930973298
1512499500,0.1268929061589537
1512522840,0.044597670086600795
1512546660,0.8701603026517074
1512565320,0.6910825461913215
1512584160,0.5644757879100694
1512603600,0.8311845775030653
1512618420,0.9551416722815297
1512632580,0.8419318780392715
1512653520,0.25591134081866107
1512669900,0.04624258104103612
1512681960,0.38525036623397946
1512694980,0.9227535006899221
1512716880,0.5690399285349325
1512733680,0.7207472711286139
1512757740,0.048889214511214564
1512770640,0.9486722510771637
1512782640,0.6460981373851492
1512803160,0.9358044374499433
1512821520,0.7842678421210956
1512837720,0.9230780527671617
1512861420,0.12416765634135933
1512877500,0.8455562422722879
1512895440,0.8043933889055797
1512915720,0.09852976586657548
1512933780,0.4107847540923088
1512949080,0.894669991499161
1512965400,0.17709303291470338
1512978480,0.9054965016773966
1512990480,0.021213262197603423
1513004940,0.9114462619225632
1513018200,0.6972796548415429
1513040220,0.8850774101469717
1513064220,0.5840140280268813
1513079280,0.01818774485206167
1513095420,0.12418464653134678
1513107000,0.8800372167528053
1513120020,0.904234762478859
1513142400,0.4918773363253698
1513163580,0.2598774170989244
1513177800,0.5893614414498116
1513192860,0.8565718702376256
1513212240,0.9218591000606868
1513233720,0.9102596039281932
1513250820,0.19569785790270117
1513272180,0.0738353944052194
1513285080,0.8120154998002841
1513303380,0.858028085637598
1513319880,0.8439680734131089
1513331640,0.3933537484805729
1513354500,0.8981670141803197
1513373640,0.9526819957645368
1513392780,0.8090820948627983
1513413120,0.15508555420931136
1513437060,0.12617791327342723
1513458300,0.8322330373779266
1513469340,0.5150902862455649
1513480560,0.7182065613289275
1513492980,0.8582312624296571
1513514640,0.532948342654361
1513532040,0.7282335433106202
1513546800,0.7389553983245932
1513567440,0.7473269925200235
1513578480,0.881827894766195
1513595580,0.2945765552805956
1513617240,0.6850911161127754
1513632240,0.06637623781610999
1513643640,0.4206431637938374
1513666920,0.6484821933926623
1513686420,0.8948229029050657
1513710300,0.18964869059380235
1513730700,0.11797657185750782
1513751460,0.14072999841547976
1513776300,0.7823363347876354
1513789080,0.8999067113891452
1513811220,0.4140216792624228
1513831020,0.9302990953377422
1513851120,0.34101438492867275
1513873200,0.8573866610410105
1513885740,0.9245071644611215
1513907820,0.8370723071097449
1513927380,0.6177317468666643
1513946820,0.22490943047566517
1513967400,0.8768296404203575
1513984080,0.8105348560261199
1514002860,0.8871638756226714
1514026500,0.3394581979197511
1514042400,0.8825484693858303
1514067360,0.712037334336898
1514079300,0.818174495877827
1514090220,0.7957588682270552
1514105640,0.7064334073687561
1514117100,0.34523483914801906
1514131140,0.8666903000858316
1514154480,0.8102629090119772
1514168220,0.05836040882719456
1514189220,0.6638364016117005
1514210460,0.8975924228327158
1514226000,0.5169912256607665
1514247300,0.21785793220509483
1514261760,0.872119812047364
1514282160,0.12168973855200367
1514299860,0.025410160439228033
1514310720,0.3803962077735606
1514329860,0.33259232861372856
1514354100,0.7835904078301926
1514371260,0.8036727212562484
1514384400,0.8555889995177224
1514403600,0.8877755264893394
1514416800,0.8997609790022395
1514433240,0.33895359504732636
1514454660,0.07427209593987304
1514474460,0.36756979472850754
1514497380,0.3603155242807879
1514508180,0.9010854713174262
1514530680,0.2544910327777941
1514545140,0.17390211883089146
1514565060,0.8464969669638234
1514582280,0.9716103035324124
1514604360,0.8456203146229939
1514617440,0.4698581410244592
1514642280,0.32515904725008415
1514656140,0.7438279760005708
1514677140,0.17386874735597677
1514691480,0.20621612543028378
1514711940,0.6148944901480508
1514734560,0.9087599157704058
1514757900,0.14782087231223728
1514772120,0.08506047681624132
1514795340,0.256660128035083
1514814720,0.6558062280797967
1514834820,0.5818018560483385
1514859840,0.6877677715842231
1514871180,0.7957871849741984
1514888400,0.35753685216154185
1514908860,0.12845710546387648
1514923260,0.05675110723160592
1514939880,0.8853189974836981
1514964300,0.6590759733286748
1514977260,0.8001440020699775
1514991360,0.2289272027711047
1515003180,0.7752710229747439
1515014940,0.7683230590396641
1515038340,0.11355747395171513
1515055020,0.8461822861466599
1515074700,0.7910942122987551
1515090000,0.6948374786978956
1515106260,0.0380359933942309
1515119820,0.8123656651908063
1515133560,0.8670355117451165
1515153240,0.6717376815537475
1515167340,0.9518042037363225
1515190380,0.1711609641431409
1515212940,0.4981106326278932
1515234420,0.9061991904164644
1515252000,0.3978286075289791
1515269820,0.9378372229616221
1515285360,0.6841097213736616
1515303600,0.1259905961838703
1515319980,0.44927532392043085
1515338340,0.8728993369937994
1515363060,0.4728888525251334
1515374400,0.11446793220410084
1515396240,0.15406259602217218
1515411900,0.9251636129321403
1515430980,0.9108420760742916
1515445860,0.8967972721073021
1515459120,0.7696385599591177
1515474000,0.7873832951001097
1515488220,0.33084326146540266
1515511020,0.9367366366630441
1515527400,0.4016646298538077
1515552120,0.8718102343162093
1515570420,0.4333487904120692
1515584160,0.4527503032217572
1515601860,0.4164594038057086
1515614220,0.6368180569558473
1515627300,0.8964866136370415
1515643200,0.5915202430746322
1515656520,0.6667144564093108
1515680040,0.7804277887937952
1515694320,0.9096923690356135
1515718080,0.2813541556493499
1515738720,0.9378406619260445
1515752520,0.939373808802718
1515769740,0.8780999950480509
1515781200,0.651034433140023
1515796320,0.9403739021276962
1515807780,0.34131970785674304
1515830100,0.8925872460333163
1515853260,0.6804785469303043
1515866100,0.8710345257969618
1515882600,0.5017977356997799
1515906600,0.6317711195249186
1515919980,0.5188032018567403
1515936960,0.25954322213073644
1515952080,0.24782083038470287
1515970500,0.41294454436803524
1515982800,0.9587144491423516
1515998100,0.0688767632639757
1516022940,0.2727475495067049
1516043940,0.08354362273904707
1516061340,0.354608588761458
1516085520,0.7233855497587698
1516104060,0.42211100973423255
1516121220,0.06519981219385515
1516135080,0.2079576449021618
1516152840,0.24847140840033294
1516171620,0.6264077733199168
1516195440,0.9568277047488843
1516210080,0.8320145124231773
1516228320,0.7946239565010305
1516253520,0.5565269076494892
1516276800,0.42655549793378816
1516300860,0.4172335532167502
1516322220,0.8041366522335884
1516344000,0.8950449516145746
1516354860,0.9293121482564746
1516374300,0.521575597067295
1516385760,0.5367944264230644
1516407780,0.8760194968856059
1516419480,0.7328469695133764
1516431540,0.8314485652062789
1516455720,0.7660168406936199
1516472040,0.4456201082788829
1516485540,0.26127478940235693
1516509840,0.6438340653132236
1516521960,0.47248481848666746
1516544880,0.7374605700698318
1516567320,0.20049189098780057
1516582920,0.9217996656213842
1516595580,0.5342448655309635
1516612260,0.7112485556511571
1516632180,0.7718914678218125
1516645080,0.9118769539050064
1516670040,0.6689260934599957
1516680840,0.3496093391038101
1516702500,0.9455489470862164
1516715160,0.23231250164281317
1516728780,0.7881292505891364
1516751820,0.8206470173382966
1516774920,0.5273567249647337
1516797300,0.8124633332276305
1516810800,0.7784687506735661
1516834140,0.35662101211643904
1516851900,0.9031346462642503
1516876320,0.7453583686362312
1516895460,0.22076096361615352
1516917120,0.3818491492809937
1516930740,0.864456495737296
1516943760,0.8829706395794099
1516958820,0.568482601658472
1516974600,0.7548323831284958
1516987500,0.5836340182632312
1517009940,0.5279242825871543
1517020740,0.8269182521288969
1517031540,0.8287227493306828
1517047980,0.23741804510063408
1517067060,0.755426353107788
1517090700,0.8940395245314352
1517114520,0.22678234250838544
1517128680,0.12651232684518676
1517150400,0.8584376900621741
1517167800,0.2654539033599985
1517182920,0.3090343826366278
1517199720,0.942367868828669
1517213340,0.3400910886419079
1517232000,0.08581607495477536
1517254260,0.220750755423992
1517268300,0.2596812990922328
1517288340,0.08825965513743753
1517299860,0.6992533988368095
1517317620,0.9296644417517049
1517333460,0.5394415360207413
1517353380,0.8722883042753863
1517373840,0.058106642620398496
1517393520,0.920244621112521
1517406240,0.7450844386559357
1517423940,0.9334161186831025
1517440680,0.058404179674742644
1517455980,0.19340543149176537
1517480820,0.8424225299392978
1517502600,0.8310272809900396
1517515740,0.8996218880485437
1517528760,0.9151644784684204
1517545800,0.12067385588707823
1517566020,0.8158506166617189
1517581680,0.025759329851250463
1517600100,0.24192281507544444
1517614920,0.07355359113790637
1517626740,0.5712664539223868
1517641500,0.401570301027995
1517659980,0.053558555676766914
1517674560,0.8800046405691934
1517690520,0.7102498654590695
1517702040,0.25813961012173997
1517712960,0.26239483162790816
1517725020,0.8003678639694309
1517742720,0.9325504064416992
1517758500,0.6874163775657219
1517772420,0.8800161368283528
1517784120,0.8020104114372504
1517796540,0.8053203881716631
1517810280,0.5390615902985967
1517831580,0.7686538796927956
1517850000,0.03126162678007312
1517869260,0.22616110057854938
1517888940,0.8491109290414501
1517905740,0.9256734223386468
1517927340,0.4487687776346292
1517945460,0.8715747652188092
1517969700,0.91652761944667
1517981640,0.2529620963155932
1517998020,0.5907783868011768
1518021000,0.8706054996280539
1518039840,0.9510296867166806
1518051600,0.8279858497145733
1518076080,0.7824305154833634
1518090660,0.2025196049231599
1518105540,0.21228202966388868
1518119400,0.25984839065958176
1518137100,0.4620623078974348
1518159660,0.8962778258445473
1518177900,0.8606105042945148
1518190920,0.3356027218316114
1518207240,0.5629402406222584
1518222300,0.31919635665497265
1518241680,0.8763139748679765
1518265380,0.6159439610078343
1518288240,0.3783874805875959
1518307920,0.24186081045892022
1518332100,0.09927436793375834
1518355260,0.6137558333545694
1518372360,0.243937091495298
1518383760,0.6512414221816499
1518398880,0.6361377242816674
1518418620,0.20229195212162532
1518441180,0.3957741091145201
1518453720,0.09715606287606988
1518475320,0.8658070502920562
1518490320,0.6800473104387796
1518502560,0.6185136203489177
1518520140,0.6475210980138939
1518538260,0.8003419733017125
1518552840,0.4550587943324205
1518577680,0.876945479491065
1518596520,0.33666887727996947
1518616440,0.3452051729496613
1518630420,0.219052313981171
1518645360,0.06562482049500618
1518657240,0.5249332091884945
1518681900,0.1993168097541874
1518696720,0.18448493025105206
1518708840,0.702950103958771
1518731340,0.7490447976204908
1518746700,0.6749005704619112
1518760500,0.8309775260310418
1518776340,0.7341891928798233
1518787680,0.6680745110578397
1518803220,0.11479495051975332
1518822180,0.7791083320707122
1518847200,0.8590857270188973
1518859320,0.1066554902027345
1518881820,0.6249229139414428
1518897300,0.6589064209877824
1518912060,0.6588104866245758
1518936960,0.9437457827302644
1518961620,0.17677520574239186
1518983820,0.5933000613295458
1519002000,0.1907190271087267
1519017660,0.19291142819381973
1519028640,0.5410701530598557
1519050300,0.846257700026556
1519068300,0.7803197141733538
1519086900,0.4188677947626121
1519098960,0.02577933346763408
1519109880,0.8364360095886891
1519124880,0.9072584055715858
1519142820,0.8884820447018946
1519153620,0.02558058435474801
1519172580,0.08643945851840729
1519184280,0.7139033859288574
1519196580,0.6492153292217866
1519214160,0.9517405372872277
1519231440,0.6229618293026176
1519247340,0.8373986124361833
1519269000,0.3770689617084804
1519283280,0.23566114136132074
1519300140,0.774103205133823
1519314720,0.9158833153962647
1519331880,0.8591730589136671
1519354500,0.4916979907398375
1519369440,0.8478178381411505
1519389300,0.23306801276976344
1519403880,0.2641823155073281
1519427880,0.7527143004350191
1519449420,0.8098193554823852
1519467540,0.6828003822571304
1519490940,0.4126607824756489
1519515060,0.41637516890157383
1519533540,0.15431507329217728
1519558140,0.796150566136746
1519573140,0.41938061073597005
1519585020,0.6883001950812959
1519603680,0.7044378686702403
1519624740,0.3376408668089824
1519642440,0.24640196384925156
1519654380,0.8823033820328056
1519665480,0.2387441556378388
1519681680,0.12336282189286463
1519698960,0.8401442609223503
1519711680,0.344560416379614
1519733640,0.14226398528597772
1519754100,0.3654655056200924
1519774860,0.9128370600748053
1519787520,0.6533377170683193
1519807440,0.9052524602808025
1519819560,0.8008248052134436
1519834440,0.8721839555415605
1519856520,0.8628740297367034
1519877700,0.8736633388264161
1519901460,0.7149932700272997
1519920360,0.9135092512797885
1519945080,0.9384018670766487
1519957920,0.2894722729693928
1519979640,0.5212341063570882
1520003640,0.6265662589609782
1520027160,0.5830544457380967
1520039700,0.7583599673628536
1520054880,0.37227583411607035
1520078640,0.686241006076895
1520096460,0.7946037822304224
1520108220,0.24583695954329124
1520127360,0.6106338109237547
1520145780,0.5274195290341009
1520162640,0.08507201653545642
1520183400,0.7185720763737119
1520201280,0.886027830671371
1520219460,0.8638457042014843
1520238900,0.956330561242384
1520257620,0.786448831515573
1520282700,0.8033619389920049
1520294040,0.3542736246075214
1520310840,0.3018787808497588
1520323860,0.7740026143746593
1520336220,0.7223917679867082
1520358840,0.9250619869582439
1520378640,0.6930917303921427
1520402700,0.4384359770296164
1520418240,0.08319173926989722
1520432220,0.8697141829750406
1520451000,0.678562084166718
1520463480,0.9171580246047719
1520488440,0.8591804459556269
1520502780,0.8559798319679363
1520519100,0.11930033479163415
1520543340,0.7550391937582931
1520560740,0.08030834181999215
1520578320,0.7809384871580413
1520599860,0.7524158529143711
1520612100,0.8077348281468647
1520630520,0.3617362403526516
1520648940,0.33406099080678797
1520661480,0.21602288117645965
1520680860,0.33451694945938026
1520703360,0.4354833064869011
1520720820,0.3853099982067926
1520733420,0.2159882694779469
1520755080,0.07061752600861677
1520776560,0.37084692154643045
1520798820,0.6206424937879358
1520823300,0.5450383017321776
1520845500,0.5991258212645431
1520868060,0.032741584177057956
1520891340,0.8995170369500242
1520915760,0.5294862930683941
1520933040,0.20112329793353487
1520947560,0.7526411595085835
1520959260,0.7446373066353271
1520977560,0.7407039924052632
1520991780,0.8814520856440863
1521011460,0.6582388118264246
1521035400,0.038497691789916876
1521054840,0.6043562630941225
1521077700,0.8455603575406385
1521100500,0.9371059479706968
1521120120,0.14353396521715933
1521143160,0.8313135348543464
1521157020,0.07475986753465073
1521179460,0.07409718929850798
1521197580,0.8651548777522101
1521220920,0.24974314310049003
1521245040,0.5889945425510681
1521257460,0.3470274686249505
1521273360,0.6573953970757422
1521298020,0.3537884064923186
1521315660,0.15555529039234364
1521327660,0.7207164200593564
1521338460,0.797249204617759
1521360300,0.7640015950672419
1521382500,0.492876382583122
1521393540,0.10764899189691018
1521410700,0.2199265937298459
1521434580,0.8672580642690131
1521454500,0.8944132600938788
1521470100,0.8755595189040258
1521485520,0.847615239340755
1521504780,0.9395701781297104
1521525120,0.7729236769047136
1521536580,0.25838521671664133
1521551940,0.2610078841242061
1521572940,0.6801284771964589
1521585660,0.19619633012594162
1521601380,0.4795001198159094
1521616800,0.753143327379231
1521636720,0.8796271389280567
1521660360,0.582009595806
1521675540,0.7946542453913216
1521688620,0.8062984792102839
1521701760,0.07041711689571857
1521713100,0.7251728004258862
1521732540,0.8975593032573242
1521753540,0.7372195661844602
1521777540,0.2458793079722746
1521792480,0.9097053959739406
1521809880,0.023395645726959964
1521831660,0.6769780126809194
1521849960,0.7707798255036599
1521861720,0.38577272916311567
1521877320,0.8213847888311187
1521890160,0.15262326661923706
1521914520,0.8219173065121116
1521930120,0.6499534463362483
1521948840,0.18807143070853405
1521966480,0.856404962616634
1521980940,0.9252898556115676
1521995820,0.8776412614627115
1522008540,0.4809102261894708
1522021020,0.8744530722861594
1522040580,0.8309842388245688
1522056960,0.34964761508456
1522079700,0.6919514785080336
1522091400,0.4433039477095135
1522113120,0.7365188550197771
1522132200,0.44680992219498294
1522150560,0.899155194281327
1522161780,0.8506942433933963
1522185780,0.7584849742620821
1522204560,0.07453056871347895
1522220220,0.8079677833921608
1522234440,0.3479071489744442
1522245840,0.2289413603811501
1522260660,0.9137902315291327
1522271760,0.4562711643598665
1522293480,0.5902393703169242
1522313220,0.059257364361041426
1522325760,0.7177799724514528
1522347480,0.9166114996452148
1522366320,0.8724877400773524
1522379880,0.17531266204436777
1522398600,0.897405424988458
1522418160,0.83735070287253
1522437240,0.8105126768006521
1522449300,0.18576296290096728
1522473540,0.8085705232543975
1522491480,0.46214923691402515
1522503060,0.08709156938790304
1522526400,0.5966684766367988
1522538220,0.18547037420639778
1522551900,0.665917503335845
1522570260,0.7794144277564594
1522588140,0.4219404043606122
1522608780,0.8221294503865872
1522633440,0.3554186529572929
1522649700,0.8135750698583364
1522664580,0.5086543361637275
1522675980,0.2285797719444893
1522698780,0.33259676513267183
1522717140,0.6687391528363958
1522729080,0.6873226272953238
1522748400,0.3781271562619626
1522763400,0.7536818681193357
1522786140,0.4071433013982293
1522808820,0.688288402223052
1522819800,0.85437447459955
1522843920,0.7535349251509051
1522855920,0.5155678270046739
1522871160,0.9099157467228044
1522888260,0.8688709411911855
1522909920,0.8828291962001144
1522925760,0.6460949147942563
1522947300,0.8906303852402415
1522961040,0.45854851686226616
1522979400,0.8259391401463804
1522995240,0.872069202915335
1523018880,0.06633269761049082
1523038440,0.8669724051678395
1523057040,0.7317386030372524
1523080740,0.7048051724647677
1523103540,0.7954863332659321
1523123100,0.3539022287833673
1523146560,0.6330658685170908
1523167740,0.8249665329200415
1523187060,0.8706652495953535
1523209980,0.9215195273946465
1523224020,0.8312920320037342
1523238840,0.872485550147117
1523257140,0.3726113560252172
1523270820,0.7971406682951179
1523286900,0.905145889615419
1523306520,0.6325418677088239
1523320800,0.7975076676764974
1523341920,0.8245998544866878
1523357520,0.5062140327010054
1523382420,0.9203349802324099
1523393280,0.715219832969149
1523407680,0.5847752951324156
1523423100,0.4200680361930513
1523442240,0.8509366087148184
1523467020,0.5611987366806948
1523482020,0.030912029423047434
1523506260,0.16839748940668509
1523522640,0.4590552710990277
1523547360,0.880725044862688
1523562660,0.8526389167961661
1523581980,0.10764144664284724
1523597580,0.2695959322816408
1523621640,0.7281712282368257
1523644680,0.2859130874284534
1523667540,0.7738041403823197
1523692140,0.40593298356647206
1523710920,0.867733278497472
1523733960,0.09882811249440795
1523752200,0.8237546566046076
1523767140,0.37675793527694884
1523789220,0.2169718680515409
1523812020,0.5213699486471162
1523836440,0.20705771986874577
1523853120,0.07689421665594028
1523874900,0.8118706633951738
1523890860,0.9347708878892886
1523915400,0.19951546281916369
1523935440,0.8585086449611165
1523946960,0.7929971180720788
1523970600,0.3169542974535206
1523981700,0.8282081570699354
1524001800,0.048966520643976844
1524024900,0.24546908497430575
1524044100,0.07118361232351739
1524061920,0.25689535975729383
1524085320,0.87974139058494
1524100920,0.4361954593031851
1524118560,0.503275637584308
1524143700,0.3829516831975791
1524167460,0.0643920011499143
1524182160,0.5270783629251903
1524207060,0.17337984493927588
1524231300,0.9127557972876599
1524253320,0.6997360061335035
1524267060,0.8856373081490511
1524281460,0.4507258606996434
1524302760,0.2005333405004916
1524321840,0.7182008538290038
1524337020,0.5847960164548222
1524355140,0.5813518928916721
1524367380,0.27347416887704495
1524391320,0.8006657396856927
1524404100,0.9392539374420023
1524421020,0.8040176898557387
1524438420,0.7146683545507819
1524460620,0.09901384023839631
1524485340,0.2655665858269858
1524499740,0.7295559086173408
1524513180,0.2598882144073961
1524532320,0.9295606420365314
1524553140,0.6275891261616816
1524570660,0.8610242071149422
1524584040,0.4062835763971215
1524605460,0.6792242213641173
1524622680,0.5027476421167252
1524638100,0.930245028920627
1524656700,0.11784944429281684
1524668160,0.10464489630477618
1524689280,0.1669461775639181
1524713100,0.8998457991288422
1524727500,0.9444224982078976
1524750000,0.6994333938771916
1524762360,0.2909172761354657
1524773820,0.11008029452557123
1524797100,0.4740254935206362
1524814800,0.8764591052989827
1524839220,0.9122992460486705
1524854880,0.37235755182405095
1524876360,0.2238503941175058
1524897240,0.41748710480139517
1524920820,0.357473245321576
1524936420,0.24445881362472757
1524961260,0.1987001255629043
1524982800,0.6476272337438403
1524999780,0.8520355190058188
1525011240,0.9532186716979751
1525027260,0.8792895224628563
1525051980,0.763234971078113
1525073460,0.965730568728566
1525094160,0.8244502248203414
1525114620,0.8108407892013119
1525131480,0.19285983169808663
1525148280,0.37748650355404184
1525171620,0.16781275177494626
1525194360,0.15162208107977007
1525216500,0.7965683277784479
1525229340,0.1096612894177778
1525244940,0.5741295131895598
1525267500,0.755854213579603
1525279680,0.23132532438883918
1525293660,0.3079698821800097
1525314240,0.9224532586554498
1525329720,0.5294830190868434
1525347000,0.8554776960450587
1525368360,0.8900062417829814
1525392480,0.027438088226351978
1525408920,0.7049367085751348
1525422000,0.3623136000415488
1525445520,0.6499331203211433
1525469040,0.04592136724251239
1525482720,0.6496587692632223
1525506480,0.09613801125471545
1525520400,0.9141332010304553
1525537980,0.25781075610289517
1525552680,0.1641675506618789
1525572900,0.3952749475427954
1525583880,0.7945133297075446
1525599000,0.8147254351373994
1525610820,0.43180229218266364
1525629060,0.5353852452345418
1525640940,0.5673119683041146
1525659900,0.9383267283175751
1525684800,0.2144325250518852
1525701600,0.714595883493332
1525726140,0.8730709357533366
1525738800,0.5392653106593163
1525762860,0.8534261408332995
1525777980,0.2887816128245099
1525790340,0.8412880180864943
1525813560,0.7574625373600428
1525825200,0.4796128393053908
1525848240,0.7933956567312708
1525866000,0.793287931961353
1525878300,0.9036003892308995
1525894920,0.5242994966674964
1525916340,0.023064246046238704
1525934820,0.8476881251831705
1525959120,0.1156682633525423
1525971120,0.41657354203011765
1525991280,0.4791321056011771
1526002260,0.9196513372801379
1526018460,0.15302032310917538
1526038260,0.33972970236673483
1526055240,0.8212339873495068
1526073180,0.6569895121245545
1526093640,0.3595577949606953
1526110560,0.162483143998432
1526125020,0.11430135084612326
1526144760,0.5304920627558248
1526157480,0.6379882009728002
1526178420,0.8235585772925752
1526200620,0.19115779941334576
1526221440,0.8037825260399745
1526234520,0.6880451185457003
1526255460,0.8362479439376217
1526271240,0.45816383760324947
1526289300,0.20879325372067847
1526313780,0.4655919964302868
1526337660,0.8936922636180471
1526358960,0.8621499433529121
1526379360,0.733967158707006
1526394840,0.7838576774838075
1526408520,0.2495838872275023
1526427960,0.8072989518513084
1526439360,0.10609339985548442
1526451120,0.1610128732932356
1526472300,0.7597448496506345
1526485380,0.3934687927802499
1526503380,0.785918036447249
1526514720,0.7984993133573794
1526538480,0.8669148727384489
1526549280,0.8897386919088938
1526562120,0.426120751823373
1526585340,0.048773250181837445
1526601840,0.8514643623446367
1526621820,0.11389075055641708
1526637660,0.09049376194239281
1526657640,0.06875390661276563
1526679120,0.6820208957548125
1526698080,0.8726647510746792
1526709960,0.7404313037987346
1526720880,0.7712912752181068
1526733780,0.848133299715708
1526747220,0.8679750998545109
1526762640,0.5131980437270862
1526782140,0.7587882315383868
1526794500,0.6995424558589741
1526810700,0.6516559967909064
1526832720,0.849763360113032
1526844660,0.3498760435960338
1526866740,0.46453838592134
1526881920,0.8612010016898853
1526894220,0.8763024649624527
1526909040,0.5419416671076882
1526930100,0.7812743344959459
1526952060,0.7034618091481142
1526963640,0.7660355058518599
1526985360,0.933971080539766
1527007320,0.9412977785077357
1527018420,0.4724961631748343
1527040740,0.852128677994042
1527064320,0.8521855287063614
1527087840,0.78815521214512
1527100260,0.9565163610781443
1527115620,0.8396027732971402
1527132540,0.9142401288938721
1527153300,0.9427022667667909
1527170580,0.670595069250818
1527181800,0.03020776609939632
1527205620,0.1389803266045057
1527218040,0.3626687921679562
1527229200,0.7093584170794323
1527251340,0.5674948954963038
1527262980,0.9426986660610372
1527284340,0.21778025904096235
1527301920,0.1649748429065247
1527324780,0.7307847589410756
1527345720,0.7491961581938695
1527369360,0.9489034721279014
1527393780,0.7675000387505451
1527408960,0.8633971250555406
1527424320,0.5625744937131342
1527438960,0.22291846482037245
1527459840,0.6809411093207898
1527484260,0.2774933808090644
1527505140,0.8868814269198003
1527518700,0.8874119172193157
1527532980,0.48401846228096224
1527556860,0.04091984051658379
1527579300,0.6325448136422013
1527594600,0.7920053938027721
1527619320,0.8737252974607894
1527638580,0.16791868988702774
1527658440,0.5664604676438296
1527676140,0.9470725817263065
1527698940,0.026411325170601595
1527721800,0.9187193496619898
1527736860,0.07486408883349838
1527750540,0.0747256152014566
1527774300,0.34943025576566633
1527786000,0.9143612235803741
1527801840,0.13238513601344823
1527825720,0.8979422337146893
1527841140,0.8957938102252869
1527854940,0.9051606273993735
1527874380,0.21726112281063312
1527886200,0.8564394716608824
1527906360,0.7583558243651891
1527928980,0.6844184337257903
1527946920,0.8766322139190152
1527959040,0.8360540712526623
1527982560,0.7642902133441966
1528007040,0.6508738937485727
1528029420,0.5334236633384313
1528048080,0.2815660680946448
1528066920,0.9377381881022109
1528082760,0.7387146207723748
1528107120,0.024931350444350343
1528124040,0.8056473359112498
1528135620,0.05002249741286619
1528152360,0.10319964026262983
1528173960,0.8569985054186465
1528192320,0.7758598862333309
1528207920,0.6201032696442715
1528223520,0.8268686473609802
1528236360,0.7958071594135905
1528256400,0.026774634722910442
1528280280,0.8936194391514741
1528296420,0.7231270582887365
1528317780,0.811348695404787
1528334280,0.7778147812123525
1528350000,0.9181380128636857
1528371480,0.07756284770903979
1528394640,0.40586994384868486
1528405500,0.3916294274849835
1528426680,0.2983520373037434
1528439760,0.7624604374358213
1528457460,0.8675132170674108
1528470540,0.16320793520343888
1528489440,0.8040792290750544
1528513500,0.3733219493342965
1528535940,0.8346740030940479
1528555020,0.8140803306097438
1528567380,0.7301453512937395
1528588380,0.9318361858117349
1528605900,0.13127292380611988
1528619340,0.3327667419420741
1528634760,0.40174444347254773
1528648140,0.8718198568002695
1528668900,0.8030255743451022
1528686360,0.09331655602500293
1528698660,0.2102101995969664
1528715580,0.5692590408140032
1528735320,0.9102106705894389
1528757820,0.09235321856392152
1528780320,0.8993102437929941
1528802040,0.9083136683944738
1528814040,0.49623235021568013
1528838820,0.36153307963640025
1528860060,0.22672095703755676
1528879260,0.5572775242667939
1528904400,0.7801914427020632
1528918020,0.22300729632305355
1528937700,0.2010768811845491
1528956120,0.25104567763318364
1528971120,0.27299549994370154
1528987500,0.5686128954710213
1529012580,0.7874866433666129
1529035860,0.1944786673035177
1529047620,0.6670567109106657
1529062740,0.5297843762006587
1529081040,0.7205853606933685
1529103000,0.917098654606805
1529116800,0.601293710194728
1529127600,0.09439707728084343
1529146920,0.8210473114586011
1529172120,0.8002220605813889
1529189040,0.4713250717362252
1529201220,0.21347578257212563
1529225520,0.676016113007631
1529237400,0.7006041698891086
1529249280,0.46762701651756466
1529268900,0.6732577485543544
1529286840,0.39108594274735775
1529310120,0.8616684583791363
1529325300,0.26067190268124524
1529343720,0.23012572503680925
1529356140,0.4500080566711311
1529369760,0.25817195044731533
1529393520,0.06844999717985521
1529409540,0.9054288306440278
1529430300,0.061795246874459885
1529447520,0.17843586127298539
1529463720,0.30240218203862096
1529484060,0.11853690260409758
1529503020,0.7905360657874507
1529520780,0.8052314319923427
1529538420,0.4128424615668564
1529556300,0.8404805361115736
1529568000,0.8366090819003055
1529581620,0.8363279065207369
1529597460,0.103287081867882
1529610360,0.42690831397838225
1529621640,0.41391008154183934
1529641620,0.4898494523356077
1529653920,0.803163990087098
1529665080,0.15824948833737884
1529688900,0.09225859265338704
1529703480,0.8518365378906781
1529726280,0.6961094826068481
1529738460,0.3528331702107284
1529753760,0.47736476915527004
1529767980,0.161941796827292
1529779020,0.5084758376657647
1529792940,0.7423365489396248
1529817240,0.7001526430963788
1529841660,0.8832635000616446
1529853480,0.3599318251959418
1529867520,0.8787648520796137
1529882040,0.7968804954181514
1529903880,0.27240255305244937
1529927700,0.2561770645415179
1529941320,0.3082569651521998
1529960880,0.8792597720423384
1529979660,0.41808088554421896
1529997180,0.9412344001687357
1530019920,0.5897736853298268
1530040200,0.46844881380103653
1530065100,0.20192519417983018
1530077340,0.817056464674745
1530096960,0.5063218793471791
1530119940,0.15308764360101315
1530144840,0.26407174573484204
1530166980,0.9659436807946628
1530178800,0.08007788937130526
1530201240,0.22408024589408126
1530219960,0.38459053851154423
1530240300,0.25065583888624227
1530261600,0.1022939641783949
1530285720,0.8347675315965404
1530309480,0.7158656492159651
1530327840,0.9145180694992129
1530345900,0.07556848508622961
1530366600,0.33808374282661025
1530387060,0.8428771873292398
1530410520,0.8792556017692674
1530425700,0.5844518084817473
1530442740,0.6024736628382229
1530464700,0.7490289904604024
1530475980,0.9391811415698431
1530495660,0.9608680971248342
1530508800,0.6858462790451287
1530529380,0.8829454085341291
1530548280,0.7992729100028291
1530570540,0.20643076172403055
1530584280,0.8886100939584516
1530604560,0.28183732844687515
1530627540,0.1908291107189708
1530651060,0.6991138737566954
1530668760,0.5121649808338286
1530692760,0.3277655885265535
1530705540,0.8852541654701197
1530723360,0.5522241746552337
1530746460,0.6355040813988211
1530764820,0.3289394213057647
1530778380,0.7856632689129419
1530791700,0.2921448405946749
1530815880,0.1819764673252117
1530829740,0.5434957527432532
1530845040,0.8386027881213978
1530859740,0.6974386824646863
1530872220,0.6594145096466063
1530897240,0.1915314558564078
1530913440,0.23074329154575887
1530936720,0.305095329356713
1530949140,0.3903902703296251
1530960420,0.7967334318042196
1530981960,0.8530226695388029
1530997800,0.8434916313592637
1531022520,0.279620257683027
1531040040,0.08070626985195868
1531060680,0.7795341930122562
1531082880,0.12186471204896426
1531106160,0.5055107869684989
1531121460,0.8144212091279628
1531132680,0.28678906285006167
1531147920,0.8579725815134656
1531162560,0.8512508515344144
1531187640,0.5531918455121855
1531212600,0.6365121862023561
1531235460,0.7880687941695386
1531258980,0.7333725741172338
1531282380,0.7020963870856692
1531304580,0.7577556943661008
1531316520,0.9249079641177428
1531338900,0.12889446417389133
1531359660,0.013404460388057746
1531381860,0.8733239162666823
1531403100,0.18642663128042547
1531418340,0.6234068423811584
1531443480,0.01606668258318122
1531465080,0.7300513725899282
1531488240,0.20646819457298374
1531513380,0.7209834085493105
1531537380,0.12230023259233706
1531556940,0.7482157812987912
1531578720,0.41319192056657034
1531594740,0.8261293971534525
1531608180,0.3943749928915952
1531619520,0.4868264256267781
1531637460,0.44440102676972565
1531653540,0.33079835913125505
1531672440,0.8141192666821343
1531686420,0.12700580083048335
1531708380,0.8732890375062976
1531725300,0.7719661941248982
1531744020,0.9008361437478555
1531758420,0.9452691542277141
1531781460,0.6533621301593573
1531798080,0.2669424338407936
1531816260,0.7639780624070193
1531827540,0.3044655133525518
1531840140,0.8882076286322984
1531859460,0.8598744938323306
1531883160,0.8628825272609462
1531897920,0.48883273948806455
1531914300,0.7458985001674672
1531937880,0.8622748510879067
1531951920,0.654089464118028
1531963140,0.9257197936987831
1531978020,0.7547857983054471
1532000520,0.8959608914709485
1532020440,0.8093946814403271
1532041620,0.6997962444625602
1532060340,0.11634716695759825
1532082120,0.07771428749615053
1532101380,0.22387006104145085
1532112720,0.40350056098727166
1532132700,0.5149897700559828
1532151240,0.24583528268446075
1532169480,0.22703190942771762
1532188020,0.28680893048423883
1532211960,0.848439603910982
1532227320,0.62090006968007
1532244420,0.28770772635676334
1532256540,0.7610201757518031
1532276760,0.5988315905688271
1532290740,0.22392616985297523
1532307120,0.24654450033623895
1532332260,0.19930799488528647
1532354400,0.9197762111216236
1532368740,0.7841507309769553
1532385540,0.8835463660068621
1532409960,0.7981937980907825
1532430840,0.03367892895230376
1532450340,0.8889095543705651
1532463180,0.7169160469874832
1532476740,0.5904147318479019
1532489820,0.7934778603096323
1532503380,0.4010337657024207
1532515500,0.28657945509432053
1532527500,0.6896139297476227
1532551320,0.4509905422554938
1532562840,0.6202898156703675
1532585700,0.14961479499385716
1532603640,0.2387051204902574
1532616240,0.16221391947070996
1532628060,0.3922419218389834
1532643120,0.2562365588338374
1532664060,0.8381723735128176
1532675520,0.4764357247162367
1532687160,0.7203097620286971
1532710020,0.8332944679399833
1532721720,0.9155743773581617
1532739780,0.6771704382442177
1532753460,0.8132394422708089
1532771520,0.8577636121911444
1532794200,0.20687966427251114
1532805960,0.7486814213248547
1532820540,0.7426663015326284
1532839200,0.9168363243493018
1532861460,0.5193708058802395
1532886660,0.6273346739197707
1532899920,0.3595951814711163
1532921460,0.9428323689365733
1532941980,0.35144406658505484
1532963100,0.9607759872151331
1532985480,0.8626227179430365
1533006060,0.7442771755296398
1533024180,0.8227248972884287
1533037620,0.18459501981154514
1533055680,0.24753290676255377
1533073620,0.7101362807901079
1533092520,0.06600991398500408
1533107160,0.806483654897144
1533130200,0.1736956879687619
1533145920,0.957137830915165
1533166380,0.10596167325915168
1533182280,0.6712271700164956
1533205140,0.14917799276374355
1533229860,0.8980284351494477
1533245160,0.2897834909286318
1533258780,0.5492976855291717
1533273540,0.09659501779200909
1533290400,0.7700082146181552
1533313800,0.6112204347330915
1533336600,0.815962756474459
1533350040,0.20806260578462915
1533362040,0.8263593763856445
1533374520,0.7323418113776451
1533397260,0.7755928045058185
1533417540,0.8800806349945206
1533442200,0.774832739221704
1533464400,0.5436161073453314
1533484680,0.7626762096428462
1533504240,0.15686560074646655
1533529200,0.49824187812104265
1533546960,0.8484394839175163
1533564420,0.8274510806366421
1533587160,0.7945417908173135
1533608400,0.9259366568820838
1533622620,0.5923042566838557
1533640980,0.8342976557828421
1533659700,0.654400919114319
1533677460,0.24395488862539416
1533694500,0.5454908043893786
1533710280,0.6961404828042349
1533731760,0.7639347647400808
1533755700,0.6911771593723343
1533774240,0.6366126386746941
1533798420,0.7337188381298169
1533815280,0.8675968522498438
1533833820,0.6905932175375653
1533855600,0.3092922620591432
1533866460,0.07707092496316188
1533878820,0.16780850418339888
1533897300,0.23323597320729708
1533919740,0.8209368312133212
1533937620,0.27468287729965496
1533961380,0.21357045356281415
1533979920,0.06604577148561237
1534000680,0.13383159395646285
1534012080,0.386115529545745
1534024980,0.7935298229572751
1534048380,0.7539164332852646
1534064820,0.37160297607834936
1534086720,0.6910464063134026
1534105140,0.6364534547912771
1534125540,0.6594428770386034
1534147020,0.34808202661039084
1534158600,0.8221911905094367
1534181760,0.12007269953289026
1534203420,0.8289057926850164
1534220820,0.5957926549840351
1534231680,0.8790752333833125
1534251240,0.8093306801560292
1534275900,0.640578981601671
1534290360,0.9110690534278169
1534303140,0.6408176275251427
1534322460,0.6862158959717651
1534343940,0.5799015292814866
1534364700,0.8312555353197993
1534377480,0.37740084044775213
1534396920,0.7063403955715747
1534409400,0.5677390728883887
1534423200,0.4651040650918969
1534439880,0.9165664525689031
1534454940,0.19033568346445065
1534467720,0.8456707614401159
1534479120,0.8967095655128672
1534497180,0.8413409600116819
1534514400,0.03674719470700323
1534534440,0.7445944206360363
1534554120,0.84211139396335
1534571460,0.7081980334222382
1534587660,0.7605267025652854
1534600620,0.7166846370381101
1534621680,0.7112117083919668
1534638360,0.6799645338852093
1534656360,0.24471409749748804
1534678920,0.4438188164590526
1534692780,0.8823322161465534
1534712100,0.5149778962373892
1534731060,0.43422343350844606
1534754100,0.28459572101376
1534768200,0.24634188639805266
1534786860,0.6046036415721545
1534801020,0.30924971040744037
1534818360,0.9039726641157992
1534841220,0.17340243538618158
1534861800,0.06405313525637636
1534878300,0.10358284846332555
1534896960,0.10066585548893295
1534911240,0.7694930788436599
1534933200,0.1711137823962531
1534952760,0.23933969574591768
1534964520,0.3028884050163047
1534986060,0.9306345415158028
1534998720,0.964699056810696
1535012760,0.2746156574373228
1535035320,0.19873025137643
1535047920,0.8129408426874473
1535059320,0.8431059369367351
1535083440,0.36088119482882597
1535095080,0.48196703403929786
1535111100,0.7900979164013356
1535132820,0.9325017092214092
1535152200,0.8248876498423974
1535173140,0.3522721240038378
1535191440,0.6810503281872887
1535216040,0.2796767969067988
1535234640,0.8145944089390902
1535256240,0.1417374561043445
1535271840,0.06971187136445137
1535285040,0.5210005987765834
1535298120,0.6313235366392814
1535319600,0.37666033365235724
1535332380,0.2794477555043799
1535353560,0.6688115150248274
1535378700,0.2826555268429015
1535401740,0.8085347158923102
1535420160,0.7038411000792735
1535433060,0.8318319803457515
1535456880,0.612120412554119
1535468460,0.7753000544804137
1535486940,0.6036669667985038
1535508060,0.6649564230896903
1535520240,0.190064232872136
1535533560,0.9072855563484131
1535549100,0.5728285276684196
1535564460,0.6916345281736781
1535576820,0.8050554581515983
1535599440,0.6063982355330003
1535618760,0.4219963740727475
1535636040,0.8596886121232216
1535647860,0.18364372690971797
1535667300,0.4697451044420987
1535686860,0.7110760385678905
1535711220,0.8284839112019625
1535735820,0.663494500469606
1535749860,0.8508133911673212
1535769060,0.7469114446440174
1535780820,0.17092337925661213
1535805480,0.2642874613489146
1535816520,0.7339018856118908
1535839740,0.4882902760248729
1535860020,0.5611755176503705
1535875800,0.42069058495265177
1535886840,0.15558765369894986
1535901300,0.24427093274290937
1535914680,0.8156633829324677
1535933220,0.8215197472749919
1535955000,0.8995569944670613
1535972340,0.22153110071209553
1535993160,0.8699715300134
1536011520,0.0205030073527121
1536023700,0.7956238292363857
1536047100,0.8897923950031341
1536067440,0.6242680428960974
1536091800,0.8178405102773827
1536108300,0.7639798410233714
1536128040,0.747943437721747
1536144600,0.9420700055422307
1536162660,0.8991585684261442
1536182760,0.11046892985559349
1536207480,0.7971746222881547
1536227280,0.589408977875826
1536244860,0.7630471155973294
1536267600,0.611009269707244
1536283020,0.8016148892180444
1536295320,0.17548360337993962
1536313440,0.695990929076664
1536337380,0.6982551437674567
1536358320,0.6181891734798561
1536380460,0.6595738328933339
1536394860,0.8678587871496137
1536413160,0.800543084647127
1536435360,0.4331843885528703
1536453840,0.5458141429518364
1536470340,0.1690995830692039
1536481260,0.693871993028959
1536492960,0.7145618902705072
1536517260,0.5697619853065898
1536538740,0.5398894778857146
1536561780,0.8454400219171595
1536586140,0.3367464092384802
1536598080,0.784591018118406
1536622800,0.043504923982087905
1536643380,0.1740656639733664
1536666060,0.8348353440856205
1536677580,0.9444073657754017
1536688380,0.08377492091167524
1536712680,0.6133033111632834
1536737280,0.219963154302672
1536758820,0.18160758274552347
1536783240,0.7642735870868996
1536800940,0.23209928603033
1536811860,0.8610173592893141
1536832920,0.8207905460026025
1536856320,0.9307558828909774
1536870120,0.7615102376966725
1536888000,0.8205448313912777
1536912600,0.36604906930555314
1536929880,0.9166782223216443
1536944880,0.1128989115725383
1536964980,0.5048070174230336
1536976620,0.8671106239997093
1536995880,0.21574353730005724
1537015680,0.1980418861654651
1537037100,0.5367806126112976
1537050600,0.36684912881303006
1537069560,0.3154912318018615
1537092300,0.7420832838552774
1537109400,0.15111192000707313
1537123440,0.2950281316105416
1537135260,0.6762009215243207
1537150320,0.9235410979649968
1537172220,0.46671852051762225
1537186680,0.3240647642703071
1537197600,0.9421964497113423
1537215960,0.7793051462475433
1537235640,0.7845379032086756
1537252140,0.6100913172286901
1537264380,0.18054980381796665
1537282440,0.7396497644603006
1537300200,0.7402275569648935
1537318620,0.1838868244716699
1537338360,0.3416816408439008
1537351200,0.8781263985257828
1537365780,0.15496241645543402
1537385340,0.2001447489150676
1537407720,0.16936587188406826
1537432740,0.7451493916620588
1537447440,0.906481998959609
1537467840,0.8083063938635998
1537491900,0.8815884075719177
1537512120,0.4809450154912817
1537528920,0.8038782118866085
1537548180,0.9204734249297543
1537569480,0.024652975378902715
1537587180,0.7661225394639083
1537611900,0.5160780545551621
1537627560,0.21786686896073448
1537652100,0.8140680100846551
1537664280,0.8774712240104371
1537682940,0.45630775842782234
1537703100,0.32676131453066976
1537720560,0.7703341505774035
1537732140,0.5977629786509964
1537743660,0.8165573280543421
1537761600,0.30295173344286364
1537777380,0.9552920472528765
1537794420,0.8089386401719525
1537819440,0.8364305267965388
1537834680,0.48099652328152503
1537848420,0.17741313818628793
1537863060,0.8103829146919087
1537875360,0.7801593591297596
1537893600,0.7968190972653779
1537913700,0.034695980777322645
1537938000,0.8446096557581028
1537958880,0.710260404567811
1537981860,0.440360180270536
1537996620,0.7444828402168232
1538012100,0.38291579355835265
1538035800,0.8955166765337162
1538055720,0.7569796573331558
1538070720,0.13558608770990796
1538091180,0.05614229612515394
1538112900,0.10218648380267362
1538134740,0.7466710967907979
1538145840,0.15404184052989292
1538166240,0.8715736574568131
1538179140,0.8922539553193123
1538190900,0.8108700027694323
1538207340,0.5995734389327273
1538220300,0.892724876235623
1538238360,0.6120611665921822
1538261220,0.4163588311967827
1538276040,0.3896946413083863
1538295720,0.35511883329932753
1538315220,0.4884240761241879
1538339640,0.8220904842331386
1538351220,0.5392514577999231
1538371860,0.7086453716399623
1538391540,0.6182125223657272
1538415000,0.33124394470857144
1538430180,0.17541349448289753
1538441580,0.93030807038153
1538457840,0.0703994486440509
1538468820,0.8897939065541576
1538484780,0.8536093672798318
1538499240,0.35009838083312084
1538510340,0.3370696004477863
1538529060,0.601050887836349
1538551380,0.03469297016402726
1538568900,0.7391723383838598
1538580120,0.6027560612812555
1538598660,0.9361422492140253
1538621940,0.2800050227151236
1538637840,0.8064678282874813
1538657940,0.5904588116011208
1538679480,0.2013005642757734
1538699040,0.05192384910141746
1538711100,0.673009889311596
1538724420,0.4619516081865387
1538739000,0.15766280987688952
1538758740,0.7448756289348186
1538782860,0.09480182967031613
1538803800,0.732108383889314
1538819220,0.3905814910926677
1538832540,0.22930925459280976
1538857680,0.2170092587324597
1538876700,0.07237641076612301
1538893080,0.17620464642856487
1538905320,0.36257640806737573
1538918460,0.08804074567425425
1538936160,0.04560625139312039
1538953200,0.8017712071398336
1538974740,0.4594752908832259
1538993640,0.6169508883630098
1539006780,0.5511955377260919
1539027660,0.3173792918079952
1539038880,0.20552110384393224
1539063240,0.869153579058075
1539077940,0.13922095421771313
1539092940,0.6189920475885778
1539108780,0.6980962513543428
1539121380,0.38454723745310093
1539137820,0.85149670384415
1539150600,0.4784666123963607
1539171300,0.15978844083350266
1539185520,0.9161115978255098
1539202380,0.08570901934576365
1539217140,0.7778147093881268
1539234780,0.7983289333016069
1539250200,0.21716998227737166
1539271500,0.9443342376203774
1539293640,0.7274218627546152
1539305460,0.6494835320306866
1539316560,0.09874639040836032
1539338880,0.22024519363058906
1539354960,0.5732881903467477
1539379980,0.03013056370935641
1539395640,0.4382593920370061
1539414480,0.6862571627355164
1539432120,0.6412378609835122
1539446640,0.17962713106825895
1539462060,0.24307551945661565
1539476340,0.3564540657049685
1539492780,0.4798771274675684
1539510180,0.5414961345184678
1539529440,0.48363314690201964
1539545340,0.8196072298241952
1539566640,0.7915024714838867
1539583740,0.9589357179184455
1539601080,0.9052056941979643
1539619920,0.5611807839266526
1539633660,0.5960576063912344
1539646140,0.9471948275694244
1539668520,0.9115541439257578
1539684720,0.8911666695303045
1539705240,0.1207070923835408
1539723360,0.7925708177538451
1539745680,0.8900307580338127
1539758160,0.3575028722974864
1539775680,0.1398591398235163
1539787560,0.8721066754725704
1539801000,0.4443209485016239
1539817440,0.11357771392404002
1539839640,0.42137215968757097
1539859500,0.23806945959805487
1539883680,0.3902147209611788
1539904800,0.8666864142982373
1539929280,0.4741156908811406
1539944520,0.7477437610882075
1539966360,0.6164620851581155
1539987780,0.7350848086330833
1540000500,0.7956304445528677
1540017540,0.5849316130137606
1540032840,0.1892685665454014
1540057260,0.1364412927376905
1540078620,0.8785772657320314
1540091460,0.21719594967907985
1540102860,0.4818080187584043
1540117920,0.9558679432672545
1540133040,0.846537605118616
1540155660,0.6286074913676507
1540172400,0.8178701800704482
1540189560,0.21378048464105454
1540212540,0.8056748409280111
1540225080,0.801589033113089
1540236240,0.5206626629767395
1540260780,0.09233995868875662
1540275780,0.04869059676604759
1540299480,0.08853543630294247
1540320060,0.80021849431428
1540342500,0.9191686570951967
1540353360,0.8202284321034569
1540371180,0.841426273299776
1540386720,0.9345455704595317
1540406280,0.814906723781679
1540428360,0.8169790081712202
1540450500,0.06455624053033157
1540468440,0.4067979011951066
1540485180,0.2135048380699017
1540507380,0.8335381946340354
1540521900,0.6161883650326951
1540534200,0.3036465494374408
1540555920,0.7203570138058
1540571280,0.5607328424709119
1540584480,0.026968143751997374
1540595520,0.3667021041202451
1540615980,0.8517577963356531
1540635360,0.8781174528538077
1540658280,0.5018036284088652
1540683480,0.7874884428070452
1540695240,0.825334487465084
1540717860,0.914667163574029
1540732920,0.35181181605696205
1540748220,0.7831632839497205
1540764060,0.45747342377372524
1540788660,0.10894536103614583
1540813020,0.18299829485542238
1540833120,0.949813277424612
1540844940,0.7721432471058015
1540869660,0.015351658413715906
1540886760,0.7148355148700442
1540900920,0.9560027233672934
1540913100,0.3894519510596194
1540927020,0.8875480744770572
1540938900,0.6967068001236613
1540960980,0.8899746000906482
1540980120,0.1409340881292772
1540993620,0.8159198267381997
1541011320,0.12093888006822945
1541028480,0.6901316986445072
1541049720,0.2766106975732252
1541063340,0.841685540305975
1541078520,0.22321824759831901
1541097960,0.8932092241395916
1541115960,0.2653043728908613
1541132700,0.7991831720984489
1541156760,0.8924626905790014
1541169060,0.42803754878552397
1541182320,0.9371683569463343
1541196960,0.8437323902334857
1541221500,0.46768362110316697
1541235480,0.732710872029812
1541247720,0.8295291199777366
1541264100,0.7111887117561174
1541277540,0.3447218720034052
1541299620,0.8473733362072858
1541313840,0.10124985034288676
1541333040,0.6721506439693574
1541352060,0.4146020819179384
1541364660,0.7046256878401609
1541380200,0.6126499984361633
1541392680,0.44779184413076484
1541410680,0.3221641965512053
1541425920,0.3149030721751467
1541437620,0.862680868538834
1541455620,0.6716132735222095
1541471040,0.8580068537721773
1541488260,0.4331740697330706
1541499120,0.9189981723138265
1541511780,0.3614988582909287
1541534400,0.9610690091048367
1541555280,0.0756417219441349
1541574300,0.10841015098723393
1541593620,0.8093241343252956
1541611500,0.1955569951782067
1541628720,0.776140882868059
1541639880,0.8559167852220942
1541660040,0.7759429447608264
1541682480,0.8707985159486693
1541703000,0.0447450880521553
1541715300,0.696103628656768
1541730540,0.11897409315060992
1541752020,0.4310913596159031
1541768580,0.6486031191634126
1541785620,0.6056362767592907
1541807460,0.4609059008103388
1541831640,0.8090025723697241
1541844900,0.767905582663222
1541857140,0.8469685689186146
1541881740,0.8456352147247128
1541897880,0.6860436623727538
1541919960,0.5873056302823502
1541931360,0.22115736481003284
1541950320,0.46259655880635564
1541975460,0.6265238788567508
1541992320,0.4064634717697601
1542012540,0.7637461832943655
1542036480,0.9538224602130114
1542052440,0.8078057178377078
1542065700,0.5082480061118927
1542090180,0.8348336059410857
1542100980,0.8272522035185608
1542117180,0.8377296512575851
1542131280,0.8251810659587878
1542144000,0.2590789988252035
1542168540,0.04656939056732896
1542186480,0.2662082810838249
1542207720,0.018837999472710396
1542224100,0.7602945343480974
1542237540,0.4101993961638221
1542260880,0.8047489430784567
1542276540,0.2271674480388987
1542288240,0.06616222898068456
1542300720,0.7705429306138274
1542323280,0.8810198571986866
1542338340,0.8947423647712766
1542362760,0.6247067331362105
1542375120,0.619153450805009
1542386820,0.5003178858885993
1542397980,0.07327236965030572
1542419160,0.6396021605561788
1542431100,0.08007420920918168
1542453000,0.21383381705969953
1542472200,0.39541647791993295
1542494640,0.6248666345777517
1542514260,0.38608819804920225
1542538380,0.6830830648012742
1542549180,0.48002783817006023
1542567120,0.40774343781812916
1542580140,0.11339407600610239
1542600840,0.5983913819995292
1542614220,0.6921111647737302
1542634020,0.6309040240646356
1542654300,0.692737463716721
1542671820,0.07610500550117497
1542696300,0.4315960757262261
1542709140,0.8244253586579771
1542725520,0.8247746066486603
1542744600,0.8271443933017378
1542763440,0.9411255695208459
1542784920,0.11423541181221715
1542801000,0.8727204156677834
1542817920,0.9355948558241604
1542839880,0.6391779343085439
1542860040,0.650958998773342
1542884460,0.6983585286533719
1542902280,0.031045431792774497
1542920880,0.10480709352700278
1542931740,0.3016990906094835
1542948300,0.5130318564752553
1542960540,0.9498280588472818
1542979140,0.43666065648736685
1542999000,0.966602282151561
1543021080,0.7961580952100564
1543037880,0.6086731888444584
1543053300,0.827984875919863
1543076400,0.8388306630967827
1543099860,0.25075926982385066
1543116600,0.6466082041919649
1543137540,0.9257829095215598
1543149840,0.9140905537170744
1543171380,0.3774537569066839
1543195140,0.8419836779045617
1543215060,0.7307439776015637
1543231680,0.7557302204422949
1543243500,0.2014492544353362
1543259400,0.023904926946956347
1543280100,0.9310788239809148
1543295280,0.7208114896817548
1543319340,0.6884772052349548
1543334700,0.7190378156347318
1543355760,0.09967103137938228
1543375320,0.7058596858196344
1543399020,0.8758255202483032
1543412040,0.7326100471603257
1543437240,0.639452536292935
1543455000,0.15459601191971956
1543477080,0.2709823548544629
1543498860,0.7189437861869051
1543518780,0.7982126629674583
1543529700,0.10335168575535947
1543541760,0.4379619045216435
1543564860,0.8902483732866363
1543578780,0.8423183871789627
1543590600,0.8856895730667398
1543605060,0.8236952974436798
1543627920,0.5088522588137828
1543642620,0.46806501787474813
1543666560,0.1852187186450479
1543687260,0.32659715449018717
1543703160,0.8390247811931949
1543720260,0.27059328654315024
1543740420,0.758077491777174
1543765380,0.297586237285746
1543777680,0.9324001512503998
1543798800,0.25861418798144437
1543813260,0.4608928568347997
1543834740,0.8515475338400568
1543857360,0.11545128405104708
1543882020,0.07311590288680629
1543899720,0.26425837388510354
1543923720,0.416650673122473
1543934940,0.9433226179894388
1543948560,0.06616676999329013
1543965840,0.826362708520147
1543979160,0.06613046930440944
1543999920,0.91630355528202
1544012220,0.3746398893696149
1544034120,0.9637803685861732
1544054160,0.37322169566771274
1544078820,0.5540764765220232
1544097240,0.19427832945356216
1544111160,0.021859120839080835
1544135700,0.9211007244020488
1544154060,0.5394293504870951
1544170440,0.6237007841093261
1544195040,0.27296719406285874
1544212380,0.8891643294473258
1544226000,0.04973668724006139
1544240220,0.7769709179211896
1544251620,0.5788890317496093
1544272860,0.2663488261774482
1544290140,0.8332187499788307
1544304420,0.5826153044920187
1544317860,0.6742193708118164
1544339400,0.7088381390975366
1544350680,0.7186440442321773
1544362500,0.22756175921605598
1544379300,0.8621286193054382
1544390400,0.6347914873332154
1544410920,0.8129261515926453
1544431140,0.8926353427529237
1544451780,0.820623815877466
1544475720,0.0160928414399837
1544492160,0.6496478086678062
1544507280,0.2537639943346865
1544526780,0.8680758241666066
1544541780,0.9276552977826946
1544560260,0.8905625323055821
1544584920,0.7914658684495802
1544600040,0.2866457608199951
1544611680,0.9230848231819246
1544626980,0.8214634427054932
1544646900,0.8170748017943178
1544662140,0.100322674821415
1544674980,0.08928095425318332
1544698140,0.6763839959332859
1544720580,0.7117796547096068
1544735460,0.05922149713134034
1544748000,0.8090367849436434
1544763600,0.7018962255763048
1544787240,0.8559749984282187
1544808480,0.6011988346811715
1544823720,0.8878541441911187
1544842740,0.9503443229685451
1544867820,0.24044451540775516
1544888100,0.4442071299266096
1544908560,0.8796707359410896
1544928780,0.9180748028983837
1544951400,0.806874725003775
1544970540,0.5733445783619626
1544984400,0.7931949663420679
1544999040,0.7598835270227606
1545020100,0.8022955915659368
1545033540,0.31613729584825717
1545054420,0.34295968624020046
1545077280,0.47302989184610317
1545094200,0.0907010786991375
1545118320,0.8525359156389384
1545137640,0.5923454957341275
1545159720,0.7143831856672201
1545178740,0.8584291964243133
1545194340,0.21386599540694004
1545218040,0.8454663129316411
1545237720,0.15923620923099155
1545252240,0.8744038919454982
1545275580,0.46957871974037085
1545287640,0.19271444170236993
1545306060,0.7806634741636053
1545319080,0.6910036377073563
1545331380,0.14177510167487387
1545355860,0.738984686990959
1545376320,0.27068284294058764
1545389580,0.8887010271586444
1545409560,0.7397541686737938
1545423600,0.06903136433796564
1545439380,0.16238941379453659
1545452220,0.5014044532926929
1545468720,0.5807425298191426
1545482400,0.34997860624519467
1545494760,0.5315826050612653
1545506880,0.5430642872969199
1545525540,0.622811615707943
1545536460,0.3017154551596687
1545550320,0.8689677564729156
1545572460,0.6525300742121486
1545596820,0.7394897026309255
1545616260,0.4245177922186304
1545640740,0.8617766467832249
1545657300,0.7295406923509854
1545681480,0.7813756569757201
1545702180,0.5293151286985716
1545721140,0.4641111443832106
1545745440,0.06209160842796152
1545763080,0.8738363334553704
1545782760,0.4767843463221623
1545803760,0.712888638306493
1545824640,0.6224173419955983
1545841620,0.7818346323882667
1545861840,0.47142064157287034
1545881280,0.54523774233881
1545895080,0.9478744589671004
1545906780,0.057209324501999365
1545931980,0.748040403717171
1545951180,0.7953730633847177
1545962040,0.6928297296955689
1545981420,0.6693881750915405
1546002540,0.4167983584180831
1546016640,0.7082218641402811
1546028760,0.935524949751955
1546042320,0.6913366411406787
1546060020,0.8209429721667569
1546077480,0.8088314727563081
1546090320,0.7428654994224498
1546114920,0.796215455481554
1546131720,0.920354420382814
1546153380,0.22500025251969516
1546168620,0.7462112084722571
1546184460,0.7427476886434313
1546202340,0.45322342382170233
1546218180,0.5037531753831163
1546239960,0.7028432770138666
1546264980,0.9312544700072445
1546286160,0.12835885694185353
1546301040,0.7403851176880359
1546313220,0.3551958115054553
1546333200,0.8200807606681192
1546355040,0.41169272681265673
1546373220,0.7690768613343452
1546388340,0.9003082728189155
1546401660,0.46168145091035734
1546426680,0.5590307317187492
1546449420,0.4247093792253876
1546464060,0.7037050635312688
1546487580,0.05898830244245175
1546510260,0.6874640597657645
1546531860,0.832937273538902
1546550040,0.35386912688162664
1546568940,0.6697075367324392
1546590540,0.24454084388784697
1546610160,0.8589716707496962
1546626960,0.7218756905473394
1546651440,0.6104986361124929
1546674300,0.2000732455913007
1546698240,0.34020135896556936
1546709700,0.7186039278555972
1546733580,0.3932161672570029
1546749240,0.6630083210808474
1546766100,0.2563251870932391
1546777020,0.5892409265934458
1546791360,0.2664919845753573
1546808640,0.15178052735114
1546830240,0.094066925614658
1546847400,0.2531439503256529
1546864140,0.7671640715134671
1546887420,0.35344843886406985
1546906860,0.7188887077779246
1546928940,0.10204605902258888
1546942200,0.5261940754172933
1546953600,0.7837978723636053
1546967520,0.2210078299032938
1546983480,0.9182528639296927
1546999320,0.7510097847388995
1547023740,0.8521771749738579
1547038440,0.6214218255878936
1547059620,0.8559026278213239
1547081340,0.8091122663763481
1547093760,0.8338181590871041
1547116500,0.1621953572216008
1547135640,0.6708288909232171
1547151180,0.2596062048614877
1547171400,0.5235104126170322
1547195040,0.0859283318199587
1547215980,0.8344875138117878
1547232120,0.08637847889940364
1547251440,0.4977316242241879
1547275020,0.3140898705173481
1547291160,0.9121295102064124
1547312700,0.880465584475472
1547330280,0.7612530925781533
1547348760,0.6583908593423584
1547363340,0.08447228455250329
1547385900,0.7584399573019515
1547399160,0.04398374035972452
1547422020,0.8151770736334183
1547443080,0.13012333502619283
1547457240,0.8749843483516617
1547481240,0.9228280495963234
1547505780,0.8626163751728496
1547518980,0.8974383672278105
1547535000,0.04485270700544468
1547557080,0.6367999966490746
1547568780,0.8620643896740171
1547584560,0.5892786348695868
1547600880,0.713659875386951
1547621220,0.7021644977313081
1547642160,0.03809676801369494
1547654220,0.9198376211990005
1547665680,0.8124096191293968
1547676660,0.9099121150460722
1547698020,0.5658879727269813
1547720820,0.8332419951552561
1547742480,0.7708177715507492
1547763840,0.2193627248563667
1547776620,0.8829433277262972
1547800320,0.723954001814445
1547823360,0.18821459174674576
1547838660,0.8671015049933944
1547859060,0.5585416472093454
1547879160,0.6754171226588555
1547902440,0.7596973893926509
1547918820,0.72150848804395
1547933820,0.4114668980932206
1547950860,0.6768044887806208
1547964300,0.5733891103784905
1547984520,0.8245854216326778
1548004440,0.7253812098779122
1548019920,0.7326863992457017
1548040680,0.6754753744434032
1548061500,0.4965331833196026
1548073080,0.4210438945874022
1548097380,0.7238838093078523
1548119700,0.2661026578669396
1548137340,0.3653416204562151
1548157020,0.7033371585172038
1548181440,0.6040991112643741
1548201000,0.41257294505514613
1548223500,0.8842429159538312
1548245820,0.45729040398840176
1548260580,0.3549854283729802
1548271800,0.7264459684406345
1548283620,0.8389508716271871
1548299220,0.9375832210191591
1548313140,0.2854412035410712
1548333060,0.07005065227091807
1548351000,0.47725375660167374
1548370680,0.45692173086708565
1548383100,0.9350773629880664
1548396360,0.7210154554629734
1548415320,0.6698781629698702
1548436620,0.769151429676887
1548457860,0.685041971664699
1548473520,0.6884491595901362
1548495780,0.8585644220776905
1548512460,0.7765854478355394
1548533100,0.19743752728689465
1548545580,0.8502520857156556
1548556620,0.822071698092019
1548578280,0.7325304767862637
1548589200,0.8546334197657335
1548603780,0.1622585596879188
1548622680,0.9200374164207608
1548636540,0.8398921373481573
1548652920,0.5141303703652514
1548677460,0.17073315197348543
1548702420,0.765975481282174
1548718320,0.6978448315210524
1548733080,0.466568215172462
1548756240,0.651839894079551
1548776460,0.06990014321104394
1548788100,0.8090728817895572
1548806640,0.8136241037909052
1548826920,0.4583684073006664
1548847620,0.9128126681780443
1548860700,0.9131413088087635
1548882300,0.9114347552589696
1548899820,0.9199978110689301
1548917700,0.5620591463638469
1548931320,0.8112678877921555
1548944760,0.6209646206828425
1548964620,0.4121545502807466
1548983760,0.589049488695298
1548999900,0.6743312385314996
1549024260,0.23753217631265322
1549040940,0.8440018527808272
1549056240,0.4891148551577167
1549077960,0.6792792106189308
1549095000,0.9149136806262748
1549106340,0.37791161338442436
1549127280,0.44065226261029317
1549142100,0.660370548987159
1549158300,0.25138985127454583
1549180440,0.2903332975210466
1549201200,0.23696739966724456
1549214280,0.29706328426442574
1549231440,0.4155615219362979
1549250100,0.03253135298884085
1549263360,0.10213894905880229
1549281900,0.7069101189980627
1549300020,0.43416315774062214
1549311780,0.6831535485197452
1549323480,0.1053027652648276
1549345200,0.055781428041698625
1549357200,0.8259629908024257
1549370820,0.28759675309975774
1549388220,0.9008965993356162
1549400160,0.9164717652205707
1549416180,0.41202902326970064
1549428480,0.3727049297360764
1549451580,0.8598225151626304
1549465440,0.8719241542172756
1549477020,0.5404153177899431
1549489320,0.20555728857030506
1549505400,0.8871037830271312
1549529220,0.5475381055865219
1549549260,0.3092199704423468
1549560360,0.10757214120577188
1549579860,0.43187927254479186
1549594320,0.7668239351877988
1549614600,0.24007928969454875
1549626240,0.7708506066230203
1549645860,0.7526542227846819
1549665180,0.8901917322967543
1549679400,0.35139652278039507
1549701720,0.3921418737580348
1549720260,0.26463382658661233
1549735680,0.8283484835999986
1549747620,0.8197268996043015
1549766100,0.7725153513268462
1549788600,0.8719616476904514
1549807800,0.7892366969139856
1549823940,0.6620489663751037
1549840560,0.32740715987268315
1549853100,0.35305770135822157
1549868100,0.6199627957688792
1549887120,0.23246123054574308
1549904460,0.41741508564332314
1549919340,0.21342346627110517
1549936560,0.28718051226764557
1549961520,0.8155444918746806
1549986540,0.08652241674833543
1550002140,0.2852972435031327
1550016420,0.8564914198165776
1550035920,0.8791509010753326
1550048700,0.14964175099528237
1550064960,0.8085695091539973
1550081940,0.24862650042170908
1550107080,0.09685269092600275
1550122020,0.7389848742138229
1550141220,0.7627053866749302
1550163840,0.2036287276150916
1550185560,0.9286552360584237
1550205960,0.5514335664322577
1550220780,0.7240094757456201
1550231580,0.028257593452413347
1550255220,0.11130371114400238
1550273100,0.35538311168444553
1550287500,0.37903055674184144
1550299260,0.8018094932955284
1550321700,0.2666645503457294
1550335080,0.7524923599552756
1550349000,0.6448955081374026
1550368620,0.8709785757335913
1550386680,0.4869029222694982
1550409300,0.39674913860379374
1550420820,0.8786626406170129
1550442600,0.7727025960015176
1550466360,0.41106137584901714
1550479620,0.7426348747819933
1550500680,0.4594460141304048
1550517480,0.7563784417570177
1550540820,0.8046203712590324
1550553540,0.6579396710843148
1550574060,0.508118614798484
1550592540,0.5383788426085132
1550615100,0.8839581927495544
1550639100,0.7335349395297326
1550652240,0.7772234062524832
1550675400,0.8682484449867525
1550698500,0.267643428730185
1550711280,0.33942408290048653
1550724660,0.10336489019144199
1550744940,0.25910766672140234
1550756160,0.11109861106467937
1550767140,0.5350500132612666
1550785260,0.07655251800377133
1550810160,0.6219722305082034
1550830860,0.7802377162392473
1550846940,0.9167640467119709
1550867460,0.5571150160628324
1550887560,0.9595740369923865
1550905800,0.2338359461414917
1550921640,0.723644079610581
1550935200,0.23784825895959555
1550959740,0.38041256395729206
1550979240,0.7494544484280209
1550993580,0.5215624231289053
1551011640,0.7730055095437743
1551032880,0.30753512499278657
1551043680,0.5660067385182573
1551065580,0.23981534134356566
1551080400,0.9634979896450028
1551091920,0.9372871232669705
1551108600,0.7792486103668825
1551120060,0.89902205985973
1551142080,0.770827345017048
1551164880,0.5214489597425207
1551180540,0.8462134927243188
1551205380,0.841794093718924
1551224880,0.5998059418368412
1551247920,0.794019932556804
1551264120,0.9411679301156244
1551287280,0.08280597047691006
1551311220,0.20544310725055856
1551334260,0.6924290657163686
1551346920,0.8216021071569068
1551367320,0.19194007661719384
1551382020,0.8403149416364672
1551403200,0.8833032017201057
1551424200,0.06710109663014613
1551444060,0.14388514868458174
1551455940,0.917995329397696
1551476640,0.17053965658353223
1551500880,0.21086409355139107
1551515220,0.6679991493128753
1551537360,0.8432691333091111
1551562320,0.3609057224456166
1551581100,0.8000873790949293
1551594120,0.3879251546961626
1551606300,0.7429417309915303
1551627660,0.3823055079974486
1551651600,0.35457339767896
1551676620,0.6363531072012605
1551690840,0.9194488718352223
1551713940,0.7370728343172525
1551736020,0.7987586630162238
1551750060,0.8183693647845437
1551771240,0.6719623323002067
1551782040,0.545151397721982
1551805740,0.9507532322272265
1551820920,0.5254150022867006
1551832620,0.951029243598768
1551855660,0.5747412936568248
1551867120,0.5784757316582765
1551882780,0.8459625627226955
1551896880,0.7255455651694382
1551909660,0.8587330910569408
1551923700,0.8596924960115283
1551940380,0.850614924379678
1551954840,0.30225107227456827
1551978900,0.8813924794424325
1551996960,0.16105963295594317
1552014720,0.31216062194582295
1552028220,0.48304679417437146
1552045260,0.10005208132004759
1552069920,0.8799536370286837
1552093980,0.6153119450215022
1552117560,0.639667160693327
1552135680,0.8108443391613096
1552151700,0.7842131532657288
1552173660,0.3689165834439241
1552188360,0.7887385201344904
1552200480,0.3946719910963333
1552213320,0.6992897093130228
1552237620,0.2639759352433428
1552251540,0.8765586935057215
1552264560,0.5747525414995516
1552279500,0.04692258149342406
1552297200,0.8690641052573319
1552312800,0.48846426576160207
1552337400,0.5246494544247771
1552359000,0.7149549589610072
1552383600,0.06051366359709441
1552395300,0.7551241111087856
1552410120,0.283468330744722
1552429500,0.7401016049082703
1552441260,0.9340295955464939
1552464480,0.10991635489436366
1552488360,0.9598207266891895
1552502820,0.8701501809227464
1552522860,0.8719680208458255
1552543320,0.6158212193076833
1552567200,0.9233765383190111
1552582020,0.821103756936374
1552603800,0.8010029193406507
1552628340,0.19541154064963728
1552651740,0.05213964078756059
1552670220,0.07138825906595365
1552686060,0.9008789143615694
1552702440,0.35626490950335193
1552723080,0.8350491004178118
1552748040,0.8013236358992188
1552759920,0.795552371521159
1552778580,0.6656513372071003
1552799760,0.9005778250627386
1552816440,0.6385484602330734
1552837080,0.6482325937440347
1552850700,0.5826365043783304
1552871640,0.31417507405625855
1552884060,0.5707721258555659
1552900260,0.6511288692934826
1552915860,0.8941774612566437
1552929960,0.6340374599509073
1552941120,0.7094672757184852
1552958940,0.21420331277118385
1552983000,0.2893122376357489
1552994580,0.05306573208726116
1553019120,0.31905154406160596
1553030220,0.6445845737843524
1553053920,0.8218142021042407
1553075640,0.20665847760034434
1553093820,0.8769382501016127
1553110020,0.2024154218103711
1553127540,0.512745269458023
1553142720,0.6074089415740366
1553161800,0.3295729236028938
1553174700,0.7365988032627215
1553196660,0.9082128617737963
1553211840,0.454696394697209
1553227380,0.3497109918635434
1553239260,0.8537035517268262
1553257740,0.37332351306950406
1553270760,0.16710187454264847
1553284440,0.5023539742210894
1553300580,0.9067427313959444
1553319420,0.4863281856848089
1553339640,0.18577725794278838
1553358060,0.8490752966192529
1553379960,0.7443565380415744
1553392860,0.7187804321725054
1553404200,0.6967139924993588
1553423880,0.792051744236185
1553449020,0.3858955923928335
1553473680,0.06037109526890752
1553488980,0.22197117072033776
1553511360,0.7820343934929632
1553528700,0.07269693541414976
1553547780,0.20166636427547882
1553571120,0.27522109382072063
1553585700,0.22837193579474316
1553601840,0.13930459445166757
1553623620,0.4773323975136353
1553646120,0.45299901261858994
1553660580,0.5761835303707237
1553680020,0.6952008837806273
1553703840,0.8333921692540377
1553721180,0.4255349866851481
1553736240,0.1929153623909056
1553749980,0.9269412028807611
1553771400,0.8989541601421825
1553794140,0.9087530910760118
1553805180,0.9698356641981505
1553819160,0.8584589220195535
1553840820,0.7351146754083294
1553855880,0.4955676555788353
1553872500,0.12904398100074066
1553893980,0.9076579330423598
1553909100,0.5798848680929913
1553925780,0.4429063037969688
1553943240,0.6952474657754127
1553960040,0.4731904992405933
1553985240,0.42092101068865384
1554010080,0.8051931338223303
1554034800,0.6492260552252825
1554058920,0.1928743000782916
1554073500,0.25598562107314154
1554088740,0.1161251793550427
1554108120,0.2859514037878214
1554129300,0.034661450024468854
1554145860,0.035225075148516846
1554165660,0.3725216748681806
1554184800,0.7281371292597891
1554201840,0.4641718250717297
1554225480,0.532625154852267
1554238740,0.899495161816406
1554253560,0.20447232483901862
1554267540,0.06858216612786756
1554291000,0.9582464881577493
1554302940,0.4048946902815263
1554325800,0.3546522292933392
1554347880,0.9385844177714213
1554362940,0.24517049716429673
1554384780,0.712520665507737
1554407520,0.6080989661635307
1554428220,0.4380877179770338
1554449640,0.44480846706936084
1554472980,0.10929877487872185
1554496020,0.8856936626969287
1554518220,0.6558128892668991
1554536940,0.3832193237153381
1554549900,0.6797821987763887
1554564360,0.16038776455798587
1554582540,0.9623908448726105
1554605520,0.8571914059749353
1554630420,0.29021618098565805
1554655140,0.8921413283171306
1554668400,0.9359732618493201
1554684060,0.24907372101965294
1554704820,0.18614510620218502
1554720180,0.6985127602120814
1554731400,0.13695302815447502
1554756420,0.949968944340603
1554778260,0.6242886821542865
1554793440,0.8719416943906722
1554813180,0.7628845812130205
1554827520,0.6466381440910035
1554844260,0.8945735260891617
1554864360,0.8470758794975641
1554879300,0.051064182155350774
1554896160,0.8931072549850054
1554908220,0.9661872068900834
1554919320,0.9627315314852876
1554933780,0.10025049344941374
1554945120,0.857783996755285
1554962460,0.9406812616507393
1554984240,0.8710035628072789
1555001520,0.039266448420513245
1555017480,0.7423618728350428
1555030620,0.028432598680114555
1555043040,0.9184249245223554
1555064460,0.8065889588042178
1555075320,0.6913248437717117
1555086240,0.8741046457349403
1555099740,0.7115872915084985
1555120620,0.25950219354551174
1555135740,0.244696193174846
1555159260,0.30041125855106543
1555172760,0.1934394197203402
1555196040,0.03389253167569993
1555218120,0.6493911076910266
1555241040,0.8407986575329595
1555259040,0.10254190823736538
1555274280,0.5800448786434271
1555290180,0.16312009711768022
1555310640,0.6356994474176889
1555334340,0.7194086410849884
1555347360,0.9294548920876118
1555369740,0.16825610484867995
1555386120,0.9459153949246376
1555406880,0.04015582181779906
1555431840,0.6641153129348163
1555450260,0.13467191732199627
1555462140,0.04263283122721284
1555482000,0.44587986707326005
1555501860,0.15885506886925244
1555512780,0.1545977137794385
1555527660,0.8973423835193765
1555539540,0.44480252836890793
1555560240,0.7765946905973665
1555572000,0.8708457488434135
1555585680,0.8467158024817795
1555610040,0.8798762599405664
1555635120,0.9200905955379955
1555659960,0.6310965558492786
1555672740,0.10751512186436142
1555684380,0.13138864831677127
1555701000,0.9127060466111929
1555725360,0.747211371778931
1555743900,0.8858440110710876
1555756500,0.6537408140836641
1555781100,0.8034907734799155
1555802100,0.7197627735459291
1555820040,0.8314796927570985
1555843260,0.8294753214583043
1555856580,0.3833352769258295
1555872180,0.758164107573624
1555883700,0.11038101963364495
1555897440,0.5113777091498467
1555917840,0.9152190090383238
1555938300,0.28845882567113384
1555960860,0.9287463898330708
1555976520,0.4014771711889546
1555991220,0.8077205720214701
1556014560,0.23559245596247252
1556035860,0.030315874021341144
1556060220,0.8461720148184627
1556075040,0.7380115213564292
1556094420,0.46471128910144505
1556110920,0.6878914297747424
1556129940,0.12966409884521865
1556150160,0.8581058059642845
1556166180,0.5559023694597233
1556188800,0.5546959141258679
1556204760,0.1830501014927004
1556223120,0.867151555231943
1556237640,0.3304562104563884
1556262720,0.9455626987502406
1556276340,0.19373004985393882
1556297160,0.09081522312485149
1556314680,0.9282547117514871
1556326020,0.9110589822451288
1556348160,0.5437281205479225
1556368380,0.7716679401259284
1556389860,0.657055041146291
1556401140,0.28957731028363154
1556420580,0.39416511174885444
1556435040,0.17573351789752714
1556452980,0.3529184610901448
1556471940,0.9656194878350175
1556488500,0.1947308393225381
1556505540,0.8393632056510324
1556523600,0.05681476499163962
1556544900,0.02629517589316384
1556557980,0.6488147585833716
1556575020,0.9164333634317848
1556592900,0.021355664813749103
1556616120,0.8346050783021027
1556635380,0.9302069368871039
1556654640,0.8984160272864369
1556667420,0.7853152550439341
1556687280,0.7676643645310651
1556703000,0.8001676936080697
1556723220,0.4942009393164553
1556738460,0.8718144851953555
1556756940,0.7053489053320977
1556780700,0.1520170945209067
1556799660,0.9467594084799479
1556810520,0.4239424517306594
1556833020,0.9411153760792563
1556846100,0.8818686428235389
1556863980,0.8829575462587423
1556879520,0.7192661231052135
1556893800,0.8094792355422324
1556909760,0.8991214641829259
1556923500,0.843794998520593
1556946540,0.8216183511300715
1556967960,0.10843824103833442
1556985540,0.9542714172930927
1557001680,0.4223399954917463
1557014940,0.4887536993048311
1557036060,0.06514051937166784
1557056880,0.5714305103311776
1557069900,0.7828853561165674
1557083400,0.02464923380450802
1557106320,0.6714733104942929
1557121680,0.6924056326270823
1557134940,0.4845643707771763
1557148800,0.03234524532122586
1557162480,0.8566194796887431
1557183660,0.10612649789326194
1557202980,0.8532978350209457
1557221520,0.5027707892135934
1557236820,0.8487296008053269
1557247800,0.539293519542675
1557267240,0.4689303277535821
1557288840,0.6208520053659755
1557310440,0.5035101790687985
1557323940,0.9092346866701476
1557344220,0.9096374000652082
1557358980,0.687069747535206
1557371340,0.6787919635082772
1557383700,0.941860042006271
1557398520,0.8733125513801409
1557418440,0.06632774186441323
1557442380,0.8823626019384037
1557461700,0.5551864579697892
1557479880,0.8466964651394532
1557494520,0.034882884199671005
1557519180,0.9473788392471162
1557540000,0.27267053430810584
1557556920,0.6803965968398847
1557581100,0.9328730689306546
1557593940,0.8534105855413314
1557617820,0.4262361565760892
1557640920,0.7468993790244802
1557661380,0.07752927165471366
1557680040,0.8593109885998896
1557695580,0.8996918380447835
1557713520,0.12097776201927263
1557726960,0.23638617213735122
1557747060,0.033788024139875104
1557761280,0.940495672514558
1557779340,0.8379693577249596
1557800340,0.45960615289509515
1557817740,0.05878636920310106
1557836160,0.035391919331221385
1557847620,0.7869855641706566
1557867000,0.26839183347957013
1557890040,0.1312297198332803
1557902400,0.21672266380275115
1557921600,0.8047146734992109
1557943140,0.41849787584717496
1557964860,0.019764077520190867
1557984060,0.9022242167548054
1557995760,0.6199476250429381
1558011900,0.19946959473999915
1558029960,0.4778232255968839
1558047120,0.6716000585009894
1558063140,0.7810706988787867
1558083960,0.6980095023516792
1558102800,0.6674491825696972
1558120320,0.2720576888675664
1558141740,0.34197547877499185
1558166580,0.902338439379516
1558181280,0.7634378574924313
1558201080,0.7989266424478351
1558223160,0.4434299198175896
1558247220,0.6538281429069391
1558268700,0.9098799985412199
1558286040,0.711775412674447
1558297920,0.9276838649409073
1558310760,0.8812656715739715
1558334700,0.5098318283654028
1558359300,0.9639441316978085
1558379700,0.9672367520973
1558404600,0.9133261012631433
1558419480,0.6965571066969067
1558443120,0.8078951554094227
1558467600,0.956155669092283
1558485840,0.6008105247936724
1558497300,0.2800889225272498
1558508400,0.12104409326934663
1558528020,0.9520250932185864
1558541880,0.7761474967198749
1558565760,0.4630610946525034
1558587780,0.03485091089334311
1558609680,0.3142598566901718
1558624500,0.041431353812110154
1558649280,0.3517988608669164
1558661220,0.34135551362706956
1558679460,0.7860784499925376
1558695480,0.0938050072679082
1558720260,0.0462441852802825
1558743000,0.12032586932490172
1558754460,0.9188157487070655
1558771080,0.17566538862074854
1558794540,0.07367031076316424
1558817280,0.4603541358883517
1558831020,0.0816555495142563
1558843080,0.3955785450922014
1558863780,0.32291974729332523
1558879560,0.24668872122787502
1558896780,0.08207520727472609
1558915200,0.6633733472444148
1558938540,0.3335677908761017
1558962300,0.3672508384378202
1558976280,0.8293867912764982
1558997520,0.17752593520189966
1559021460,0.15016725506102904
1559045220,0.8270256314124609
1559057520,0.1383903432607612
1559068380,0.02716912557131836
1559081220,0.6094749038576761
1559099460,0.7936530198715189
1559118240,0.8336191815319095
1559139000,0.9461534331595725
1559160840,0.855079481730377
1559182740,0.07949034650275269
1559207940,0.7989794733693776
1559220480,0.7262274132553594
1559234040,0.03968780122814676
1559252880,0.7241802497527243
1559271780,0.9518514979526833
1559292120,0.034903132259463746
1559305320,0.1336199126569059
1559322240,0.781472220917297
1559333340,0.6529610919434246
1559358240,0.226710978168476
1559382720,0.8446371910337822
1559401260,0.8258680779148736
1559414280,0.3865134145302634
1559426160,0.6139152955328658
1559445300,0.43026617927023875
1559465940,0.7729449657409981
1559488140,0.07863189040765263
1559507520,0.21750084097589945
1559529000,0.8264473433095567
1559549580,0.34156719462683716
1559567880,0.8909938842050111
1559592060,0.900882549395466
1559610000,0.1286856777805572
1559630280,0.08023305543475205
1559654160,0.07202915736257295
1559671800,0.9458677101073506
1559693340,0.1937784172649858
1559710980,0.036997521983680184
1559732580,0.8807084281153554
1559756340,0.9580854843349769
1559779680,0.9232408208826689
1559796000,0.7885408521746329
1559808360,0.8927248728828844
1559822760,0.08374586557261755
1559844300,0.8638997473087745
1559865660,0.8970869558655977
1559889540,0.9327997420816088
1559908020,0.5319540885889189
1559930040,0.030065436015799262
1559951400,0.7278920127293956
1559973480,0.9311257457996824
1559990340,0.9368900866783432
1560001740,0.8682501243445977
1560024120,0.7895566531093087
1560049080,0.6615991961510373
1560071580,0.23880786663393713
1560094800,0.12150540460034653
1560117060,0.7646276750825345
1560128340,0.8368499165796169
1560147000,0.8857796622088114
1560160620,0.08893224248218333
1560178800,0.11167279380222325
1560195000,0.4073473158212532
1560219900,0.5470340819493956
1560243300,0.6391128122777113
1560257460,0.5989681869837797
1560279660,0.7010073349873256
1560295320,0.5126754402309684
1560314820,0.14074741470609306
1560328200,0.22077260511840688
1560341340,0.927690017159144
1560365100,0.05454226339201582
1560388680,0.06679092428731472
1560413640,0.9243477600548592
1560429900,0.7701980592502369
1560453720,0.897721267835994
1560470640,0.8067237590271448
1560490740,0.11889173683636213
1560513600,0.0936744592377299
1560534240,0.05729849977708738
1560554820,0.9112207991765278
1560576600,0.8440238361104461
1560594000,0.05392824031994796
1560607080,0.6986805785003215
1560623040,0.7610386294992363
1560641940,0.10750794693229725
1560660780,0.2015868960465032
1560673020,0.4909068894789642
1560694680,0.9504980484052711
1560711120,0.2544392865347145
1560726720,0.5026957152184347
1560742920,0.945112678714519
1560763740,0.9228915006735858
1560776820,0.18858676850363643
1560796680,0.6890045631879291
1560817080,0.30465440790679515
1560831540,0.4585767087033314
1560850800,0.8949641996394962
1560868380,0.7684334223882033
1560889980,0.12773043096891495
1560904500,0.792680834687539
1560929220,0.9373049702471657
1560950160,0.022109095381171808
1560964200,0.8899190952278087
1560983760,0.09118027701401
1560998820,0.7604177938262201
1561017000,0.09697294956712403
1561037580,0.9435681618866737
1561053480,0.026596451597362337
1561075560,0.9164402256630343
1561087680,0.22234989290560908
1561109040,0.935618106621477
1561126800,0.1711197439063591
1561138380,0.9304090041657115
1561150680,0.14235512801082523
1561173540,0.1474294836124458
1561194960,0.8780668083334453
1561209480,0.7880317458918039
1561231020,0.6998736924493261
1561242900,0.8037258350592607
1561265460,0.799192369052096
1561287660,0.9048921390903888
1561300200,0.6043480907214661
1561311300,0.21909822080541771
1561323360,0.825801444968442
1561337400,0.5697657430314903
1561352820,0.9303105882409097
1561366740,0.270670721815368
1561388700,0.48237768627261124
1561413480,0.271535433468255
1561425540,0.46233844924834405
1561447500,0.04093765786605818
1561458960,0.07414454852659157
1561471560,0.903294903892261
1561482960,0.2556475754300052
1561495740,0.9140159751191305
1561516980,0.021220265527059353
1561540680,0.9030115912474181
1561558140,0.5850437636789364
1561573140,0.44926054274114485
1561592460,0.48866692351544555
1561609800,0.9151168850372158
1561634220,0.9451498265018682
1561657320,0.045424046114077306
1561681440,0.6515228271899902
1561699380,0.5032349383138347
1561714440,0.023584112811495594
1561739520,0.6155009882797593
1561755480,0.7475990258408316
1561780620,0.8924248631781976
1561797000,0.628150960770869
1561817040,0.38650931745611344
1561837680,0.7441002161561471
1561850280,0.9578949164251997
1561870860,0.2247243312983356
1561883640,0.9390500364440243
1561908660,0.5406668570801157
1561927680,0.0966854574005609
1561942260,0.392711802433859
1561965720,0.5557273457939127
1561980060,0.14122806237516475
1561996680,0.6725720540493811
1562018460,0.5220540020062925
1562041080,0.8954353421201483
1562051880,0.058961094452341344
1562066760,0.8341264771965979
1562091480,0.6405723399140281
1562116080,0.846362958405529
1562135940,0.29525874269510427
1562152500,0.8615107104465062
1562165220,0.9166999561538318
1562179440,0.30755479627038906
1562200980,0.040033546344531795
1562220000,0.2347109578101826
1562245200,0.3653368428994516
1562261940,0.9143397199730217
1562276940,0.7920714804384703
1562298840,0.8122317765574741
1562318400,0.44213234802766627
1562331780,0.9389568623478027
1562352180,0.29979016594011154
1562364000,0.7811971542147373
1562384040,0.7576476615751971
1562406600,0.4615238276583639
1562422560,0.8406892158444776
1562433540,0.8438982118318096
1562452740,0.04563613696283429
1562477880,0.8664104037468718
1562502780,0.1846453014393229
1562518740,0.4374734718579431
1562538000,0.05686014486868049
1562548800,0.8504917553370676
1562562180,0.692378648920217
1562576220,0.8608382572222155
1562595780,0.14882302253262958
1562620740,0.7799573460279117
1562642940,0.7607419866296978
1562664000,0.8616084914338793
1562675940,0.3098681258088142
1562686800,0.6750344202265307
1562710800,0.5483963006627045
1562731080,0.31535402107920985
1562749140,0.24836658819673754
1562764140,0.8845275581973842
1562778180,0.6996379732253034
1562799360,0.8306237592304326
1562813580,0.9065685687396023
1562829180,0.5095029458950666
1562841180,0.33912772440709116
1562864760,0.8763445983871876
1562888580,0.7257916788336018
1562908980,0.5157793413748348
1562932320,0.7275820488498266
1562946300,0.45608753143284836
1562963460,0.6283813943611576
1562978340,0.13390508298588516
1562993460,0.46636982284621564
1563007680,0.16981206224046522
1563023640,0.8067764388765943
1563034440,0.8247689742810378
1563051120,0.9270059043559866
1563074640,0.6516147884757805
1563092220,0.053545481810097446
1563114660,0.1651109427542747
1563130980,0.5406221626607752
1563144540,0.8773364446148203
1563169440,0.45303788595036965
1563185100,0.7987863242562341
1563202320,0.9222903028380496
1563214320,0.6175563358189268
1563236040,0.6143477496967077
1563255360,0.9217595864390137
1563270840,0.7847238231434223
1563289800,0.2929613330865341
1563308520,0.07783633453031641
1563328980,0.3146141635539795
1563341940,0.2265922320371188
1563365640,0.1425076970538306
1563381840,0.09340357203936976
1563405600,0.599276072679235
1563418920,0.5926925067991818
1563434940,0.024009093348989766
1563449880,0.02864062388184873
1563467100,0.9473722246945133
1563480900,0.7753992827827241
1563493980,0.6356240988507748
1563512940,0.24347430479741164
1563532680,0.7141708421608357
1563548220,0.3884033119829133
1563564960,0.7853798514421861
1563584820,0.6237293713709036
1563606300,0.208509314609184
1563618780,0.35276556963852196
1563634200,0.2022297851197052
1563645720,0.1374393941712683
1563662040,0.9098903445499649
1563685440,0.8315977948815063
1563706200,0.8274932161529408
1563719760,0.41050271864467436
1563732840,0.15653487985401196
1563755880,0.7188947255446696
1563770280,0.7215916675171126
1563785640,0.1012075510920677
1563804960,0.885711609672858
1563824220,0.80984170964907
1563845220,0.7820997175999715
1563867360,0.26159053155873
1563880020,0.6455974654693758
1563892560,0.15410536752326487
1563909660,0.358646828713652
1563922140,0.9407770226383829
1563939840,0.9571505268278481
1563956640,0.07145144214458451
1563973620,0.18747807253924706
1563990900,0.8600380944999418
1564002720,0.46168975656598027
1564027680,0.5216575831471524
1564048980,0.8265642782225769
1564066020,0.9576194394156065
1564087500,0.8106764617079267
1564105560,0.531060726857748
1564120140,0.2507704711858736
1564143600,0.7282084968001191
1564162620,0.2818739243914006
1564177260,0.8942006042767359
1564200720,0.3276001581089136
1564221900,0.8269376744929979
1564244040,0.8231771141343631
1564265760,0.7902837496019927
1564276680,0.2986784760563717
1564289580,0.4537678215235662
1564305240,0.7419992774709687
1564328760,0.21938109547146759
1564342920,0.7836518474325458
1564359420,0.826747734714665
1564383540,0.4140439925197948
1564407240,0.6893431933587838
1564428720,0.8721009625178987
1564446360,0.9150525074865001
1564468620,0.8450134730999503
1564482120,0.1047223087422018
1564493100,0.7314769183493772
1564515300,0.9376307853967903
1564534080,0.6393470054484817
1564547040,0.4326664536968101
1564564740,0.6533997719469087
1564578360,0.21213791324972567
1564600680,0.444685484732194
1564618560,0.8717387172999067
1564634700,0.26738815666371857
1564654800,0.8411787447077123
1564672920,0.6727682566140664
1564687620,0.3338073200673828
1564698600,0.2172085820138901
1564722600,0.47310094448806517
1564739880,0.3149382744838197
1564761840,0.07996078137665935
1564782600,0.5977934323865769
1564802580,0.8525161330079791
1564815540,0.8570724036720178
1564829880,0.7375043116741717
1564847880,0.47658913389141205
1564864980,0.8148588342837642
1564881360,0.6479520808681501
1564898160,0.2607150216211196
1564915020,0.7458810357756843
1564935960,0.25817845348892515
1564948260,0.40367722184183674
1564965000,0.7819097934944959
1564989660,0.7931711798573841
1565003220,0.7756422318609819
1565015880,0.8170555594209135
1565032080,0.9433185413977752
1565043660,0.7780579756398956
1565068500,0.8589247269996229
1565079540,0.9216586443362331
1565103060,0.8803348674798019
1565125980,0.7554975901851408
1565139240,0.8239389775049202
1565163360,0.23558349144865326
1565182620,0.8965674175718478
1565198340,0.8878709094442034
1565211300,0.6226235880602717
1565224980,0.9015161868835783
1565236920,0.7508073867192281
1565251980,0.48738150712730477
1565267760,0.41944021407034393
1565285160,0.5005192201659417
1565302680,0.7596209491201571
1565322900,0.6591749682533797
1565342580,0.4007765043069269
1565357460,0.7692299537392139
1565382420,0.5344783943117797
1565404560,0.6973916791265601
1565427120,0.718007228922672
1565449200,0.6710038869133916
1565474220,0.7144252492942434
1565490720,0.7833270599919817
1565515920,0.12711700468301018
1565530800,0.6591268555520723
1565553000,0.4241468519118244
1565574540,0.9318428858063801
1565599740,0.329826647124662
1565618880,0.13874893547941727
1565641620,0.14801957125512735
1565658240,0.2308357751113737
1565674980,0.30849559971224877
1565688240,0.6325063364174095
1565699400,0.8099670224384913
1565720460,0.5362001465132159
1565734560,0.21655852166304107
1565748540,0.698387450578504
1565762460,0.045458381472499414
1565783400,0.1922457781772321
1565801580,0.3159421370594866
1565824920,0.2561347110074842
1565845620,0.3632606791813423
1565857260,0.5001065447198152
1565868900,0.5491645870100527
1565891760,0.7126257279945024
1565904360,0.2239744147513576
1565919420,0.5296688790342144
1565941200,0.6322709677450555
1565956500,0.7721700879427131
1565969880,0.17815282350461517
1565987340,0.3831686761566605
1566006600,0.21230226270000424
1566030180,0.7609689769459622
1566052440,0.161058775129138
1566074100,0.860023766496074
1566090180,0.19202456278730157
1566115320,0.40535874659969134
1566126180,0.2705142712606707
1566141600,0.15346248391415948
1566159060,0.2362611407555244
1566173400,0.6013760465142937
1566193680,0.8880695778954961
1566211920,0.5528012920027633
1566229560,0.2853187425871112
1566248640,0.7350702267184266
1566265380,0.7822513519577494
1566276180,0.22466537177276275
1566300720,0.02562051265198093
1566313800,0.4825563343288032
1566332400,0.8119427362553466
1566344160,0.8382489664906577
1566357240,0.7986604213543532
1566380100,0.6728367804688773
1566396840,0.21818385120571876
1566414720,0.8099971105260687
1566431580,0.7671607995810912
1566451080,0.932529289260049
1566466260,0.9198375326890491
1566477600,0.47614066013320705
1566489900,0.747965960619101
1566506340,0.8210128946050965
1566529980,0.23494617118163608
1566542280,0.03179542054130486
1566563760,0.6754668431175334
1566575340,0.7953025143140665
1566596580,0.3175784582867403
1566617940,0.1801085471347675
1566636360,0.7939189722946789
1566656280,0.17149433905435155
1566681180,0.8420647569661159
1566692040,0.35903632049380646
1566712260,0.6471615781898462
1566731340,0.719255400447082
1566755700,0.2926456551525962
1566775440,0.8100653139566396
1566799860,0.7964006120578362
1566816900,0.2917001988389835
1566835080,0.8803252025166322
1566857340,0.9075068417240104
1566871380,0.916034910760074
1566889440,0.169832278403107
1566905520,0.9097652234576418
1566928320,0.7901070822805542
1566952680,0.22265914637636675
1566970260,0.6449603468373133
1566987480,0.8541687247157903
1567011420,0.8291469660174804
1567028220,0.24567098326680203
1567053000,0.8565639379347744
1567067160,0.5951977123106227
1567084200,0.6244390253565331
1567106820,0.8333104075448111
1567129560,0.8237531337497359
1567140360,0.9137488968604628
1567162920,0.9467573870986142
1567186980,0.9312613352547768
1567211280,0.3270477353844072
1567224540,0.803950819394832
1567246800,0.7541491453511896
1567260840,0.6232148961683349
1567277220,0.7304098178091614
1567292220,0.8887054131459035
1567307760,0.7430734053196907
1567325100,0.7847409384765677
1567346940,0.306083060498341
1567366680,0.11685893142606531
1567391280,0.8337269877448809
1567413540,0.8296374312885745
1567430460,0.634794776321627
1567448640,0.04579552209149342
1567462860,0.6235507952647961
1567483980,0.41832804449195676
1567505880,0.18525150347676525
1567517280,0.2660104417858747
1567539780,0.806143636793577
1567560000,0.5083080290391561
1567577640,0.07150679264655693
1567597380,0.8571825732607083
1567609440,0.8846168606665499
1567621380,0.8916724080957618
1567633740,0.8511200235243128
1567654920,0.918454323548775
1567674840,0.08399123106048442
1567689540,0.4741619285238469
1567707660,0.8541668014876463
1567719480,0.8603493821553736
1567733460,0.17856076220849515
1567745940,0.7497237730195532
1567764720,0.8327822866630934
1567786560,0.6690359054429709
1567810380,0.7889151085701769
1567831560,0.8389395966674943
1567853040,0.7623975489756891
1567866840,0.8788796357398262
1567878960,0.5845265396358467
1567894380,0.40997566401849767
1567909980,0.5571204594920638
1567928280,0.8407103569959973
1567953180,0.41501263597077176
1567977780,0.8807659746031843
1567990200,0.344948971265475
1568003940,0.9500374217235147
1568024340,0.9020525658900617
1568048460,0.8567752895421412
1568071080,0.45288661468001823
1568092320,0.793570862987965
1568107860,0.32261021980021387
1568128380,0.9468532434874605
1568147880,0.9352810356002276
1568159220,0.6729215940642014
1568181360,0.887324421654176
1568196480,0.8584178529605806
1568218200,0.9390500134735521
1568232600,0.6964620507112232
1568255040,0.6359445061706184
1568269800,0.29196983976106045
1568284440,0.7397693076017681
1568305380,0.3399503292651567
1568321880,0.5145920375645481
1568337600,0.3051598671154701
1568354340,0.8902490263222498
1568365380,0.2164550907089112
1568381640,0.807137785624781
1568393220,0.3622708502921067
1568417820,0.8930051638706892
1568434920,0.4368406587103729
1568457420,0.7961512980783856
1568474820,0.5090431311354772
1568499060,0.5334782375813871
1568518380,0.6787669400090862
1568529960,0.840444165917913
1568545560,0.5569562517342763
1568566500,0.8289947271265421
1568589540,0.5968657165358562
1568606040,0.5202278472374722
1568631060,0.8703400983074029
1568655600,0.7904018661812382
1568673120,0.8596254488339845
1568698320,0.44456253587164996
1568718480,0.316205229924206
1568735040,0.7282612347298144
1568757540,0.19343290310344735
1568775180,0.3970477837484912
1568792100,0.7464853622142501
1568816340,0.48438758400503773
1568840340,0.6899119673067391
1568853660,0.07364398109914023
1568872140,0.7675446847161437
1568896740,0.286060683677232
1568918040,0.6253563147838748
1568941320,0.9275463398166583
1568956140,0.4903540080973653
1568971620,0.6880700051723185
1568985240,0.9003954810209358
1568996040,0.8807188345677666
1569015780,0.914410527002007
1569034680,0.6012060568306363
1569054120,0.7612152548993009
1569067920,0.7655259738654886
1569084180,0.8479057285107983
1569097800,0.848139313715257
1569117600,0.35733852085896656
1569134280,0.8106737501296314
1569157680,0.14330597809843948
1569174660,0.06936887600884759
1569189840,0.7727351858863187
1569212040,0.535889417383484
1569227760,0.8287104569181905
1569249240,0.6385693228352786
1569270480,0.6754126790594169
1569293640,0.8281496440836408
1569317700,0.7087772235872754
1569340440,0.8631856404520667
1569354000,0.7825707171478875
1569370920,0.23838044700250327
1569395760,0.16307139006884497
1569411900,0.7349643534360251
1569434880,0.9149292166767227
1569451500,0.7301157017043628
1569467220,0.1612546294338273
1569486060,0.08440676387932335
1569503940,0.821326556975504
1569522120,0.11195863913805025
1569536820,0.2532781449879355
1569556320,0.8867396385810637
1569580620,0.5647991103593419
1569605460,0.027319432965724262
1569628020,0.2835245251799492
1569644280,0.8913052814742457
1569656940,0.3939706328581062
1569676320,0.3587059403311232
1569689580,0.8968263701750077
1569703320,0.23984540386011582
1569722820,0.4131431035916088
1569742320,0.3250434005606397
1569766620,0.41685390848137704
1569786360,0.2939941677724499
1569805500,0.1648026543526288
1569826680,0.22400358400816647
1569846600,0.5357540660962667
1569864300,0.7630057449877677
1569875400,0.7644783427419675
1569888300,0.8708806737655639
1569913080,0.8068610143342299
1569929220,0.9499050500912211
1569944220,0.8984626295768305
1569959220,0.41077648962640123
1569983580,0.8153936535697303
1569997200,0.9481948401157052
1570008840,0.7399011680049425
1570033800,0.9184248936289652
1570058460,0.5714763901198106
1570080000,0.31604579859431414
1570094220,0.09060318770936227
1570108500,0.29215315916188755
1570120380,0.7928224253703341
1570135320,0.2301774880173291
1570147020,0.8015431779918849
1570162440,0.8820921384109534
1570181040,0.6781404942861129
1570199400,0.898348141014022
1570220940,0.8411820259072211
1570237980,0.12469253290305825
1570262400,0.7198548555183178
1570279620,0.3252580301508715
1570300500,0.8668048890308769
1570312560,0.8290633586017173
1570334880,0.6974961359625457
1570359840,0.8215421506002255
1570384560,0.711584866662076
1570408560,0.12754542172493372
1570428300,0.3862718623305883
1570440720,0.9225135211782106
1570457280,0.30274648279756655
1570473360,0.7919548004022566
1570493280,0.18999208747382115
1570512300,0.3668881007497872
1570531380,0.7176771983832075
1570545660,0.830397938857189
1570562220,0.22816861673827166
1570576260,0.8108674299303232
1570598220,0.2815023492289428
1570621140,0.5107188869037993
1570635840,0.08598051534652403
1570654560,0.8022903146223811
1570670940,0.6190681111786905
1570695420,0.831246785232653
1570718940,0.6555517023051949
1570737480,0.9446328751703349
1570759260,0.852236769473782
1570778280,0.6381644115791639
1570792140,0.5517462650888985
1570814520,0.8369031433959396
1570830420,0.19645934602507306
1570845480,0.8545520662511025
1570864260,0.7176420501370002
1570887960,0.40556082060943816
1570901160,0.4381596760760712
1570917960,0.21996931718153512
1570940100,0.40177275941543616
1570962540,0.7208626262665063
1570982820,0.3542798880252821
1571002260,0.47998574632873364
1571018640,0.7579584380203033
1571041500,0.04250895446517249
1571057340,0.18328112791986015
1571070960,0.8680061196417732
1571084580,0.14607335811095076
1571098320,0.5041469464163357
1571110320,0.5453507525382552
1571129880,0.8717736218798415
1571153160,0.8939434812902781
1571172300,0.37183946650276833
1571191560,0.7578529432019501
1571215260,0.5614079082326376
1571239080,0.8583637194825531
1571262120,0.13665365159024334
1571287140,0.02279257652344792
1571309100,0.7654885551618056
1571330280,0.029275115242140923
1571349960,0.029872137032379013
1571370780,0.944356069527644
1571385180,0.11268079704788392
1571404260,0.5242939113770716
1571421780,0.4774583833840319
1571442660,0.8709101644577021
1571467200,0.7428947835253418
1571484360,0.797592452158484
1571507160,0.8058878137927448
1571528340,0.6501828141967598
1571550540,0.753527122172865
1571561880,0.7941451961858759
1571586240,0.15051649121678765
1571602740,0.7051209669628385
1571626380,0.12548438315085964
1571639220,0.21838968374117843
1571653920,0.8326737202636865
1571671020,0.6981939450981398
1571695740,0.9113548436455579
1571713080,0.14283621188385406
1571732940,0.05146953671318394
1571748660,0.07015249466530966
1571768340,0.6299080344328694
1571790360,0.5448949824926909
1571813940,0.21853245892770162
1571835420,0.06728558442695826
1571858580,0.7454421797686955
1571873580,0.5222308241938024
1571898180,0.24625449635548816
1571913420,0.7875261546680994
1571931360,0.2468901747951884
1571955480,0.4507983853657813
1571971020,0.08602574872831499
1571988540,0.7118375895741734
1572009540,0.9060625601032388
1572027120,0.7916583203956429
1572048900,0.8603494624583663
1572067260,0.8712742501831482
1572078480,0.680115305486901
1572098400,0.49319970775523236
1572110280,0.3507612601964559
1572121500,0.8420504448223943
1572138600,0.2093928813131663
1572152880,0.5599655694602894
1572176640,0.2140204957619207
1572193200,0.2342543232512014
1572204480,0.027756498680555023
1572225360,0.6313252696994166
1572249780,0.07755371886661241
1572267900,0.8628435297255184
1572292920,0.3403371030085626
1572314700,0.9168295860923563
1572332640,0.14473708268278568
1572351900,0.8326730622051945
1572376320,0.8430463059021652
1572395760,0.32833681127874526
1572420420,0.8811303265898804
1572436800,0.5148708324489888
1572453480,0.11343766444331328
1572474000,0.33774195146423897
1572496680,0.3182049678955013
1572514680,0.2582555558332611
1572528660,0.9202146861436669
1572551280,0.47992990119202394
1572568140,0.17565083077638363
1572585240,0.5235398092589247
1572598680,0.14965293656336515
1572615300,0.8926375344085598
1572630780,0.7997851230199238
1572652080,0.5000496436991609
1572664320,0.20836450518036911
1572684900,0.6709591874231052
1572708180,0.5562277373039729
1572723960,0.2618254837492884
1572739200,0.7491534529792591
1572751440,0.3835387486175239
1572774960,0.38238171209166366
1572798840,0.09726339465236757
1572818700,0.2851178100417976
1572843780,0.27290867689768894
1572864120,0.5997008537415397
1572877500,0.8977700100068292
1572889020,0.5642465289873437
1572907140,0.8719265686174973
1572930060,0.4201073720577024
1572945780,0.11289025158378013
1572961260,0.25747264831185446
1572977100,0.5826468109544521
1572990900,0.8912625914913949
1573012800,0.8520769643733098
1573031100,0.4794121168075573
1573043520,0.10159312272373795
1573059000,0.305213510830896
1573074900,0.9047244075284614
1573099980,0.4738724506579983
1573113780,0.5073987720502103
1573126860,0.3638159090886837
1573138560,0.7821055393686909
1573154940,0.75934026694414
1573174800,0.9174291148859244
1573188120,0.41983627566060255
1573211520,0.2056293388388177
1573233300,0.6510077121794468
1573251480,0.3958430837619667
1573269840,0.9402061594799256
1573283760,0.07385339161407962
1573302000,0.8054048827344369
1573320720,0.8184715982843811
1573345320,0.8086306356317567
1573370100,0.05839053809251573
1573389960,0.46038663630184956
1573408620,0.185371549713226
1573425000,0.7997876573228785
1573449000,0.33098723205932074
1573461480,0.2126865356593996
1573481280,0.731271054041663
1573499040,0.6965106669746858
1573523640,0.3363869644881774
1573545120,0.8806188549502642
1573565820,0.7746856714601397
1573582860,0.31835079766050034
1573604760,0.22043001168637213
1573616820,0.22016778922997732
1573635720,0.9115097561749106
1573656840,0.019990133013475034
1573669380,0.48990674318372285
1573689000,0.599619584905733
1573708740,0.908573693014355
1573730100,0.6878678960876088
1573754340,0.10572056760409634
1573778880,0.7506001649320794
1573801260,0.8257607891493394
1573824180,0.8874702476856403
1573835400,0.611093385564011
1573850100,0.3616713425240198
1573861080,0.4124582889669287
1573885080,0.07876221095099298
1573898400,0.9100733486939295
1573915800,0.7024723052031419
1573926780,0.19576295443878056
1573945560,0.8569692823956903
1573956900,0.7057477175264318
1573979580,0.35740305429423536
1573993560,0.5060029114427599
1574011260,0.4199773775153738
1574025480,0.9208709935970133
1574037600,0.7228795182461907
1574060400,0.9016448379868199
1574073300,0.031436184162294975
1574091900,0.18463031284470588
1574111820,0.8961943370755358
1574136000,0.6301099470434176
1574146800,0.06658665937106524
1574163120,0.6007215091911173
1574178720,0.6668154868968889
1574191800,0.7949899387373278
1574209140,0.8646770865832585
1574224320,0.3087748743024924
1574238060,0.5302453094962567
1574255520,0.732650963956723
1574278080,0.04024166012773352
1574293020,0.7117585555138547
1574318220,0.8232566896656736
1574337360,0.24854549986320487
1574348880,0.7974471868751183
1574368140,0.8726586946441334
1574385420,0.911427340344673
1574404860,0.9404301728292762
1574421240,0.31484794677771344
1574442720,0.8589658959322866
1574460300,0.8452624298234388
1574483820,0.21883067459926797
1574504940,0.7736943963142942
1574528400,0.21519095439953084
1574544900,0.19982677712950625
1574562540,0.18637569951628702
1574585520,0.6011688569840246
1574604000,0.40017508985960193
1574618340,0.5840258708385961
1574636280,0.2708279633073663
1574652660,0.8534945660252313
1574665920,0.08856763660490626
1574677080,0.8700156709317294
1574688960,0.8754132572372947
1574702220,0.8763830240529044
1574725620,0.17492735308190444
1574744520,0.3080043734517616
1574762040,0.8072317706973019
1574782500,0.9470512625852459
1574795940,0.9283200061988063
1574807880,0.20328622977882788
1574819280,0.08996249346241404
1574834880,0.8647663304774542
1574846040,0.8846345836277583
1574861340,0.698492500242469
1574878740,0.05624026401367046
1574890620,0.8494336396660251
1574910180,0.23618689542733196
1574923140,0.4731032226699396
1574947980,0.25367777360650057
1574961720,0.4317883707539417
1574984160,0.12263502530144567
1574996040,0.8622924887606276
1575013020,0.6022674247403604
1575024480,0.3677436607026624
1575044220,0.32113925716537806
1575062400,0.029761359031202153
1575073500,0.49250250205937657
1575097440,0.5722229889498186
1575110700,0.8859728890530005
1575125820,0.21100585717891604
1575143340,0.43452086849578503
1575158700,0.8766537206176512
1575178560,0.8317827838675989
1575198240,0.55843309488874
1575219420,0.8135971391464738
1575239160,0.7078771436007093
1575264060,0.1815741279716382
1575280980,0.256319913829054
1575297300,0.9620312535847297
1575312840,0.9359987559308831
1575329640,0.6082585519934129
1575345660,0.2236347456514053
1575358620,0.5063073132215596
1575380940,0.1778850660710549
1575396000,0.2587996534699681
1575411180,0.07143889359177691
1575424860,0.6686327821705694
1575435960,0.18495675203706682
1575459360,0.8692810798308931
1575476220,0.07424470413020369
1575496560,0.21106060981704017
1575516360,0.3521377466718894
1575539220,0.8549050560826229
1575558720,0.49936212366168353
1575570480,0.10180752410394071
1575583020,0.9071981939446195
1575601140,0.8900678190568033
1575626220,0.28281287886211803
1575647040,0.5921596233226383
1575666840,0.6933104200133262
1575681000,0.28626480285903444
1575694680,0.8083206727751107
1575713640,0.3252560485697544
1575736860,0.8872367597702013
1575748260,0.8500776794583244
1575766560,0.603417947936274
1575787260,0.8706269208688258
1575807720,0.853029378291055
1575827760,0.6695421662379589
1575844560,0.2675783896836184
1575865260,0.7462364693480906
1575883980,0.10889813817439023
1575895380,0.23998496587167065
1575913740,0.5915096239188041
1575932880,0.8799549673921521
1575951600,0.18702067121435478
1575967920,0.2827518094556502
1575991320,0.4253727446429967
1576005660,0.9273867197440413
1576021860,0.7050210616815572
1576039440,0.2698283751327791
1576058280,0.7262596827093992
1576079760,0.06976408498013285
1576101420,0.6851039590010998
1576119780,0.6326302373622755
1576144800,0.0943294495557026
1576169280,0.2738648575599163
1576184340,0.27447378883944956
1576197660,0.5088023053518349
1576214520,0.8696626808003978
1576232760,0.6178967385138765
1576254300,0.04381465216930043
1576269180,0.8759284321210065
1576282620,0.1665549805092986
1576295580,0.34946887815928457
1576307040,0.10407977843228754
1576325340,0.893911719923337
1576343460,0.08965627594060516
1576362480,0.8805413918753326
1576387320,0.7510291909614618
1576411500,0.8784893806575289
1576432140,0.7475636399429515
1576451280,0.5048628538865843
1576465680,0.6144775002647389
1576480320,0.8945318993713374
1576496160,0.7726017694971025
1576519740,0.7827806768597467
1576542600,0.8111304923364747
1576555860,0.7466850593462516
1576570680,0.7908590196438299
1576586220,0.8922245515680965
1576609800,0.9273150310167351
1576625520,0.939040453585042
1576647120,0.12393835054891385
1576667100,0.6697831763838339
1576682580,0.7013914579837849
1576704360,0.7665278831981618
1576726980,0.20284723389064385
1576740120,0.4299279062383456
1576751220,0.6280159517517785
1576768680,0.47866399148854094
1576788420,0.24487869357933628
1576812420,0.3513211517241692
1576833300,0.25396865296545656
1576853820,0.14222289708518315
1576877820,0.8706144275053548
1576898580,0.46975230675383395
1576922460,0.41191164178390216
1576943700,0.8417836055857043
1576962540,0.7987659019093953
1576981260,0.7022730429433083
1576996260,0.7523433719119301
1577010900,0.9201435997160468
1577026560,0.8001425505595156
1577041080,0.5029775390620876
1577059980,0.130088359233913
1577084640,0.07088968941444164
1577105640,0.31986488792043705
1577120700,0.4658721193949034
1577132700,0.7181815443384686
1577155560,0.5791121646215571
1577166960,0.6441196303843422
1577181720,0.8609068237715081
1577203380,0.11900252633427139
1577217780,0.8287509698775605
1577232540,0.7114869862596197
1577244120,0.793909579112699
1577269260,0.7845472367131656
1577286060,0.880384399446873
1577306700,0.371065216732909
1577329920,0.18226274559061625
1577355120,0.9517640355759845
1577372280,0.13668019260899056
1577395980,0.3350528702890818
1577416320,0.4827827806028934
1577439600,0.2011319879576031
1577451720,0.6420229480462557
1577474220,0.09533938869456869
1577489820,0.7989447895841895
1577505660,0.15594456134834125
1577524440,0.8614847818783489
1577543460,0.11348860600476596
1577554440,0.20824063688473743
1577578920,0.7304418075217315
1577593980,0.7751284098227899
1577613720,0.7610549269333434
1577637000,0.7227566189961121
1577659980,0.2892094660415458
1577672280,0.547453119425756
1577695140,0.7055381937537444
1577710320,0.8611570341112847
1577730840,0.5272041978735481
1577752860,0.6431521903783574
1577767140,0.6231877464711946
1577781960,0.874156881130668
1577795460,0.6602777619178478
1577819640,0.8136318833295496
1577840700,0.797286561346933
1577854740,0.7976685881791052
1577874240,0.6916698566624522
1577895060,0.3114115621073115
1577911140,0.4521805612012618
1577934300,0.9315940277231013
1577947560,0.8002484023741749
1577966700,0.5297916932930348
1577989740,0.02621048815055095
1578014760,0.7412055598526576
1578039000,0.4949746694583279
1578055080,0.85536297443158
1578076920,0.2474680970459826
1578094500,0.5760693511385808
1578105900,0.7858499060261291
1578129480,0.9224858445227335
1578147840,0.28657590479863804
1578163320,0.5343973573965957
1578180660,0.05586302360694832
1578203160,0.8434991259366245
1578222900,0.8007010846901613
1578245640,0.8730783981623718
1578269280,0.5170142574559885
1578290160,0.5727135219613287
1578304020,0.3954435312951128
1578324060,0.08468796139247196
1578339600,0.8781873513150926
1578363720,0.9167035734800273
1578377160,0.2304992956472558
1578397080,0.8961792254610698
1578417840,0.9032404456028956
1578441960,0.1506914155566312
1578466560,0.18900162173415552
1578482700,0.5874369385816797
1578493500,0.8289621594156527
1578510720,0.8672525173759259
1578527400,0.8833441841093029
1578551880,0.929571158355885
1578565740,0.6986595879371766
1578586320,0.22402075967384721
1578604320,0.8208663733681204
1578625020,0.29310659461257266
1578638220,0.4091630609014726
1578649920,0.7351999997001554
1578665400,0.9078435063334435
1578676860,0.8530825327897499
1578693720,0.20149731839607704
1578716160,0.6491353231659148
1578729480,0.5297114871979407
1578750000,0.2908059314131317
1578763500,0.6877386922486103
1578783600,0.29950642239063163
1578807600,0.15809690384778377
1578823200,0.3919729825198507
1578841800,0.8515406096022569
1578860280,0.8825243305630318
1578877320,0.04042929409970919
1578895560,0.9200206009808981
1578912600,0.3028785780170813
1578933660,0.21914801100748743
1578955200,0.24430328939877702
1578974460,0.8745094927907631
1578996000,0.7954248946063878
1579013040,0.8472102830804328
1579029960,0.15292754725288588
1579051320,0.9575192232819782
1579063680,0.10185431378502428
1579087320,0.10957309432042459
1579103040,0.029996723985811855
1579123260,0.23421004792206396
1579138680,0.23665153387078375
1579163640,0.1882168998770072
1579177140,0.08021627185359421
1579190340,0.8015156694703763
1579210140,0.9017742410187294
1579230300,0.8702089838069129
1579252440,0.29498777549391586
1579272120,0.24608783287719052
1579293420,0.8137701582387443
1579305000,0.25391825864185696
1579320000,0.6232702661736879
1579332900,0.8604639507376537
1579355760,0.6404262785027269
1579380900,0.06177841367671374
1579394520,0.8632549046319798
1579410000,0.7515574599586822
1579426560,0.8600393168223589
1579440660,0.804635281140827
1579458420,0.7330079384268166
1579475760,0.7908957172725859
1579490640,0.8480311344431665
1579508640,0.8998870687538446
1579529880,0.3182574791308571
1579553160,0.8007757147832726
1579577880,0.6978495656693852
1579596480,0.41078204026239296
1579616220,0.13644984492873985
1579632780,0.02263022144367152
1579654440,0.7961932816736537
1579678980,0.7451626847329212
1579689900,0.8722947414219726
1579713900,0.6928965138091155
1579728660,0.14569775884867558
1579747920,0.7732421909944435
1579760760,0.565729726165847
1579772160,0.6235752004857881
1579792320,0.713992774821154
1579808220,0.7164996217799592
1579831500,0.30401397790996676
1579853580,0.3116713813397678
1579866660,0.8941005686341121
1579880580,0.497253923488088
1579898100,0.2882222445457489
1579921200,0.21420191300246336
1579944780,0.16046491915806496
1579965000,0.7643294349128537
1579984440,0.12198535793377539
1580005080,0.4796435833786088
1580029560,0.7173780417597225
1580054040,0.3118836888500654
1580077560,0.7496645723584876
1580102280,0.3460934156989935
1580121600,0.4721107678895675
1580137200,0.30943781580656615
1580152980,0.7887696542282394
1580165880,0.3072674603134258
1580189940,0.7235760783351488
1580211420,0.7707376274692929
1580226900,0.4879485367585088
1580249160,0.7945018210632188
1580261160,0.6082229221599796
1580276160,0.039843230465439534
1580291760,0.8698606268815495
1580308800,0.7902203618372191
1580322420,0.03883127288054487
1580346240,0.6422965500017371
1580369820,0.6389856136143097
1580383140,0.8068328631999585
1580401740,0.9093889103620185
1580414040,0.38182634997557335
1580432580,0.5925300380999492
1580457780,0.238970081472359
1580479980,0.8217314591314251
1580490900,0.4162260024487808
1580512680,0.8643018833704069
1580526720,0.4110497183819219
1580546820,0.27795798189867627
1580557920,0.8283187535832277
1580573940,0.5444008709418787
1580591640,0.26180889308758143
1580602740,0.8708228886258397
1580624160,0.9099672193140688
1580638320,0.33137462605105455
1580661420,0.6426401914282958
1580674140,0.3346960877556671
1580689680,0.8564059601882398
1580708160,0.8616497094228788
1580730660,0.34765793287886987
1580744700,0.820196770790252
1580764080,0.7152823779339522
1580783580,0.48192956562328243
1580806680,0.3760925576589951
1580824020,0.8996939956707508
1580848920,0.9532809346800203
1580863740,0.8994840658647134
1580879220,0.7785761284238927
1580902560,0.87786755247511
1580919900,0.36054909799644236
1580934720,0.5782460432831977
1580955060,0.8155872997653242
1580974440,0.7020753164687703
1580989020,0.32219628531169503
1581000420,0.8894572970466602
1581018720,0.7815226495927875
1581042900,0.2220186193532704
1581056400,0.6016270849172334
1581070020,0.2085396138022964
1581085860,0.8299560462608713
1581106800,0.9438098111624382
1581129420,0.40442147992862654
1581141060,0.8460187499434623
1581155220,0.5264447602883747
1581174300,0.0893114022884939
1581195720,0.7909699604786475
1581207720,0.6082359388035876
1581219600,0.18850759390934438
1581243840,0.7877796335104091
1581268740,0.6353739047006742
1581289680,0.4904646701221446
1581304680,0.5159746737715661
1581326340,0.7464284287571812
1581338400,0.24343230231336158
1581349800,0.44415307333312326
1581369420,0.26102646548533937
1581386100,0.17080198541800123
1581401760,0.9080663545362714
1581421680,0.7138459616117386
1581439080,0.8827840578690124
1581453780,0.24506640439362246
1581478980,0.3690627432789353
1581501360,0.0787008056481753
1581522540,0.033082142255228784
1581542040,0.4625957291409783
1581564360,0.5092797954441998
1581578400,0.7836976866061334
1581592140,0.18167236905288173
1581616200,0.7054705203324396
1581633000,0.881026702504964
1581653700,0.2560177615394963
1581678600,0.895619016564655
1581693180,0.026610732883046703
1581714840,0.4074820957149657
1581730980,0.7635634670598253
1581742740,0.8783264599444669
1581763800,0.5043115146873764
1581780540,0.8630829649348735
1581801120,0.42396948428009507
1581824280,0.6841838609459302
1581841680,0.7508008061059662
1581863340,0.6226274440662175
1581884340,0.9095706718614478
1581905280,0.610688563108166
1581916980,0.722861962787562
1581931560,0.24587586541119677
1581945840,0.9364583493201623
1581958080,0.09355671471974653
1581976200,0.6546551898776014
1581997500,0.8072251913578515
1582010100,0.8413158509984437
1582031940,0.49091284125585377
1582056840,0.8066415364127102
1582078440,0.04891849187975514
1582098900,0.9310866960791511
1582116900,0.7199312523209596
1582132860,0.054995672315012095
1582143960,0.15350929081565742
1582162500,0.035168117824399006
1582175640,0.8967199234576513
1582192980,0.5559967376397651
1582213020,0.27780357164028013
1582225980,0.3033669817493847
1582248840,0.8933910128505581
1582272060,0.9160075043688085
1582284900,0.08032488369112034
1582302240,0.6599903157502351
1582317360,0.41818049421729814
1582339560,0.30751282533652596
1582362960,0.30326320988161787
1582387020,0.5228058247498143
1582399320,0.288568158146894
1582411560,0.46871745352377564
1582431000,0.11859131556756736
1582453560,0.8365302984644328
1582466880,0.7165895196716272
1582481340,0.8252433584414767
1582495020,0.26945402159241394
1582519800,0.49690957332132607
1582532100,0.9255530528565311
1582545000,0.586088784920875
1582566780,0.25914373174892563
1582581840,0.30118069241617235
1582603740,0.5003524248450838
1582618440,0.7498614468323376
1582631100,0.4357918407152232
1582654620,0.7765695148044091
1582670520,0.7060916370734877
1582688700,0.49581947568311524
1582701960,0.2752481744234563
1582715340,0.7494889954560349
1582730760,0.1907427227968204
1582748580,0.8031069381811706
1582773720,0.20951279154848984
1582788120,0.22061239209314812
1582807380,0.8805194456068548
1582822500,0.9319075330872084
1582840740,0.4078996671841748
1582853160,0.2747894328537319
1582872540,0.7797709075395912
1582885500,0.16541186898065147
1582897980,0.8374117477700409
1582921740,0.7899609408449628
1582941180,0.7394138136904428
1582963680,0.9251934417336622
1582985400,0.43593035522845297
1583010300,0.82821950378475
1583021100,0.8387278582723029
1583037540,0.8682174987079633
1583051160,0.3508210714930564
1583062860,0.16547303734615826
1583087880,0.30659395847454807
1583105340,0.7117477645594106
1583123700,0.3263079568221682
1583138340,0.7062624680696813
1583153160,0.7106189931750159
1583174880,0.4790815133651101
1583195040,0.7777889054548542
1583212380,0.06250758387552903
1583229180,0.7293473434943356
1583252940,0.0694112981387526
1583264520,0.9017633033901565
1583289300,0.027498926911424727
1583303520,0.030429282348372753
1583319600,0.7151015421892304
1583333700,0.89432794931538
1583351640,0.7344027850764727
1583367900,0.23092178979427666
1583384220,0.3082660538159964
1583406120,0.7349137230346948
1583429340,0.19543404091583985
1583448360,0.25122160605148824
1583464680,0.07481226444494658
1583487480,0.4060251406834386
1583503380,0.580794943525076
1583515140,0.6259960025487635
1583532840,0.7940507350036667
1583553960,0.7174436666182061
1583568300,0.7489728069199829
1583592900,0.19258875964696967
1583617080,0.1960840339436468
1583628660,0.7505546003729432
1583645340,0.8437523387520105
1583670420,0.8715762998763582
1583686320,0.8121024304978548
1583706300,0.8547204845487675
1583728920,0.8069636410584391
1583741880,0.39220429780268434
1583761740,0.752375656018242
1583777520,0.1395985515497695
1583792820,0.14722382463965866
1583813940,0.9387772867884916
1583833560,0.2762824582143051
1583858700,0.8093902504943882
1583875260,0.20674355456899302
1583898060,0.3952301307346111
1583913780,0.20723768316247723
1583929800,0.11013381193872719
1583947740,0.41259552017393974
1583965980,0.7479735394651722
1583984820,0.880799851008892
1584007440,0.38930528631640826
1584019620,0.31199157438912256
1584039480,0.6284740293030414
1584050760,0.11406425003331724
1584069780,0.8702247420475081
1584083940,0.5531803745007904
1584095640,0.8873086495361793
1584108660,0.10034384411860901
1584122040,0.9342804055678083
1584136020,0.702384176905464
1584148860,0.933591425441574
1584165780,0.1948862969457566
1584180000,0.3083137936385122
1584193440,0.19589980043649852
1584214920,0.1459745042549789
1584230880,0.14555135672079902
1584250080,0.1992478708004665
1584265800,0.7017087398737339
1584283920,0.7733451725728209
1584305340,0.861962048875794
1584324660,0.11903731302115621
1584337920,0.06742434778847195
1584358500,0.5703481583781135
1584371820,0.05807477262213486
1584387300,0.09332649690708808
1584407520,0.1220701298697126
1584428040,0.30115425281045477
1584443400,0.7902947347474261
1584457080,0.6143056133332256
1584475440,0.8003785080741413
1584494400,0.5584803702707364
1584516060,0.858713203021733
1584529980,0.7565157588915887
1584553140,0.5891180785254264
1584564840,0.6420643669286146
1584584880,0.8694285778190542
1584609180,0.9063820486628127
1584631920,0.7892592274457474
1584656580,0.7422409733598175
1584679740,0.3521245521188444
1584694560,0.4966071952631257
1584715380,0.49139407311705097
1584729060,0.8233426799554988
1584740880,0.27040952753505443
1584757260,0.7715038939314565
1584773520,0.14446099449498429
1584796560,0.5650382660611163
1584810960,0.4972265775276508
1584829080,0.41083990790194264
1584852720,0.781920691868298
1584874380,0.743281510911219
1584886800,0.8515780503779814
1584897720,0.7475913427235442
1584919440,0.7153887722183288
1584944340,0.8907320514502332
1584957900,0.7084959129594383
1584976320,0.2639609681910292
1585001100,0.2164064437789475
1585023180,0.8345824531252546
1585045320,0.5054231384736811
1585062240,0.20159405213383189
1585076700,0.8607022255694549
1585099260,0.8087053910305478
1585110660,0.7578789496521657
1585126140,0.3815273930242551
1585141860,0.7671045877443893
1585155300,0.4805101874049659
1585172640,0.22630561429623022
1585184040,0.6427657821195333
1585198620,0.7432558062967087
1585220100,0.7783983965974598
1585236720,0.7812360313739409
1585261680,0.8259381960715765
1585279500,0.16142732190896364
1585292160,0.7364207882350267
1585306200,0.5283193390355003
1585330620,0.9373547992167188
1585352760,0.8140609825420408
1585373400,0.781236843865947
1585387080,0.8327483270551085
1585405680,0.1813923824901782
1585425960,0.7931211258658993
1585445760,0.6917296152991836
1585459440,0.8007798937163284
1585483140,0.7596237982289604
1585494960,0.8502449919570618
1585512240,0.9156845648997871
1585527480,0.659996571924398
1585545840,0.8879937194097167
1585565040,0.08421190075389777
1585580820,0.42436216179391245
1585604940,0.585696799363858
1585617120,0.863817421758454
1585640460,0.9235434467187829
1585651320,0.6975766170513336
1585676220,0.5902008835260316
1585698600,0.2813197504478508
1585721100,0.7353845696216973
1585733460,0.13489754756673206
1585752120,0.9476587263546903
1585772520,0.8491465046995399
1585788780,0.7779001927532477
1585807740,0.7976408691741192
1585820880,0.7263855436013723
1585841940,0.8888316573622032
1585852860,0.7559678458122148
1585870080,0.2588002073530656
1585892820,0.9261068389485776
1585916640,0.39190655512896894
1585936800,0.9088398853876145
1585953600,0.02085780889054703
1585968480,0.842655249579577
1585992780,0.7995365911336184
1586005380,0.8235861263016448
1586024040,0.7134053927899549
1586035140,0.2514521097711672
1586054400,0.19546323201035992
1586072220,0.2679582637265978
1586087220,0.6392750692229724
1586101740,0.4058513197695117
1586125680,0.4838958115924043
1586136720,0.05689261609767845
1586148540,0.76920946021901
1586163180,0.032955853669032115
1586181420,0.4823236568603532
1586204880,0.6326653256352132
1586222760,0.6378606202302672
1586246820,0.34037555747811604
1586267820,0.6088003429934159
1586278800,0.20379091760169174
1586292660,0.6976387755828544
1586306700,0.773900091807702
1586326500,0.7455759570821714
1586342280,0.5499719889754368
1586356860,0.8642446018572042
1586374980,0.8108243102307119
1586391900,0.1781503621288871
1586414100,0.6352047764776388
1586428320,0.8231552874479233
1586442600,0.19839003809488115
1586466000,0.8923962212077968
1586482620,0.5212026314616465
1586501280,0.49742202335213986
1586525220,0.9116054934428935
1586536260,0.2703487432914254
1586556300,0.027071861805740373
1586574480,0.3150223848182258
1586591700,0.685019320784636
1586615520,0.5700408422833976
1586628420,0.5845643755926317
1586640840,0.6648238887462029
1586661360,0.6725566900007489
1586685060,0.887923294617478
1586700720,0.9176136772110347
1586721780,0.681643069865365
1586737320,0.8374345326756777
1586759580,0.5251157102841185
1586770440,0.6660984557654348
1586792520,0.060556850475084446
1586810640,0.0733621429040614
1586821920,0.9049063503603602
1586835180,0.9163658200268966
1586852280,0.38196944165634805
1586868720,0.9463431641133904
1586892300,0.9243952549708747
1586907300,0.06260345507626475
1586928840,0.7388489928328322
1586949840,0.6895640699704281
1586972220,0.2019095294108754
1586997060,0.2793336231382538
1587017340,0.8923628564544459
1587032760,0.7384535682511707
1587049380,0.019680296652281142
1587063840,0.1475273395951896
1587087420,0.445347069741646
1587112380,0.131059843401662
1587125220,0.798951676043203
1587143220,0.6820481074104511
1587167100,0.8683170454851504
1587178080,0.4384788551785451
1587201600,0.7448266913335294
1587222660,0.8483944459568494
1587240840,0.40287192708211594
1587258300,0.7845355177439772
1587278160,0.5855951649722297
1587296700,0.7595440946077754
1587318480,0.801459822232325
1587333900,0.4833892672431777
1587345000,0.4778016090594734
1587366240,0.1322608834784817
1587379440,0.8899469176585071
1587400080,0.018444861137370178
1587423180,0.7655211894925915
1587439200,0.8268635319404728
1587454380,0.4842052250374472
1587471420,0.8841968249113407
1587488160,0.6127134018040319
1587510780,0.8757497413431158
1587526740,0.8839473257249926
1587548040,0.83963804505091
1587561480,0.016722377685014094
1587573120,0.6701035024594383
1587589260,0.14561755703781834
1587606120,0.6336228905653633
1587622020,0.7922510162425052
1587636300,0.24040975842409168
1587657000,0.886403454901377
1587674640,0.9073281088190217
1587699780,0.1133909068627805
1587716580,0.6238849251292649
1587734700,0.8888563698044017
1587751080,0.9190151972106647
1587774960,0.8098814855774601
1587797700,0.8576595556861872
1587809580,0.21702886421667109
1587827640,0.29772481258832445
1587842460,0.3253603772847299
1587862920,0.7248307294732386
1587887040,0.6499904697943363
1587900960,0.042627794104635984
1587922980,0.27044308643811665
1587938460,0.0586342475737912
1587951180,0.18608169646489003
1587969120,0.3839884835256739
1587992460,0.18333236738187866
1588012500,0.8918242244032754
1588032180,0.07423469367194765
1588049520,0.49062387905657756
1588065840,0.5917922664273921
1588088580,0.8609408681851022
1588109580,0.07387044293235553
1588125960,0.8840925621194307
1588140360,0.7949605029902814
1588163580,0.3099758903728318
1588179000,0.8256885680629538
1588190940,0.5412520989918601
1588209000,0.9216673314736843
1588222980,0.8653967655714021
1588246800,0.5007053964640303
1588257900,0.3926590815541541
1588280040,0.6921785518632141
1588304880,0.22976149264231002
1588318980,0.40698198556776105
1588342920,0.84888933405286
1588358640,0.8466272583422876
1588383060,0.05943209739552745
1588400160,0.6674205855521783
1588420740,0.5544318424184168
1588436160,0.4874242749876893
1588454880,0.3941657044426318
1588474020,0.8317157058772217
1588498140,0.7042872974842624
1588513020,0.8912060839543542
1588534140,0.6681717909526027
1588552620,0.888509469821212
1588572780,0.8935884092660895
1588587480,0.24220979984834387
1588598940,0.8943687286457153
1588612560,0.913312699897972
1588631400,0.26783545643409024
1588648740,0.45493790031555986
1588672500,0.6316613964809407
1588695480,0.559063686047427
1588712700,0.9401706452626304
1588734480,0.8916709592006786
1588755540,0.744240550775933
1588772040,0.04829575617023684
1588785960,0.8294816345198075
1588803240,0.8541467134485321
1588818900,0.5600443829629079
1588841940,0.8246069191846203
1588860600,0.8770848333871173
1588878060,0.26573262052772806
1588890240,0.12316883280322335
1588904040,0.9455709220076723
1588917960,0.5957140758533976
1588938240,0.141093148058916
1588960500,0.25862357091647636
1588972680,0.8696533241274335
1588983660,0.802574038959656
1588996080,0.9162341740299508
1589016420,0.4687410232357743
1589034600,0.8872499867390046
1589053560,0.21754571771532613
1589070960,0.7462053823677552
1589083560,0.18097595594259067
1589108220,0.8185205218577157
1589125320,0.18346754062577175
1589141160,0.5620178673371905
1589152200,0.22955795669690057
1589174820,0.19383987721826096
1589198700,0.30640035550945377
1589214480,0.9014600471311907
1589238300,0.5764156200892919
1589253060,0.3111286587320184
1589265120,0.9086580136391902
1589286780,0.01606797289702763
1589303040,0.6252011344982461
1589319120,0.7631027213369423
1589333700,0.9527428551419024
1589351400,0.6808528958914468
1589372160,0.8883538405806246
1589390820,0.5700477351001406
1589412780,0.6743415464407608
1589432100,0.8809071375071975
1589452980,0.9240705037829419
1589476980,0.2581946645693185
1589492520,0.316674099783295
1589512080,0.7516853893958853
1589533140,0.04603532959550423
1589552700,0.5691002242398079
1589576520,0.9128216849097898
1589598480,0.6333274606983257
1589613360,0.22655168432425898
1589627700,0.6932527717730357
1589652840,0.6838471413674073
1589675040,0.5577844597179964
1589689980,0.8613886921332614
1589715000,0.6635366150349664
1589727120,0.7629886550475485
1589747340,0.7361540526295437
1589772120,0.8994618507876176
1589788500,0.6548771412512011
1589804160,0.0979453997296587
1589828400,0.7909982185393076
1589844000,0.29780089042439983
1589867520,0.8820748148134225
1589887020,0.0829180238687549
1589911860,0.8442485875274336
1589923500,0.8102304343620504
1589942280,0.44997885202480953
1589953740,0.04716447317156022
1589966100,0.29250350719495877
1589981640,0.6698290474152443
1590001500,0.08030004815348138
1590021900,0.37475155183954356
1590039360,0.7745055982480343
1590050400,0.3053235237537938
1590069000,0.09611076639649838
1590084960,0.9105838477569387
1590106140,0.4787333442864428
1590117180,0.32583004684003103
1590128280,0.5192764962941054
1590144360,0.7026789909263869
1590164160,0.8199095007369104
1590180180,0.8656415282526334
1590204420,0.16325974481359123
1590215280,0.8419649788507872
1590237720,0.4336092243986203
1590250680,0.5300039616753951
1590264300,0.7009281776899966
1590284640,0.9016664464039017
1590308160,0.5981610770067192
1590326400,0.5614825233558632
1590348720,0.305506876104187
1590370020,0.7845837431023875
1590384420,0.32675611118397213
1590400680,0.3312049112782959
1590422400,0.852457789992828
1590444360,0.43057085956792407
1590464940,0.9211432189412351
1590489840,0.8807871329580824
1590512460,0.38322565394478897
1590525720,0.2523060709687339
1590541080,0.895903051894541
1590561180,0.8331230954924954
1590579480,0.40226006493954564
1590602220,0.9319773933580979
1590614100,0.7896885422261688
1590629760,0.8690383413849856
1590646080,0.7051436539594573
1590664560,0.8614724326576702
1590689220,0.6270276014159523
1590712680,0.3830670620573729
1590737700,0.16691758576212726
1590750000,0.8176197667362699
1590772080,0.6441260532498404
1590796320,0.7457411745666424
1590811440,0.4091359812626024
1590822660,0.6493329900698562
1590839640,0.7183177911612358
1590861720,0.05425978538933364
1590884040,0.4158868823717216
1590899760,0.5238156331307504
1590924300,0.7981688076147357
1590936000,0.6522713001401038
1590961140,0.49098130061817763
1590977640,0.6968904503275416
1591000260,0.6132270860323079
1591016160,0.8915479018684074
1591040460,0.49090152227226397
1591062660,0.3342569784501151
1591080960,0.17805219974614317
1591099440,0.2579530278556797
1591114740,0.8920725652451785
1591138380,0.1449040734681728
1591162260,0.15474006160243473
1591179720,0.7698394613042037
1591195920,0.19289147843470908
1591209000,0.5982125380404016
1591225740,0.7563591810205637
1591241400,0.7789931502444836
1591260600,0.12999664872793285
1591284720,0.1900227314964448
1591306440,0.8713975816184125
1591321920,0.08191960167478124
1591338480,0.729988353836742
1591353840,0.5625369368840131
1591366860,0.7371423654123173
1591378260,0.21345980136004108
1591395120,0.29891192143788703
1591417020,0.8710326662119297
1591430880,0.7779775927470045
1591449360,0.040346862922315464
1591462620,0.3708579247789074
1591478520,0.19277929998074686
1591502520,0.39113379699301043
1591527360,0.8847158802927397
1591542540,0.6422441530516134
1591564560,0.1668412135365038
1591583880,0.03657401580116437
1591604760,0.5806879103107375
1591616160,0.7951068094682837
1591630920,0.6698394793816107
1591642260,0.14385989864694426
1591656720,0.6441822380393311
1591681800,0.38857526779222323
1591696140,0.19810185332848007
1591711980,0.8323142137029761
1591725900,0.054593455498848004
1591750800,0.31331253949675125
1591767420,0.5573673333527887
1591780500,0.8674295266073111
1591791900,0.3129260530862942
1591807800,0.7108486157245807
1591830600,0.4536900654001816
1591852500,0.8010817127086083
1591874460,0.7312194848485161
1591885680,0.8887200246443085
1591905420,0.8470472866678944
1591920780,0.19734078940871297
1591939980,0.7733232510197764
1591957680,0.6017419356812779
1591979220,0.5841349000429281
1591996920,0.9439460776415272
1592010360,0.1276899416387479
1592035020,0.14409002914014965
1592051040,0.5620821911850914
1592074860,0.7281436736695931
1592091660,0.28052148556721235
1592115180,0.6464601159397754
1592127840,0.33027699231415103
1592138640,0.6833622855165589
1592159040,0.7659187529468787
1592180580,0.7117330660248581
1592199840,0.2991853448205161
1592217660,0.050447313975246384
1592230800,0.6090403160401151
1592252160,0.6375102051350083
1592276220,0.3825081173409632
1592300160,0.4770189416931979
1592312220,0.22389980990117003
1592325780,0.7986322330193545
1592342340,0.8834538959933846
1592354460,0.5116822000089687
1592368260,0.312055034971902
1592392260,0.6677167588315442
1592414760,0.2676837589615751
1592435520,0.34907488501669853
1592449140,0.32377946031108373
1592468220,0.33895437205009493
1592480040,0.5038180724489454
1592494680,0.2536562338058771
1592518020,0.6073535176975001
1592529420,0.22177373057250255
1592545800,0.3370748181885757
1592558820,0.9637934081538669
1592581080,0.7310777812242756
1592599320,0.8612680843359666
1592621040,0.7275820741199679
1592641620,0.18127756190479102
1592665740,0.2732684133232927
1592690100,0.7365189448451831
1592706180,0.7732877978910953
1592729280,0.7576847487260842
1592752320,0.49092073272189907
1592771100,0.7631553031217909
1592782560,0.6167835088383558
1592805960,0.34810622174680383
1592829420,0.5771567320071872
1592844420,0.42617271018682407
1592862120,0.8163430681214566
1592874600,0.8571648229598584
1592899440,0.41956650875990753
1592920020,0.24502641751169293
1592943300,0.49614579272776194
1592968140,0.7402939926860992
1592982540,0.8189523916841877
1592998020,0.8879908519623644
1593022080,0.23804923171916179
1593041400,0.5806188408795234
1593060240,0.8939185885008677
1593079920,0.33313040347528156
1593105000,0.7980558654734977
1593117000,0.9091461152830583
1593130440,0.7617471246147353
1593150720,0.31807934322982256
1593173160,0.3879252863651103
1593196020,0.32921318649797765
1593220680,0.7512358809853892
1593236160,0.6577246836346576
1593256260,0.7347339296513755
1593267180,0.3689316279728949
1593278580,0.8792065987826577
1593294540,0.6430021620151248
1593311220,0.7550226341388439
1593328380,0.8540025953297808
1593340380,0.7937311009798209
1593360420,0.8819240544693413
1593381000,0.575840124250832
1593394500,0.8541060147304855
1593406920,0.6239018358551065
1593418440,0.8047456322295279
1593435540,0.2675944649861063
1593459960,0.23424454760175042
1593471660,0.07856399758486361
1593490920,0.7709741487652381
1593504480,0.46895774316635974
1593521820,0.810409615035623
1593538080,0.606121774331565
1593560820,0.6337808875258615
1593580080,0.7922977248448504
1593592200,0.7848596479151769
1593613380,0.8550021198046833
1593634680,0.19605611694603484
1593651660,0.666588613912856
1593675300,0.6158338412845069
1593699720,0.23937485655460292
1593716580,0.44293716446921494
1593737580,0.8404267418112321
1593754500,0.43686931639977433
1593777120,0.873293464770313
1593802080,0.7964232449684414
1593827100,0.1910675758457801
1593840300,0.11055841189496053
1593851640,0.2751353934517079
1593872160,0.4432413585607834
1593894540,0.25101356402650526
1593912960,0.8158257528618883
1593925440,0.7454917742087209
1593943920,0.39262940603202134
1593955620,0.18365275987851634
1593976200,0.3668944258481558
1593990240,0.8721929641511469
1594009920,0.9493978332052753
1594030980,0.34980807363806105
1594053660,0.8116234454190745
1594068240,0.647699802405304
1594084140,0.8593702315326244
1594106580,0.6394081053257897
1594127460,0.9312839721152546
1594145100,0.9134107169886714
1594162680,0.8907936721131661
1594177320,0.7673820146176585
1594201200,0.7031146608923683
1594214460,0.8332127520822936
1594231140,0.7006528621194601
1594253460,0.501032264871722
1594264440,0.7846489297978277
1594289340,0.7103758957152293
1594304820,0.9530413367239228
1594329000,0.8921225895547733
1594350180,0.14354512316416493
1594373100,0.16454635095487402
1594392540,0.26701741203130114
1594407180,0.6990072386293413
1594425180,0.6519093578420159
1594444200,0.7738288794072934
1594458420,0.3880222666216647
1594480380,0.5177271673485633
1594492560,0.5380876698731526
1594504560,0.492590891355735
1594523160,0.4583715464990443
1594534380,0.2438088051575129
1594551120,0.6494998094510845
1594563600,0.7053402391618362
1594574640,0.8885329349346476
1594595040,0.7650704374446785
1594618680,0.5857103536534777
1594641540,0.486002644225275
1594659600,0.1466897932648422
1594681980,0.2153372468554048
1594706820,0.23894409439529274
1594729500,0.8882782448251652
1594743300,0.9000683148635089
1594763220,0.0836561211578782
1594784700,0.7965499232531146
1594802280,0.18798128983933002
1594822860,0.8612850220328195
1594841280,0.6790721144911644
1594854120,0.6072857969420441
1594876560,0.6374676495723709
1594892100,0.8754329073010874
1594914240,0.26826028400273993
1594936020,0.8744341865012492
1594960440,0.9023718301412057
1594979340,0.7072263540790091
1595000880,0.871299564232943
1595015220,0.7788842502661174
1595033700,0.7317162628829534
1595057880,0.7736366643308974
1595081340,0.6505688431402368
1595098680,0.31241835863299405
1595118540,0.6315315150882361
1595142000,0.792310753511357
1595161620,0.23241842850983127
1595180100,0.23917688339699614
1595203680,0.808596596104109
1595216460,0.22562229430012198
1595240400,0.6935126864370322
1595256720,0.22345532809019542
1595277420,0.4435329555961885
1595296020,0.35702924118617363
1595316600,0.9105934159771641
1595333700,0.9010096722249937
1595357880,0.4717806461266472
1595382420,0.7833377652018587
1595401320,0.8921894184293069
1595420520,0.6425877981686416
1595443860,0.10180144464060609
1595465400,0.24933085097412352
1595481660,0.8132866597947378
1595492640,0.9254820831924792
1595509860,0.2971803296487342
1595534340,0.4723990030826506
1595555580,0.8302550556166064
1595575140,0.616382882432902
1595599920,0.09782457643565753
1595623260,0.3964654472251867
1595647080,0.9215385966617267
1595670240,0.6863434435299729
1595694480,0.582208634585703
1595706780,0.8572819600218107
1595727480,0.04744816436782268
1595741940,0.5657488636719502
1595766780,0.46254236460573733
1595779560,0.21361163973696015
1595793840,0.7788267362897262
1595806980,0.2479428488204007
1595829960,0.16563687053737844
1595845080,0.3740154472446843
1595857320,0.7776986378978075
1595873040,0.4566866327099405
1595895420,0.696727876683558
1595913480,0.3712254916729436
1595933220,0.8493814283943769
1595956680,0.8776257437703129
1595978760,0.8935059500038254
1596003120,0.956221393809093
1596019260,0.22368654063800938
1596039720,0.354564913194155
1596056880,0.6521750711572386
1596068640,0.5115734413751418
1596079680,0.32914149294908396
1596096420,0.3607417022215323
1596109800,0.8464638878058967
1596131160,0.7371912746625658
1596155820,0.28026964876145255
1596179880,0.3662292617631933
1596202560,0.6375765903051428
1596215520,0.6293831368908483
1596234060,0.5100931591874592
1596258120,0.8927471979136198
1596270600,0.5205789960364295
1596293700,0.23446093855156913
1596315540,0.7363117949415716
1596338520,0.47298743650220176
1596354900,0.4211980512912968
1596375660,0.18599611312412834
1596393900,0.6039267720538247
1596414180,0.8440019838306428
1596436260,0.8853623349263298
1596458160,0.5785749531866198
1596475680,0.8270020579539827
1596495840,0.13569769207057933
1596517320,0.7020494174940077
1596536100,0.882242390042531
1596554640,0.2862744245723332
1596574800,0.4227195060236384
1596594300,0.06556671850578746
1596618900,0.9144435367789726
1596641580,0.6953957426818864
1596659760,0.678703269229785
1596681300,0.4170683363429503
1596695160,0.8800348238116694
1596706320,0.13532227577214925
1596721740,0.6358851002933795
1596734340,0.3323219579679342
1596753060,0.063084642769641
1596777420,0.09450566117196885
1596797280,0.9254276175170119
1596808860,0.93039007077453
1596826320,0.0773975537560679
1596846420,0.7623618329523439
1596865560,0.6601385875533439
1596880320,0.6035521175454336
1596904320,0.8129442769612047
1596920640,0.8071926318203503
1596934800,0.2839271433270843
1596946620,0.6573423966669675
1596962520,0.4908070933310624
1596981600,0.5538478791141667
1597005360,0.95828945696559
1597024800,0.691916928855569
1597042200,0.9121012782563985
1597062360,0.5592726426541941
1597084560,0.6015260203579367
1597095360,0.7498232741723831
1597108320,0.5814103252536877
1597124220,0.8323572983453158
1597145880,0.7695220386381745
1597160220,0.7200754275823981
1597178520,0.5676138604552534
1597192440,0.5852230424070589
1597205100,0.784268680963812
1597222380,0.7682299820651564
1597241880,0.9210363541649084
1597258500,0.6805189458694211
1597271820,0.05942863499809167
1597287300,0.9163251428967085
1597309440,0.8920143146950896
1597323300,0.8533407344600633
1597342980,0.09408891228188493
1597363440,0.7767338577401806
1597387320,0.2466902121181635
1597400520,0.8302480883650064
1597425360,0.4832847916003232
1597441020,0.7522629401293034
1597453560,0.9132095250301256
1597472040,0.6222344207812196
1597495320,0.7157910774925692
1597519200,0.6122217946739359
1597537560,0.4812519610096927
1597551600,0.858724561168086
1597564740,0.6886816579253259
1597585320,0.4027134800006265
1597610280,0.8467516986166184
1597625880,0.3232129386074266
1597647600,0.3830878591329693
1597669260,0.4903610173944468
1597685820,0.9435755136941699
1597709700,0.2804731551109599
1597721700,0.2587056695221733
1597736760,0.734533733909888
1597752420,0.3322462342168332
1597765920,0.07104764156969401
1597779600,0.7351219940295805
1597799700,0.6416837060762863
1597811580,0.8859822403281712
1597824540,0.7996859524239843
1597840320,0.40537963369456675
1597864380,0.2802051510591838
1597881120,0.8835361654544478
1597892940,0.7314535517538027
1597914900,0.7070516149636451
1597930080,0.8883472261408565
1597950480,0.5558944708825327
1597965300,0.42353125599864894
1597987500,0.18259967411663683
1598001900,0.7903789998930087
1598018340,0.8786854771710775
1598032380,0.34402483722499666
1598055420,0.17997728380415154
1598068920,0.7957213339170206
1598087940,0.8639407058855616
1598109780,0.3519850492042382
1598134260,0.8774496020659397
1598153700,0.6952950239966742
1598169360,0.9106134380322453
1598182740,0.747400746017777
1598194920,0.16388957611932756
1598212200,0.7395317411936089
1598233200,0.8887919027068055
1598250000,0.33460375094617784
1598262120,0.7497840361758302
1598280360,0.7923380615949371
1598293200,0.2704029857140639
1598315520,0.8660748529595858
1598326740,0.6536220438899655
1598350440,0.7418941278985225
1598369640,0.17985852128508145
1598392980,0.10309866582965187
1598408400,0.15888081268469045
1598426820,0.16207169230149876
1598449500,0.7912150872527501
1598471760,0.5806811267227829
1598485080,0.7171717182266749
1598497800,0.05499357029068023
1598522760,0.9216109218167622
1598541540,0.06848304860013497
1598565240,0.11051359868641962
1598589060,0.6604624715433663
1598606760,0.33599938969894655
1598619780,0.7413024603713635
1598639100,0.914164239617435
1598657400,0.33798632496932973
1598675520,0.7526914710712885
1598696220,0.7464601574890509
1598714040,0.8208032693074379
1598733060,0.6690580222504032
1598752680,0.7253508668467856
1598777520,0.6904158949958269
1598802660,0.31131993378003403
1598819760,0.2733209473090544
1598835660,0.7005481271192984
1598852040,0.9019068395757941
1598869020,0.7631368607143802
1598880480,0.869107243656112
1598904000,0.7072936590029999
1598917680,0.7984855242613504
1598936400,0.32724802363804895
1598947260,0.27161148294431736
1598966400,0.5612702564340961
1598979780,0.9200697467852428
1599004440,0.6384227278414757
1599015240,0.8705330845795647
1599037680,0.541315167770837
1599055200,0.7223147009303499
1599079620,0.22946155261405524
1599102720,0.201101126793208
1599114960,0.4272094998895215
1599133740,0.772315998358694
1599149760,0.8765023342393566
1599164400,0.45002686008931947
1599176820,0.44536922373937465
1599201420,0.8694472355273472
1599222660,0.7424581371282725
1599244980,0.35278296573976003
1599265140,0.2902687020396655
1599278700,0.7201187395709395
1599291480,0.4937331108987079
1599302340,0.32508570083230565
1599313140,0.6532484116385558
1599329040,0.8629193462936516
1599347880,0.20768230642103253
1599367920,0.7896299185627303
1599387240,0.219658617642818
1599410040,0.7576059010220332
1599432600,0.13551633349464431
1599443580,0.09530247050755401
1599463560,0.6801073693403863
1599474840,0.7573054773439785
1599486120,0.7893465346342162
1599504300,0.08335927429023311
1599525840,0.9312620880538918
1599538260,0.5568310934723297
1599554040,0.9304770034527866
1599565920,0.9188506376924269
1599587580,0.8660821417353279
1599612720,0.6174076207034905
1599633660,0.24255831443781578
1599655860,0.8233449415528014
1599679020,0.32600048452903085
1599702540,0.8648953096258846
1599717600,0.6545427076644812
1599736380,0.2166319770244952
1599753840,0.25690523226135226
1599766680,0.22269738639917633
1599783900,0.9694747218864217
1599798000,0.0817711339035285
1599815880,0.7771692727355495
1599829320,0.8312917864559183
1599845340,0.9122001453717733
1599866280,0.2781617438095229
1599878100,0.523889799672133
1599898500,0.5596448296606432
1599912540,0.7532843758935615
1599926340,0.34948526848399264
1599943560,0.1916577580589208
1599959580,0.08272872495092431
1599973920,0.55252051461711
1599991800,0.49273293544509944
1600011300,0.6856917634229475
1600027500,0.4410072290058903
1600044780,0.5617982126440352
1600065420,0.2831512518285109
1600089000,0.7597120348406078
1600102980,0.7794074000791941
1600123980,0.7328845513142603
1600143600,0.9100718751776692
1600161180,0.11143324673518581
1600180860,0.1365103653525663
1600196760,0.06546921792445345
1600221960,0.8295696226484017
1600238280,0.4979618728584545
1600260660,0.7785037057434877
1600276860,0.741053046296504
1600301100,0.329111680965103
1600323720,0.2610429562989591
1600342620,0.3503771520377621
1600359060,0.0923259907987997
1600378320,0.1925387593825129
1600403280,0.8195279615021219
1600414560,0.6419426863786659
1600439220,0.8422354749466876
1600457580,0.8067378800550653
1600482720,0.21757917652847045
1600500360,0.7883620454992885
1600518420,0.30916239094644793
1600530240,0.5934306769529215
1600543860,0.9060384586165183
1600561140,0.7393886965252294
1600572840,0.18234356874231808
1600591080,0.275507320128366
1600606500,0.6061200456369525
1600624560,0.7704569182756567
1600639020,0.5402332599096313
1600650900,0.7328335910906849
1600662900,0.6367787005873222
1600679280,0.6674087033936942
1600698180,0.9171405482671118
1600714860,0.740072336680841
1600730400,0.21214783778203491
1600755600,0.19566814786366063
1600771560,0.5281874961514939
1600789500,0.7701745862246838
1600806960,0.8772252078021824
1600823220,0.6814833633210591
1600847820,0.7315159853339204
1600862280,0.4009317448817936
1600886460,0.8543240811463346
1600899600,0.5570821285494015
1600912920,0.2407887205193141
1600933560,0.3566446591626134
1600948860,0.37068562054369636
1600961280,0.7383576882857228
1600981260,0.19631482240874018
1601001060,0.43680186335070925
1601022480,0.28233154269016847
1601046480,0.49473479369154477
1601066520,0.02927574140124979
1601081340,0.7062539398671823
1601101920,0.5637859253808322
1601123100,0.5523344909112937
1601138280,0.5546906375160564
1601156400,0.40626496727055333
1601167380,0.2620092354521572
1601185260,0.2706976070426898
1601207220,0.13582644997077814
1601232060,0.05619343109562085
1601252700,0.81594833899268
1601267640,0.6154510760086933
1601291400,0.29847872609289333
1601315280,0.579750468739414
1601334840,0.11386030278627378
1601356200,0.6741919729432899
1601374380,0.8320631805639402
1601395680,0.6554114652422364
1601407500,0.8416077088837784
1601423700,0.896513906510058
1601436360,0.5302772093488418
1601451900,0.41209640390467817
1601465160,0.15844380911453426
1601486520,0.29036414525343673
1601505960,0.8523793506911983
1601517840,0.8385280072479127
1601541840,0.5790658759728211
1601554680,0.9258147729040827
1601577300,0.07528260401807256
1601598780,0.7790207720396595
1601611200,0.6024927223972223
1601622300,0.7473749127626504
1601634840,0.1275705728673785
1601653080,0.7064223091598917
1601675760,0.8173569008742779
1601688240,0.14968434545411205
1601710560,0.872445758944128
1601731860,0.5300409594002835
1601749380,0.24151882714225661
1601764740,0.20750053119045445
1601785620,0.6737841199510423
1601805900,0.35401113525455813
1601827020,0.3331879189255713
1601843400,0.19002903227300544
1601864700,0.18579274167907586
1601888100,0.913596540054216
1601902260,0.9470478687749094
1601913600,0.8415768494234389
1601935980,0.8792675268907851
1601957580,0.731251235382989
1601975220,0.7697473359463418
1601986080,0.7976513167861721
1602005760,0.09184611596890604
1602017700,0.9005631505529773
1602034740,0.7535678581120371
1602052860,0.13031548050755454
1602077400,0.020121196730605882
1602098100,0.8836001123954101
1602114240,0.6534985423241119
1602128760,0.8430289212840921
1602139560,0.6787520639328072
1602163680,0.1572044745290567
1602186780,0.8935333946575195
1602200880,0.534710167816984
1602214140,0.15426696931699416
1602235800,0.8346523637413129
1602250200,0.42203351378114096
1602265920,0.14369548084372072
1602288540,0.1633167431078744
1602301620,0.5013307945455362
1602321420,0.7401402079628591
1602333060,0.5731175363116352
1602357300,0.8953476499281509
1602381060,0.43302331242302616
1602404400,0.2630639953348679
1602423960,0.37579963375084074
1602435060,0.5327986905628684
1602455640,0.39859594544471777
1602476040,0.8789261914558367
1602488160,0.18018280113911467
1602510960,0.9635922920864763
1602534000,0.9196844918609761
1602553500,0.755059465829988
1602566820,0.6805464659109037
1602589560,0.30125423639572096
1602600360,0.18624063394868332
1602621900,0.7737424671832684
1602642900,0.9593844624105478
1602661740,0.5055719517497774
1602674280,0.5053968082043133
1602698340,0.6863805930113418
1602712740,0.02036527695034587
1602734100,0.9000997423301321
1602756660,0.848864815556213
1602771300,0.7799949571176742
1602790800,0.914739181080322
1602813540,0.8122301050873909
1602838020,0.18508098017531271
1602855540,0.8848372139333244
1602876240,0.569028229125433
1602889980,0.06412051280772744
1602914280,0.7082448887548443
1602930600,0.3283910979896975
1602942840,0.7884855840747279
1602958680,0.3562785662611778
1602972960,0.8679304220547865
1602994740,0.283707491365392
1603010880,0.8345863868084477
1603034340,0.663144085410075
1603054260,0.5384264750574428
1603066860,0.07051645731709369
1603080780,0.672360666797657
1603103580,0.5734969157182095
1603115700,0.5721324149864211
1603133760,0.5132657873541584
1603155540,0.6063796946883856
1603168440,0.8794252303956205
1603186380,0.929494176925412
1603209120,0.8668139242652663
1603222740,0.9001797626571277
1603239900,0.8435817163299267
1603264200,0.41591950172102543
1603275300,0.7491800028710868
1603296180,0.7558654559866291
1603317480,0.9311242074775942
1603333740,0.8054122324280854
1603358340,0.3237231915245416
1603377180,0.4337923952686683
1603399380,0.14776240622753986
1603414320,0.6979186093956495
1603432260,0.7998571563939857
1603443660,0.8194330822640928
1603458120,0.8117071869101732
1603474140,0.8844275007233969
1603494960,0.09221854535650832
1603519320,0.797059208288499
1603532580,0.3609361722451338
1603551780,0.42469510916509984
1603563600,0.31943751258854514
1603582560,0.14885746770198208
1603598220,0.8803130046812824
1603614960,0.8882435326992499
1603633320,0.16439495779090754
1603651080,0.9093150085795891
1603666440,0.8388304206133654
1603679700,0.5732502529635345
1603692180,0.4548210821038779
1603711440,0.16341576175892927
1603733280,0.3271594098981689
1603756500,0.7603781544037944
1603769460,0.18456083990859426
1603785720,0.23908998154361127
1603800480,0.2578561825055315
1603820160,0.08597300536211774
1603834740,0.08742441321482128
1603851660,0.3959555254382532
1603872780,0.7680624055569838
1603892220,0.05945024522446148
1603912680,0.3411752222482599
1603935300,0.31864918616279825
1603950360,0.7263278838709417
1603963800,0.48800883747830825
1603982580,0.7306753580156937
1603997760,0.8896805407465292
1604021100,0.15735939215579173
1604037300,0.24946460642619048
1604048880,0.9167691213750233
1604072640,0.0397815142188762
1604089920,0.9376799636743344
1604111160,0.09087467962036751
1604127360,0.9341569380662781
1604149860,0.692679043467073
1604164200,0.4628370298058632
1604188140,0.8974173101603424
1604211480,0.6089126651678501
1604226600,0.07185719854807793
1604243340,0.15184439304672634
1604263800,0.9427053284407207
1604288280,0.554785454324571
1604306400,0.6469273051880978
1604328780,0.1869002652337192
1604339940,0.9100205208847468
1604358960,0.19297386206483058
1604381460,0.9447044427746902
1604406180,0.9438791577089415
1604417580,0.8502112213386345
1604429460,0.9046636269868585
1604445900,0.05854191095396941
1604461860,0.39179582379504846
1604486700,0.8897036006822225
1604508900,0.9013142379961524
1604533860,0.5623446922646472
1604554800,0.7248186809857377
1604574780,0.48073338887709544
1604598000,0.3641416918082255
1604622180,0.45475724257673755
1604634360,0.15436644525390744
1604655060,0.192397038461207
1604671980,0.33089384177437237
1604689320,0.48008626791896897
1604706600,0.6196028084395109
1604731380,0.8129710616348208
1604751240,0.6425859423272041
1604766000,0.2181162248434516
1604783460,0.2464285569989824
1604798100,0.6048039272077623
1604814960,0.6576256614525322
1604825940,0.17226686939921945
1604840460,0.7683802848184793
1604852580,0.4671536143088798
1604873280,0.23328901985727765
1604896920,0.6751424612596921
1604916720,0.08927150091698265
1604932260,0.9245737932112742
1604949900,0.36176963956794905
1604966400,0.876740249983648
1604989140,0.8440323416598192
1605003600,0.03557330578730873
1605021360,0.07930940017250657
1605045660,0.34045790057250175
1605060180,0.6995784508509495
1605076320,0.27671725510007045
1605098940,0.6693882431698205
1605122760,0.6317376092112986
1605144000,0.34818573787960866
1605165840,0.2647651346246037
1605184800,0.8702890369684949
1605199500,0.8339037495098186
1605224100,0.87878827443532
1605236700,0.8889461244906451
1605252360,0.6829038816531645
1605269520,0.0615696906669066
1605284460,0.9516508298538585
1605302040,0.29437579276649034
1605324600,0.41974930186061554
1605337140,0.8965907505884979
1605359280,0.2398717725893098
1605370320,0.7040497927441326
1605395460,0.80403047162515
1605415200,0.18659075351190035
1605433140,0.47061669656238886
1605455400,0.3853253108121241
1605480240,0.7697873390765082
1605492180,0.9072244791820999
1605503700,0.2731204260194364
1605526500,0.6277742097714031
1605546720,0.021816156877143104
1605560760,0.6159038685503349
1605578700,0.9468487464701203
1605599940,0.8040995899008864
1605622380,0.7483896672919781
1605647340,0.07446468068826424
1605670980,0.8696472172460793
1605695100,0.17137053427923848
1605710520,0.9106706128055192
1605730140,0.8626206302700588
1605745260,0.33197470844157345
1605767760,0.8006840057086355
1605788760,0.8212232401789433
1605806160,0.9281255001558162
1605828900,0.3402422272741343
1605849720,0.7470930933815
1605866280,0.1391250914193179
1605879780,0.7074369727232657
1605891600,0.4215479215775175
1605904560,0.9248835885060925
1605928020,0.6866391745835313
1605951000,0.19210441380664603
1605970080,0.5527647762649576
1605983160,0.7280668107761935
1606006620,0.883476449571698
1606022760,0.27388424653712484
1606034580,0.5377388975045084
1606056000,0.06339376636474622
1606069440,0.8758217787439042
1606087500,0.36393759306209855
1606109460,0.07491737758741239
1606132440,0.902578943385064
1606151160,0.8707804353980654
1606164120,0.8699085039164497
1606185060,0.33799107786411636
1606206600,0.7841631895362755
1606231440,0.8321434583275024
1606250580,0.757904768841166
1606275060,0.20503596100410101
1606289640,0.9416376034012012
1606304640,0.10982256390306587
1606319220,0.7726431412702526
1606336800,0.8873718266621986
1606357320,0.1959951328595468
1606370400,0.5963677801981239
1606390200,0.02280160803469419
1606406400,0.8914596227513119
1606420140,0.35813453121302025
1606434360,0.4701516883080763
1606459560,0.812859458577256
1606480260,0.8020034942599218
1606504620,0.8470698240540603
1606525980,0.94568754548559
1606537500,0.2202845437650735
1606558620,0.7852414174233331
1606580040,0.34683411655583435
1606597320,0.8182924802824803
1606609740,0.5653521509996641
1606633020,0.7448979926671531
1606650060,0.5417548004885412
1606665180,0.4488830408900725
1606681200,0.8954941880218393
1606704840,0.742317880295262
1606718880,0.8375470944598308
1606743780,0.09153994852229029
1606758960,0.7573254190051878
1606772460,0.11042131909089609
1606791360,0.6954257441722652
1606805580,0.7241826090871153
1606822860,0.94201125050444
1606843980,0.18411930901876186
1606856940,0.9299320730955953
1606868220,0.21390325034373997
1606881300,0.8542599572839246
1606903500,0.8289495466056924
1606915800,0.17015651250352587
1606931040,0.4070913921013452
1606956060,0.8479344521676272
1606980300,0.309030162332042
1607002680,0.20368632132203168
1607014080,0.9131710240560136
1607037720,0.2326176287710823
1607062860,0.16401639062978937
1607083020,0.3814606371407468
1607100420,0.3073905375178193
1607111880,0.09505978188150728
1607127480,0.15016384118293322
1607140620,0.21233194175884698
1607160360,0.4652281530178029
1607173500,0.5014546015778694
1607185020,0.27026082132717655
1607209020,0.4116980682083597
1607234160,0.3714223777498002
1607251620,0.797035615743347
1607272260,0.5038601027676233
1607290680,0.12963721852874693
1607310900,0.15791536081719298
1607323500,0.42389748768864205
1607341260,0.8270696589644017
1607361000,0.9069579418720559
1607377140,0.8493078106509494
1607390880,0.6539800630588591
1607411280,0.4480494733599611
1607423340,0.14269658483653627
1607436420,0.8643480438650623
1607454360,0.10386575705197153
1607474100,0.37883197707708816
1607485800,0.8251731982579165
1607508000,0.6441260534678954
1607524320,0.14293466730628437
1607542860,0.25797838120884914
1607561880,0.03969018277986898
1607577660,0.8486741205966633
1607601060,0.8644652956909578
1607622120,0.605734001210018
1607637720,0.060587459434499884
1607653080,0.8011169566387898
1607674260,0.856478509548417
1607687220,0.09631416382928851
1607702640,0.8871964758547328
1607721180,0.7257348696599806
1607737020,0.9387659011603477
1607759340,0.6567069732317835
1607774940,0.696322617047163
1607792460,0.8420053771558583
1607809800,0.686087280000608
1607823720,0.703601691220133
1607835660,0.38065531136835296
1607851500,0.6395108152484038
1607870520,0.2841025517534803
1607886240,0.7904955806935898
1607910720,0.9357482025139154
1607932020,0.3587670990923978
1607949180,0.47872811194629433
1607972820,0.7720160893473625
1607992920,0.1763785984758971
1608017940,0.3792947806127851
1608037140,0.5656391067542598
1608050520,0.83740479818783
1608069720,0.8297255847950024
1608089820,0.5710621017126286
1608101340,0.9436607156909924
1608117720,0.5852206799503272
1608128820,0.6228775485824197
1608144480,0.17695111144950226
1608159720,0.14426341983750432
1608173100,0.9217524070293465
1608197280,0.6944239969334706
1608208560,0.3169618972688643
1608222240,0.716284515828942
1608241920,0.8023722050708691
1608253440,0.40954278493451907
1608266400,0.47646956279234637
1608277200,0.9017758748104637
1608291960,0.563423858956192
1608304980,0.0347048008702556
1608329580,0.294774913942084
1608350820,0.9324712509269903
1608370080,0.6262831983745738
1608381300,0.846231709535715
1608398520,0.7763008800716147
1608416400,0.3251469781399391
1608438600,0.4384161726509263
1608450720,0.28248017699646105
1608471480,0.028145660106520715
1608489240,0.27729140868665253
1608506160,0.6004724673852234
1608530760,0.061543689844115346
1608549420,0.4890408553667989
1608568620,0.7526256917494956
1608585420,0.3624046139952068
1608599520,0.27061132334629756
1608621480,0.9137065750735561
1608635220,0.3649490974010979
1608647700,0.871427130664214
1608671280,0.8337317991273361
1608696360,0.8897049060615067
1608710580,0.8323136918469168
1608729360,0.46193065287353025
1608745440,0.8056716069084133
1608757440,0.21024767847030462
1608779700,0.8022484276753524
1608801660,0.4699736420636524
1608821220,0.6528123147586748
1608833520,0.11632506303382925
1608850200,0.895017539420229
1608870900,0.8659618168526357
1608884640,0.38336328339953596
1608906420,0.46060380964879494
1608917760,0.43197161465180905
1608936540,0.8618802116836374
1608953820,0.7700858338506295
1608975360,0.642745748278642
1608995880,0.9114166078765432
1609007700,0.24476801298985962
1609030380,0.3790359070667242
1609055040,0.4273768772592049
1609067340,0.6506864538398095
1609090860,0.7511298334280018
1609107720,0.7068165885526871
1609118760,0.6156534940261159
1609131840,0.7816213585294544
1609154760,0.8733405521962693
1609178880,0.7559201214794583
1609191840,0.8652582898455089
1609208820,0.7444324174991763
1609227420,0.4997829201147527
1609246020,0.9032661686174377
1609263660,0.29370132425523693
1609285920,0.8480476127664707
1609304220,0.7228874969040546
1609324320,0.10447178201511283
1609345560,0.3278169526847482
1609356420,0.4160322541644165
1609370820,0.6617735943050184
1609393500,0.5538368156428498
1609416360,0.536141105414789
1609427940,0.79031889257373
1609441920,0.3272905125901073
1609461660,0.8955071570769971
1609472460,0.702625337468238
1609491420,0.2005997103861273
1609506300,0.11193914256663348
1609530300,0.6078785217502863
1609554180,0.8642348381682182
1609569000,0.14946864126841908
1609589760,0.11673589083444912
1609603200,0.729962611323645
1609620900,0.477512966370283
1609642140,0.664860428549726
1609654680,0.5552741219638351
1609669920,0.7723667329995257
1609693560,0.43536966195994836
1609710060,0.23555167714688416
1609723800,0.91381456625346
1609746540,0.9460104762105612
1609763520,0.697511690474006
1609786260,0.6317663543016193
1609800060,0.883569422187393
1609811640,0.7439811068466458
1609829880,0.6871490650009693
1609843800,0.6367922754443951
1609868580,0.7151195772756438
1609892520,0.8812175139266165
1609917000,0.6331531517396368
1609930860,0.8893983162069773
1609950540,0.8377455619660225
1609962300,0.8503635549086181
1609976160,0.3312792529327318
1609994160,0.43163692105031504
1610018220,0.44089432657168837
1610035020,0.9035315820048232
1610059440,0.183062428475806
1610075520,0.3259968191769493
1610088720,0.23561664553164152
1610103720,0.23785055067170488
1610118240,0.504084591184177
1610133240,0.6359788369288171
1610144580,0.1925657427915131
1610169780,0.4158902358642018
1610186520,0.20818438609179452
1610198940,0.7542618580652495
1610215800,0.6224230466066695
1610235180,0.6485377448789025
1610259540,0.747694240117983
1610281260,0.21289791851320763
1610304600,0.5789922858931513
1610323680,0.3552716015298325
1610340420,0.7841142846726504
1610352300,0.6347188176247752
1610366280,0.22455319101606094
1610379300,0.6985015067207612
1610398080,0.7998055802869666
1610419320,0.17195668527697913
1610433180,0.3519415350464609
1610444280,0.8460124287401013
1610465760,0.30532101417645957
1610479200,0.37728161457972353
1610498820,0.33528904210422855
1610511900,0.8443275793659714
1610532600,0.7721145477580561
1610545980,0.7782734793237441
1610563560,0.6452388193170082
1610581800,0.7986170572884653
1610605020,0.7959700458774238
1610625300,0.6803659482493997
1610642880,0.6149266408952727
1610657340,0.7794934761671051
1610673720,0.7955304320808642
1610691840,0.3963721108146826
1610703840,0.9358578449930929
1610717640,0.2298802592130172
1610729760,0.5674106672182622
1610748540,0.8105286448839305
1610769300,0.5465125946546495
1610784720,0.8067157341455562
1610808300,0.5688619920892098
1610827620,0.7671823571754456
1610848020,0.8320183248781967
1610872200,0.4496508766358474
1610888040,0.20101536947473952
1610900700,0.2924608654473841
1610919360,0.7237037146714059
1610933400,0.6408627156068192
1610958120,0.19183636429765266
1610971980,0.9025949083415755
1610987700,0.49747296545282665
1611009480,0.5358295708969129
1611034320,0.7919630641328955
1611053640,0.36394328774051604
1611073920,0.9185270962395898
1611095460,0.08317044044439688
1611109920,0.7890336099651024
1611124620,0.7411994422430463
1611138000,0.18311457021629035
1611157860,0.6855825780767276
1611177900,0.7714010515056188
1611190740,0.5583383369487773
1611211260,0.7050713462034142
1611233520,0.18248304656408793
1611253080,0.7172787038673814
1611267720,0.8687950260804767
1611285540,0.6507215336962812
1611302760,0.14972984372517564
1611319380,0.6978570961929496
1611340860,0.6233656362021873
1611360180,0.5288471442194501
1611377880,0.286921059337081
1611391440,0.7390188434356906
1611403320,0.4980782380671078
1611424800,0.08686897576671371
1611445740,0.7731920312070074
1611466020,0.6094702601676715
1611479760,0.6856476151158754
1611497400,0.8409569977778234
1611521940,0.6744596313015659
1611536460,0.7613204867259225
1611552780,0.8596097276583483
1611571680,0.8402392842098612
1611584460,0.15058403770871945
1611606840,0.8716021601495454
1611630120,0.21219753458088067
1611649680,0.7363586059830278
1611664980,0.8005356890489093
1611677880,0.6817856483109971
1611690600,0.8595176917248384
1611709320,0.04984026878270816
1611726480,0.5033083596804223
1611743880,0.5800875557382998
1611761880,0.7658578922141966
1611774180,0.22943723145619105
1611786240,0.9397994217408063
1611799920,0.8819924566831634
1611824400,0.9007067643326625
1611841500,0.4856122915202911
1611862140,0.07639017253086126
1611877860,0.8026615254421153
1611894960,0.34143624470802425
1611920160,0.6292662114678816
1611935280,0.8869415521111964
1611949320,0.8918963755829837
1611971040,0.16570974732253443
1611992640,0.7222203661603923
1612015080,0.5730793411005858
1612030500,0.4084528096879907
1612055700,0.8448252044338506
1612069740,0.5289243418399324
1612087620,0.751453370016028
1612101720,0.20464236172767408
1612116960,0.12796690378823516
1612136580,0.3436665304673085
1612153320,0.9077968310322231
1612175640,0.4578537870484478
1612188240,0.3760092791178649
1612204140,0.3071020764594184
1612228980,0.3497207799065266
1612253940,0.6397051656577475
1612272900,0.017154571676953962
1612292100,0.21045399185820637
1612313400,0.9301941564063283
1612331520,0.10289561597020451
1612354860,0.1509502644195699
1612375200,0.2927781608675739
1612387440,0.7682953108904784
1612406580,0.7755832552697802
1612420500,0.3185384132746761
1612442940,0.5484309556258387
1612457520,0.8865316280527358
1612482360,0.7701789015255647
1612506060,0.8843243883359783
1612530060,0.29724135896084225
1612550100,0.10286287458965745
1612561380,0.20544139234760092
1612585620,0.8472801197689029
1612608540,0.6771821256759871
1612624020,0.5976085926020508
1612637640,0.7123179745791909
1612660260,0.6157168964358628
1612682280,0.2171960857430768
1612707000,0.4774086264709401
1612718520,0.30208746415599586
1612741440,0.29969819500864087
1612755060,0.780375746697005
1612770000,0.8036709123163701
1612786380,0.4849832307803744
1612803540,0.7000475798207408
1612817220,0.6847970005284939
1612833300,0.3632133454972753
1612854060,0.8444436724094477
1612869300,0.1662402195596312
1612889280,0.5078372527012325
1612908660,0.8284569365427417
1612928880,0.5577352277176926
1612941060,0.8135886954181629
1612952520,0.8335003415946078
1612964280,0.06582520252365388
1612987080,0.5246222275993293
1613006220,0.9377349326874762
1613030040,0.25257694551597853
1613042760,0.23708058294962076
1613067180,0.17215418759717757
1613082480,0.7734837747184534
1613104740,0.7578355535808567
1613121780,0.3903016010629995
1613145840,0.9251913926049484
1613168340,0.8661246499882626
1613181660,0.7085433042955335
1613203620,0.041134959717847794
1613227140,0.14883006121816394
1613245980,0.14962200950391188
1613269920,0.8135952567923326
1613292600,0.8214106808792517
1613312280,0.6711117318255381
1613329200,0.8252781176890047
1613342580,0.14722156791097182
1613358420,0.8976699791427909
1613373840,0.4138635438452559
1613391540,0.7610885237271622
1613414940,0.14052020522414643
1613439300,0.3281839657328931
1613454600,0.7886901294933236
1613476920,0.5879547329279614
1613500980,0.7930274405187839
1613519100,0.7337632723534546
1613542140,0.42493025052431305
1613558760,0.7930800230238709
1613582040,0.42352425793878096
1613599320,0.9267641255918951
1613619360,0.28250158707163797
1613634720,0.29006028817198704
1613653800,0.1634914262510105
1613672520,0.79128902212883
1613687700,0.07759076632668177
1613698680,0.769838550489505
1613709900,0.7792607135202874
1613735100,0.6655537640834143
1613753400,0.0936404573560547
1613767560,0.2993640268130078
1613779200,0.7236882172570006
1613793840,0.7780347582199709
1613809860,0.8276266759480153
1613834040,0.9141951423118797
1613855040,0.8297092091417101
1613867100,0.3568641421508634
1613889720,0.2753623047357769
1613907960,0.6329856664186219
1613927940,0.8220722469482267
1613942160,0.8329488463840256
1613954640,0.9453706834390803
1613968140,0.6884586567555641
1613981220,0.34183997811226424
1613995020,0.6892424801576036
1614014400,0.8135913334066854
1614028080,0.9301945301508892
1614041220,0.32523127817118225
1614057960,0.11800806823343488
1614079380,0.8564154314732592
1614103380,0.9570385763286707
1614116640,0.7045191396270425
1614141840,0.1953044700981658
1614159180,0.08301338030665723
1614180060,0.5715289891621688
1614196620,0.042331736934325036
1614212040,0.6653390870580234
1614233340,0.9017377039787419
1614249300,0.3490322486675002
1614264480,0.04452592129366905
1614279180,0.741671327782215
1614292020,0.5543328989638402
1614308160,0.688260372608541
1614319080,0.8696292480810811
1614342300,0.1717362964390375
1614357420,0.7972767960968948
1614373320,0.13278273753466144
1614387960,0.428511266416312
1614410580,0.5649746088856569
1614423360,0.24127192391927937
1614441780,0.7330076516627854
1614452760,0.8912094502211354
1614474120,0.8481211976967834
1614491520,0.8228532570946825
1614504000,0.5273726948785943
1614521580,0.34280787202830243
1614538800,0.353428282712519
1614560160,0.9502969844579904
1614574740,0.19948855822990502
1614587820,0.6110511261259457
1614603240,0.48267962674969667
1614627480,0.8824296895791672
1614641160,0.4079075496684177
1614665400,0.6047727093530766
1614688080,0.8955687108838034
1614704040,0.07771628411699799
1614715440,0.5656223375444454
1614729360,0.5746056151444594
1614752640,0.8680245796986512
1614776100,0.2870520225016463
1614795300,0.7836777016235548
1614817800,0.2670380370538884
1614838920,0.42199803852592055
1614852540,0.300879255876329
1614869340,0.7278269850258515
1614891360,0.5232861816914537
1614913020,0.19668264782281075
1614932100,0.6935558091635962
1614953280,0.8802683783002788
1614965220,0.6885877152218483
1614986220,0.38172197383101103
1615005900,0.8315038491274105
1615028880,0.7939927428589799
1615047000,0.10527340699633596
1615062960,0.8731919905401121
1615081860,0.4238365469587201
1615092840,0.25024059052000697
1615106820,0.8963017952866597
1615121040,0.7007346518949318
1615141680,0.4564852125511508
1615154880,0.4023228058657229
1615168440,0.33079552500586495
1615187040,0.4659100613459196
1615202160,0.25224638530763516
1615215960,0.16578893192911337
1615238280,0.2662071594130822
1615258980,0.33059217789107676
1615273080,0.8533748117206754
1615295940,0.8905499285770286
1615318140,0.8000448065559425
1615339560,0.40386166210865665
1615357920,0.7064404532936845
1615372440,0.39156653826612353
1615384560,0.030653969177609326
1615403460,0.9214235735294496
1615426200,0.6405377153423408
1615449420,0.8758759516367579
1615470300,0.4526205482811372
1615491240,0.8380294457853095
1615508340,0.2088696952192274
1615532820,0.6352573868924299
1615543980,0.5484189530651287
1615556040,0.42048877594607126
1615579560,0.28077474582294926
1615604700,0.7967403804992214
1615625400,0.4489503476608879
1615639260,0.886299383331312
1615657320,0.44049649111622646
1615670460,0.8416244557142294
1615693740,0.8858805928796502
1615716660,0.6542490426615725
1615741800,0.8621328167383094
1615754460,0.22529394220503127
1615767960,0.9150400128534352
1615791180,0.45013757301895074
1615808460,0.864417162778202
1615822320,0.8259657505974284
1615842660,0.6141902447848169
1615867200,0.7758974366302495
1615878240,0.9023442653966093
1615890960,0.8657348548414954
1615909140,0.2258416454742709
1615924680,0.8470174963216057
1615948620,0.7062684585387763
1615972680,0.8820438728551193
1615987620,0.5697347856041862
1616005740,0.8272507296574896
1616025480,0.8331643090687525
1616037780,0.855050082559773
1616059020,0.20268587211385877
1616079240,0.21921231077423936
1616102220,0.8116472956992435
1616121960,0.8291184524694851
1616145480,0.6401590846071065
1616168700,0.11238019254003152
1616189640,0.9327553904113726
1616213880,0.7306798788317719
1616236140,0.6295268226067962
1616249220,0.7603046428533238
1616261400,0.17701134438552837
1616272740,0.16320025648363606
1616287200,0.9191005883954017
1616304540,0.6780254796027274
1616328900,0.749344826283324
1616342760,0.819964299852667
1616362560,0.6507752226488069
1616374860,0.4820887904714547
1616389560,0.8885733195410889
1616402880,0.574637281530672
1616419440,0.4690034851368389
1616438400,0.16849469761481137
1616455980,0.11710529813009779
1616469840,0.2280727683350533
1616486340,0.7408227019581052
1616498280,0.4274077252057466
1616514360,0.8543748500908633
1616533020,0.07998392966286674
1616552640,0.7403510260344249
1616569260,0.8773682744914418
1616584980,0.2595381530398716
1616596620,0.30602283242999695
1616614980,0.318375568445366
1616638500,0.5238569157619913
1616654700,0.7851632166357355
1616668200,0.5056690548820012
1616682840,0.877274051554438
1616694780,0.8981308944370815
1616708700,0.11881300165884921
1616731680,0.08407171063160405
1616755200,0.4431581918421454
1616777040,0.8567141075318276
1616791320,0.2835123649480816
1616815560,0.8724608006732395
1616836680,0.6784526519699551
1616860740,0.6576484756453799
1616882520,0.7205432719303371
1616896320,0.7390486238200992
1616908020,0.8391395574274184
1616930640,0.5776822031843362
1616942880,0.8177623928882851
1616965080,0.6141214778736708
1616988300,0.2542011622429278
1617009840,0.8608540961758547
1617026340,0.37877727963943275
1617039120,0.17740108192401646
1617053640,0.875427701223187
1617072840,0.41324534007904656
1617097860,0.9065990084136125
1617113400,0.40834213823401416
1617130500,0.9247791176280356
1617147600,0.7530695273331243
1617167880,0.5181357237794257
1617191340,0.1661333668864605
1617208140,0.7915838280690095
1617224760,0.3586298524990489
1617248940,0.8793050077785012
1617265080,0.7190064998768696
1617288600,0.20041185846866508
1617308220,0.9499373036565713
1617332880,0.7094445994104276
1617352320,0.923551113218757
1617369480,0.7768327192834958
1617393060,0.13812069987823164
1617417900,0.7731748369542503
1617435780,0.616899617107817
1617448260,0.6604211803113688
1617459540,0.6596326336048347
1617479400,0.34576413382437726
1617502920,0.7301622715954278
1617515880,0.5028895991693394
1617533220,0.40342737421201313
1617552360,0.07691685007510096
1617574080,0.19178493465752258
1617595980,0.2738009186478711
1617608040,0.9149297983559064
1617622800,0.17591026143700136
1617637860,0.9483518820453578
1617660540,0.5413083448320672
1617680820,0.6097226658681668
1617702240,0.8482029031588839
1617716820,0.2888174837638962
1617738900,0.76910214797513
1617758940,0.8307003129429688
1617778680,0.1894461824704157
1617799020,0.8657017320689817
1617817080,0.1833661603985297
1617833460,0.8935566032167386
1617853140,0.8322920891053629
1617874320,0.8071494013526666
1617892200,0.6700308481302154
1617908940,0.8469765644043338
1617928140,0.6524629519299985
1617944580,0.12811883435880075
1617962280,0.8654693872273541
1617976500,0.8363662947756837
1617990960,0.27831118566235136
1618009980,0.6334937161720419
1618026000,0.8556344372455088
1618049160,0.3421129426082225
1618068300,0.25162776114429325
1618089420,0.5214757656062975
1618103520,0.5551649709617151
1618121160,0.7449743467982213
1618140720,0.7990623282846914
1618152120,0.3482090869936031
1618163520,0.2834334462238196
1618188660,0.0828449129125095
1618202580,0.9298733396270021
1618217820,0.3481958744494055
1618232520,0.8798676845105022
1618244040,0.08596809190369144
1618255440,0.8344019942071489
1618269240,0.12680441825934374
1618280460,0.7477422649783212
1618291320,0.6231355912146475
1618309500,0.10776067286283195
1618333800,0.858712446174382
1618353840,0.8988380282857746
1618368600,0.8862797880562517
1618389300,0.28500949784572266
1618405200,0.873965632346353
1618430100,0.15397556412936955
1618442580,0.46474044583964524
1618459440,0.8401242474172749
1618481820,0.16841880285790362
1618501680,0.7439002358527748
1618520100,0.7978242411998994
1618532820,0.07918749436004897
1618556160,0.8916160779492599
1618570980,0.7901755865041374
1618594020,0.33981804691189554
1618605660,0.6901071931495751
1618616940,0.7630208058486683
1618641360,0.49347106266242446
1618655700,0.5281455302984462
1618678140,0.3950036802303741
1618692120,0.7676718244712987
1618713780,0.8980382902920917
1618728600,0.6048408762891582
1618753320,0.567251754455166
1618777560,0.32737694868380857
1618799760,0.1909883899217893
1618815240,0.7275759149513837
1618838340,0.86584412224425
1618862760,0.28774594098157785
1618875780,0.589559684337321
1618897860,0.8157594889613449
1618914420,0.14100369708196342
1618928160,0.14694585683474548
1618944960,0.1386321595514483
1618967400,0.9103595743100267
1618986480,0.7741082815932913
1619003700,0.6810284426626994
1619026320,0.8331153773331846
1619037300,0.0760345373707878
1619058240,0.8856727293287707
1619072220,0.8881031260322341
1619089560,0.12345642864309904
1619110200,0.8167484566172328
1619131500,0.9466277230436296
1619147040,0.8032383240634596
1619170740,0.8440917449809284
1619182680,0.08735111264075235
1619193960,0.6950552838829458
1619206740,0.7250036779866625
1619229060,0.8469410643007146
1619244660,0.6940165470592948
1619257560,0.6557020245311252
1619271000,0.6776292098923266
1619282640,0.6602927697031645
1619305800,0.762480569252684
1619325540,0.6030969447490859
1619349060,0.3474980970899052
1619364960,0.29059320934825206
1619378820,0.4210105784503912
1619396820,0.503772540391144
1619408580,0.9244362666273686
1619430180,0.7860150379351051
1619447820,0.7173824295328577
1619467080,0.8794992224785882
1619480760,0.8819473727504031
1619493000,0.743500548802864
1619513100,0.9576543352603372
1619526660,0.19471854842804293
1619540100,0.9177315612897512
1619558040,0.5471435410655958
1619581560,0.24328333879657607
1619601060,0.23400292563937516
1619615280,0.2024546564612231
1619635800,0.02747562800289042
1619655120,0.9325272737318019
1619667600,0.775967456435911
1619686980,0.8707514777563338
1619703060,0.19079779294656604
1619715900,0.5935006263204857
1619732400,0.5550009915539379
1619748180,0.8957258671307745
1619771400,0.8398558451090353
1619791260,0.08300223933581692
1619808720,0.7819372273818572
1619827260,0.9439295158512376
1619840760,0.1922484372518381
1619851800,0.9468144709074819
1619876820,0.3433583230635646
1619892120,0.8924916183725381
1619916660,0.8861377879616633
1619937720,0.3589476210873158
1619961480,0.1406733433229963
1619977380,0.1946540894606842
1619988180,0.19786054619174767
1619999760,0.49482773935494534
1620022260,0.6783115249836755
1620044340,0.6268094956406136
1620064080,0.6007121903436483
1620076260,0.21078581417695522
1620088920,0.7053502764294302
1620102840,0.9099019101118583
1620126960,0.7858319111460028
1620140400,0.9145300301979239
1620162540,0.3566325598766878
1620174120,0.5842046148029001
1620193740,0.8553504803078756
1620207420,0.3713650431275692
1620225300,0.8960046748046556
1620245340,0.8250017595679227
1620267300,0.38105426694357075
1620282240,0.11436942147072915
1620302160,0.07133142734171959
1620323520,0.33170418421040254
1620348480,0.1436403406287367
1620372480,0.666168265036299
1620386460,0.327273428131617
1620401940,0.9326796159951884
1620417060,0.8080305765066356
1620435780,0.5175539930929657
1620460020,0.8304604508684778
1620474720,0.18597368200825867
1620497580,0.2884775218430122
1620518520,0.10884856420402107
1620541320,0.3157570933380324
1620557760,0.3665907079519643
1620582240,0.41840025740841935
1620593640,0.5440982204607685
1620610320,0.8716703188467326
1620628620,0.2544533019701773
1620643080,0.06684855205408938
1620655740,0.21037505834471443
1620672480,0.8912581854531346
1620694680,0.8241105646714733
1620715500,0.810549095865035
1620737340,0.5539384888040157
1620756840,0.039688530524958715
1620778800,0.9266113045969326
1620795420,0.8978144815956756
1620809160,0.01843654712553163
1620823680,0.6111511188000425
1620841680,0.21365701641507798
1620860220,0.01822857651981774
1620873780,0.9132667125419013
1620888420,0.7698560414749067
1620910020,0.16595307232190362
1620929580,0.5517406911494195
1620940380,0.11684867091753492
1620952500,0.12088754956998
1620975660,0.9381579608448151
1621000440,0.38797725638315134
1621018740,0.8714593140931982
1621042140,0.760225095993269
1621057920,0.7966718289606797
1621079400,0.8325754586553635
1621097160,0.45778191276437713
1621117260,0.953840337675854
1621135020,0.728110607558762
1621155480,0.9464227769522957
1621174920,0.4500242419125023
1621189380,0.842282789406853
1621207920,0.5487959519601532
1621230960,0.33287603144785244
1621247340,0.5530980408701902
1621258860,0.2728036943571659
1621278000,0.8018338367978557
1621301640,0.10472293038468596
1621314420,0.48170118217896124
1621335360,0.8023302943917189
1621347240,0.7645106887737307
1621359840,0.762848721776298
1621375200,0.8932068098926863
1621392120,0.48031790235163146
1621411800,0.2582428867934904
1621432020,0.7281033168907346
1621449060,0.9202161602500883
1621473960,0.03565722094967506
1621485360,0.5944485305540436
1621507140,0.8723881714453874
1621521780,0.8855151884787703
1621544400,0.5962676018231527
1621556100,0.6658779114365181
1621574640,0.27367886878486775
1621591620,0.1353478025848918
1621611780,0.44943859867554625
1621630080,0.7639421652937156
1621641300,0.879390395730894
1621653900,0.13004898627111158
1621666140,0.7527311627791657
1621682760,0.7520690284481607
1621693740,0.6694347312499119
1621705920,0.634500021689052
1621723380,0.8502390183017661
1621734720,0.5932006481343078
1621756680,0.33033465394255074
1621769940,0.8197551741557412
1621782300,0.5353827235076591
1621806120,0.5464989062590688
1621831320,0.19419426149643856
1621852620,0.9294974272789847
1621867980,0.8400159479199664
1621888260,0.7956103430258563
1621902540,0.925642380812082
1621915860,0.8832330862967773
1621939080,0.7881377213619379
1621958940,0.6787651766827366
1621978980,0.7432459506348379
1621995960,0.280334602067852
1622011740,0.7947639526147988
1622035080,0.9025673155286028
1622049900,0.8727982237216638
1622069160,0.9129000938856011
1622093700,0.8013671302414462
1622114880,0.13410958513480176
1622128260,0.8789265186822193
1622149680,0.8951343398909954
1622161140,0.8995500788756107
1622177340,0.8597338644561602
1622194440,0.6018606333512856
1622207460,0.2372516831110494
1622228940,0.9646229812705162
1622244060,0.9411251243804988
1622265420,0.4756529286933124
1622277120,0.9128143908338403
1622289300,0.23558043683985716
1622312040,0.8612632954428596
1622329500,0.2807535187421728
1622349000,0.868659295346103
1622368380,0.5763482860636712
1622384520,0.7654078504409654
1622406420,0.920647124477215
1622428020,0.5185828413554516
1622449500,0.19337346068867026
1622466240,0.2316037733084016
1622483820,0.08063467084213387
1622496960,0.7636827087274374
1622519280,0.6774896989706057
1622537700,0.8760498688373152
1622557200,0.7681724312878027
1622569800,0.8551226881847331
1622589960,0.36419297013376367
1622602920,0.6661684313967635
1622613780,0.8495150678694419
1622626440,0.8987828684458701
1622640540,0.7329023186628534
1622661840,0.12071997622988087
1622676960,0.4947640186279676
1622688000,0.4750286922796834
1622702880,0.5070896605236465
1622717100,0.8490230746427458
1622735460,0.7562225364852897
1622759220,0.8302771209835659
1622771040,0.8254837457766324
1622789520,0.9134125838438952
1622804820,0.8144794112082255
1622816940,0.7082809824741968
1622835300,0.7082370370700737
1622851800,0.7755813968530063
1622867880,0.7698968290805992
1622881920,0.2961093918851983
1622906580,0.8047839165026839
1622921280,0.6838967535382741
1622935980,0.8042042104877829
1622954580,0.9148964955497062
1622968560,0.7585585678215938
1622992860,0.24406254449979395
1623003660,0.8025696566262284
1623016320,0.34621898266981377
1623027180,0.6266451539438427
1623047700,0.21715803509933604
1623066000,0.26119705315047703
1623078840,0.9352129400387119
1623101280,0.45977894952297355
1623114300,0.8567972056354216
1623133020,0.7182979167612682
1623157800,0.7009129895192371
1623180960,0.05318824902788084
1623195120,0.5748688983790555
1623210120,0.5660368617701939
1623230460,0.792119428479838
1623246480,0.7456355497625214
1623271260,0.4783468320090157
1623283740,0.6108732606706877
1623303420,0.7141590586371696
1623325200,0.860197316282043
1623341640,0.1723800534931578
1623365460,0.2946981015925968
1623380880,0.1151656037523394
1623396420,0.05227056501998074
1623418680,0.19379571574281998
1623437880,0.4902811797447916
1623459000,0.7789763930694836
1623478260,0.3345589300986439
1623499140,0.45164965543834146
1623523020,0.6903620185968045
1623543900,0.8695382194185836
1623564420,0.1279515073121717
1623589380,0.9159967287074463
1623607740,0.02993091126473167
1623630720,0.7484119565701639
1623645360,0.9194065825746277
1623657780,0.027461833698130524
1623676740,0.5846004576805915
1623688320,0.035513718504921556
1623702060,0.7466022792160975
1623720420,0.02951354293518824
1623744300,0.8071783798646986
1623769140,0.8903510789357514
1623790380,0.8807978936213473
1623807840,0.28807593180968133
1623831360,0.9199933982572827
1623856080,0.8547281997483758
1623875940,0.21893562514015547
1623893220,0.3739125836325422
1623916680,0.9264995952904945
1623935460,0.08232847695545979
1623955320,0.35074491500569555
1623977460,0.8554501009511265
1624001880,0.37928841986853984
1624026960,0.8784131709768673
1624040100,0.9202224346377142
1624058580,0.7026646538649719
1624078380,0.645211182355428
1624095720,0.7935895250821413
1624118580,0.38876216494543336
1624131300,0.6093929915975441
1624148280,0.6572623863199006
1624168560,0.8188349323970624
1624193340,0.7740206856241044
1624212660,0.3933551264178285
1624231020,0.8511949977564569
1624250880,0.6301140160981215
1624271580,0.6206680778428468
1624283220,0.4499165885551581
1624299300,0.5904629832720942
1624320000,0.8890411698902321
1624336740,0.327069058571526
1624357080,0.7997006676713977
1624381620,0.35530803734356836
1624404180,0.4053572460173582
1624428180,0.1709680778060648
1624448340,0.9463250731341796
1624469220,0.9303535113948416
1624488720,0.7908415473352962
1624501560,0.46064577918993754
1624523760,0.7800101066781255
1624547700,0.5897957569630246
1624561620,0.41673384329846763
1624581180,0.5268010674743319
1624592220,0.18026245046082143
1624603860,0.6911110318038034
1624625160,0.8043422342456831
1624638180,0.08073553008930412
1624654980,0.8796354753807082
1624675200,0.24147971869603754
1624692180,0.7702665258475306
1624706580,0.6939459778697394
1624719720,0.8034192804755319
1624733520,0.782247819592398
1624747860,0.6084982463090229
1624767240,0.5662271070134747
1624791900,0.7977263880099716
1624809000,0.8863998093555973
1624829520,0.6977852881413923
1624848840,0.8186630552565273
1624868160,0.6519956541255456
1624890180,0.25900685094554693
1624905660,0.7577974263456818
1624924860,0.7176205239370406
1624940820,0.4992456695925035
1624955640,0.20121637107571544
1624966740,0.6647334304272156
1624981920,0.21268200978497584
1625004960,0.32186224638156463
1625026980,0.8723819603302353
1625037780,0.9240888944248773
1625050620,0.13317700965376517
1625072880,0.8771155010461772
1625092080,0.2998102836163439
1625103840,0.45539506580308176
1625128680,0.7895293475156017
1625141640,0.8063879187575316
1625153160,0.7044955794246301
1625167800,0.8133813598852005
1625186880,0.8053555506858227
1625202060,0.9292153215685374
1625225520,0.8960273879177877
1625238240,0.6740075265554968
1625256120,0.36512401824189944
1625273100,0.5559418785216408
1625297760,0.6057129258606483
1625309460,0.6838731559051282
1625334060,0.6516832360337887
1625345820,0.09048470020421721
1625364960,0.6374162016785444
1625377140,0.39534930610390884
1625388360,0.12489490558908124
1625403720,0.3263084441790362
1625421600,0.15335180601224535
1625433480,0.641027125074213
1625447580,0.8582261471273146
1625468160,0.2945555080239557
1625480280,0.15536583227720732
1625499420,0.4342851832044767
1625524140,0.8103073696733248
1625547840,0.806284467204378
1625559600,0.19726127850970077
1625570940,0.8282543401274114
1625590500,0.35378760099710704
1625611020,0.9235984696030972
1625632860,0.8031671861895774
1625645700,0.19467496933281683
1625664360,0.3444891167722497
1625689320,0.8877548732170776
1625702580,0.7549380773582932
1625723580,0.6978655323295271
1625737980,0.2843475339990414
1625762580,0.3151257994994554
1625776200,0.8014215001452569
1625800560,0.90520561488898
1625824020,0.2972289159022622
1625847540,0.938271150096963
1625867580,0.2954523502493804
1625878560,0.5508550853289367
1625890620,0.8311717054384722
1625902020,0.8607874495339909
1625926860,0.702086019648443
1625937960,0.6835944658848654
1625956440,0.7284253724389833
1625975220,0.9486060302615851
1625997540,0.24955888442188462
1626022680,0.1970798365696352
1626041520,0.6783681209341239
1626054540,0.6177913513298051
1626070200,0.13797693520907223
1626091560,0.2301778185190513
1626109800,0.0717004571392494
1626121620,0.5170837063360144
1626140940,0.19806870173884172
1626154920,0.8294911696046795
1626180120,0.7211299586338226
1626191340,0.6276389133422751
1626206460,0.7236070538730839
1626220260,0.6058362195662946
1626236460,0.39063760198563435
1626259560,0.6590267178706096
1626280920,0.822758762397507
1626292680,0.19222774276191304
1626309240,0.5045953258998986
1626321780,0.17252044667528124
1626337440,0.7480978194235928
1626350400,0.27964359355669544
1626369600,0.045601532284562936
1626381540,0.23116749648732
1626395340,0.44797753846124583
1626411360,0.42541215536502164
1626427440,0.4437915569174614
1626448020,0.23945081776010746
1626466980,0.40605428788159303
1626479220,0.9036180949185106
1626501600,0.16936139819512505
1626515520,0.8473856919910489
1626532800,0.8682404930371277
1626553200,0.33319369138358307
1626568380,0.19028404168422247
1626589020,0.8169143307141965
1626607560,0.2621540782625594
1626622740,0.5661619658099981
1626644160,0.5126266804211077
1626659640,0.4190124114130279
1626672780,0.7981309330799237
1626691740,0.20216833106331775
1626705120,0.6008990791461604
1626723960,0.6505906521484542
1626738180,0.29580401098064063
1626759300,0.5037101523407407
1626781080,0.650095702356395
1626804240,0.18996078722577417
1626824400,0.9242400617261366
1626841800,0.3296365704501937
1626862920,0.7773377605748693
1626878940,0.0596011241720705
1626893820,0.7414758672415892
1626912240,0.31155926543579315
1626925800,0.12335018899272628
1626940860,0.4065500023340974
1626955200,0.18945285247802948
1626976680,0.30380550738409684
1626988440,0.9077089406273559
1627009140,0.7182874362166183
1627032300,0.16094611353802157
1627045980,0.6784950709476284
1627056900,0.8949797744754275
1627080120,0.857227190991207
1627092600,0.2076505211192041
1627116240,0.5971666587731903
1627134660,0.7566380726534669
1627147500,0.7272740743360029
1627163640,0.5721394312152425
1627176480,0.15437276861645613
1627196340,0.454260850715355
1627220460,0.4467159881713602
1627232940,0.5549024913956611
1627251960,0.7370933335441696
1627274100,0.4034133285575073
1627296480,0.8832590933884246
1627315440,0.2127463424408641
1627340580,0.24640089111749428
1627351740,0.049675191140104755
1627374420,0.5777730678087594
1627386120,0.5277174961008637
1627399320,0.4329989554245295
1627419120,0.7834223710485025
1627432560,0.2698437494487468
1627454220,0.7561571234129162
1627469520,0.18166253365098214
1627489980,0.7941042010022775
1627508760,0.30835208216520493
1627532880,0.4886248299711269
1627554780,0.08126667292988506
1627576680,0.5528157963853071
1627593180,0.9135707516148879
1627608720,0.3456961469963232
1627633920,0.22317872550916748
1627654080,0.19380126401193773
1627668960,0.25251456911879633
1627689120,0.7273787842362139
1627707480,0.5910837120913317
1627729920,0.38040224676671014
1627748460,0.7076171575726705
1627767120,0.7229641359897097
1627780860,0.6867234971943571
1627798560,0.5134418209772296
1627814640,0.6807723181631562
1627835520,0.42546818269430664
1627858140,0.7971279307683629
1627876740,0.6086907337318137
1627897860,0.7263058640671068
1627915500,0.6712183783116877
1627930440,0.6049853129750425
1627944120,0.6357321288698471
1627965840,0.21348888293170576
1627979220,0.7942089455685253
1627996740,0.8903304359728385
1628015820,0.6351624507926747
1628030400,0.9104185069393335
1628047500,0.8092125825130013
1628070060,0.9038779553182379
1628088720,0.5746919908614706
1628101260,0.7647558755730697
1628123340,0.8943693982877838
1628148180,0.5723896453872748
1628161500,0.20801601510526477
1628182080,0.8841248936942864
1628196960,0.1707001927685862
1628221800,0.3874480688048066
1628244660,0.8190691329580184
1628265720,0.8750304075544966
1628281200,0.5507449570789704
1628300580,0.6378697153411982
1628316780,0.5469321682394817
1628331600,0.14726637630087286
1628356200,0.7056369482903838
1628379660,0.38963009787737163
1628390640,0.5903523408107771
1628407740,0.7850937240286733
1628424180,0.5703317814713261
1628438820,0.6701988963286236
1628452260,0.34820486165444414
1628473380,0.8619805079002856
1628489940,0.8967043574267833
1628515080,0.4791714008149022
1628535480,0.8285989801956374
1628560140,0.3189740670361505
1628582040,0.08075968171342221
1628600640,0.03914934650363525
1628623800,0.6502309480227447
1628643300,0.8549333169000511
1628663340,0.902926112129325
1628681820,0.6479837627208375
1628703780,0.8156922154717723
1628725980,0.17192712588933212
1628748900,0.932246123823925
1628768520,0.22549590700098907
1628792580,0.7345215239037046
1628814600,0.9024180088091288
1628834640,0.7551407406903453
1628855220,0.9122422585638429
1628867040,0.11376940765751177
1628886660,0.6732399716197455
1628908380,0.3047305330025798
1628924880,0.8950052905952964
1628942040,0.5205932454015567
1628961240,0.8093816628255721
1628979900,0.28358417296939953
1628992440,0.7404369880737413
1629014820,0.8009337552385415
1629030780,0.4543294337700726
1629055620,0.7347789840504855
1629078900,0.6233004984293046
1629099960,0.8251447549864995
1629123960,0.13663831017476086
1629144300,0.7447654781597748
1629161220,0.8849464560535054
1629175380,0.8709344479028621
1629186420,0.8991202805562627
1629199440,0.2625015202824326
1629221220,0.5228667425457885
1629235800,0.6885341074586646
1629248100,0.33548360259557347
1629266940,0.8611866184839477
1629286260,0.8388821581036705
1629299940,0.9088825674053609
1629314640,0.07311496360025833
1629331740,0.06440455336940158
1629348120,0.7742714621721004
1629360720,0.8698908130667353
1629384300,0.6285557623612223
1629402240,0.2430469257657859
1629418020,0.8667247800333152
1629434580,0.23368621566722975
1629459180,0.8337458015075987
1629481080,0.8850347645528781
1629501480,0.8683712469470953
1629520020,0.1587595413142226
1629544680,0.016925690929098045
1629564360,0.8589523383900026
1629584820,0.8304759507193554
1629601680,0.5336951400310327
1629621840,0.8592364878432404
1629645480,0.7785823650408672
1629664740,0.1470238963767563
1629686100,0.7591825251645353
1629710940,0.19468383184424556
1629722280,0.2961159713105203
1629733200,0.9006122238928669
1629752100,0.6142829606777201
1629764580,0.783316794437304
1629785160,0.8145994363892071
1629799260,0.8931429232600195
1629821760,0.22406717410844582
1629846240,0.20982288214973258
1629869760,0.07685377237105702
1629890400,0.34890915124819394
1629903840,0.6181903432960896
1629919020,0.8938024612561467
1629937020,0.6705108943933257
1629959640,0.870547495427192
1629973920,0.7268598754539005
1629998940,0.8326027452385303
1630012980,0.4463885615925848
1630034520,0.7968967597934026
1630048080,0.7874523622615992
1630063680,0.24181736603723053
1630086840,0.9166683537755772
1630106160,0.21374463386460407
1630119060,0.2449654811248207
1630140840,0.13352529366402785
1630160820,0.8572739854955708
1630172580,0.7228351258444441
1630196520,0.5528561248963387
1630209660,0.808141842049295
1630223820,0.8161721850371662
1630249020,0.1900865921808887
1630266360,0.7607765261135744
1630277400,0.6921361838212213
1630291200,0.09751183314981375
1630303740,0.2163760613073615
1630321440,0.2353087317143187
1630338840,0.6109617145763604
1630351680,0.787816605239041
1630371960,0.29278805766030996
1630392600,0.7514290734889348
1630406520,0.49603074470067793
1630423140,0.8496174172616611
1630448040,0.062140213225379805
1630461360,0.17256779713365072
1630480920,0.6989418254337753
1630505520,0.8419543151551292
1630516800,0.9057515662007193
1630535100,0.7299493597130796
1630559640,0.7654182725651634
1630579440,0.8366477286058225
1630600560,0.7364686056869814
1630618080,0.8844372903378297
1630638720,0.8062184437181964
1630661700,0.7365757593691673
1630681380,0.6676553101390449
1630702380,0.2526617648267875
1630722600,0.4260217161834143
1630735200,0.17232514958563427
1630749960,0.7997195185939072
1630770900,0.1493595991860414
1630792860,0.467355509542951
1630818000,0.7973666593920784
1630840260,0.7375121701285806
1630853580,0.4085913720029043
1630873620,0.7088468303788962
1630889280,0.8075856172768213
1630905420,0.7097445831216211
1630922340,0.7436093038371399
1630938600,0.9573508895699926
1630952700,0.22513722689678145
1630967700,0.85162807478931
1630979100,0.24388634705575296
1630994880,0.7126501376095297
1631014080,0.14086580256396564
1631030220,0.4143703810094308
1631054400,0.7952940352989532
1631065980,0.7530511895613752
1631085120,0.6932725494050922
1631110140,0.8363178463210428
1631129640,0.8732170886863053
1631149320,0.280870122898004
1631173020,0.21363074366676152
1631184300,0.5878697120404842
1631206800,0.8597777733785172
1631226900,0.17114800705343172
1631248380,0.8785515633862571
1631259540,0.31219769184953133
1631273580,0.8342409583289024
1631289780,0.756155638084064
1631304600,0.22835625569385415
1631315760,0.7487913769603157
1631339700,0.8671391221024728
1631356080,0.5524277807476646
1631372820,0.6927363331407087
1631392080,0.08480181599982416
1631405760,0.6409319372306282
1631421840,0.4054031333337506
1631433720,0.5959602275140893
1631454060,0.7133056990980291
1631466960,0.7348501136681264
1631483640,0.20325649803806192
1631497800,0.8220522559010963
1631521560,0.4916040406657441
1631545380,0.7734931884659039
1631561400,0.10900413880969946
1631575740,0.9089700532907875
1631599860,0.8839171570531392
1631616000,0.8385605695059796
1631641080,0.2894011621946303
1631656260,0.65822927097438
1631677620,0.41944523570708675
1631693280,0.384838163429412
1631713440,0.6301505578037522
1631735940,0.8223169874640499
1631757120,0.5472883253000665
1631767980,0.786026754033689
1631781120,0.26924408936274025
1631803440,0.6520433671283631
1631826180,0.4197881951408157
1631849160,0.894579839486933
1631869500,0.6930126886779592
1631881560,0.35243420617371685
1631893980,0.06672710968185477
1631905680,0.3017328693704822
1631922900,0.14345000576385888
1631940780,0.9119119493001077
1631956080,0.8625610644766376
1631976480,0.8079925951521192
1631994660,0.6275454579874008
1632011220,0.7296441050735315
1632025500,0.6549548346108462
1632049560,0.8231933801510812
1632063240,0.9255078696666359
1632075660,0.8430311140573248
1632086580,0.511146223114686
1632103680,0.22807080167301486
1632124500,0.6888529825786176
1632141120,0.18407392203911566
1632156420,0.8330622166255249
1632177060,0.7272614139837233
1632192540,0.27750900565570685
1632215220,0.053764643934261225
1632235740,0.9297229903836252
1632254580,0.676915392417739
1632276420,0.33322148609563346
1632291660,0.48229175942414143
1632308760,0.5847277936798952
1632327600,0.9375581108560759
1632348720,0.028353671668812086
1632361860,0.5684313443586508
1632385260,0.936505707667846
1632399600,0.8539958207925381
1632410460,0.09804164508630561
1632433320,0.11143314855386796
1632451740,0.8453269554441609
1632468840,0.10857240443275959
1632487380,0.7611093483228271
1632500460,0.3291157488401555
1632513840,0.01437124250778854
1632536700,0.05297481623545029
1632551100,0.05221533023987267
1632563100,0.9396050255360865
1632580140,0.10790340260659535
1632604320,0.4874468262934141
1632620100,0.7839452206548532
1632636900,0.8654776487565885
1632659340,0.897455392852948
1632681180,0.9098361385850573
1632697860,0.8713784813549057
1632721320,0.8119582609394203
1632740340,0.06613850516190022
1632753180,0.0942297092590687
1632768420,0.8540787547188989
1632790320,0.0361824478240575
1632814080,0.3017075904820793
1632829800,0.924512982015766
1632846180,0.1531682004060729
1632870420,0.09152246561979582
1632882900,0.8166063901701698
1632904380,0.6800666989762261
1632929520,0.6728177938968243
1632952440,0.02997355037359488
1632964740,0.2222495910387625
1632980400,0.6716827497025066
1632992340,0.30126768416167504
1633009740,0.870238268673296
1633034040,0.8066012608609069
1633051200,0.1285178317111938
1633074720,0.8719225024084211
1633088220,0.22210799191047206
1633101720,0.016408401222158947
1633124640,0.9157533669162509
1633149600,0.5816602906693363
1633171980,0.8972332768712177
1633191120,0.29901844054244703
1633214100,0.7637360201338893
1633225560,0.8993079319882147
1633239060,0.8642046848143823
1633254960,0.4628795764011319
1633271400,0.696263127846821
1633286940,0.6103524833738414
1633308120,0.8743486246324733
1633333320,0.38912507877097496
1633345620,0.619835413694938
1633364820,0.10268670161328372
1633387260,0.2000385237899168
1633400820,0.9363506890814407
1633416780,0.8454649107939771
1633441500,0.7201683028828701
1633452300,0.5438833752207415
1633467060,0.8614015543368736
1633483140,0.7565125698581451
1633504440,0.7330133755143792
1633529220,0.03240101435651534
1633554300,0.6915539285440221
1633570620,0.9458742489541418
1633582320,0.9369019806064293
1633597980,0.7946823954793651
1633610580,0.8025940809668858
1633623060,0.9241896162214108
1633638600,0.9506634670169863
1633655220,0.09467208609516323
1633671120,0.837883075359285
1633683360,0.8639748584258924
1633707960,0.899916519272231
1633718880,0.16756808891613384
1633742760,0.521324449791135
1633763400,0.8641789129525435
1633786380,0.8690624444135593
1633804500,0.8601412946658009
1633821360,0.12433880727528901
1633843440,0.28819446605629295
1633868640,0.7573448461807478
1633889940,0.027197571490574834
1633908420,0.056785432442831595
1633924500,0.8837287948051652
1633942680,0.02093341325524241
1633965540,0.6680608969789142
1633983720,0.8113212420948505
1634006340,0.898211104757039
1634030760,0.8829325276873344
1634052060,0.8546798913279031
1634070720,0.9369977961891717
1634081520,0.9126701521088763
1634098560,0.48523227873153074
1634109960,0.8869943250607577
1634125260,0.8869249895221423
1634138880,0.8587721383578961
1634157360,0.17495912960133586
1634172180,0.9379395088146508
1634192100,0.7554800697150892
1634212020,0.9246653099598684
1634229540,0.07216930740115701
1634240580,0.8243331066496726
1634265180,0.30712675354195285
1634282760,0.7962116477896467
1634293980,0.21044949211739036
1634311620,0.9151092197538014
1634329200,0.9287694865533717
1634353980,0.781336575795108
1634366100,0.8302030358386276
1634387160,0.8255833825367896
1634403540,0.15814771116322351
1634419320,0.7616907890184388
1634443140,0.6365241261078634
1634454720,0.33980277429091227
1634470500,0.897051944399338
1634486400,0.023422355641183622
1634501580,0.4647750326411852
1634522040,0.25658128153360815
1634539440,0.8800993805449576
1634553720,0.04608197878913997
1634571780,0.5215583266853896
1634583240,0.9044351785502198
1634596200,0.7507133083135482
1634607360,0.9486168465802682
1634629320,0.43964462874407606
1634649420,0.45882694215433545
1634673360,0.8843089696362767
1634692920,0.7107980604856087
1634715480,0.8724421527339835
1634738880,0.5549713310272788
1634757720,0.6701859223494777
1634779980,0.8985481303451102
1634803860,0.7364832718176156
1634817660,0.2047063888048443
1634830260,0.6771771798524332
1634842140,0.13512179355495588
1634852940,0.13439904202506547
1634875140,0.6284467150727117
1634893080,0.8992251574126758
1634907540,0.9214056404729277
1634920980,0.9421656615919254
1634944080,0.38840609510621976
1634967480,0.7990419533372888
1634986740,0.8177783711587284
1634999220,0.2287646816773264
1635022620,0.16963565712786954
1635047220,0.8315435855005954
1635060660,0.8198797450784392
1635077520,0.2277321824329939
1635093780,0.8612595820549134
1635109740,0.8358476977259294
1635134160,0.9219682925494589
1635148500,0.8726315495085342
1635161040,0.8512560886662436
1635180060,0.9553352680387349
1635198600,0.756106846041319
1635220020,0.2310339652742521
1635237300,0.7706727465806665
1635252840,0.32830286760557154
1635277980,0.32763921499184034
1635290700,0.9471451390043374
1635304380,0.9526105566031443
1635324420,0.3689585949915979
1635345180,0.1379739607496964
1635369420,0.48054477236569304
1635382680,0.9481708129882247
1635405540,0.7144116788667889
1635423240,0.8903780540009548
1635439500,0.9451961045013942
1635458220,0.09497519261395464
1635471780,0.3479099795792141
1635496320,0.8247864509180433
1635518460,0.9220840065650012
1635538740,0.9305611660475872
1635556260,0.3989521541403332
1635574260,0.8565514786250972
1635596160,0.7348265354635779
1635611940,0.14898529936146188
1635636180,0.6072175096574459
1635647760,0.3085668583929614
1635660360,0.9034418977990757
1635674760,0.44425419219840384
1635699780,0.856811731746871
1635715320,0.5504103862854648
1635726540,0.043579259585888354
1635744300,0.6423225930477244
1635765900,0.7911000158259024
1635777180,0.9618375752682748
1635793800,0.8295205789460617
1635808560,0.9363236523579906
1635822120,0.20293061938433227
1635834480,0.9198383100782838
1635859260,0.2425327177376227
1635872640,0.04862051512407196
1635891900,0.03158453023465002
1635906900,0.059376085884073906
1635930180,0.6698994991164425
1635949500,0.9244629579870645
1635969540,0.3145011867272641
1635981780,0.24686298428508432
1635993480,0.8418412149315958
1636011840,0.5228161350324458
1636029780,0.082455734555702
1636049580,0.27243638367678674
1636064220,0.4770251181221021
1636083720,0.6332453511740466
1636094820,0.024778242665546173
1636111200,0.9100178997654498
1636131000,0.17773867046511532
1636146780,0.3064627150066179
1636169940,0.13653082091424687
1636189560,0.9069293579421043
1636213500,0.6494426665186459
1636229280,0.07605458301974793
1636249560,0.1703527078002906
1636260900,0.3150236137923874
1636280040,0.33771506239151206
1636304520,0.8633495052917414
1636315620,0.8876137305143788
1636329720,0.25416021058573957
1636346520,0.9524073785861534
1636359420,0.5240726230237676
1636373340,0.6216878334351974
1636386840,0.33996549635596396
1636400940,0.8775256852018919
1636424400,0.04338436922244533
1636442460,0.5501739802360238
1636463100,0.7218245972380124
1636483560,0.6327620781282521
1636504680,0.22472217317957147
1636522800,0.8523821059868025
1636547640,0.45072214027820545
1636564560,0.8470137321187652
1636578000,0.6604166716582205
1636600740,0.9044135528664025
1636621080,0.7991844293860564
1636642980,0.8012696991668588
1636665420,0.24861537016437113
1636684140,0.5142674657909371
1636698960,0.07342324495941419
1636709760,0.8575129056275033
1636733160,0.36141143572652534
1636750680,0.7584714406018985
1636772460,0.280579838348246
1636787100,0.6169256806820493
1636798860,0.7927220152996676
1636810860,0.5690487299020668
1636829580,0.3848174348801093
1636846740,0.4299813806262952
1636863480,0.5843225980735716
1636876080,0.19899714601024465
1636888620,0.5410884729308251
1636903920,0.8865166579266572
1636915140,0.3931404904078899
1636939200,0.4961604932923228
1636953660,0.42501936773300075
1636966740,0.8878816951956644
1636985880,0.4983844010380014
1637003220,0.16452890153290672
1637019480,0.06886076590035574
1637040180,0.457357777048196
1637051400,0.7532151152631614
1637072640,0.8280354147306516
1637084880,0.08510919882253618
1637101560,0.8373870671896069
1637121060,0.7977122984682139
1637145240,0.92419620132901
1637169360,0.8590546704826403
1637182560,0.7357264890881952
1637193780,0.8801077551856302
1637214120,0.21916998069477994
1637227860,0.9030849513056698
1637242920,0.458980097338978
1637266200,0.9075578987128622
1637282580,0.17645566520047926
1637303220,0.8813198240672059
1637319000,0.5250205181088416
1637340300,0.5377825103654895
1637354100,0.08793917954952721
1637373120,0.28276626458600945
1637388240,0.7618672078438671
1637402760,0.4619717255723393
1637425800,0.24401306320905153
1637444160,0.6547771925550037
1637463540,0.1953124839726349
1637475000,0.20864581218823128
1637492580,0.5563771898800023
1637516520,0.2874027125751923
1637527380,0.9257487970188147
1637543400,0.0923374648559994
1637554800,0.679579216358986
1637576460,0.632373707125657
1637595480,0.7106600103603467
1637611860,0.863645197191504
1637623920,0.7881270450988382
1637648160,0.4161234186808322
1637664000,0.8770696041911615
1637678160,0.23446383785518132
1637700600,0.6921170215779336
1637717100,0.16494162539078766
1637734320,0.36463657002850886
1637751480,0.8283296258727462
1637772660,0.0512874253386875
1637796240,0.08465688915780158
1637811000,0.7363211120110345
1637828280,0.16564313640469788
1637842800,0.7404239683308695
1637854740,0.9196795549738533
1637878560,0.22089553984281934
1637898840,0.7404547071679956
1637912820,0.2040906818482314
1637936640,0.727229944877979
1637953680,0.15313029219903002
1637976780,0.1624655354667306
1637992140,0.1753926707665135
1638006600,0.8389489925026766
1638017400,0.4666421455165459
1638032280,0.5492892854119671
1638054120,0.6837284948995788
1638075540,0.7348110144972482
1638091860,0.842761476619655
1638114900,0.5810620039362127
1638125700,0.8024627272295071
1638140100,0.3514162243530729
1638161400,0.9472627067767894
1638174960,0.6370272711789134
1638195840,0.8681070369435459
1638210720,0.66564840629107
1638224400,0.11754662333614282
1638237060,0.7060551385652677
1638249000,0.7866809123008452
1638260760,0.21996040605673178
1638282120,0.38731928700141993
1638305040,0.8993457018013653
1638322140,0.6273477694584724
1638338400,0.7984574872648644
1638360420,0.14423914869997373
1638385320,0.35702591611798856
1638400380,0.7280948103409413
1638424380,0.8465624524552654
1638449100,0.3338849979530933
1638462960,0.02997453756518381
1638477120,0.7317894743497545
1638499380,0.7813745959145034
1638517740,0.5139827735647041
1638528840,0.7976116516398484
1638541680,0.17956419389163916
1638556920,0.05808834501447498
1638576420,0.8710010233155883
1638587280,0.3115650962200883
1638608340,0.806518286474919
1638620520,0.07997998963274384
1638634200,0.8269525815837762
1638649920,0.26772484966328874
1638668340,0.5427441482261872
1638689940,0.15544247284877377
1638705360,0.10397344075937269
1638724500,0.8119621180815109
1638738780,0.864131309311353
1638760380,0.4201479730568166
1638782700,0.6693843295713902
1638804120,0.04515991415217747
1638818580,0.4039084534510498
1638842820,0.7732982196313758
1638863220,0.5510722158347593
1638883140,0.5699980716909602
1638903000,0.16622401188933522
1638922980,0.7341396667067245
1638947820,0.647899123327814
1638966060,0.20051355213194189
1638979680,0.6159602702308526
1638995040,0.5567303591868793
1639007580,0.9313267058748363
1639029840,0.14678435584787664
1639051980,0.17140842148786245
1639065540,0.7489402357917909
1639081860,0.8575827679604833
1639099260,0.8804929957187787
1639122120,0.4760787471220384
1639146420,0.6796395760417687
1639161780,0.3309704066316874
1639184760,0.7408209801898461
1639196940,0.19063079225643534
1639209420,0.716135518140398
1639234200,0.7168052140069497
1639253760,0.7743114075148995
1639276200,0.6130322176346036
1639287420,0.2953440901618905
1639306860,0.26472768403744584
1639320480,0.6367938371622455
1639334280,0.05704347839802526
1639346040,0.4288069380136821
1639361220,0.3144908753643986
1639375620,0.8734421929248559
1639387860,0.1630987350543374
1639402740,0.7909771229172001
1639427220,0.15756899314588982
1639450020,0.874711548433534
1639475220,0.7828406243091564
1639496640,0.4084294235101315
1639511460,0.23710013655129747
1639525680,0.1980592924208507
1639540020,0.6958441008035192
1639561260,0.10884601875373132
1639576500,0.8912429013376456
1639593000,0.875432955227471
1639605180,0.8900511622025619
1639623360,0.8058100425683239
1639647060,0.7447482667538788
1639670580,0.6269338500556116
1639683060,0.8438500714672027
1639698240,0.3518475324553424
1639717500,0.7614265311097568
1639729620,0.2951467656710153
1639742940,0.10446346529414823
1639768020,0.396924402705602
1639792140,0.16110369383036316
1639806060,0.20598378544349802
1639828140,0.4125936149876495
1639847100,0.7229140612785291
1639869660,0.9377079810686668
1639890780,0.3703845656839576
1639904280,0.6922538997874292
1639918920,0.2797637650740159
1639935360,0.6153540520525426
1639956960,0.584786179556449
1639972200,0.1476659695347562
1639988520,0.17792383524977806
1640002680,0.33877093870160296
1640025900,0.08331738786052706
1640038620,0.15482099798730872
1640056860,0.5748798465498354
1640078520,0.8277917743802837
1640102520,0.9309567804752746
1640120460,0.30437339342705017
1640145600,0.46333598709187296
1640169360,0.033964977441781494
1640183820,0.20492627860391227
1640208660,0.4419717443176219
1640223840,0.8069242203297263
1640240160,0.22432509044619853
1640262720,0.4233992787004738
1640275560,0.8542753182690052
1640288700,0.6656966130192941
1640311200,0.7665319677787524
1640330040,0.8610222340969722
1640354220,0.3529560916545142
1640377080,0.2606105786738663
1640394300,0.9247024912119819
1640405820,0.16488803820118383
1640422380,0.7234436469530605
1640436960,0.7640624781729122
1640457720,0.8661501708253311
1640478360,0.5645880771287364
1640494560,0.31291358449538326
1640507220,0.2785730489683031
1640530440,0.8911581624988278
1640555160,0.7715842863946667
1640578140,0.15612302060142252
1640603220,0.8933551931128537
1640624760,0.07738114069920542
1640646300,0.750729436954029
1640669340,0.36766221879869637
1640681040,0.7693975658678479
1640700720,0.7876460176598056
1640724000,0.7691269233296618
1640747460,0.10040570032257222
1640770740,0.43916380333278676
1640790540,0.8714569366970213
1640801700,0.847096339154194
1640825880,0.8398832642063034
1640836740,0.2172809237268127
1640861940,0.35130530551918826
1640883600,0.19417484237146365
1640895180,0.6369343965470053
1640909880,0.5387890022904895
1640930160,0.8808521601110361
1640949360,0.5866770648316791
1640965260,0.15440865359491496
1640981640,0.8423925881522425
1641003420,0.7183101745186131
1641014520,0.2558924284563406
1641034620,0.7420413341381612
1641051420,0.7159770094546085
1641075360,0.6188107829273302
1641095160,0.4652308575927004
1641115680,0.8381747644978524
1641130380,0.28400865998586705
1641155040,0.8929579373529299
1641166080,0.8029612881311377
1641176940,0.8587608866453544
1641198600,0.8588874925673253
1641213900,0.7561893488676183
1641228540,0.1131474254713686
1641251760,0.6877335646413637
1641266100,0.8091228783018093
1641280680,0.7634737058171496
1641294240,0.3395711443064701
1641308760,0.942374647684274
1641324240,0.8768238554443663
1641337560,0.20361345064243844
1641351300,0.8370062791803128
1641363240,0.16788717040633597
1641385320,0.6068760192454492
1641397380,0.3549068906356618
1641421440,0.3796025324232369
1641439080,0.3134660001979414
1641453360,0.13046378531258876
1641469980,0.06431848325974253
1641493920,0.7972740844743624
1641504900,0.050739125446654675
1641528780,0.8023732721206592
1641550740,0.8831206128439469
1641567660,0.7623783751369297
1641584820,0.6392838505036188
1641601680,0.3754265843499085
1641613500,0.19502551240038604
1641637800,0.7274864877112502
1641653940,0.6007197020635322
1641668940,0.24883435134238507
1641691380,0.7427041502240338
1641712680,0.7570912133703439
1641733620,0.3991948792399925
1641750060,0.3533250713583654
1641769560,0.8332349001250359
1641780540,0.052086927231203436
1641795180,0.8786827470754268
1641810420,0.38403824773463086
1641829560,0.9401722401951579
1641848460,0.8379471473829078
1641868020,0.772451618161401
1641893160,0.47095561221271137
1641911340,0.9052787561126597
1641930360,0.33127673727270185
1641944340,0.9073159347603228
1641955920,0.8320580839926431
1641967020,0.6954374685546091
1641988380,0.6742233652370118
1642011960,0.708339235574425
1642034400,0.8366257291729534
1642045200,0.17207932456838512
1642066500,0.44347786787083143
1642091700,0.8704149674216249
1642106880,0.7095473231530189
1642118040,0.10223205349738679
1642133520,0.7620737564072578
1642149900,0.6195526952731725
1642161420,0.09883655077085145
1642181280,0.6044244410456409
1642200780,0.7018705643653078
1642219260,0.5253299272045119
1642233060,0.24894311850455733
1642244220,0.2267727113458454
1642257180,0.8589175219866599
1642282140,0.826891574607848
1642301160,0.783443667693394
1642325880,0.5387963780026204
1642342500,0.44681931673057684
1642363980,0.26420401643932334
1642379700,0.38500368094672155
1642393560,0.30163614090059987
1642408140,0.725450150041883
1642425780,0.22515990277505063
1642443180,0.6659379949598117
1642464900,0.4071481582849812
1642487100,0.16230158363540734
1642511340,0.7571778829097562
1642528440,0.8237349121653991
1642547040,0.07171688417209192
1642560660,0.6778747915897653
1642576440,0.903224978121584
1642588620,0.6708469730547254
1642602240,0.20634258319964713
1642624020,0.5433741626012624
1642646160,0.7793166072494009
1642668660,0.8494814949249457
1642682520,0.8825479719754854
1642706700,0.8964459321464817
1642719960,0.9063219820438635
1642735260,0.33913530941824144
1642755060,0.6828625396382966
1642773420,0.7539860591922584
1642790880,0.6262320154479626
1642802520,0.4539587352495737
1642818720,0.23520795176106277
1642829520,0.7341487647646041
1642843140,0.6919799759022119
1642854000,0.7339625172172201
1642871580,0.6855249864002282
1642886460,0.8110254402334631
1642897920,0.7764383543673934
1642921440,0.20532726968310058
1642942440,0.8766624363034514
1642965660,0.7636873539539125
1642986780,0.6597494197154787
1643002080,0.8726040744909007
1643026920,0.6288915969257278
1643052060,0.09414339562211033
1643068500,0.49070084586437657
1643085900,0.18741492597317735
1643106540,0.8364462755170277
1643126340,0.7768226340773655
1643143920,0.805995245334946
1643166180,0.3520272914468772
1643190660,0.8461025164641379
1643203200,0.83898171161735
1643216820,0.5858244651880151
1643233020,0.950270342953688
1643256840,0.7295618446453335
1643268660,0.7015872672536386
1643283420,0.8633078249669104
1643294940,0.789983762344069
1643317140,0.3768433757058264
1643331240,0.8463691069854433
1643348940,0.22045779035944837
1643374140,0.47455220034080725
1643389860,0.8702933484642018
1643403420,0.24341394473635866
1643418780,0.6715125550522035
1643439420,0.7066371947988954
1643451000,0.3988258993720309
1643463000,0.1264408781721205
1643480100,0.8781107541706941
1643495280,0.7062955221895393
1643519700,0.7012846710094104
1643534040,0.9075451245940235
1643549640,0.27748406312957963
1643565720,0.12243606025347226
1643586300,0.7804498102092401
1643598120,0.8607514347316284
1643612160,0.6489340485874617
1643635860,0.5728660432123812
1643652960,0.0524367666012247
1643665200,0.825934301044992
1643677860,0.18342409134749768
1643698320,0.6722116721433012
1643709180,0.10948648523936699
1643726400,0.3620067638630319
1643745360,0.14795762610351434
1643762340,0.9435777497578048
1643776020,0.8253397439677611
1643792160,0.8241718185149299
1643805780,0.6940778481215463
1643829360,0.21137155989690942
1643849820,0.8574860863543285
1643872560,0.669983074161196
1643897700,0.8962948724981917
1643921580,0.19370288120947715
1643936460,0.8148795677679914
1643957580,0.6153434123155006
1643979480,0.25099478811699705
1644004500,0.7448455096294272
1644029520,0.12439463920798904
1644053220,0.15683685747416443
1644074820,0.659066096999675
1644091920,0.8040342302853706
1644115320,0.5568705027288516
1644137280,0.23629863682166233
1644161220,0.6257739355092555
1644175140,0.8817034605746473
1644197580,0.10235117634723064
1644209520,0.7258688482396997
1644222720,0.052482385860505056
1644233520,0.3152555912820808
1644247620,0.732853339099333
1644265140,0.7995545996603163
1644289140,0.8612797474190721
1644304020,0.8733075258731915
1644324360,0.28614563053049574
1644340800,0.9069551456047593
1644353940,0.5014847152914588
1644375480,0.3195676277607099
1644400500,0.6688387395043821
1644411780,0.3367505003708875
1644427500,0.8816863201566989
1644448740,0.27584734993299603
1644469800,0.7944534643862903
1644486480,0.25969943324214
1644506820,0.9479286942139581
1644518160,0.12843883449378785
1644542520,0.5286185048406168
1644560880,0.6190690340078276
1644574920,0.2886088118027949
1644597240,0.1457967214350831
1644611880,0.6129842983368128
1644625080,0.7520946579387916
1644646320,0.7850880740482485
1644667980,0.7316342562936904
1644686700,0.45228677814137036
1644711300,0.4640623433634467
1644730980,0.217495420724473
1644745140,0.4236183300265559
1644768660,0.7916350365745609
1644793560,0.6459210258628073
1644807060,0.5277800173719851
1644821700,0.47107647555026183
1644836640,0.8203536747790953
1644853140,0.8704186150231236
1644876300,0.05679944145688993
1644897480,0.6710424479106467
1644909360,0.8823922657269722
1644922740,0.7966154977796666
1644944700,0.5410876486773946
1644961980,0.5129663780468076
1644984000,0.7609587584709211
1645004820,0.2105228974558118
1645028460,0.4635478365590577
1645044000,0.35222006205052026
1645058940,0.02884066550447935
1645070940,0.3326274310414235
1645093440,0.22424421132643124
1645109760,0.2521075539306935
1645131480,0.8946605364564868
1645153620,0.7910279607297154
1645167780,0.8521260719873136
1645181400,0.46597209828497366
1645197660,0.3274503583396632
1645219860,0.8521784154491785
1645233840,0.7199163661082594
1645252260,0.914743785403423
1645271160,0.8836849867876437
1645284000,0.5252392803453004
1645307940,0.7628216104291167
1645321200,0.367711023042702
1645342200,0.6287772732097823
1645355820,0.43502363436807223
1645378500,0.7014914820976162
1645400880,0.9160374994474786
1645421460,0.8967147194567664
1645434960,0.4930032521098496
1645451880,0.9077088412405171
1645471500,0.6899974816206481
1645486260,0.25011477543279964
1645509300,0.31305536064557915
1645521480,0.06790528477484607
1645532640,0.8053490011460664
1645554060,0.4870563962049323
1645570080,0.4604818746337224
1645581060,0.6747845578973051
1645592340,0.7868987270154896
1645606500,0.7165679634700293
1645622760,0.7900906899454451
1645634760,0.5634690427839897
1645659240,0.08741034670014275
1645683420,0.8827605274190067
1645703940,0.19443317863645818
1645721160,0.42784886564029717
1645738440,0.8125368859709394
1645753680,0.5884958102321531
1645765320,0.04702424615230429
1645777200,0.4988488526206984
1645799460,0.9590171813055696
1645818840,0.9074332405911192
1645838700,0.39502234068701203
1645851960,0.8907744943221687
1645869840,0.4157929304450044
1645890660,0.7742533085239196
1645913280,0.8219256003749178
1645936140,0.1646420585059807
1645960440,0.798598608042019
1645974300,0.9206125712091187
1645992960,0.7767782979450522
1646018160,0.7886751813705507
1646031600,0.5592710043658307
1646051040,0.1871599828389948
1646070060,0.15819965461664362
1646084940,0.24518863215913428
1646099520,0.360079711744241
1646115300,0.23861427760485468
1646135820,0.3422450754269749
1646152140,0.8870063584657726
1646170920,0.8656409396889196
1646186220,0.6040092013538612
1646199480,0.9473341047269346
1646212200,0.8232759338909571
1646225400,0.408123450444924
1646237520,0.28917130920429657
1646251620,0.8123608528951831
1646276040,0.809073894114479
1646297760,0.7399646156283414
1646310540,0.2867052399638591
1646321940,0.9231636795473959
1646339220,0.8634229601527099
1646356800,0.4305784152762294
1646376720,0.19511311630334305
1646393700,0.5865669383682739
1646413080,0.4271814359367084
1646430360,0.8714211752153241
1646450220,0.36106734166459004
1646461080,0.327838866057634
1646482080,0.8094739063881826
1646496120,0.42713212345121865
1646511060,0.862042848229759
1646521980,0.7548242760299144
1646538720,0.6271522124006345
1646560440,0.5027537554479421
1646573880,0.6506116489998859
1646598480,0.6133108131694943
1646617920,0.9229722429321109
1646641560,0.29293357270732073
1646656680,0.3137459526426414
1646671140,0.8833267482851309
1646693580,0.5865403773798618
1646714580,0.7127538613833073
1646730300,0.6590453860089303
1646741820,0.7086046422319798
1646756940,0.4096371108884712
1646774700,0.2922595956319809
1646796240,0.06332456826735963
1646810400,0.718691666011696
1646833620,0.8458987594395398
1646855580,0.3972784908197985
1646874900,0.861684515578015
1646889660,0.8200770589119531
1646908800,0.4521526582738409
1646928060,0.888609462941397
1646945400,0.5302613020204573
1646964840,0.3375775042451404
1646980020,0.671447031789167
1646999640,0.2162702853212273
1647024840,0.8867891780379672
1647049560,0.8398252505043358
1647073320,0.7695187734410923
1647085680,0.7204161073963059
1647104940,0.17147414536207997
1647126480,0.8293153000212843
1647144660,0.30852304413278714
1647166200,0.729093745425275
1647178740,0.8670467981491847
1647197760,0.7518347493337236
1647222840,0.6675610456647849
1647238980,0.6252518007794569
1647259440,0.31162143318727753
1647279720,0.18904275401063733
1647297720,0.8090829665934284
1647312720,0.8905315969395959
1647325380,0.8685607681262412
1647337980,0.8686049500127467
1647359280,0.9406930783976396
1647382860,0.5721037750791972
1647406200,0.6060398669975557
1647418500,0.6651496213576769
1647435780,0.070532258540543
1647457620,0.9413616625489437
1647472440,0.850563556850509
1647491640,0.6906881842514809
1647505980,0.7753449703111733
1647520680,0.09488689496110495
1647532440,0.22589674969644247
1647543720,0.35315217567176893
1647559800,0.32967562728593974
1647574440,0.8975587267998697
1647586800,0.4698978379008482
1647606180,0.7264971275004359
1647621240,0.8586842527120356
1647633660,0.27131543914353523
1647654960,0.684951173658152
1647668340,0.2921500211090716
1647689460,0.7130257361604501
1647700860,0.06747699992211781
1647713640,0.5503919059278191
1647725160,0.6609937307185616
1647745140,0.866115711495938
1647769620,0.8153950422135975
1647781620,0.10515018129006104
1647801420,0.3340243328976771
1647812340,0.6456743646264367
1647832980,0.6310181311232441
1647850260,0.7732031679891362
1647867120,0.7804892601787536
1647882060,0.9028639995014183
1647896460,0.23098371210177895
1647920100,0.058883791955734364
1647937380,0.7931955374394204
1647960240,0.02995939341738009
1647974820,0.9401927883664845
1647998160,0.2844058246522951
1648008960,0.7970883454950151
1648026420,0.9189081181169656
1648041180,0.11311778201184382
1648063140,0.7974999116150518
1648076220,0.8617414023343493
1648094160,0.9291426936858621
1648108440,0.4084274211225907
1648131600,0.5197949674962812
1648145760,0.9259033196199404
1648158000,0.19261595468740667
1648179000,0.6493346467236434
1648197120,0.8884330437399675
1648214520,0.9187377752450203
1648235700,0.8989384070252016
1648260360,0.6690963523171212
1648273620,0.22548670064398862
1648296900,0.6372462091978542
1648311720,0.7026904780728847
1648329840,0.49176725386692355
1648342020,0.30361160450808256
1648360080,0.6781825886912272
1648377000,0.8493776335807046
1648395540,0.23394035626123144
1648410540,0.9464942753379652
1648424580,0.18941303182069286
1648441800,0.902469227889203
1648464660,0.6668364218247449
1648482060,0.45268373700327275
1648500180,0.056060575035726014
1648513380,0.6221287657932796
1648537860,0.8986135199277195
1648562460,0.877770585544353
1648577520,0.26156621630370674
1648600440,0.8559777848472756
1648613460,0.4879201511162978
1648634580,0.6490818371878717
1648646040,0.04326778376650324
1648668840,0.8930494974989346
1648690320,0.9233862024798283
1648706940,0.626114314231057
1648732080,0.3103883603534303
1648755540,0.7573157732290388
1648779900,0.2999470850327787
1648793820,0.3396133940923384
1648812660,0.03633803303787217
1648823460,0.2466074894439367
1648844820,0.6857149593730516
1648865940,0.39972457107068304
1648880820,0.372923314077439
1648903080,0.7820344815981684
1648922700,0.2232036505991937
1648942260,0.07300051857049823
1648961460,0.18831647687027064
1648980480,0.7949519935959954
1649003280,0.900860931143548
1649022420,0.024948798721057413
1649035260,0.28637480495115764
1649046600,0.26347673697096013
1649068680,0.8913625869448405
1649088060,0.9261935561261683
1649110740,0.5778298894705395
1649134800,0.45732693177347045
1649150820,0.645391777850543
1649161920,0.8318774819069216
1649184300,0.5172742100197661
1649199060,0.2754027323050152
1649218680,0.8076032725043131
1649237400,0.5021203818213632
1649261760,0.47114633167450604
1649278620,0.3621577211045541
1649302080,0.8943003714133501
1649323380,0.11265160366086424
1649344560,0.8970997637090861
1649357700,0.7072039091589821
1649375700,0.9387899464603814
1649395860,0.2370871907157694
1649407500,0.7384152746899508
1649425980,0.7473758982803708
1649439180,0.8961299613560502
1649461980,0.26798132651886647
1649483340,0.42922076837014844
1649503860,0.20915260372042688
1649520900,0.7466063033364977
1649542200,0.8814790425692798
1649559480,0.35512858958791416
1649574660,0.7225688522414985
1649596020,0.6791309295575624
1649620860,0.41513862194349355
1649641260,0.6894729336500587
1649657520,0.8613795267680439
1649678460,0.8929844610981188
1649698680,0.5298995824403067
1649718480,0.6955820531228815
1649734380,0.8381918383208959
1649755260,0.3277855092064348
1649779080,0.8418560902235281
1649790240,0.8911267910864804
1649812200,0.5299249121323939
1649823120,0.8634606231723205
1649842740,0.9024013162002522
1649856780,0.22468926595739752
1649881860,0.4638929304173242
1649906640,0.4695107779272387
1649925120,0.6312770600143686
1649941500,0.5185458625835233
1649957580,0.08631848634794889
1649972400,0.9167042821841145
1649983200,0.7877255408516961
1649998920,0.8428070180826143
1650022380,0.22829956983071756
1650036900,0.23957540622499313
1650061560,0.2131768890958946
1650076740,0.28288452888485166
1650093180,0.7393098795017845
1650105600,0.1525695242470764
1650127020,0.6016850498330816
1650149520,0.5915791952035897
1650169260,0.46625809915432526
1650185760,0.5866116621560077
1650203280,0.8529768810187703
1650227220,0.952271506739796
1650239880,0.2880004469393543
1650250800,0.7051588599477938
1650268800,0.2980380769576643
1650284220,0.48106000583880476
1650305640,0.8291133524330279
1650324120,0.27790549171614964
1650348240,0.4401200556937516
1650365160,0.05803095172029181
1650389040,0.6233288123641841
1650413460,0.6596564483687033
1650438300,0.4798557510805973
1650459000,0.7247385174335143
1650474720,0.09628615210725752
1650496260,0.2763882180312798
1650509280,0.6563282730432473
1650521880,0.07113951982006729
1650539700,0.21333355079103172
1650560160,0.7092113385624303
1650579720,0.3865987084655532
1650602100,0.5839370158357958
1650624900,0.5965916261278543
1650644400,0.8441839116718185
1650664200,0.5538619370274585
1650683520,0.38598376496644515
1650697380,0.8021170520160597
1650714600,0.38085304204940884
1650738720,0.226145532040383
1650757320,0.4492705007740455
1650775860,0.6256346785478988
1650789000,0.7388883027716553
1650809640,0.8303735603219236
1650830820,0.1327403147424707
1650841740,0.45727817705987434
1650853920,0.4461047614904645
1650875700,0.6536073890926769
1650886860,0.4401142473608309
1650905820,0.18433927785548254
1650925620,0.8743336430320906
1650946020,0.8318429882629859
1650968520,0.9269455666546985
1650986460,0.8935417547161802
1651008240,0.4767350556427887
1651028940,0.9429929836774112
1651041960,0.7847807125230901
1651060020,0.16578102483583002
1651077600,0.9057764587360198
1651102740,0.6573863938252186
1651119720,0.43030272379244233
1651143000,0.5333697928621932
1651158540,0.9217658878123333
1651169520,0.15192298874899363
1651194300,0.8677625468159859
1651211640,0.32260796694345784
1651231560,0.4202010901342455
1651247280,0.2372723593710251
1651262160,0.893977073890522
1651284900,0.3410652474908539
1651305420,0.3872642417975427
1651321080,0.25317122965073297
1651345680,0.6884381250552881
1651361820,0.6992856151327298
1651385520,0.696400756289911
1651397580,0.7828315754432221
1651416960,0.6565953394422898
1651440840,0.8551706637467892
1651456740,0.22116480366846283
1651480860,0.8854565960565568
1651495320,0.16476340995700237
1651518540,0.8992678295598175
1651529460,0.5345967666570821
1651543380,0.20751798488762546
1651560600,0.6508130748436072
1651574460,0.2977826934366495
1651587720,0.13129104816502218
1651609920,0.8533959757798694
1651625460,0.7792627350131895
1651642800,0.5588204350008442
1651659480,0.5841016625981288
1651684260,0.4554275286619934
1651696020,0.7853213086149214
1651716240,0.16245098375525935
1651727340,0.2873850666986721
1651748580,0.04866839279931481
1651772940,0.9026415884632957
1651797300,0.03156051818427569
1651809120,0.7408122341622249
1651833360,0.42953360688668607
1651853940,0.25358178102735923
1651875720,0.041700800415498736
1651890900,0.821248625169158
1651909440,0.09312202112224867
1651928280,0.8139182959030915
1651944000,0.8941037256724021
1651960320,0.23317168284706824
1651976460,0.5855125061579376
1651990980,0.4173439435867581
1652009220,0.12072302718949048
1652029440,0.7821419612756192
1652043300,0.7906261478645117
1652067060,0.7727041427366769
1652084340,0.08728175506731117
1652106360,0.5498129866860018
1652126640,0.8803579612306434
1652145420,0.9114098737723084
1652164140,0.6254485615443959
1652183640,0.1775870449148552
1652201880,0.6497761148167243
1652225040,0.8229393448587422
1652243580,0.5107228415694709
1652268720,0.06252504616404392
1652293200,0.9003636482875284
1652312340,0.8841237615974777
1652333100,0.7648450120231023
1652355540,0.8859958068509013
1652377620,0.9066549832235363
1652392200,0.28736946419993026
1652417220,0.040019882128431536
1652441400,0.8283264778395574
1652463840,0.22284764552863107
1652486460,0.46600095230846955
1652508060,0.6542401377139342
1652526540,0.10912682075262986
1652550180,0.9275637138713064
1652561400,0.9140533936441356
1652578560,0.7695565541377055
1652594880,0.5143543482078988
1652615040,0.720420295712735
1652636280,0.5349516567810293
1652651100,0.7956271183788258
1652664420,0.03943383182313889
1652688600,0.4574160582262543
1652712000,0.8397579593359494
1652735340,0.8233285493150668
1652750280,0.7328306027730235
1652768340,0.5234055968249778
1652781300,0.8637116683979968
1652802000,0.709278516259337
1652816940,0.41350029727955895
1652831820,0.8813158123349001
1652847480,0.9124292085544387
1652862900,0.39423835599352464
1652882520,0.8217756769660574
1652903220,0.9158300667215066
1652927460,0.9022273788217254
1652943300,0.3350246865614047
1652961960,0.8084003030087951
1652977560,0.03569924349232455
1652989560,0.8839683747833927
1653011640,0.518415579379925
1653025440,0.7899769026346736
1653038040,0.8394219070723886
1653050160,0.889734358162687
1653061740,0.7652032200378881
1653078120,0.9482701488562628
1653099540,0.2558458598249443
1653111300,0.8299446872409888
1653124080,0.5782678374601486
1653146160,0.7076135069249399
1653169200,0.825815070762489
1653182580,0.23339554819114447
1653199980,0.6911876736766912
1653210960,0.29253796490767603
1653228000,0.6599421483854394
1653239520,0.6869025955228688
1653253500,0.8554595458017747
1653264840,0.3392626049324184
1653281340,0.8568801564116869
1653304800,0.4447057194778362
1653324540,0.7447275038304425
1653335880,0.6863901228674067
1653357480,0.8093450764598911
1653373980,0.623531861679057
1653396720,0.3009344669289246
1653420420,0.08102758177865639
1653441840,0.4922169530710862
1653465300,0.6740635737873801
1653486300,0.5636847661835604
1653501360,0.07066510580479025
1653514320,0.8670866362408363
1653525300,0.7600351900052305
1653543240,0.8115358385162623
1653567060,0.1641313703666501
1653578940,0.3038294499223946
1653599700,0.10323672168297827
1653623160,0.7092052188593087
1653648000,0.9067327460606316
1653669540,0.4305479026904503
1653690960,0.7469693125164505
1653703980,0.24171553447309863
1653726360,0.3195964615246134
1653749760,0.899236544243904
1653770040,0.19047557488428926
1653791220,0.7825639231996476
1653808920,0.42944646361688044
1653829260,0.7441470306733097
1653844560,0.8666433225196569
1653857160,0.8054370401324727
1653874200,0.8602593255831753
1653888780,0.7869874726047777
1653911280,0.9082078565711964
1653933180,0.48566945958569907
1653958320,0.2684380864426522
1653975660,0.31361947165380605
1653988860,0.1850389231744243
1654006860,0.9101122150646708
1654020540,0.6335175681231906
1654041180,0.9258339714985868
1654056780,0.6105791066925099
1654081920,0.8733405206037577
1654101360,0.8106619563289938
1654126200,0.794891663933627
1654150500,0.7238226480942452
1654170840,0.8865170604045635
1654184040,0.9029000522591453
1654203360,0.33506387957641354
1654214760,0.5406954997507508
1654232940,0.4454541838993877
1654249800,0.8628869512883418
1654261380,0.9340624119637927
1654281600,0.1796706782656717
1654300320,0.5406533951045605
1654318980,0.29884035969643746
1654335180,0.3621721599153811
1654355580,0.484071478331912
1654372500,0.1984661145984777
1654393200,0.21270232539316256
1654417800,0.3168604012635903
1654438080,0.13013663192915464
1654449300,0.18149631187270385
1654464660,0.32932694459083356
1654479960,0.9140668739369646
1654493100,0.8936353265615682
1654512300,0.1721252230429718
1654527120,0.8470695601433174
1654543320,0.44847326576375485
1654567140,0.9285588568648325
1654585500,0.47310036276639833
1654598400,0.4752366766342226
1654619700,0.8522748743117542
1654632240,0.49911633945301576
1654650060,0.8514906289095772
1654668660,0.7995159774692423
1654680840,0.7530996289470078
1654700700,0.06916448588834337
1654719960,0.5296619695466998
1654739520,0.842511786021876
1654751160,0.16839561565473032
1654765560,0.6651119162708764
1654781640,0.17900993222428704
1654806780,0.6864077918142112
1654829100,0.8643494988327167
1654848240,0.7510519534765242
1654862880,0.7801419876677154
1654875360,0.446393214051594
1654889640,0.9456414678732635
1654914420,0.6286662569189815
1654928100,0.3450950631247343
1654947960,0.1826572978048849
1654959060,0.771849039292493
1654981260,0.5893489351904516
1655000880,0.9047676896275401
1655019240,0.7909411231147851
1655032800,0.3114327389037122
1655045760,0.17446045780262956
1655067780,0.7860348138434694
1655092500,0.16774120555641242
1655104320,0.6003199838148218
1655126640,0.3144211300960153
1655139240,0.6596034626689001
1655161320,0.3436277849850755
1655181720,0.6502966694790071
1655203380,0.8508219506535297
1655223600,0.4686705088042487
1655246820,0.27253909890835454
1655261940,0.8146894695800946
1655285280,0.8038330718015342
1655298360,0.39998073243033944
1655310300,0.06967831571385953
1655334060,0.06797508797581946
1655348340,0.7733634872239015
1655368620,0.0244821474684298
1655384340,0.7819954035545962
1655402400,0.7874938929638742
1655420580,0.04974586653722331
1655433420,0.17087059063327573
1655453220,0.6745467564208179
1655469120,0.18081079944098255
1655480880,0.8373455834982911
1655501100,0.17152622344517512
1655515200,0.5406858200241954
1655528220,0.9257025964247296
1655551320,0.7835355694031038
1655570700,0.6973955105515017
1655595300,0.5042634390904028
1655619360,0.538047111914441
1655642220,0.3561763382135679
1655659260,0.1614726222025798
1655670300,0.21366651799358155
1655689320,0.06247779736496576
1655704680,0.18073932130922735
1655721780,0.5700017633181501
1655733060,0.6712477657482223
1655745720,0.25965059292422293
1655761800,0.19941044220894077
1655780940,0.47600015183301986
1655796120,0.052963521191799805
1655808180,0.3315686373473372
1655828460,0.633980167821954
1655852940,0.21372752586484178
1655876100,0.12242447929316076
1655901120,0.9252166847666885
1655917260,0.9216668211287284
1655942160,0.12303983844621459
1655958600,0.8450479580018591
1655982780,0.15154071878501196
1656007740,0.6704966818944686
1656022320,0.22117426928375344
1656045000,0.39384061738398907
1656065040,0.920669522751817
1656080340,0.09584066518831831
1656102600,0.6551673477602834
1656119580,0.8107966223834012
1656137040,0.6512708531704617
1656153660,0.05055035768819864
1656175140,0.20866445102413092
1656187680,0.6255944004902975
1656208200,0.4592775331420754
1656219180,0.1404750129057458
1656231060,0.29877429630942204
1656243900,0.4566691867250366
1656255420,0.1951372880469676
1656277680,0.8468680070794768
1656302280,0.35305665846713075
1656314520,0.8550942797606509
1656339180,0.3111050562790315
1656359880,0.4853153766728306
1656381720,0.13557297471403182
1656397980,0.1854992321863754
1656416820,0.9338471925730778
1656428100,0.932827822547056
1656451080,0.8343302710244543
1656464580,0.5544764714072448
1656489360,0.8378436956333858
1656508920,0.5260927597007599
1656531240,0.4979431972931403
1656542460,0.06338083355833578
1656563640,0.8923882387668761
1656574980,0.25942792568273937
1656586500,0.11402991395368602
1656600360,0.8392468632024193
1656615000,0.9049579704548113
1656637260,0.029093911219955543
1656653160,0.39795557764661893
1656670440,0.6392322092790235
1656688260,0.8148231131921835
1656703620,0.690405253592545
1656718860,0.3224943024062328
1656733920,0.8477186811040893
1656757020,0.3821677395333332
1656769320,0.6428500865606886
1656786720,0.8594297924876171
1656803520,0.8792898248494608
1656815100,0.7597010013981716
1656838200,0.780537079219786
1656861420,0.6717175919560942
1656877020,0.7787128218884606
1656888720,0.05851582462488413
1656911520,0.8843254553105679
1656932400,0.23330143872219036
1656947160,0.6359213352468633
1656963300,0.6661856471470395
1656977040,0.6217985482019495
1656993960,0.9130667849406239
1657012920,0.8085500637946919
1657024560,0.23861060265811626
1657040100,0.31808509436134697
1657056240,0.2487617025566586
1657080660,0.7203499740249577
1657095600,0.24765507858226793
1657108380,0.8219950197959682
1657130700,0.3007224683641703
1657155240,0.8783635208252741
1657171320,0.3405272758115134
1657185420,0.7402520623446004
1657209180,0.10002686825022614
1657223280,0.732073071900688
1657246620,0.7790416585767077
1657267980,0.8884972877213791
1657285440,0.6299051458028703
1657306680,0.5078609982633353
1657328700,0.36789850087092313
1657341720,0.14594455956082036
1657362240,0.6845287553029559
1657382220,0.38216049944768626
1657398660,0.6007304266086957
1657410900,0.6267493512914808
1657431000,0.2806533369944621
1657447560,0.7053981603182987
1657464840,0.8176044484994105
1657482660,0.21706958494997225
1657500960,0.8956302655601762
1657514460,0.7032432285802838
1657526760,0.3475093990933552
1657539660,0.8788072141958718
1657551780,0.9257800864852967
1657570800,0.6537684498152888
1657594620,0.8300106948248409
1657618020,0.05113776757233916
1657630980,0.6924630536988825
1657651680,0.9570979674552892
1657675320,0.7505002061435548
1657692900,0.18454337471454657
1657708380,0.35718175443678635
1657732800,0.8626593518489046
1657754040,0.9404184963359505
1657778280,0.7863078184743761
1657795380,0.7201743203893951
1657811160,0.5146550805852635
1657829460,0.561649483533124
1657853640,0.8727386029166663
1657868280,0.8444614109330923
1657893060,0.9006220988137679
1657908300,0.4001745482117712
1657927320,0.3124424128595488
1657940460,0.16557836454416974
1657958580,0.7566468651585266
1657981500,0.5786787285032257
1657999260,0.3777724974293322
1658010300,0.8523983056466339
1658033760,0.8113771637755297
1658057940,0.48449759925620733
1658073600,0.20486936237801354
1658096460,0.6169032089796556
1658115300,0.8279382426578397
1658129940,0.4838426386497238
1658155080,0.6849802097164364
1658168940,0.741979027728719
1658189460,0.420679814977299
1658212860,0.9005448870577701
1658234520,0.6654860046237528
1658251920,0.41599499232724935
1658264280,0.8562083912664249
1658278380,0.2028615303874448
1658300040,0.43544064206125976
1658319120,0.4175188056691017
1658340540,0.281492865755895
1658365560,0.39668634449826057
1658387460,0.5416918241826381
1658411580,0.5622855615628206
1658423460,0.20232437983051313
1658442540,0.4202172086116353
1658461740,0.8585881700743341
1658480940,0.8650963326753057
1658503740,0.10311217874451227
1658525760,0.47817510541757013
1658548680,0.5899302220318523
1658564640,0.22677478934313333
1658586060,0.8680083810339927
1658597400,0.2454488288476765
1658612040,0.7326448443300273
1658630760,0.6458495116320957
1658651400,0.14961300024253818
1658663880,0.6084545056070454
1658676660,0.8136411247543341
1658691780,0.8985034275831718
1658716260,0.8312287906392257
1658731800,0.6367572022713471
1658752980,0.7368375128685449
1658772000,0.9256296011041681
1658789580,0.03797124359968554
1658801040,0.622529165513958
1658814840,0.4108268656536851
1658829240,0.6519110106436935
1658847900,0.7782050538814881
1658858820,0.0942215919709513
1658881020,0.5703239842042592
1658904900,0.9432292605029157
1658916000,0.40286317100126007
1658933580,0.041417417582084844
1658955240,0.040903073509625854
1658974560,0.7299894109783587
1658985600,0.7738302364593235
1659003900,0.9279416578145239
1659016560,0.9588632649891855
1659040980,0.19918368075654977
1659063420,0.5280952936737537
1659080340,0.12612275574531243
1659098400,0.8552885399870677
1659120960,0.5327223156205808
1659142620,0.9412800193511802
1659161940,0.4890701907476728
1659178140,0.3512615960542843
1659199920,0.5236642701538126
1659224820,0.5174469034218081
1659247500,0.7796316811261303
1659262860,0.9486519548956519
1659281760,0.5752318947330989
1659301620,0.8790812843901299
1659319800,0.8832383653691968
1659339300,0.5176784029208569
1659364200,0.9080862012831515
1659379080,0.46553246699646633
1659393180,0.4117287731564294
1659408360,0.914094147460717
1659427080,0.37994866786620823
1659449160,0.8972133126190641
1659474120,0.9295883400239966
1659493860,0.8732173007968088
1659517740,0.48984776826629167
1659534780,0.5650955533814506
1659556680,0.7039526517820177
1659581400,0.8183122968237726
1659600900,0.5844358274227652
1659626040,0.046915335326923796
1659641760,0.1679572321339568
1659665820,0.3729151731298708
1659678180,0.6827868860656915
1659698160,0.19412795580667477
1659723300,0.1284102870885113
1659739620,0.797883738044779
1659762300,0.4521267033786247
1659785160,0.9290394599890648
1659799920,0.767142164751234
1659821400,0.867699949494384
1659845760,0.06901255051361017
1659861240,0.7088164052956123
1659880920,0.749294812630486
1659894060,0.9095013838474164
1659906240,0.1401715911371121
1659926820,0.7602001045759356
1659942540,0.9364741219344237
1659956940,0.23625696505547286
1659970560,0.17122469191220727
1659993120,0.24711832259805536
1660006740,0.7961673963768615
1660030200,0.9025737461224801
1660045620,0.026133210138459834
1660066020,0.931106560902286
1660077780,0.2410828438772063
1660095240,0.2760200616158846
1660116240,0.841726275363019
1660140120,0.22395240431011806
1660159320,0.8547789686448113
1660176300,0.07172953499410378
1660187100,0.17387374766937383
1660200120,0.7301237474730584
1660214100,0.19094337653109505
1660234860,0.8890548124408783
1660253460,0.5090241576594028
1660278180,0.8138856522081979
1660295160,0.25204077496533017
1660319580,0.9031907407135459
1660336680,0.26731941143312926
1660360140,0.09769806995954128
1660373040,0.73186663203508
1660390500,0.2684723143107298
1660412700,0.15199871418852437
1660430880,0.07393449755422493
1660445340,0.7165620266614859
1660465920,0.828592280454527
1660481160,0.5468329858263834
1660500120,0.5606368758230785
1660521000,0.21087051464316373
1660545900,0.7473097599083067
1660560180,0.733535967466019
1660581360,0.45259713590292977
1660601220,0.08333222558499419
1660624980,0.1127576111154339
1660644300,0.8802735811802025
1660664460,0.8441392338544423
1660687020,0.7115757524899884
1660698780,0.6067723045407889
1660712760,0.3650909033463908
1660724760,0.43495023312268605
1660747560,0.7130197150828631
1660762080,0.16937868280634621
1660784640,0.427256735074759
1660804500,0.5165022814844715
1660829160,0.04509329542501759
1660853520,0.8138599597988407
1660878660,0.3527331732143258
1660903140,0.7283534577232221
1660923120,0.690218473095124
1660943040,0.9385553465190851
1660963140,0.8554790479554444
1660978020,0.648743515442665
1660997880,0.501030365433516
1661019240,0.6423663049339113
1661033760,0.5426275787422756
1661046900,0.9062391351686169
1661065680,0.7900569939163439
1661080680,0.1635278449442825
1661099040,0.20935928313666055
1661120640,0.7410843483647171
1661145780,0.7157628434684788
1661168340,0.8199414982583302
1661193000,0.15416250104534876
1661204100,0.7561784881379648
1661215620,0.846661685841334
1661236380,0.10782964326668572
1661259720,0.3736315142018585
1661275620,0.15532362149492904
1661295660,0.19437535442725867
1661310300,0.7647084048450183
1661330280,0.12400628140683147
1661341200,0.2247975111570672
1661358840,0.21536242563658117
1661373900,0.17978505407785322
1661398320,0.8519467721825169
1661419140,0.6937684874258618
1661441820,0.8071920607296132
1661463300,0.19966477238032615
1661476260,0.771642918031165
1661498760,0.892933386617757
1661514840,0.7968910050765249
1661536680,0.9610118554613237
1661551320,0.9054943950994981
1661563140,0.15757340176588988
1661577300,0.8369813837263854
1661600820,0.9167212718767822
1661614740,0.3406758380691989
1661637240,0.8019052432306896
1661658300,0.8804233470111013
1661677680,0.8173876834032922
1661694120,0.6657069262969265
1661713020,0.7962650659002417
1661727600,0.8136291312139702
1661742060,0.6761085589310962
1661757840,0.2330176112916252
1661777400,0.6462920878578656
1661801160,0.8972675164025651
1661812680,0.42093894543955784
1661825700,0.8918616805148663
1661849460,0.8287484297094851
1661873580,0.23054817364060345
1661888640,0.30702180030693765
1661908620,0.21593904336671352
1661927400,0.4805592896106846
1661945520,0.6204027664983187
1661958780,0.5307974947651063
1661969700,0.09152803889620541
1661981220,0.5470503659301588
1662004740,0.7166230032699139
1662029040,0.13225090567075368
1662049320,0.06983855929559758
1662069180,0.19239140585417658
1662088140,0.1410241313869171
1662105540,0.5724242619034667
1662125700,0.4455999243309297
1662142500,0.88066663626765
1662153720,0.8760086605100569
1662164880,0.3862088057534376
1662178500,0.8083334695711261
1662201240,0.8264580776989525
1662217200,0.5696980923332529
1662229560,0.5355975014902078
1662244800,0.6030348121068255
1662267240,0.6449799453234555
1662284820,0.6919619846561885
1662304080,0.8510659405718679
1662317220,0.38286721644588734
1662340920,0.8092173970553947
1662352740,0.2593498466858432
1662377100,0.6818049065376248
1662400320,0.9223304201362561
1662420060,0.08383911890738736
1662433200,0.33340041909184165
1662454140,0.8794348274615068
1662475260,0.06424885937729567
1662489420,0.8581665653129207
1662506400,0.8199321396073913
1662518760,0.30491291065870507
1662541680,0.8952220581578232
1662563760,0.5619082868050864
1662588660,0.17330092385897353
1662612840,0.320933473379723
1662636480,0.7108766858403714
1662650580,0.8815598038568168
1662665100,0.9168535976505232
1662688860,0.02804490021625534
1662702420,0.8869053626241711
1662719640,0.7895578845858103
1662741300,0.2909444701011195
1662761040,0.25230595764078617
1662775140,0.3931856120689331
1662799440,0.5495328474699043
1662814260,0.48645041728384186
1662838860,0.765390227621241
1662854340,0.8132587743707942
1662877620,0.5980758746459437
1662896040,0.8269471607684012
1662919500,0.7228580077199508
1662934980,0.806696988630915
1662956460,0.19716562681615177
1662979800,0.8954970095727293
1663003320,0.8561060440790825
1663015560,0.10004213981572359
1663038840,0.8582129780515644
1663053600,0.3606042726098916
1663068420,0.8993357892362427
1663089360,0.11717622872507757
1663108980,0.8994060060735963
1663133520,0.754537945849378
1663145100,0.3510997338780882
1663167240,0.8257868214921701
1663181100,0.11359145001289746
1663192620,0.9622258333247593
1663217820,0.849776603842894
1663235460,0.819468720153335
1663248960,0.5528049571210034
1663271280,0.3425284673267163
1663288260,0.7547111422869832
1663305060,0.45434538886747394
1663318980,0.34152566639321114
1663330260,0.9110260665763853
1663344600,0.9477627091035428
1663357080,0.10549827031720074
1663374180,0.8792980730431353
1663393320,0.5286222725769929
1663405500,0.34191382730979986
1663427640,0.8134545760937456
1663451040,0.07917032470752489
1663465200,0.6174500731411551
1663489560,0.7348285544099404
1663502640,0.82857711801043
1663522200,0.1486437104220413
1663540020,0.6844811761589551
1663562760,0.7093740759457033
1663580820,0.9021312648297398
1663597800,0.9430746099492682
1663620420,0.5946266326328826
1663633680,0.8442019953078818
1663657560,0.938544988219183
1663679340,0.716676184384547
1663698900,0.9381354925537706
1663716420,0.7636957831321677
1663729200,0.24935648064671412
1663746300,0.05390554680350114
1663767600,0.22427641394364273
1663785000,0.326411764793353
1663799520,0.3707277528617758
1663820820,0.3283865466621722
1663840020,0.28209533870838854
1663853100,0.6244580583100842
1663871100,0.307178286630142
1663892340,0.8687534763809516
1663915320,0.4858818108883772
1663929420,0.044945913774114825
1663941780,0.6704724158035491
1663966980,0.8544329310006933
1663980780,0.4237730089839989
1664003340,0.6797969937019873
1664023320,0.38651962265896617
1664042700,0.7056732317663199
1664054820,0.7717436539212938
1664067300,0.8679019776529111
1664088300,0.17388092561034388
1664102280,0.8951065901507972
1664116200,0.6977560092239313
1664133780,0.34503585278910087
1664150520,0.18342487731742504
1664172240,0.7359443574801613
1664196120,0.8742280502519095
1664214120,0.1926381292182133
1664237160,0.42666828300107373
1664261640,0.19507348473418223
1664284080,0.8226815238253986
1664303400,0.3833599400296037
1664317680,0.9231277086752648
1664332440,0.8110840312730307
1664354640,0.8745441892330081
1664368560,0.8907463611358493
1664381520,0.9219105097296968
1664393280,0.44551562063097877
1664417280,0.8898513368499817
1664440560,0.7362663834004755
1664462160,0.9119786640840848
1664486580,0.30266082831783386
1664497860,0.7426517531112707
1664521500,0.8414001408878695
1664536200,0.19434696325056344
1664560680,0.8656943098365874
1664577480,0.9030787391834016
1664601120,0.38209476844449985
1664619480,0.6798807076540985
1664636400,0.11245881187558757
1664653260,0.8501996762310379
1664676780,0.6355529023019555
1664696700,0.38734509283944885
1664710140,0.7655633086033213
1664735220,0.7772888709106688
1664757960,0.42067924755498515
1664771760,0.194673404156717
1664787720,0.03275531848740351
1664804880,0.4594334216230288
1664826660,0.05855026082906578
1664838180,0.8550689384850824
1664851080,0.3515843836133507
1664863680,0.10712763577783074
1664874900,0.11582061807686693
1664899860,0.6627934651780382
1664912940,0.766933102821201
1664926380,0.28039967730681625
1664950740,0.7140388643960421
1664965920,0.3103670985260253
1664981280,0.17290807047403173
1665003240,0.928154034330033
1665026340,0.9249770040705568
1665047940,0.7949042908219278
1665064620,0.19190247435656121
1665078360,0.6602537851020452
1665102240,0.9518355542847589
1665118200,0.14722452241557124
1665137100,0.08704862568935548
1665151620,0.7273911557194844
1665166740,0.8619267805638279
1665179280,0.8205937297806349
1665193620,0.14220397573493312
1665209520,0.5298942231116107
1665230340,0.43568236837512353
1665251820,0.2391471074557401
1665264120,0.7153262728261074
1665282660,0.6567844226551903
1665295740,0.7989671261895477
1665314820,0.7180687899843865
1665338220,0.8809303080139188
1665356160,0.7197615949236632
1665375540,0.7711324678016132
1665396060,0.19698537902262847
1665412560,0.35439821985613246
1665431940,0.830985188896716
1665443640,0.1207921129598761
1665456720,0.8243366926451521
1665472920,0.8660314204939885
1665485220,0.833048982756893
1665497880,0.8282089839603228
1665513780,0.9198324226616927
1665530340,0.14892784604038012
1665551940,0.11126749784435788
1665569280,0.048849447930384295
1665592320,0.8662610952943347
1665610260,0.7164714967358484
1665629100,0.6261609932792543
1665642360,0.12511866120288892
1665666360,0.5388793461799337
1665688620,0.46843311818933336
1665709560,0.7987365696246841
1665732840,0.08511270112450524
1665753360,0.23731954427991964
1665773820,0.7627042636791486
1665797700,0.936527861392109
1665822060,0.10832619741572154
1665837240,0.9089781734232122
1665852840,0.14425865636239474
1665871260,0.48409883427455314
1665885840,0.7049970607183206
1665907800,0.5920880388388932
1665928320,0.7748518979771011
1665947640,0.33981751571284674
1665968220,0.27576517964172714
1665985200,0.885519116460977
1666004460,0.818066784827077
1666027680,0.17664264374394356
1666042200,0.21918736057330834
1666054680,0.1949856229047474
1666076940,0.7620851148025947
1666092300,0.8303718907332021
1666113120,0.6656127720124543
1666123920,0.8929365221074175
1666141740,0.394547850346035
1666161420,0.1538955439303185
1666180740,0.8642839341173222
1666200720,0.6548155533399002
1666216020,0.1033090972269642
1666232760,0.5739155053560939
1666249500,0.5620685831744724
1666272300,0.1061632028107339
1666288380,0.5402880058604334
1666301340,0.7256438590143947
1666317540,0.5848496668124774
1666335840,0.8670968386173545
1666348980,0.7289285698298136
1666369080,0.20181488239238246
1666390380,0.44580771522403545
1666408860,0.7276153936055405
1666423260,0.4702305021922191
1666441080,0.575746843196275
1666453380,0.3100309431640606
1666478220,0.6496651168335286
1666501260,0.4710924015900885
1666525860,0.794142376951448
1666537620,0.661847955434525
1666556100,0.8493882857771535
1666572420,0.31182929847028157
1666584840,0.7949051300577783
1666601700,0.5187208295036029
1666621200,0.5763298778604713
1666634580,0.42485496672243017
1666648980,0.7204495630034466
1666673400,0.731216356875098
1666696860,0.11431267205445134
1666718820,0.8979527031175956
1666729920,0.9442038156483596
1666749720,0.23188156847020874
1666761060,0.0557021787423053
1666776240,0.8052297657957928
1666787940,0.12505035337633738
1666804680,0.8655187260788998
1666819020,0.7014824560761531
1666838760,0.34797637866144937
1666852200,0.9059523331043413
1666866060,0.7930759600754465
1666884060,0.662144102716665
1666895280,0.05682860733682642
1666908000,0.6533338738055006
1666931700,0.6482643123919889
1666943100,0.8758720563158864
1666965840,0.09467375224350272
1666983540,0.8030552035425087
1667007960,0.3596901814869714
1667025900,0.4272670290515583
1667037840,0.5845789101971566
1667051940,0.5648813328509477
1667068020,0.7516514948322738
1667091120,0.14651356879328678
1667104980,0.8711874897287005
1667117340,0.44671625047183544
1667130300,0.5592955111030468
1667149260,0.6365425358690534
1667168580,0.9141293756204594
1667187360,0.6615038661329475
1667204820,0.8188640062574674
1667221380,0.8557577447018098
1667236980,0.24503032424695712
1667262120,0.7560657836679019
1667280480,0.9162519944480704
1667298120,0.7506441541147515
1667316300,0.08577287552058988
1667339460,0.5849147703767102
1667350860,0.692367692730306
1667368680,0.8841297731569109
1667380680,0.8554694264347816
1667394300,0.9138465986203311
1667411460,0.8847245764503407
1667432520,0.38876538627666996
1667454120,0.10569599103574787
1667474400,0.8704238022741827
1667497620,0.04898894906045875
1667509200,0.15892846169681085
1667526120,0.8462503241099725
1667546640,0.9199698382704764
1667557680,0.8239187408297235
1667581740,0.9396589334569497
1667601900,0.9237373662920169
1667613120,0.7806819265995871
1667628000,0.2615909295901089
1667644200,0.9319633380327013
1667664000,0.1418028215654697
1667679480,0.038154320189832676
1667697660,0.8514622115154841
1667721060,0.9321800726453328
1667735880,0.9058489050434754
1667749020,0.7779107806553245
1667769180,0.7202982294034604
1667781420,0.8998785189224542
1667794740,0.7243519513250665
1667818260,0.14694130686115292
1667840700,0.6037664973776271
1667851920,0.7298492678811757
1667863200,0.8549147266277324
1667883060,0.06133464585945646
1667894340,0.05757031046907956
1667917080,0.0999870789138398
1667932800,0.9381843864755064
1667957880,0.6392313071926988
1667980920,0.1032729821327638
1668001920,0.22483273911346258
1668025800,0.5261958694015765
1668048480,0.053927021414812294
1668073320,0.7169279190582634
1668092580,0.9388324862474711
1668109620,0.9346724007689089
1668127800,0.9217886792610949
1668152640,0.8332683385253264
1668167280,0.30639780362812163
1668183900,0.059238842654010304
1668198180,0.9151580005162022
1668216840,0.9460044551669009
1668233460,0.6989373983864254
1668247260,0.21940948361826706
1668271140,0.9008258142648475
1668291600,0.16613975991503638
1668314580,0.7839114948861541
1668329400,0.8551309735120461
1668343800,0.909386516264542
1668368040,0.8185753098616088
1668382440,0.331934341163346
1668398160,0.701822358064336
1668417480,0.6184561676201953
1668442260,0.5294986674858659
1668466260,0.7980442355701725
1668485520,0.3356415872144226
1668498540,0.08663887413116039
1668515160,0.05716939473541457
1668535740,0.9299130060869614
1668556500,0.8184925824248755
1668574560,0.34235070244268234
1668588900,0.8068264740653895
1668609660,0.01701133367572916
1668627960,0.7962560365175175
1668648960,0.07975598115250918
1668666600,0.8037051754514296
1668681960,0.8410012779863354
1668696540,0.6540389346779087
1668716700,0.7607231640936737
1668727920,0.8836687628555748
1668740880,0.9254537051521955
1668753720,0.8027731692569744
1668769260,0.9586184773815222
1668792360,0.08663661657588408
1668809280,0.8274296527746933
1668820320,0.8560826127888063
1668836280,0.8948878100000355
1668852180,0.779920443174559
1668869400,0.9365360839874055
1668883320,0.5604942599815886
1668895380,0.069796656022091
1668907560,0.7018320282189232
1668925860,0.9246347584070167
1668944400,0.5950135589104412
1668958440,0.7961739563545542
1668982740,0.9014597533959178
1669004340,0.9419586557854259
1669021800,0.9113598238936689
1669034340,0.02072843384723345
1669057200,0.8374095698422072
1669072020,0.8670194761970191
1669085400,0.9447150846645183
1669108560,0.7404397453290708
1669129740,0.6953667336843606
1669140840,0.04910672006064589
1669161900,0.6959961967999178
1669175340,0.042708859196406226
1669195980,0.07949980230038711
1669218120,0.9293650362191612
1669234080,0.5007929527113965
1669245540,0.7213548648055229
1669268280,0.2729178036022192
1669286460,0.47957850254931084
1669300080,0.2723519195561848
1669318260,0.6514028793200409
1669342500,0.8701407816772031
1669365600,0.111558354730369
1669388460,0.8419001824776293
1669408920,0.9047778451768451
1669419780,0.15889842090480344
1669441980,0.1866356698639285
1669461660,0.6636861185220012
1669473480,0.834583084804443
1669491300,0.8607400159873064
1669504620,0.8804993392186446
1669524240,0.7752865310024859
1669544100,0.21308355443767682
1669562760,0.1725730296110888
1669586040,0.8985589677112998
1669610880,0.9087942417367798
1669627560,0.9252069475188148
1669652220,0.49370927115534896
1669675620,0.6052911325921887
1669691100,0.4134742726965159
1669713900,0.8680769455943239
1669737000,0.8726632600367185
1669751880,0.8032337117558783
1669768320,0.837469109388434
1669788000,0.9251146059627203
1669806540,0.5472534512425717
1669831740,0.8325896716438869
1669852860,0.9439738510500912
1669869780,0.8872808605005545
1669884840,0.046131869830255925
1669905000,0.8133675712073251
1669922460,0.5878526702878863
1669935660,0.06900047879597246
1669950060,0.7517390831916677
1669974780,0.8061138952114562
1669997160,0.643786683454922
1670019960,0.2717330822856315
1670031120,0.8080533561190753
1670055660,0.3381399802269632
1670079060,0.6794692821411021
1670099340,0.49957449338708315
1670122920,0.2780363640052658
1670134020,0.19346158494479146
1670146440,0.9148023174421595
1670167740,0.23477034387933268
1670191440,0.15918427890487072
1670214780,0.567185960820464
1670228280,0.7693668768598221
1670250600,0.7341316774250748
1670271420,0.346240464600191
1670283000,0.9073136584272525
1670294700,0.8581147922892516
1670311080,0.1869231511517304
1670326200,0.07615643805060117
1670339280,0.14622057383355225
1670358900,0.7026265908030267
1670377800,0.8225908763425728
1670391660,0.8386559563330429
1670412180,0.5823394477978338
1670434560,0.9021391793839554
1670448180,0.8972033707893816
1670461380,0.2954930545637725
1670472900,0.3989392777835009
1670488140,0.7630207948654013
1670511300,0.9209371043836816
1670528220,0.05814422001744896
1670542980,0.2697130299168706
1670565120,0.12223904378267755
1670582880,0.2419744493867447
1670606220,0.8871339290022107
1670627880,0.6751810973122565
1670649300,0.8839400994887873
1670667540,0.8937721430522678
1670681280,0.7982649144768621
1670705760,0.34173094152093725
1670724360,0.3000233898568204
1670743680,0.8935081738099802
1670755860,0.0816129084091512
1670771700,0.07744003969206334
1670785740,0.600339629131027
1670805540,0.7767996511329401
1670824140,0.5036588173809682
1670841420,0.8844755303375317
1670857500,0.9189101615683067
1670868660,0.6409696461369686
1670887680,0.897217962936435
1670912820,0.22703031537006552
1670933040,0.7119947550371544
1670949360,0.6653104311215946
1670967240,0.8566494241931099
1670984760,0.07785908222693357
1671002880,0.9082683538462359
1671025500,0.546835015013928
1671044520,0.9159839185820877
1671065820,0.769360889046895
1671081180,0.27448589683207975
1671099960,0.879871232947445
1671111600,0.8511359633538577
1671125400,0.962770365303042
1671148080,0.9006754608580314
1671164700,0.7680722840853252
1671179460,0.7998634945857824
1671200280,0.8512526341668206
1671223680,0.7581530346098565
1671237120,0.9480431902881059
1671257640,0.6437090107524714
1671278700,0.8890739332421014
1671303420,0.12051175075537791
1671315900,0.45516240840802746
1671331920,0.34721159229137677
1671348600,0.07368547554017758
1671364560,0.7910556167721641
1671378360,0.9087579656216976
1671399420,0.8898029316324284
1671421080,0.15028117394467502
1671439740,0.5883420982767975
1671450660,0.8868278719532403
1671475860,0.40555428862644466
1671494700,0.5089995898131111
1671511800,0.7201219970283788
1671527940,0.9411496758932657
1671551160,0.8673912501163077
1671563340,0.441432834364489
1671578040,0.4218430837936244
1671597780,0.8747454129124761
1671613020,0.3422416808378532
1671637140,0.29837575947519374
1671656940,0.027001452806808723
1671670020,0.5765265257544967
1671689400,0.7586304065112301
1671703920,0.2175756221993889
1671718500,0.2464719941403673
1671731760,0.5466359516790713
1671743460,0.8935773787684607
1671761400,0.435753968287965
1671773100,0.590468811073747
1671793200,0.8348816932239902
1671809460,0.6753798073528838
1671833040,0.5496828175484613
1671849240,0.2527494697485263
1671864480,0.9210260250261381
1671881880,0.23190276370522797
1671897840,0.1586856342386743
1671915660,0.3713571992719097
1671936720,0.1903112053644442
1671952620,0.3212403074208447
1671972780,0.48353074557525183
1671986580,0.2429663248184641
1672003740,0.8670960355700708
1672018080,0.17755650941316506
1672028940,0.9295911569304832
1672047360,0.8104265333531911
1672068240,0.11700669652946975
1672091880,0.9010201837513316
1672116660,0.7836035621608172
1672138620,0.18248761803457697
1672153920,0.825615871666327
1672166880,0.5539562457207486
1672182600,0.2141198149644181
1672207320,0.17438546636574562
1672221780,0.9449735448472955
1672239120,0.19601121988310874
1672263120,0.4581877656210198
1672285320,0.25477431154075364
1672307160,0.8580093720781892
1672326360,0.5180925709031798
1672347720,0.26836303502974923
1672360620,0.7437533173603589
1672381680,0.7799456583264966
1672392780,0.23635520169963462
1672414620,0.9144240250458585
1672431540,0.052756698182314765
1672456260,0.07150046290812953
1672468200,0.16615050570198028
1672484580,0.886898610758319
1672502640,0.1615122100416829
1672526220,0.20169270964813765
1672546140,0.1915492816393917
1672569420,0.5888704707467682
1672588860,0.34032110727232295
1672606500,0.05373573738244259
1672626180,0.034987129406686225
1672648320,0.14606089725223986
1672667220,0.7206972319825771
1672689480,0.7973674184294998
1672704360,0.8749031379308386
1672725540,0.9456814504142598
1672740120,0.029323146422848126
1672759320,0.8609397385446119
1672774320,0.3094946619187087
1672795020,0.7950189798702799
1672812000,0.2370611535145109
1672835760,0.8951869241603475
1672849200,0.03450093874138429
1672863180,0.9221340050112147
1672874700,0.3568882260389164
1672885980,0.3371860393351434
1672905600,0.23256632826261678
1672927380,0.8040954618506659
1672947540,0.8780593289345162
1672960620,0.9508229259743928
1672983480,0.06782491703191056
1673005800,0.8058889126095881
1673021220,0.8012082687082748
1673038500,0.5368353493779439
1673057880,0.7377723848887847
1673083080,0.7606247695375726
1673103180,0.07181623622950946
1673124060,0.940811239641656
1673135280,0.18410037742132315
1673151000,0.49737416259939976
1673165160,0.4223564502947919
1673178180,0.6436305474074034
1673195520,0.3068445838063281
1673206980,0.7704551157796633
1673230620,0.752932008799618
1673242620,0.6403882839762799
1673258880,0.747696393231859
1673276400,0.6725758499317053
1673295300,0.16437629776562188
1673317080,0.23980365264989387
1673329200,0.6992607330651455
1673341740,0.9187274211198828
1673363880,0.9495328909445155
1673375640,0.03942734828545851
1673394540,0.2545093313317901
1673414220,0.5379931000512916
1673435820,0.8485069704000605
1673455560,0.4091897973504008
1673467200,0.5037934962062105
1673486340,0.7025034502445856
1673506140,0.20348167556411512
1673525880,0.8489622680474521
1673537700,0.6963964201393277
1673557140,0.9078660958139181
1673570400,0.12876676728119094
1673585160,0.4343463471165698
1673609580,0.7217045955479637
1673633280,0.032244937196983146
1673648700,0.7679220301064567
1673671020,0.628925660858834
1673692020,0.7955220843278903
1673709480,0.3557259022717371
1673725200,0.3689793293050492
1673736720,0.6202396272589916
1673750580,0.8743013886897121
1673771460,0.8546371909707765
1673788860,0.7091696429429493
1673802840,0.1449163834902916
1673822460,0.2222051964825356
1673844240,0.8009348713812127
1673869200,0.7349789811066294
1673880180,0.039977765263987865
1673899800,0.09490445174484119
1673922480,0.33286212480576494
1673935500,0.44417599819920217
1673949120,0.8545198137337083
1673959920,0.8771464239750656
1673985060,0.08427911704593433
1674003780,0.6346936846460487
1674020340,0.322075922760677
1674032520,0.8796347683668748
1674049680,0.4495840425488703
1674065520,0.8592838910567654
1674077580,0.890369056229884
1674089640,0.9388369248128712
1674112140,0.2096547607816576
1674123720,0.6383423047668103
1674143940,0.8144367616716355
1674166680,0.8730131902312002
1674185820,0.4624754773413813
1674205320,0.16777897793559243
1674222420,0.9543697107493025
1674242520,0.875167162587841
1674263160,0.6167776476799806
1674287700,0.3050168328010185
1674311520,0.053778497495881046
1674331440,0.8918808939472717
1674342540,0.8569510632305852
1674361500,0.7695484590906279
1674386460,0.7254598967030194
1674398640,0.6468959391290272
1674420780,0.5023727674196617
1674445680,0.8611735461288448
1674465960,0.851167647023881
1674489000,0.944454582093131
1674509100,0.07805868535034895
1674526680,0.8862607109043453
1674550320,0.4435835375446897
1674561540,0.5199975004140711
1674581580,0.16994726351822778
1674605820,0.5736666891876739
1674629640,0.8790614537226866
1674651660,0.1863374433610724
1674667800,0.74297372472225
1674683820,0.9001336698539943
1674697440,0.8936884625631271
1674710040,0.8906426863797623
1674730260,0.3271763639901988
1674747960,0.8791633826296091
1674770040,0.9060231910704599
1674791340,0.49284793955451134
1674810600,0.0990034487656683
1674834480,0.20636908676344057
1674849060,0.7088210055601378
1674869160,0.627174331297107
1674884340,0.07034486976117485
1674907680,0.20681434070033872
1674922020,0.7472613694330537
1674943860,0.22453929258396896
1674968400,0.21912242299262163
1674988380,0.5465845718755625
1674999300,0.5190884357803651
1675020960,0.3067814422776374
1675039500,0.4153150258620336
1675052400,0.28630649442077927
1675073160,0.9414423214975419
1675089060,0.453165556753721
1675112340,0.6255310100591299
1675132020,0.6459699664436981
1675145040,0.36387685313170576
1675159260,0.4882311573248903
1675170240,0.1067795742957128
1675185300,0.7968791738144183
1675197180,0.8070543776677969
1675208700,0.8913502906842974
1675230720,0.8855541345320488
1675241580,0.6156305864166884
1675256340,0.711241580170437
1675268220,0.8857265220275434
1675279860,0.77534907740237
1675294740,0.5374343775351442
1675307340,0.7771598337625676
1675328520,0.626580849429811
1675349460,0.8057239189552824
1675369140,0.6981714794726337
1675388520,0.9516611497856248
1675410660,0.6680523452044758
1675423380,0.1423711173390876
1675445940,0.53468575419941
1675465080,0.8773846229165446
1675484880,0.21318240714866485
1675505460,0.43224843735045315
1675529520,0.2790665619199339
1675541640,0.27645432958979754
1675553640,0.5056138266079239
1675576020,0.7098010826061941
1675595340,0.8012384817674811
1675608960,0.7873632898973838
1675626840,0.2601279631980328
1675639260,0.896503719735868
1675659420,0.835070973714065
1675682820,0.0960002489899365
1675693800,0.5678516854014796
1675711380,0.555473233256222
1675729920,0.8556538014177147
1675742580,0.8542349299697287
1675767420,0.2034129539513217
1675788720,0.23095833493248788
1675809300,0.5647007408651743
1675823340,0.8573520058658014
1675846560,0.24759042297918335
1675865520,0.5645418862756836
1675878360,0.7946303460935431
1675890720,0.12370773214069034
1675903320,0.9590399315671991
1675924740,0.29938100094124087
1675936080,0.8999466003908629
1675956600,0.5227817537002072
1675976340,0.27278838286142026
1675992180,0.7946925663432794
1676012820,0.11442225541811663
1676024880,0.5030274533772356
1676039820,0.3775676559312028
1676060940,0.19000267908770332
1676076300,0.8661590436268499
1676098020,0.8964791605680134
1676121960,0.6248226248823552
1676140560,0.48583991237414414
1676163120,0.7904041966584452
1676175000,0.6155646880492275
1676185980,0.8002995483351542
1676197740,0.5928483166903296
1676210100,0.23094722828450892
1676221500,0.19664957641884612
1676237460,0.26230459445333154
1676248440,0.5558906320617185
1676270940,0.900880639842135
1676281920,0.5202471890475906
1676293740,0.8428967755488692
1676310060,0.5909515016243635
1676325360,0.0468178580286106
1676344380,0.33539873022756445
1676366700,0.8316319383181708
1676385960,0.8800885577911084
1676406480,0.9535243171835494
1676424300,0.9074744626297655
1676445960,0.0948126062485958
1676464140,0.8986790974293655
1676479860,0.9267764938043385
1676491500,0.8757846960470828
1676507220,0.5856124451487552
1676532120,0.8234659730236821
1676546040,0.14052542139991667
1676569920,0.8394550880407124
1676581140,0.8762735970849457
1676598840,0.39810558428925397
1676618040,0.31786596544988943
1676640420,0.09424687447618801
1676653440,0.8748619232567321
1676673840,0.10612046295371318
1676697360,0.5799356858403909
1676711340,0.5705422908303722
1676723400,0.2638048073134839
1676737200,0.33501843545296717
1676756820,0.1722517061599497
1676771940,0.3235197162349104
1676788740,0.794616221676654
1676801160,0.8939185885008677
1676812740,0.8024005728954677
1676830260,0.7657487491429733
1676850120,0.03949241933805544
1676873340,0.38220876426628303
1676885160,0.8938588481252964
1676897340,0.3262279716995756
1676914860,0.7919698151451886
1676935920,0.08614050762000165
1676947260,0.8409770970896796
1676958600,0.10452612388936697
1676974200,0.6477102176322701
1676988720,0.5954729906291705
1677003840,0.7166864516555871
1677020040,0.9158184748293734
1677042660,0.9143332260212426
1677060420,0.8059319821282785
1677071580,0.4110908825202614
1677093360,0.5274108826214066
1677110880,0.6381768358070636
1677130200,0.8797446123759421
1677146880,0.7103321575733635
1677158940,0.8776890753925516
1677173940,0.8274592859647178
1677197760,0.9308656053454725
1677210960,0.7130529391947273
1677234000,0.7037410928657457
1677248220,0.18225167412154433
1677266580,0.264431148892292
1677286080,0.6950449053438255
1677300900,0.5473754981324772
1677324780,0.8130959621123639
1677349260,0.6547094504812787
1677373920,0.1576962670392226
1677390420,0.8349869239826422
1677410640,0.8242552271806239
1677422280,0.8584888183495752
1677439920,0.8528002751702639
1677455160,0.3692890301613577
1677479880,0.8793166974437182
1677501660,0.6664477342691887
1677521460,0.9132423598546447
1677537780,0.956539498750085
1677558120,0.18745238233052952
1677575220,0.2205332892717896
1677587220,0.1115509156825569
1677601080,0.9680862260453615
1677623760,0.11651312886029193
1677647820,0.9441982411999895
1677672720,0.2546654564771108
1677693540,0.665897173405578
1677714780,0.8313189468344918
1677732420,0.9147316647308269
1677753840,0.8392550802150927
1677771960,0.6507300780195023
1677796740,0.7259739883565256
1677808380,0.14835068594762987
1677828540,0.6687857942749068
1677846360,0.8166253248130328
1677861240,0.8574388733532718
1677885540,0.6397259937056106
1677910140,0.7484600744976682
1677930120,0.20421503665709365
1677954120,0.42300611105405955
1677975240,0.22285414253568617
1677988740,0.22044541196627793
1678004760,0.8640760165416814
1678024320,0.7571872648814233
1678042020,0.3570344958927738
1678065660,0.24670595685398441
1678086780,0.7319562087244648
1678105020,0.9209614946357906
1678129080,0.16673216721149112
1678143960,0.9494078574063142
1678156920,0.9504876973423383
1678170000,0.8643133010427165
1678190640,0.7570399626316376
1678206300,0.9234555666662358
1678225620,0.5839875225468082
1678242120,0.12258588618053073
1678255680,0.9156312587145392
1678275840,0.294943557427023
1678294140,0.7070700608967039
1678307400,0.5276480009335911
1678326960,0.03164938692057353
1678350600,0.28659224124722565
1678364640,0.7654124045601158
1678375620,0.30509753017899044
1678395780,0.1072618001079585
1678420020,0.22056626376170715
1678440900,0.8750859316532218
1678454460,0.21319633538420787
1678476480,0.7332752352507033
1678498200,0.9207351863953274
1678521360,0.1102468279247982
1678538820,0.9512806670949739
1678560240,0.5583016973497813
1678581600,0.7458797104676574
1678594440,0.7221887588632748
1678605780,0.6033355753942201
1678622280,0.8572820629293675
1678641360,0.9483577687534606
1678653420,0.07186988898180566
1678676580,0.09421936345847497
1678697460,0.22976356672301584
1678712880,0.6205790905419005
1678728360,0.8430173335907373
1678748040,0.7644309041108618
1678761960,0.5484766440623964
1678786020,0.7185395084652916
1678806360,0.6014023685079358
1678827120,0.9461233853819856
1678838280,0.7776402847892568
1678863300,0.05703616910575838
1678880220,0.9073407455372826
1678898100,0.8773140144633959
1678922640,0.07208568363530778
1678946340,0.026108867585317153
1678970340,0.9064419473438765
1678990380,0.7352796378551913
1679014080,0.9003687567582387
1679029980,0.4338506617773117
1679046480,0.8795591199229096
1679063400,0.24663018327939554
1679075460,0.22213683184771973
1679097000,0.30735857542386474
1679115420,0.7014421577473314
1679127900,0.785981886842627
1679141820,0.7312795308282823
1679162640,0.24540654120765756
1679186520,0.788534703977485
1679205240,0.8480179346656106
1679228760,0.36051280551173176
1679245920,0.24073589696164305
1679259120,0.8432367954861111
1679271300,0.890802139139727
1679289540,0.5303258859925398
1679310300,0.873195647079396
1679322120,0.09218726704839315
1679333580,0.03420823966664162
1679347020,0.2089398064863427
1679367120,0.5609362940620154
1679379000,0.9048109108038512
1679390460,0.27863579347924816
1679415000,0.4720527492296758
1679440020,0.37943813483893835
1679463720,0.8942777134611237
1679482080,0.3444117185004519
1679503080,0.9089997581762096
1679519100,0.9205279168534011
1679533020,0.9185955086329927
1679546100,0.8715863587882563
1679569560,0.4552951133872997
1679594100,0.8534027737227468
1679613840,0.16911912087546377
1679627520,0.2069657070972684
1679645100,0.8781295355153298
1679666160,0.48988226640906246
1679680740,0.48063083746063473
1679698920,0.10389277229566596
1679715180,0.3054987343414707
1679728260,0.5557739531786375
1679747460,0.181964485967338
1679760300,0.4375721063669208
1679775120,0.8639985165111502
1679788680,0.5972634172255061
1679804280,0.18204000939292214
1679816040,0.49620789601591747
1679831100,0.8790311251226361
1679854680,0.21340874495390733
1679869140,0.0650137616471106
1679888820,0.08338636508407248
1679906760,0.9210182769294214
1679921520,0.8951598723314843
1679941920,0.701302146813134
1679960580,0.8864589218363532
1679985420,0.9419370740292222
1679998860,0.6189938202283979
1680019380,0.23089988665999672
1680040080,0.9193356313684319
1680054720,0.9384964761654724
1680070020,0.9701111506225865
1680088020,0.6238626654363826
1680099180,0.9388907430249962
1680117480,0.9027686295708145
1680130500,0.8166171653730183
1680154260,0.2746642773680903
1680171720,0.37876693915299553
1680183540,0.03159546199990218
1680195420,0.32328368725852535
1680207960,0.030496110269523976
1680220080,0.30890407763818484
1680241140,0.9092449300321196
1680257520,0.8910732974053207
1680272340,0.07201116198371818
1680292500,0.9255597320379872
1680317340,0.15308826681726467
1680331740,0.6515744725886891
1680352140,0.8419531881415769
1680373200,0.5859767475355583
1680393120,0.36712698757881485
1680415140,0.25883585799376313
1680437040,0.8557319317867247
1680452400,0.6962555379149873
1680471000,0.5630164780376141
1680486900,0.8508057370922075
1680501780,0.23683767698587926
1680520980,0.7182787011368432
1680540540,0.03349484338263862
1680565620,0.42716303739632727
1680578940,0.5447252440318882
1680601980,0.8808584877999883
1680624240,0.9387197354731597
1680646680,0.6747072653035882
1680663120,0.4142152232470101
1680687240,0.3330630293256582
1680709560,0.12122940189107256
1680727980,0.43093324738221167
1680747360,0.14335479816737878
1680763680,0.8128798382579475
1680782100,0.6371205433756858
1680799620,0.11359502923445063
1680819240,0.11285139131471236
1680841320,0.24518868266792168
1680861300,0.912054506957457
1680878640,0.4200826253782343
1680902040,0.46043271408540026
1680914280,0.02268570371251635
1680926220,0.8683194757931127
1680950400,0.9144779801842025
1680966540,0.8626703560862916
1680979260,0.20617584206469217
1681000800,0.7993938113337707
1681017420,0.4721299143839541
1681040400,0.3931952156284175
1681054140,0.3389583949630682
1681072140,0.5343101636748969
1681096920,0.06845186275716549
1681121280,0.705256333130769
1681134420,0.9300379603123176
1681145580,0.4668590906735791
1681161000,0.8938111497770113
1681182720,0.7019771753822265
1681194900,0.2367729769728373
1681215720,0.8249322602287102
1681229040,0.37991710313091864
1681251540,0.5472590728993693
1681269000,0.8805781816958613
1681282020,0.8872936231306314
1681293780,0.7852984674550633
1681315920,0.7277417550247465
1681337580,0.6138842331385431
1681358220,0.22883331778677754
1681375800,0.0600296825659865
1681388520,0.026775075119078066
1681405500,0.9353437276545699
1681430460,0.7360092808838115
1681447680,0.8743090486139112
1681467660,0.7376654904788804
1681483080,0.03038685394111575
1681505700,0.5091130250256894
1681529220,0.5250263749782724
1681548300,0.6338006016548393
1681561680,0.651574842183534
1681577280,0.4083633526642703
1681599000,0.21261309976308884
1681610280,0.37554895920128445
1681622940,0.3528736944889255
1681642140,0.6743064362193777
1681664100,0.8149072168244365
1681688160,0.6402344675536862
1681704480,0.2983636754203627
1681717680,0.4373243889541046
1681742340,0.9459260600251664
1681765200,0.4018472932700086
1681784880,0.05503454397396274
1681796820,0.5744835527523126
1681818480,0.21854362658497628
1681841280,0.9359771377175095
1681862220,0.842506377268446
1681878360,0.7594895458318851
1681898940,0.4922685240499956
1681912920,0.7075440718786585
1681937760,0.7217858627028265
1681949700,0.03376501959518052
1681966320,0.9124898282748923
1681990560,0.5867296405944955
1682004420,0.9606047013492425
1682016240,0.96311177661907
1682029620,0.43973500295807794
1682053380,0.8965434094760394
1682067660,0.7033700752088559
1682079900,0.5393068632068897
1682099880,0.78980401955847
1682116680,0.05841632442136748
1682135640,0.5031859357087769
1682151600,0.08789850306700529
1682172720,0.5194958936613215
1682189040,0.8102114358351388
1682205960,0.8712680143319887
1682227620,0.7818722353148811
1682245380,0.7001280336725637
1682268900,0.7686768327862806
1682285820,0.8432531572749665
1682304780,0.6904558578043234
1682324880,0.9084245329601534
1682344740,0.610433557019807
1682366220,0.6099337686604119
1682382180,0.8501540732114132
1682397840,0.6474322781727732
1682421960,0.06973786550597731
1682446200,0.8582158627744787
1682459160,0.2663006654223511
1682476200,0.43345444521669896
1682495700,0.5546980464106993
1682510700,0.3287237501039929
1682531700,0.12287832749225958
1682551020,0.7824019732688048
1682574900,0.6869459729401652
1682593980,0.9548952877377336
1682616060,0.7779592055331244
1682639100,0.7129277808923132
1682661960,0.9378859665457018
1682685360,0.8887108135864672
1682696580,0.6278865851552045
1682716380,0.7365031077692894
1682734680,0.8069210567189425
1682751180,0.095675576332987
1682775660,0.7125295019735581
1682792340,0.5404242096035692
1682812620,0.8782268090205042
1682834640,0.7722008852305482
1682852700,0.3205674354294341
1682865300,0.7110828791954673
1682877480,0.4613212687753794
1682889780,0.7283952315647843
1682902380,0.26486354252861327
1682915160,0.9232348865543079
1682938980,0.731214007555478
1682953500,0.2445392866258752
1682968500,0.6762922417376352
1682989440,0.04712338466972473
1683004260,0.6857924103600818
1683025800,0.7933941086108574
1683041820,0.41473122117925637
1683054540,0.615641961518254
1683065400,0.3861048601584462
1683090420,0.8932345759770436
1683101400,0.7849049137217252
1683123660,0.9344430143694691
1683140880,0.5064899422363265
1683165300,0.6794610900788374
1683178020,0.859619716331032
1683197160,0.8107199381096409
1683215520,0.8916771507048656
1683235020,0.8840192188133817
1683246900,0.1292414555117683
1683260160,0.8331537404501436
1683284100,0.45002724372917663
1683300960,0.8147425452216885
1683317100,0.2281389263324208
1683337980,0.2163830537058808
1683350940,0.8572585910051052
1683375720,0.7683274279090099
1683398040,0.2802020628710839
1683410700,0.4160386874259668
1683424260,0.8367400098822815
1683437580,0.6802070872675409
1683460800,0.8673186027716737
1683483840,0.8414238016659458
1683508740,0.8592836208374897
1683533700,0.5628049363570299
1683547200,0.6396962766122044
1683569340,0.6262443525933536
1683594420,0.9246071453475826
1683608820,0.6402587430455132
1683633240,0.9389052217729161
1683648240,0.4734608975291923
1683670980,0.06662336427365081
1683687420,0.8059745420776068
1683698460,0.49705725856408295
1683723000,0.8314185446322185
1683747120,0.07690088386836838
1683758100,0.21833180776689212
1683782820,0.23419667114121742
1683797460,0.09788703737357239
1683809880,0.6143841263527643
1683828780,0.044477584350747446
1683853500,0.9273072071930447
1683876480,0.4397742418748313
1683899940,0.13649643423861274
1683923880,0.022847233891445436
1683937620,0.9485834774469771
1683962400,0.7083364160226165
1683976500,0.6765721830899492
1683994800,0.7439540250820685
1684011780,0.28059780751782576
1684029960,0.890203182707377
1684050540,0.7041647508576511
1684066200,0.8973308970599452
1684087800,0.6544134832160647
1684103220,0.39679722393567163
1684121580,0.7670237572933173
1684137840,0.9371291462897444
1684155240,0.8675613522455554
1684176600,0.6942418670795955
1684192020,0.40193799725076756
1684213920,0.887735451446387
1684225920,0.8070939059879405
1684249920,0.7634695358350375
1684267260,0.7522582603688642
1684280340,0.028252768117855147
1684293660,0.7437661178957053
1684307880,0.36752654598794904
1684320480,0.8622805030301359
1684335180,0.8485832692910199
1684351260,0.6498117237306378
1684374540,0.7399289213707027
1684393140,0.656090679894571
1684418220,0.8037852193015844
1684438140,0.7929729216822727
1684456740,0.8465491538277731
1684479960,0.8239113224811694
1684502040,0.35969744663202224
1684524360,0.47071289505725633
1684536240,0.14649438564247466
1684549800,0.5460825795414255
1684570920,0.25735401233686206
1684593660,0.9049085629670498
1684611120,0.8149444388880356
1684629120,0.163191438118832
1684643640,0.6103290398435005
1684656240,0.8488106921916734
1684678980,0.41126213663654554
1684695000,0.22043038482971591
1684716780,0.8167392335017634
1684730520,0.6173435860669022
1684746660,0.892608159837254
1684769280,0.846565968659757
1684789320,0.837521042114415
1684814040,0.9109847793895344
1684825920,0.809054549474986
1684850100,0.7813783671738972
1684872240,0.030528932291078427
1684888140,0.7273543291795335
1684907520,0.9070935771945549
1684918920,0.8906503500032172
1684942500,0.9423646454932647
1684962600,0.6635439236902984
1684977420,0.04736112418038526
1684996320,0.9135647742217867
1685018400,0.6610784583095795
1685033460,0.9413855885805973
1685058300,0.9651275087034695
1685082120,0.826293301043353
1685096220,0.09855881229964239
1685111100,0.03576620647640881
1685133660,0.18168837574084848
1685152320,0.9044337482772575
1685169060,0.6663021714970823
1685181360,0.5936939874196956
1685204580,0.11124932052377949
1685219700,0.7555431550629702
1685238660,0.05817379522091278
1685261640,0.24644058165715343
1685272500,0.0918085294907044
1685286540,0.055505702779156584
1685297880,0.7258422818436309
1685318340,0.4373443353401271
1685341800,0.7889451811452187
1685361420,0.8558025738055169
1685376600,0.02968965624819008
1685390400,0.056965824558231154
1685412300,0.9479841193888241
1685423160,0.19777372992137188
1685442840,0.7526344163155617
1685460840,0.728810720619966
1685485800,0.028892689280725563
1685499120,0.8237884036307537
1685519940,0.8766702003969602
1685534160,0.9324760721207501
1685559000,0.8853388463113576
1685583360,0.9417534279916888
1685605320,0.7145766678708462
1685619840,0.8176384541477509
1685636340,0.20976546154521597
1685657280,0.8219983776260661
1685681760,0.039338764629151736
1685702880,0.9188278486870438
1685723520,0.6782346740022936
1685742000,0.6988555569985961
1685764620,0.8542868180909599
1685785080,0.5564391470123418
1685798880,0.6674320024136139
1685812500,0.6457808934326864
1685836080,0.8913910012501663
1685855220,0.1936530510584312
1685870040,0.892609800644863
1685887800,0.46896558161904855
1685910720,0.6563443928713362
1685935380,0.07099130522108388
1685957880,0.5881901567514486
1685973540,0.12116046130001239
1685996880,0.5578584501735188
1686013620,0.7445275051218988
1686026340,0.9405571482749748
1686040920,0.8768659200806372
1686052860,0.1569554376568365
1686077460,0.9008393009973619
1686099840,0.9418620303636761
1686117000,0.7489733440931893
1686137460,0.9150468147911238
1686162540,0.4950869183987966
1686179700,0.059246513398756244
1686191400,0.949980730073063
1686208740,0.050738710665192595
1686232440,0.7532991283009038
1686255720,0.9118673836618836
1686276660,0.6145720938868927
1686301440,0.8969061292165539
1686319200,0.16905512979536505
1686334920,0.8908885951254623
1686356520,0.9108615047209827
1686372360,0.6178029399917779
1686387600,0.7113751954425538
1686407040,0.34817979524637077
1686423720,0.7227840617478689
1686438960,0.7776228526745754
1686458940,0.06464923628178088
1686479520,0.39112375569590535
1686504480,0.07396224718950509
1686527640,0.8921497148876033
1686550320,0.2152923876303086
1686570180,0.04107733318222102
1686583800,0.8083262165066759
1686597180,0.8359030379149389
1686616620,0.8380316503669235
1686638220,0.7268818802586677
1686656040,0.3782294364881387
1686680760,0.8048564343726572
1686692280,0.08037166509233079
1686715800,0.9131501468963055
1686728220,0.18116236937992752
1686749460,0.4616876379304388
1686767040,0.22501612827696701
1686784620,0.3422549619176626
1686801000,0.018321497177636845
1686813060,0.524574785518999
1686825900,0.09087820414708735
1686846720,0.9465688343732779
1686864060,0.2037724426016248
1686879780,0.09295189940091649
1686893880,0.07684444252964334
1686905460,0.45078553845379243
1686924960,0.3895047451240198
1686936660,0.8969837984344392
1686960000,0.9363263195648865
1686977880,0.6848641546552443
1686994560,0.3484648189519363
1687007340,0.9030424134449994
1687019160,0.737566194689868
1687037700,0.20582053655948807
1687056660,0.3757703767670649
1687074780,0.3259814750037977
1687095960,0.9425412372163623
1687106880,0.693027183786538
1687120800,0.9148304830739672
1687133700,0.9025468497526652
1687155600,0.8013265358372125
1687174380,0.11327018636230764
1687192260,0.1024201055317341
1687212900,0.17922938799398705
1687224540,0.603795966313451
1687235880,0.08777278652695739
1687247640,0.6068304216637117
1687261440,0.08117583494118791
1687276080,0.8717322924521759
1687292460,0.6061532342175864
1687305180,0.08091375594063051
1687322520,0.8009516998773524
1687343580,0.6873843697354985
1687360200,0.047307343347114963
1687378980,0.7168460698688119
1687399200,0.8081464549840613
1687412520,0.07717722064377454
1687425120,0.14308956478650864
1687444980,0.07432388098645719
1687459380,0.32114868524318074
1687480980,0.5261130403711795
1687501500,0.2309814134188
1687525500,0.6571744987558367
1687536540,0.7258697647895627
1687551600,0.8230217466617297
1687568280,0.15224048583742136
1687587300,0.7030229465919035
1687602780,0.3469835341753977
1687619940,0.017097374059340628
1687644360,0.9366560374603208
1687666920,0.9499293540681218
1687682760,0.12191381877812575
1687700520,0.7821164377616385
1687725000,0.9472770944651366
1687749840,0.06181744621216886
1687764420,0.5175620815785097
1687785540,0.820393567160502
1687798680,0.9523599130165812
1687811640,0.8671854046506211
1687825500,0.5890263631562175
1687847640,0.5410925109997334
1687866360,0.8992161154971091
1687884240,0.5358889730996572
1687897080,0.08537107833433687
1687922040,0.18721402641214818
1687935360,0.7332171475624402
1687960260,0.025556263802092864
1687977000,0.024906876940859433
1688002080,0.9567065356949055
1688014020,0.9128032353303459
1688025720,0.09445315463481233
1688038260,0.9284864610227023
1688060040,0.916330984275802
1688071800,0.8514606020147325
1688094720,0.907407907096441
1688111760,0.7461307253391857
1688124300,0.38838940726151366
1688144520,0.8906977019689445
1688168040,0.8496730892037102
1688184240,0.8206345637736873
1688205240,0.8635150907151511
1688224680,0.027598448708626124
1688244720,0.36441313295219924
1688263560,0.9161148962576793
1688275440,0.885410579545697
1688297700,0.9336358321495989
1688309100,0.5043797182748468
1688321220,0.6428996742153364
1688338260,0.1355025384895053
1688352840,0.8670948897043111
1688366100,0.8853203268392987
1688388360,0.04726372773353803
1688407620,0.8749908185119742
1688420940,0.6198540810033222
1688439300,0.3659121385002782
1688462160,0.8810630526363885
1688478240,0.9045662402549741
1688501880,0.029551680716714483
1688526120,0.49711330403272513
1688547660,0.8484802868170954
1688561820,0.9523686834990678
1688579940,0.4056458959222082
1688601960,0.14466397011487997
1688620800,0.9265878387275897
1688645400,0.8942128126211037
1688662800,0.44881905958856855
1688687100,0.9045455336682234
1688699580,0.030049755915834857
1688717460,0.4327308701761944
1688734860,0.04422755877271242
1688749980,0.6743293378752043
1688764860,0.8645420353026723
1688784240,0.7983900531570228
1688804280,0.3030893334161357
1688815860,0.21601866131900344
1688832660,0.5324840184307106
1688847060,0.31144839300455573
1688860680,0.3857231630677089
1688876340,0.7665150516429033
1688887740,0.08461811675176416
1688900580,0.8899009929369318
1688919600,0.6926762812509019
1688941260,0.7419392033426916
1688955840,0.04149634722551348
1688979780,0.8526027177348617
1688990580,0.9557111245450697
1689008400,0.04570417754889786
1689027840,0.05539430594393389
1689044820,0.9652559904252703
1689069840,0.9425430919215451
1689090840,0.6722182144930943
1689110400,0.6169594498521219
1689121860,0.8475201878076973
1689137520,0.6199224068431797
1689160860,0.7244930432196824
1689178200,0.7295141490295404
1689190200,0.32121090828853416
1689202980,0.932517156166062
1689219600,0.7988060122710481
1689236340,0.907396358988968
1689260580,0.8046296094006453
1689276360,0.023697199500318487
1689291000,0.29104153508111746
1689309840,0.09404857813807507
1689327960,0.5505231700923866
1689346380,0.03492510812779226
1689365220,0.8970600769541707
1689385080,0.8670516064231492
1689406320,0.11898972252591514
1689427560,0.7789576260838239
1689445200,0.08932735522616886
1689464880,0.9021177538225473
1689488820,0.7719742296580338
1689510120,0.9469637370317767
1689520980,0.6628617023295866
1689534840,0.3300494070446421
1689555360,0.3320709743309579
1689577200,0.9142720048873515
1689594360,0.3306641201192025
1689615480,0.48974046960480094
1689628740,0.7063382030234887
1689642000,0.12161156174156484
1689663960,0.7479706896528214
1689685680,0.9477975065226886
1689709980,0.045096834391960564
1689731880,0.20131997804422458
1689744300,0.8594896965287071
1689756840,0.14104994028613488
1689772500,0.3951670479075983
1689795180,0.8901339814188062
1689812640,0.8961323938502752
1689836040,0.9659589323023196
1689851820,0.938640496348604
1689874020,0.03833489555189876
1689889920,0.820010303197945
1689901800,0.8933661013116964
1689925920,0.877268490032894
1689940380,0.7989477296943882
1689963900,0.8847515956440606
1689979080,0.492128810009758
1689993480,0.6912131147629622
1690016520,0.02256403700169633
1690027680,0.4426373640649821
1690051500,0.8700876919924991
1690062540,0.636402958847692
1690073700,0.039191542649184445
1690087620,0.45441294227570334
1690106880,0.9573996593024627
1690125900,0.8944186986619137
1690141620,0.6239439846840161
1690158720,0.9468263137607401
1690172700,0.728086270939788
1690195200,0.42095669644658856
1690211880,0.09156468043760092
1690236480,0.8704817300199794
1690258500,0.27790621920838926
1690280580,0.8888944630619644
1690302600,0.8351876644324632
1690320060,0.4280304316342117
1690330860,0.8059680529226142
1690352640,0.9490652691897221
1690369260,0.7714321230184562
1690391460,0.05605481461072829
1690405200,0.07973509518543491
1690426320,0.8197697004239147
1690437120,0.3064032511203257
1690461180,0.05509124292686239
1690483080,0.9607768738809153
1690494420,0.9406295817265475
1690514160,0.8066784143075658
1690538160,0.7979969128214589
1690561380,0.10923386274918959
1690583700,0.9559812786701419
1690597560,0.28139643246071455
1690618920,0.8902723434828661
1690634400,0.7602409275183012
1690658460,0.696539926946615
1690679580,0.8877826918103644
1690692180,0.26625922442105615
1690711620,0.7188453997397413
1690723500,0.026634210180340265
1690747260,0.2790682374811456
1690766040,0.2421735333583783
1690783140,0.8422907378851463
1690795500,0.05926279741734069
1690817580,0.3694348377259334
1690840860,0.9110875150394829
1690852320,0.8315515735278391
1690865580,0.8921472948257677
1690882020,0.44526222969535917
1690898760,0.8098959664719846
1690917120,0.22224631964430527
1690941840,0.697749875501202
1690956180,0.621076540582078
1690969200,0.9314064778127804
1690994280,0.8002792924272774
1691013900,0.9273870877590913
1691035500,0.9476912944014797
1691059620,0.7069562468209347
1691076960,0.022366976530984108
1691101620,0.5816638267960239
1691119920,0.2884694797853188
1691134080,0.8404928211544113
1691156220,0.06746784200806079
1691180100,0.9146762746032108
1691205240,0.09326803687837132
1691227080,0.8197874120959905
1691246820,0.7717090996702292
1691258880,0.9071552003087453
1691274300,0.8769823777959385
1691286600,0.21247596908657201
1691311140,0.9294496192425324
1691323380,0.16314650259099114
1691335740,0.7353286552637702
1691356860,0.8091894095220672
1691367720,0.5969008330352524
1691380380,0.8808107831239568
1691395500,0.4184995019842151
1691411160,0.8341548751975535
1691435400,0.1212688771314853
1691449080,0.08227363144629798
1691461440,0.4573462761979903
1691473440,0.10397750610970775
1691487780,0.8114410376772371
1691502660,0.7032912614896722
1691517600,0.8653577331282323
1691530800,0.05223714745409925
1691546040,0.7967375916321019
1691571000,0.94485696347055
1691586000,0.1474920904718123
1691611140,0.3218236642004709
1691635860,0.9694101332283772
1691648580,0.8224302048814354
1691670660,0.07714366265118883
1691684460,0.8864318992976474
1691699760,0.0935558559349631
1691724840,0.5237515463220276
1691736180,0.09240093611906845
1691752140,0.05261114711962315
1691776860,0.050152764876202495
1691791800,0.7380792675535416
1691814660,0.893807017917334
1691837940,0.1523412285044829
1691860500,0.2630824497392886
1691877420,0.5428046478682249
1691896500,0.32228272875798103
1691919300,0.06685440393394329
1691930160,0.23598533285432216
1691953500,0.04716622000168647
1691970180,0.43016586880725605
1691982000,0.9151912223903496
1692000720,0.9115054750140241
1692020100,0.02543699355021771
1692031800,0.9060594001830192
1692047760,0.528058398585662
1692068400,0.44887043410692745
1692090180,0.7841523194197909
1692101100,0.10141488348320905
1692119580,0.9492115485637805
1692140460,0.1606683957527258
1692157980,0.7992388503615957
1692181800,0.10181244425805985
1692193320,0.9292243444826473
1692217320,0.310252774515037
1692240780,0.927536074832324
1692255540,0.6396276185392423
1692280140,0.5278388838278136
1692302760,0.09447371237333865
1692316680,0.9648193611728842
1692328500,0.592813385285079
1692344400,0.1439724046819544
1692360840,0.16021384009094458
1692385620,0.16601833073455136
1692404940,0.8124952264029786
1692424080,0.03364987082010239
1692444780,0.8634660907193544
1692456420,0.8081295888677392
1692474540,0.2905485979430795
1692499080,0.2875627873387547
1692516120,0.21640863938237687
1692533580,0.7769233753733488
1692552240,0.8466293873519966
1692573600,0.12747170599137794
1692596160,0.1199680617168776
1692606960,0.2647852007791318
1692626340,0.916437339699483
1692638580,0.33660343345409044
1692656760,0.07174080838741523
1692678480,0.05266170999285723
1692692760,0.25699357199682366
1692710340,0.024951603006578973
1692722700,0.6382312294516606
1692740400,0.0769981736851779
1692752400,0.8153306219581067
1692773640,0.7050330444530187
1692785100,0.8136704265617932
1692799740,0.20068907251799345
1692811560,0.4073129389541879
1692829200,0.6045490491624964
1692846000,0.9326913088739258
1692866160,0.6100453533305291
1692883320,0.8454518735731522
1692902040,0.794240103264117
1692921000,0.06839925289088004
1692941280,0.4124659393476761
1692955740,0.7802446448909485
1692968580,0.9395135598932823
1692990540,0.05775576115095855
1693015320,0.7347210693207824
1693033080,0.7351012602047536
1693056840,0.9052689198716719
1693080360,0.49012008010225044
1693104720,0.8800915129642796
1693120440,0.9103658469353113
1693140480,0.8584422145489387
1693152240,0.3124501024277887
1693169520,0.40858465449288295
1693181280,0.5462119583837259
1693202580,0.9092130348019971
1693222440,0.733573174096042
1693246320,0.5485165638921191
1693267500,0.6407141018646596
1693279200,0.5584427016026923
1693290600,0.7800256197748479
1693302240,0.68304529619293
1693325820,0.3229072507660619
1693338240,0.859435585372932
1693358940,0.8306001341285301
1693371060,0.8728293912998478
1693386180,0.02927732756323416
1693407600,0.951222125544985
1693431660,0.23645416767410113
1693442460,0.13024246189262864
1693457940,0.4192209380294754
1693480860,0.5895758750748137
1693496520,0.48233733844112686
1693516620,0.15316562656726906
1693536420,0.04983856412287912
1693557180,0.6506580004681699
1693574160,0.5350702318016181
1693593900,0.2687425319027596
1693608480,0.6562105109954359
1693620000,0.6574165452808186
1693633260,0.18992545438196154
1693656180,0.939335265130276
1693673340,0.6520302716010323
1693684260,0.8573281606367054
1693703280,0.751347505176728
1693721640,0.07621899065043208
1693740600,0.7323283415768913
1693752720,0.6208914203793074
1693767840,0.6405881660777754
1693780620,0.3139778123751146
1693794780,0.8616603775291248
1693818240,0.42307579800705775
1693830480,0.9285351427848463
1693848120,0.8109153806701854
1693863420,0.9305949759348543
1693879080,0.8974451263529207
1693894980,0.9449623388181946
1693917240,0.929149209416463
1693939260,0.4557979500084685
1693951560,0.9177936132472656
1693966440,0.19659345218579252
1693981560,0.3365284367864784
1693996920,0.9327996100971994
1694015820,0.7147861572188279
1694036040,0.772436650001031
1694052300,0.7757324460907399
1694066040,0.935739022162411
1694084040,0.13347392463695823
1694102760,0.8711825682403331
1694122920,0.5968897905999959
1694143500,0.3194467024520854
1694156640,0.673667469688767
1694181060,0.8392523997759653
1694202480,0.07291725279573646
1694220480,0.16861527393127695
1694235420,0.8902147858590508
1694250960,0.5822526045385065
1694268960,0.8331947532336703
1694284080,0.0715682677856815
1694307180,0.8045711701781204
1694327760,0.58518141013426
1694343180,0.905763318143131
1694366880,0.4706338004931232
1694380500,0.6471195199967054
1694397840,0.9632821090894705
1694417100,0.8912103360655531
1694437860,0.8906813051256004
1694454660,0.3106153029649621
1694478960,0.8151883480007088
1694496480,0.04914407331234147
1694520900,0.8915543179165365
1694542200,0.08125698754040869
1694553480,0.1800335867407113
1694576160,0.10925289846105492
1694589960,0.25033061188222777
1694613540,0.228354186822154
1694625660,0.43986974067036355
1694641140,0.5681359742887941
1694665140,0.18670200773841739
1694681940,0.9486537132243406
1694698080,0.17350581462099335
1694719380,0.34301698897606736
1694740140,0.8116745164309848
1694760480,0.569124131342086
1694784060,0.0826807046715056
1694805720,0.5229266342332447
1694823180,0.6171781043272914
1694845440,0.7424020817734063
1694865060,0.8710675342079076
1694887860,0.8854201482706295
1694903220,0.7896707076260121
1694917920,0.3923048208514932
1694940060,0.28994841531177196
1694954340,0.928195742637923
1694972940,0.5879149956294286
1694995980,0.7762658305989835
1695011280,0.9266601549039785
1695026580,0.8427356268006035
1695043020,0.9230559785577238
1695059820,0.8995528111017456
1695076620,0.7317393114404644
1695095220,0.3040379338905877
1695112080,0.7621041577660173
1695134640,0.29979211945244166
1695156660,0.302481876883813
1695173940,0.24129775995785857
1695196500,0.07974285567622409
1695219720,0.8530160259000023
1695232620,0.6056311908043622
1695250140,0.028275618127891606
1695271620,0.1674936759844681
1695283260,0.1719584563551554
1695300300,0.24271174455529426
1695322320,0.8011193171713912
1695341580,0.3645118617742322
1695366780,0.14806762400288986
1695381300,0.712444998801358
1695399720,0.3371771672286812
1695417780,0.41644014976306565
1695436380,0.2403521232801345
1695458580,0.21922287755936257
1695475560,0.22329169785177458
1695489720,0.6670673923694438
1695506700,0.8356659843449744
1695521040,0.7258458353163147
1695545580,0.9211439683636792
1695557220,0.7671094293106626
1695572280,0.7003572683087022
1695589200,0.8564718492751119
1695604500,0.2948489054251352
1695622380,0.37510145802357236
1695635700,0.8057117348210533
1695654000,0.7599620521671635
1695676800,0.8228185854740376
1695689100,0.775235541185989
1695700860,0.6933241658264861
1695717660,0.8419357882303263
1695742380,0.8373521172509948
1695759000,0.9004565803893068
1695774120,0.44742924900435227
1695786060,0.7958113016124065
1695797640,0.8922559597756401
1695810360,0.7742605558422544
1695830520,0.3029373216634348
1695853440,0.15450956206841074
1695876900,0.02287310580642651
1695887940,0.8755014629085519
1695907860,0.9336818621283883
1695921120,0.7051157679124218
1695938460,0.8776313240437795
1695957120,0.35271845407685415
1695969120,0.091490880987371
1695987120,0.9383648271931258
1696002360,0.8697310798129085
1696017180,0.9281138408285342
1696041720,0.30349369782611324
1696059300,0.5664834889442282
1696073940,0.8779639642973991
1696096800,0.4966125721136696
1696120140,0.8364756563737592
1696136100,0.8910288822277701
1696160940,0.5526291590746946
1696180440,0.1449574490589868
1696199520,0.017922251235934793
1696217640,0.6850834595235119
1696234500,0.08381765009452298
1696255740,0.8619678442663279
1696271280,0.33948046308875646
1696296360,0.8636379842488322
1696317240,0.929637859783907
1696334820,0.8347592158530471
1696356840,0.6646081725990993
1696376940,0.8738023924046745
1696390740,0.60204536210774
1696410120,0.10705861179205595
1696423380,0.752541873169081
1696434420,0.22540813198356827
1696453380,0.7794051918830551
1696469880,0.8558597932524976
1696481160,0.9142799524237357
1696503600,0.6299462428876051
1696522020,0.9201784460505461
1696533780,0.7166172162021555
1696553160,0.8788138015951469
1696565820,0.8420019134560136
1696579260,0.740700409609177
1696594140,0.31655298329882503
1696608180,0.8988996535806618
1696624440,0.9257719058687939
1696640400,0.15074297664492706
1696653060,0.2773513527025946
1696676400,0.7088530019799624
1696694280,0.2323596079149693
1696718340,0.5935578265208021
1696738860,0.6339862885020155
1696750140,0.25449314613978774
1696765380,0.059388065482044276
1696783020,0.6348568844724729
1696804800,0.4206265140361943
1696820580,0.8873768626686297
1696841520,0.8151207591957038
1696855320,0.16840334067239401
1696874340,0.863621565475356
1696896300,0.18676447449955483
1696915320,0.09282861683705576
1696927980,0.8965413438018794
1696940760,0.7647494876303176
1696958580,0.6158457304731308
1696974180,0.7085799568457116
1696986420,0.7901838609342449
1697003640,0.44449877611765015
1697018700,0.6394748937693993
1697030760,0.29144849793675903
1697054760,0.22407017315898087
1697073480,0.4005125696333293
1697089860,0.7123551159828887
1697100960,0.20585191078735438
1697121060,0.8390819578869152
1697141160,0.8069499520278355
1697157420,0.3483079039001728
1697180700,0.8958079982092481
1697197320,0.947348930831315
1697213940,0.8721864896280632
1697235900,0.7328071196994481
1697255220,0.8790004344540199
1697279640,0.8067584308568597
1697295000,0.5765002757671115
1697311500,0.365877679697754
1697326260,0.37778690144548743
1697338860,0.850668020268051
1697351580,0.6875222729833556
1697366580,0.36024171784180853
1697385240,0.7844380754261575
1697405460,0.815574464482866
1697419440,0.39448853622701413
1697443140,0.5057823924014606
1697468340,0.8369051064215199
1697482140,0.7924760515371307
1697505780,0.947566663018482
1697517720,0.4131458641899366
1697528760,0.15396910733875627
1697547120,0.07943226766059339
1697571360,0.17768780299348969
1697591880,0.6941721861108462
1697611560,0.8637107397890202
1697632620,0.8578944086659147
1697653920,0.43912690717128056
1697676360,0.7444398682078308
1697689800,0.6389186302049854
1697714220,0.2745043633080915
1697735880,0.9633961238936996
1697760840,0.31068558014023706
1697785080,0.47827800320418
1697808240,0.5583435238171173
1697822400,0.43142907803720465
1697833200,0.4444809489652551
1697851020,0.7340137561793403
1697869800,0.7366962176398263
1697888400,0.10727229810717186
1697910120,0.8566457115264698
1697923140,0.1938937348586722
1697948220,0.6456151092283445
1697961240,0.726909175843675
1697976600,0.18576433080530377
1697996100,0.4248615091090894
1698009000,0.5428774399677759
1698024960,0.14122307826846353
1698039720,0.7849384573204224
1698061260,0.28547965858612184
1698073800,0.8461709623530032
1698096420,0.11918198445167587
1698109740,0.4144786906084129
1698130020,0.8920527184533423
1698154080,0.849755659431699
1698169380,0.8496036691963522
1698193860,0.932980374276402
1698206160,0.22483969187261338
1698229380,0.13453962261918073
1698242340,0.23733738282635194
1698256080,0.3495053540560893
1698277980,0.14038681072284126
1698298860,0.8907225394002197
1698311280,0.5038888003482384
1698335760,0.06340546979291574
1698359700,0.7659434549557951
1698373560,0.2949490904658027
1698390840,0.1958969322926356
1698403680,0.06359496349518987
1698418320,0.6587708815133786
1698438540,0.09419602810920497
1698450660,0.12824673388844
1698463500,0.5332826389096736
1698484200,0.3431004788779908
1698499380,0.48309170488416936
1698519840,0.1116787963970566
1698537480,0.8276319421153709
1698552360,0.3922715675260689
1698565380,0.6282880761256115
1698578820,0.2788208493467722
1698591000,0.7438670290392148
1698602760,0.7405791881717512
1698624540,0.6824138094692951
1698638100,0.7855262205857744
1698656160,0.3537632412764697
1698674160,0.884799142183449
1698698220,0.06914527130556532
1698709260,0.7405209672355773
1698729780,0.6448562709989862
1698741780,0.715507949075434
1698759120,0.3059326645447059
1698781200,0.13587774183538545
1698796200,0.403090966094743
1698813420,0.04667335479665463
1698829500,0.17838843436458196
1698853920,0.4661285081455745
1698868680,0.42118532587044455
1698884640,0.37675351080296815
1698905160,0.3930372094259211
1698921780,0.48504538041319506
1698935040,0.5829439268336757
1698960060,0.8983823182088724
1698979860,0.8383098805798517
1698990840,0.7918815305080844
1699005180,0.7214499004086821
1699029840,0.7853430849627961
1699044720,0.808534706384324
1699056900,0.09398655319032688
1699071420,0.7484106585452011
1699082340,0.7619964133175352
1699098540,0.1564725721779116
1699120440,0.8229457721807839
1699138440,0.82618635670163
1699154040,0.5937906160422158
1699176540,0.382587360405593
1699198740,0.2851134302429725
1699222860,0.4496010533167221
1699242900,0.6084674375593011
1699253760,0.8888657412561245
1699266900,0.10491228696759611
1699280820,0.3075737712886839
1699295340,0.661758800412145
1699312260,0.05575279636631981
1699332660,0.8274342969025712
1699345560,0.8396581081387025
1699370400,0.5705689000779988
1699390920,0.47696046524691926
1699412640,0.07285384160435249
1699429860,0.9202929906544863
1699454640,0.14467906229371386
1699469640,0.639786981699961
1699484160,0.9296878763562618
1699507440,0.8235829344500046
1699523040,0.4739782323985307
1699535880,0.8703049835852593
1699560960,0.1956636852720557
1699582320,0.1981724203558951
1699603260,0.8621507064774282
1699615020,0.9430071865059673
1699639020,0.5641824737157078
1699652220,0.6991202121024106
1699675560,0.608598355498388
1699686720,0.7617508703944265
1699698780,0.6527859531902439
1699711380,0.5927544164375582
1699734720,0.8420387978271322
1699756980,0.23068393479513286
1699779360,0.9287718333464282
1699793280,0.8100170524285984
1699818480,0.42281331387987037
1699837380,0.8380431188382408
1699861320,0.783887252484697
1699874580,0.7802168249065089
1699886160,0.8412629310920459
1699905900,0.9134798146861502
1699929720,0.2812170671470168
1699954680,0.2210065725976465
1699970520,0.34097916232549197
1699992600,0.9541632203343637
1700005740,0.6949536979895715
1700021160,0.4703157915099292
1700043900,0.5792310827713177
1700056200,0.762035055207096
1700068380,0.9089847271570652
1700091360,0.4544749303291617
1700107560,0.9127095973022261
1700132040,0.8920499455245567
1700153880,0.7178339745218685
1700172060,0.9028745283887817
1700192640,0.35100643394031106
1700208960,0.7777968799203748
1700231700,0.5200283792464544
1700250120,0.8871932533907384
1700273580,0.3773415551974799
1700297460,0.28744296895016924
1700318400,0.338925396100595
1700332140,0.4021168432647859
1700342940,0.8667664107979047
1700355300,0.4962943601894317
1700374080,0.8964574901281126
1700386680,0.6067779749502018
1700402940,0.29804315957219546
1700419140,0.6706284774434497
1700439060,0.46019364458613543
1700463840,0.8380583056967807
1700484240,0.8233823424962999
1700496240,0.09643893225334592
1700513100,0.8876531669951007
1700526000,0.8932024670581872
1700549880,0.8854218552080985
1700562600,0.8700111226782392
1700575920,0.8495609968109296
1700599080,0.5139023493217397
1700612700,0.8952962317255245
1700629200,0.733325552311162
1700649600,0.6260366658263526
1700674500,0.9146303262631126
1700688720,0.28965391765216264
1700702040,0.5815056784507706
1700713560,0.8573891071167302
1700734440,0.1888014093121219
1700747580,0.7520461778106818
1700770080,0.3328576223462992
1700784300,0.7553155989738854
1700800320,0.7079108515301078
1700825280,0.955948197698176
1700849400,0.7027834569130315
1700869740,0.6102946441596455
1700881260,0.49604663470864563
1700900160,0.2280908864589478
1700911860,0.22834124096426117
1700924880,0.15331378263308426
1700943120,0.36860738407532445
1700961480,0.8150785895827871
1700976720,0.8325326860451804
1700994600,0.055233322360227044
1701011820,0.1941694227846077
1701023340,0.272736905544321
1701042720,0.37884507149264884
1701053520,0.6931890319543371
1701075240,0.6707376149122545
1701090360,0.4024050923089127
1701113400,0.5778829682588529
1701127680,0.8542348679433589
1701152280,0.27592869669377545
1701173280,0.7277241932842523
1701187080,0.45199512271435943
1701202320,0.11687001715663552
1701216300,0.02889568492091219
1701234420,0.9219510928271925
1701257460,0.661143218825285
1701268260,0.8778916818822036
1701283140,0.77773556244253
1701308160,0.5672352905604073
1701321780,0.2715146577974606
1701346500,0.35389003137743186
1701358020,0.06924564698768938
1701376560,0.8576950391747092
1701395100,0.5785140170289461
1701408240,0.2735060769776751
1701426960,0.839149562386383
1701442260,0.5423624268016364
1701456060,0.8787950480438489
1701479820,0.8075503150828699
1701496200,0.6653458759430451
1701508980,0.8464072481081615
1701533460,0.7942089082776772
1701548880,0.3105263872331983
1701561000,0.696431261697256
1701574440,0.8426323938925666
1701590340,0.8028941748179086
1701606600,0.8068528423202481
1701626580,0.44500935936034136
1701651180,0.020311177949586822
1701671340,0.6820816416349339
1701696060,0.5723885801167226
1701716220,0.2870661766271212
1701728880,0.12332826025713167
1701746880,0.18671011072798796
1701762300,0.21552061035558887
1701780540,0.7978755181891591
1701791700,0.07119587536549057
1701811500,0.12481251432388972
1701832020,0.5119861948970941
1701856740,0.4443923541999156
1701876840,0.7199073941230986
1701897060,0.41109212423824426
1701919080,0.12189291944020099
1701941820,0.9067470644681331
1701959760,0.8732255687000138
1701984240,0.6713707374025688
1701997440,0.700775752303152
1702012620,0.28654496540664215
1702035000,0.19009627730505657
1702050840,0.9368307600712633
1702065840,0.7105111812042567
1702088100,0.2953264050786865
1702104960,0.3870327566996033
1702126500,0.46946683305704495
1702140000,0.8962475942756795
1702163280,0.3583257447924818
1702183020,0.45343411922689225
1702201980,0.6649057078987578
1702217400,0.5072811073133132
1702233780,0.47646301437837474
1702244820,0.7540329213737335
1702268220,0.9153301245368856
1702282200,0.9079884207855224
1702297740,0.7944076621638456
1702322820,0.3153678095799153
1702347360,0.15782198106619458
1702367040,0.547657510610258
1702387140,0.3824342161250878
1702399620,0.3148377680574827
1702414860,0.9594977386428921
1702434240,0.6816459089890868
1702447020,0.6719105730079441
1702463280,0.3351246612491602
1702481400,0.7388453799867227
1702504440,0.15975534067361524
1702519920,0.15895104840676866
1702543020,0.4439391477902212
1702557180,0.47820602855716116
1702578780,0.47796255109319136
1702590600,0.26981071593620753
1702614600,0.10763358741595698
1702626780,0.7334706221859155
1702648380,0.8148045442608434
1702673280,0.9340691438065144
1702693140,0.6362351403736296
1702704660,0.8221602535813587
1702726380,0.5087451587586872
1702747140,0.22571467961944558
1702762740,0.24309917540748963
1702787700,0.7018173882503606
1702799040,0.31611195771482925
1702815300,0.7333060453872775
1702838760,0.5148653978075135
1702860900,0.37028083273944035
1702878180,0.8255936824959007
1702897980,0.598098964200282
1702922160,0.5854712083757652
1702942440,0.879506614412047
1702960440,0.8539991494381999
1702985580,0.20900716952706733
1703004300,0.6265137672218317
1703022180,0.43586736132971066
1703035440,0.8213967908667585
1703057700,0.8533614882127226
1703079240,0.8230046580422465
1703104200,0.08032471149768472
1703121660,0.08738014957493913
1703141940,0.8620220639688184
1703152800,0.4799842355977094
1703172960,0.7329868318491857
1703190480,0.9317155259935984
1703201400,0.808914477076622
1703217660,0.8878581655525457
1703231700,0.6293311988067698
1703253900,0.05596660166025787
1703272620,0.7817124729462941
1703287440,0.8962486377879839
1703307300,0.6675807076838965
1703332080,0.42904954934367767
1703353620,0.35472841613510947
1703378100,0.904494717174506
1703390940,0.6136914920341787
1703413080,0.7576734578122519
1703426760,0.6521114888703289
1703441460,0.3838516153714347
1703466420,0.5498997629593699
1703490060,0.25193471431638903
1703506980,0.8014176487051251
1703525760,0.5064478309953511
1703548380,0.7479580347441395
1703569500,0.3289171169428496
1703583360,0.2403590701445259
1703596080,0.06167628476250234
1703617140,0.07947401371852586
1703634000,0.30023714622589065
1703652000,0.5419446356259212
1703667240,0.2773892658875412
1703685720,0.8172727475544925
1703699220,0.3469490464139818
1703711220,0.8563416065777887
1703722740,0.5953231047842543
1703736300,0.17118684784103322
1703752260,0.572766166353812
1703770740,0.8811805992761995
1703792760,0.9262571206842101
1703803860,0.8086259544665012
1703814900,0.9453296031461377
1703835060,0.07431653803910952
1703850420,0.685607796870211
1703871960,0.6157396115420047
1703883240,0.7496640150524382
1703895420,0.8821560472607676
1703914260,0.578305191399043
1703937660,0.6468261327383987
1703960400,0.7850384907666235
1703981580,0.820101220852191
1703992380,0.8402700766240709
1704013620,0.7796199884270901
1704037440,0.7895585481819023
1704061980,0.6200810783470405
1704081420,0.07125402046456512
1704101580,0.41304877695483905
1704114660,0.36479473581250216
1704127980,0.7059513681664105
1704139680,0.8138122219702276
1704159240,0.9274331715712568
1704174540,0.38464161674357594
1704191520,0.19450122055760635
1704207300,0.6864563565752371
1704223260,0.5867829828968342
1704244080,0.7227649005365412
1704266580,0.41647411493131264
1704282900,0.14868902606480994
1704293760,0.8501111076964517
1704305700,0.8766363345119993
1704327780,0.9211638965448513
1704343740,0.18841180432403556
1704354660,0.17345519884227675
1704370800,0.24883283369795112
1704383100,0.11443217396060629
1704394740,0.5425532295389955
1704409500,0.09546440646488433
1704426780,0.7648197747564149
1704448440,0.6953102705355481
1704462780,0.6613898244152898
1704476760,0.8976368629189596
1704497700,0.18789539249588047
1704511920,0.7086158478982341
1704529200,0.5637811907165241
1704551760,0.6445157987620042
1704573540,0.7577464398417753
1704590280,0.10673566708837784
1704603900,0.2078573782985381
1704616020,0.694912361590914
1704628500,0.7754865913101021
1704642600,0.6855348978129748
1704657480,0.3310483383064408
1704677160,0.30322100032681676
1704694200,0.30183507942634547
1704713040,0.056204791450737125
1704735780,0.5135274147989171
1704755100,0.7405659425540095
1704767880,0.8063885185378102
1704786780,0.5722008503384811
1704811020,0.9377659785184629
1704826380,0.8899643001391258
1704850140,0.11738690122683264
1704870420,0.9391067997235597
1704894360,0.27448127345665563
1704915360,0.41643931574793697
1704926880,0.8238001157178536
1704941580,0.6218440995037592
1704962460,0.2881657972760416
1704982980,0.8876889177519598
1704994560,0.12419257353264074
1705016340,0.14532352420068537
1705041480,0.3502156284735145
1705056480,0.9347118740251192
1705069500,0.7842547263621108
1705082640,0.8286227232739858
1705099860,0.15870823419365462
1705122360,0.8701768897586482
1705138440,0.666933192756633
1705153080,0.4857232865499051
1705165260,0.5170064867586569
1705178280,0.3080246870853859
1705196340,0.06476240699548338
1705219080,0.6227964188741254
1705238760,0.4294216531452245
1705258440,0.743379345499602
1705271340,0.6412399477587604
1705283940,0.6090753031323274
1705296240,0.9298081259784162
1705307820,0.6760071806597038
1705319280,0.385798660328798
1705337160,0.27992715945334234
1705352940,0.9092350384594535
1705364640,0.7671289406971926
1705389120,0.7182472131266716
1705400640,0.36229972027003665
1705413900,0.4334765022106616
1705429200,0.5240443240400358
1705447440,0.5332453589903406
1705463040,0.17020955210272923
1705481820,0.514774012790907
1705503900,0.2448335150582357
1705520940,0.7985726745470908
1705545720,0.8822222017623936
1705570140,0.44332178411200523
1705586340,0.7655284999196967
1705604700,0.8277577776850861
1705620600,0.289464483125987
1705643640,0.8666820235340318
1705655880,0.442658201344375
1705667940,0.17385350281265785
1705683540,0.8587300577293022
1705705740,0.8602072523123745
1705717800,0.6893474430614414
1705738200,0.9145717885574799
1705750140,0.6544373514883781
1705770420,0.8819701628817628
1705791180,0.7791299910940754
1705809900,0.7739763101849889
1705828320,0.8767109244478378
1705845480,0.41526951516477273
1705863300,0.7584470562144809
1705877760,0.6316847244608184
1705897020,0.5463291686228832
1705916940,0.5153451584615787
1705937100,0.1616386945396649
1705953720,0.8565840977603861
1705975200,0.2252685898899354
1705995840,0.3535351477150007
1706011080,0.5021422488343893
1706033340,0.07458166286841636
1706049960,0.6491081286450454
1706070120,0.6786942039975098
1706085600,0.8759298353113995
1706104800,0.04836694289557683
1706122320,0.5619309278875642
1706134200,0.7048041905642728
1706155620,0.7410092954275028
1706173140,0.2165546940839385
1706188560,0.8750900811116937
1706205900,0.04598927671433704
1706218680,0.232560888790465
1706234040,0.2931445134317382
1706256360,0.1682814991520277
1706272860,0.14459042082309848
1706287320,0.6547798187674941
1706304180,0.883260060382883
1706325300,0.36125529963605507
1706345220,0.572733236232314
1706365620,0.8534573373330875
1706387100,0.20246614549233954
1706406300,0.36979831049487205
1706428080,0.6840958773328447
1706450400,0.2462926111761113
1706471280,0.9102000041521787
1706483160,0.8082008740078774
1706494560,0.3434357022819632
1706515200,0.6086769731671317
1706539260,0.18430595360151872
1706552820,0.8204896654598217
1706575200,0.5127458478397082
1706600400,0.05554439680731606
1706614500,0.5242098320404596
1706626020,0.7369056839009334
1706650800,0.5177545982620467
1706675280,0.838316461662831
1706699040,0.2867787937348335
1706711700,0.931938541841497
1706725200,0.30207223702311303
1706747040,0.5214862121201354
1706759040,0.7536500940126103
1706772900,0.8812934281853904
1706784660,0.9137890239378611
1706809320,0.7289621812065912
1706832960,0.18340133958844654
1706850660,0.19510045250146202
1706862240,0.9564727660927137
1706876400,0.4785092809440789
1706899320,0.6397012059854864
1706922060,0.22584719343858525
1706939400,0.6845986765336572
1706956860,0.7721211598779459
1706974740,0.5132199421525289
1706990040,0.6918439475721815
1707001980,0.19055592125075718
1707023100,0.757046128949617
1707038280,0.7603584099061067
1707054060,0.4227592383203304
1707073920,0.3017550125376063
1707096240,0.4777220019622107
1707113760,0.888197022205689
1707135360,0.3335821064323356
1707153720,0.11750106561264875
1707177360,0.9144996820361267
1707196320,0.2554745406305547
1707220920,0.35140577840595705
1707239820,0.8692708064366755
1707256980,0.20900052069820718
1707272640,0.7002202650618395
1707293280,0.7330211445392738
1707315180,0.10551233753093539
1707331620,0.8924407039273012
1707349740,0.9471008644199602
1707361440,0.5534265734870825
1707377100,0.6750090117612314
1707388560,0.5402414925196524
1707406920,0.25213369847662914
1707418500,0.6555780134337544
1707440340,0.8306209119051864
1707463320,0.3180846879070477
1707484440,0.8943684221395014
1707505380,0.9196064487453706
1707523140,0.10293954419211336
1707546300,0.7772344472140013
1707570480,0.6969868587046024
1707582660,0.8788523663823132
1707602940,0.04775821137224086
1707621120,0.11946149666652305
1707637140,0.7209079459862594
1707659400,0.8604143679962114
1707671580,0.747073705851623
1707696540,0.6690323067046514
1707712200,0.6161024173358374
1707730140,0.8873320127670237
1707753180,0.4078133026235606
1707775740,0.9414033967397889
1707799440,0.16495911183616604
1707818940,0.8610978062754758
1707836280,0.4126654152504695
1707847860,0.3731389153104309
1707868260,0.8408304654946227
1707893220,0.2414633021236084
1707916440,0.19140158631927656
1707930540,0.05734111860184947
1707944940,0.6656444183427052
1707955920,0.9304184097685707
1707976440,0.6675693137938465
1708001220,0.8589321629418376
1708014060,0.2544937923914629
1708036980,0.06894760343113879
1708059360,0.9382313789418602
1708081080,0.4497925871333648
1708092240,0.795545037599481
1708108260,0.8966071774246139
1708126980,0.48056241269197436
1708147020,0.39458899044912965
1708163880,0.2813676961761942
1708184280,0.7935962309954769
1708209480,0.1961227857452745
1708228620,0.7905902949808099
1708244280,0.42421511162966674
1708262580,0.39967279999565836
1708280880,0.6143518121989539
1708294620,0.8068472762409912
1708319340,0.1470940969686141
1708339860,0.7329852641084932
1708363500,0.5263633570403818
1708388220,0.2383937411197445
1708407420,0.7058621072956133
1708430760,0.8599019239873023
1708444500,0.6196227572588584
1708464960,0.4600693684172672
1708477260,0.2721631580784478
1708501140,0.8620940795112354
1708522860,0.8029627130644353
1708547220,0.7902387578151627
1708567680,0.9022938191672871
1708578840,0.7121595622306505
1708600980,0.8425447723163998
1708617060,0.8129189363074086
1708636560,0.23417005174599417
1708655520,0.6936998242963662
1708679220,0.7701434372178066
1708693560,0.909076413122739
1708716240,0.7379729796123219
1708727940,0.7088799893232178
1708738980,0.03972147046261156
1708759980,0.2262319612980377
1708778280,0.5155264390319861
1708802880,0.5957127776244316
1708819980,0.8164809107222231
1708833240,0.6843027786998039
1708852320,0.6894621395318198
1708869420,0.47812458362810906
1708891080,0.9427160107957243
1708916160,0.946363350796363
1708940220,0.12274690133823322
1708952820,0.6514385270247779
1708976100,0.820021452060532
1708990800,0.8412460336106579
1709014380,0.03244239911383792
1709025840,0.045912892709905576
1709039520,0.16344590951641244
1709055240,0.8541212210566407
1709071740,0.39991160505904094
1709084040,0.8208521376660042
1709101200,0.19819800573541763
1709118240,0.8609070145539646
1709138760,0.899683273230766
1709155740,0.6505651483517768
1709173920,0.08259780925175751
1709198520,0.6599166943438022
1709216940,0.35440821665714733
1709230560,0.135192479148939
1709249040,0.20348098013807425
1709265240,0.15957825104025203
1709289120,0.8266078201277489
1709302860,0.8655231475543708
1709328000,0.8221236408046009
1709348880,0.20870520399265602
1709368980,0.730453917354684
1709381940,0.9005645774701656
1709395740,0.7733790652181984
1709414580,0.3084446726481481
1709433000,0.8925996948081492
1709451120,0.3799796571683828
1709470140,0.4284538416878661
1709494620,0.17957003728245283
1709514300,0.44695761633719483
1709537280,0.6796409883324251
1709558340,0.8007325770043755
1709575680,0.4326351140158222
1709591220,0.6901816007426416
1709602500,0.8838337191598713
1709613720,0.6272605373013751
1709634720,0.10765206586775133
1709651220,0.36077230349482214
1709666340,0.8119898555352373
1709677320,0.10817864068339696
1709701080,0.6350730792827529
1709718000,0.7946738169059585
1709734140,0.8219767362547978
1709752200,0.673124135951327
1709765520,0.33112571735559654
1709784240,0.5463463467980968
1709802840,0.6384300163962977
1709823660,0.7978093400797325
1709838300,0.6830865438871774
1709862240,0.08470284729142774
1709886000,0.9098700187256216
1709910660,0.7459627250878051
1709921580,0.30104221903495404
1709942520,0.2587317120479054
1709961720,0.7457989106189566
1709973960,0.17240026342996898
1709989980,0.11318169825589901
1710006360,0.3213481571853077
1710017700,0.6318353527710826
1710041220,0.1758221017208084
1710058560,0.696159342788254
1710071880,0.5656356970330788
1710093000,0.7841701166926109
1710108420,0.9187175141790833
1710133500,0.13904679995677816
1710145680,0.802280687815504
1710164340,0.23903927658546392
1710185340,0.08151130353438789
1710202500,0.5985308908474358
1710222600,0.8327602182489313
1710234840,0.4769224789774786
1710257160,0.7157663034607818
1710280020,0.33170505605084233
1710292620,0.8743246034010588
1710307860,0.5659642795470252
1710321900,0.9294947914556896
1710334560,0.9468798912552578
1710355740,0.6433513929914609
1710371520,0.4905197565803537
1710390360,0.8784369847340925
1710406320,0.7333044211328605
1710428760,0.1611078537544671
1710440700,0.7014680490112903
1710463440,0.5068553564439807
1710488280,0.3164794271400116
1710508860,0.30587777287923973
1710525660,0.6522910217730201
1710542100,0.19070575131736447
1710554520,0.19414381980085527
1710578460,0.7040403773214533
1710597780,0.7218385922250962
1710614160,0.35330601759578745
1710630720,0.4700634609268257
1710647580,0.733645435069641
1710660300,0.8452465196075016
1710676620,0.31161047921380114
1710700860,0.8131677168265319
1710712200,0.8561113231426574
1710723240,0.29741528489109936
1710743700,0.6235518686456213
1710758220,0.8555749744706586
1710776640,0.4408434200805181
1710796920,0.299091944991208
1710808020,0.07487708853437541
1710826560,0.8632259921734131
1710841620,0.7665973925369671
1710864660,0.18882263918541664
1710889740,0.6379544806825795
1710911460,0.29403371686160285
1710924960,0.27863394101530825
1710941700,0.8496802179839075
1710958860,0.8769075397247568
1710972420,0.2607637252981021
1710992820,0.37842443890448874
1711018020,0.8821082567906976
1711036320,0.15721692939237206
1711051260,0.40314818635138405
1711072680,0.19845932337132632
1711093320,0.7102344192820488
1711109280,0.5666381914719508
1711123800,0.22137773878756578
1711137180,0.7221295624450321
1711150560,0.3130132009568382
1711172940,0.3775799555149644
1711187700,0.3834862040614636
1711202700,0.6521006183253256
1711221180,0.2284650060524208
1711245300,0.34583151834555825
1711259460,0.023079113154067576
1711271160,0.29502032897074254
1711294020,0.34519408807297774
1711309260,0.7566869867214355
1711332360,0.9217002827075207
1711354860,0.4947717834757949
1711366680,0.5020335189116398
1711379580,0.8428230392773919
1711404000,0.08119906149753772
1711418520,0.7284129255107424
1711435380,0.4672840321126941
1711457940,0.5265428824421763
1711472340,0.2155435624372032
1711491180,0.8400983411406437
1711503000,0.07856074586018852
1711526040,0.8381450351340092
1711543620,0.7220737198349186
1711567500,0.4301895543643095
1711591200,0.5687576640629081
1711609680,0.34288214913597254
1711632600,0.7007527016695412
1711645320,0.051904746703100864
1711661280,0.892500304227445
1711682760,0.9139883619228613
1711706400,0.792639637532187
1711721880,0.9117652683351558
1711745280,0.7751993460667016
1711767600,0.34022423694414566
1711787220,0.5192644914259356
1711799460,0.749129086899993
1711819260,0.5566320154403691
1711838400,0.7380697020386027
1711851840,0.7444311591860622
1711866960,0.6925483976892526
1711877820,0.856619871349095
1711891020,0.547293610769389
1711904040,0.17953293898007444
1711915140,0.6930458597378977
1711933440,0.8995539285188162
1711952820,0.8642330092601841
1711964520,0.9327751245713478
1711975800,0.9707743643065504
1711987140,0.8707905750872058
1712012220,0.14399159022839236
1712036520,0.19484010822010112
1712049600,0.5832339191859125
1712067780,0.7017241343025857
1712079600,0.8558636636216748
1712092980,0.20435554334690256
1712104320,0.6659531765488851
1712124360,0.8948236371627472
1712148480,0.16531850665976336
1712168940,0.6044627878741078
1712182260,0.24649447452493653
1712206440,0.41920738591609663
1712226060,0.8527868005757558
1712240640,0.40526908453030996
1712255820,0.3689341821690409
1712275020,0.7566645826366575
1712292060,0.8073308498527053
1712316840,0.17926922085638794
1712333580,0.9504096545158714
1712355600,0.7969034138511359
1712373540,0.8913130569958707
1712397120,0.6005387684750907
1712421960,0.8315740671420071
1712442180,0.6435764316202123
1712453700,0.6254606447220024
1712474040,0.5251248551336742
1712495040,0.671024855391989
1712511840,0.540460004888199
1712527140,0.9006720458880594
1712551500,0.7128853502628953
1712563680,0.19173853472680624
1712585160,0.6476223095810866
1712598540,0.7426637018447778
1712618580,0.7315326651453474
1712636460,0.4948332162334424
1712648640,0.8626127242381101
1712667480,0.8853474603154387
1712690640,0.22575416722072564
1712705400,0.7973020286832229
1712729040,0.8881014708688094
1712750100,0.6084321106745528
1712769960,0.9569931540874629
1712781000,0.9145743513504684
1712796480,0.8571932599294071
1712811120,0.3145544838107837
1712830260,0.2584061257180581
1712844480,0.6150583577922796
1712859000,0.7309240086321082
1712882880,0.7564328622472133
1712904660,0.6439222475279218
1712921460,0.7611163716053336
1712941200,0.8402302958316291
1712959680,0.9267041418457038
1712978700,0.46613738768488794
1712997300,0.7570283948331235
1713017940,0.24743778917653136
1713030420,0.6603441594562101
1713053400,0.6631575280478356
1713078420,0.7010075761256372
1713102900,0.22019710104019272
1713115200,0.80136692959458
1713128520,0.6765299563724249
1713144960,0.9018008765217047
1713157020,0.6727570676207351
1713173160,0.403859500486762
1713184200,0.3562648150604267
1713203820,0.44028307060915345
1713217620,0.43719716988527596
1713240240,0.36018902110931755
1713262740,0.26768567089841494
1713277380,0.10546289727443345
1713301800,0.8913252544967941
1713317760,0.6356765396844023
1713338460,0.8952699201267041
1713358200,0.7734874946904563
1713369300,0.8657620150909985
1713392100,0.7419627680720204
1713403920,0.8473683358247059
1713422700,0.2506955747124694
1713435240,0.22198472656275092
1713460260,0.27151981147549575
1713473640,0.8897285884855054
1713491940,0.7870263345178546
1713513960,0.028051540676346718
1713531540,0.7917590408275241
1713551280,0.8127395611707829
1713569700,0.6173440985005343
1713585000,0.061057755574809684
1713599040,0.7418365005737038
1713619500,0.3950715437601154
1713631080,0.18503888479390862
1713645180,0.7802601516498066
1713664920,0.05836769500713742
1713683820,0.8801246938114983
1713706680,0.8898786508111117
1713722220,0.892519486875047
1713740820,0.8896106933993764
1713757440,0.8582612865310415
1713770400,0.8925423544000868
1713787380,0.19648118033981368
1713810480,0.6711338295717583
1713823680,0.7034821882012035
1713847080,0.8625270662186966
1713859860,0.7799081075919373
1713883200,0.5714304923018144
1713906720,0.2961085569624126
1713925800,0.03778789150987909
1713937380,0.4141578866704149
1713960300,0.7406505876484569
1713974880,0.05393568859625379
1713995160,0.8320584501924138
1714011000,0.8790553381600407
1714022880,0.15898906313597674
1714045560,0.7547754306175298
1714056840,0.6057235319688448
1714080360,0.4146301531610558
1714096440,0.8558815931508387
1714120440,0.8443570776272536
1714138860,0.9488755194717886
1714160340,0.7472885494086577
1714183860,0.3070706915903069
1714207020,0.36580168888858455
1714226400,0.2399683208852332
1714244100,0.1131301663902844
1714267860,0.931624705962846
1714282920,0.80262910498985
1714300440,0.20435470714846704
1714317960,0.617090315163442
1714336320,0.1700575505181481
1714355640,0.3509068332668411
1714372200,0.019652011712286133
1714386240,0.7432918178898209
1714403220,0.45091729569825834
1714417800,0.8064585936914195
1714430160,0.8802216876693106
1714441860,0.7263757561300669
1714462800,0.9287912663773218
1714480680,0.05051622988317504
1714505160,0.9124575582216271
1714528440,0.47678222110229296
1714545120,0.18747248740943853
1714565100,0.874090576225635
1714587600,0.7587350306040134
1714601820,0.8126146738803753
1714624440,0.3852079795039668
1714642320,0.3529611056841732
1714665120,0.07853783277948925
1714688400,0.5291410025400618
1714704480,0.34373650921060955
1714722180,0.5867492866540269
1714733580,0.8217217789782836
1714745700,0.3055050788556469
1714767480,0.7905950281933442
1714781280,0.19862016784127712
1714801440,0.8471747751544579
1714812600,0.5314094496070599
1714835040,0.18322213902338394
1714848240,0.85338848149684
1714859640,0.417288936876999
1714883040,0.1995766962310539
1714895160,0.15882723571206822
1714906200,0.6448627885546026
1714919520,0.6857982458376187
1714936860,0.6933281489412503
1714954320,0.16203184126672
1714971900,0.7911708742156442
1714989900,0.4754721811737201
1715007120,0.8206757568991583
1715027160,0.06742316485206444
1715046180,0.2674445011256676
1715071020,0.9253087351365783
1715092860,0.900612126386584
1715117880,0.9558853611667042
1715140980,0.03868204720198571
1715157000,0.8050959515017041
1715178960,0.6549377898447172
1715194140,0.7348663464436527
1715218080,0.23584486526095033
1715235120,0.7924199125807474
1715248440,0.9194329408346731
1715266380,0.08279242565656415
1715278980,0.3198362001111842
1715299560,0.9226892086968209
1715311920,0.8250574614982924
1715336580,0.7072598658471446
1715353800,0.07059924090002176
1715376960,0.9232122135630426
1715401560,0.3603750746668889
1715422140,0.4255777061238779
1715438880,0.2777827362506642
1715452320,0.9327365306956648
1715464800,0.7027677675538001
1715477280,0.7366770710649739
1715501280,0.6666731774275442
1715526180,0.060415237524049176
1715547180,0.08044781560599487
1715570400,0.8767000339630856
1715590740,0.8997121382390865
1715607420,0.9158643427183807
1715620080,0.7333783065960049
1715640780,0.6652910323708223
1715656560,0.4147535514316538
1715671620,0.9000744432212534
1715682780,0.8765513359013234
1715705340,0.8030828370636045
1715726700,0.8933151849095322
1715744220,0.7356248605382181
1715755740,0.513470829869038
1715780340,0.5829733367972513
1715791320,0.05793389147989792
1715816460,0.41090290102224164
1715830800,0.7412945589565352
1715852400,0.798966278599074
1715869920,0.7215957371255814
1715887920,0.9025251802975036
1715900820,0.9148968478473752
1715924040,0.6119135407813473
1715935080,0.03701142883058253
1715954580,0.7735954015758563
1715970900,0.06454161674104553
1715992620,0.880734253377818
1716009540,0.8985758609618291
1716032280,0.8424008897287869
1716046080,0.8572001906423652
1716064260,0.27706336982639324
1716087300,0.505685955404227
1716103080,0.7980708666348136
1716117240,0.6383483155757186
1716138240,0.6516235595677045
1716160920,0.8264647165583745
1716180780,0.19857270126663432
1716197760,0.10238746638891245
1716218220,0.6670471114302963
1716229620,0.08336435531110223
1716242640,0.03503934312418489
1716261600,0.21776899516496082
1716280860,0.07305366734186172
1716296880,0.9298541439661593
1716309660,0.8786628947362337
1716329340,0.7584117806857217
1716346380,0.8681416431321465
1716359460,0.8832871136437577
1716384360,0.6528474558124041
1716401700,0.7628465895247165
1716413880,0.8401303026332828
1716435480,0.8601680521422784
1716448560,0.799700241102267
1716463020,0.9239333882219136
1716477120,0.8959883661991642
1716493740,0.15207102663180275
1716506160,0.16438840466804938
1716519360,0.6810847870083903
1716539700,0.6498431713232566
1716553560,0.5841591296902416
1716565320,0.41448045648213344
1716581760,0.42031815025448155
1716606240,0.8739203156803348
1716621840,0.5471560490568604
1716644220,0.8653202460630992
1716668520,0.755048419625781
1716681660,0.19715350574716803
1716703740,0.5215858675088589
1716723780,0.19424675660597207
1716745560,0.25385338303905647
1716765120,0.1824629816844744
1716783660,0.8688844747850628
1716803760,0.5685794334144801
1716827340,0.023013484017020667
1716848340,0.03255909103680595
1716860940,0.47206828296308956
1716878340,0.3259197107563423
1716893700,0.8489958102509209
1716909960,0.2424674506640859
1716928020,0.3703128911431949
1716944400,0.6261762903507068
1716957840,0.8768495245155751
1716970980,0.7500268592593087
1716992340,0.6478762464872705
1717015200,0.738655333456029
1717030380,0.7883813080534374
1717045860,0.4531819491502992
1717056780,0.909327246132112
1717067640,0.8918393608941912
1717081800,0.5878994396053205
1717104120,0.8666433534386765
1717123020,0.7424480896763769
1717140600,0.8922152049428601
1717165140,0.6933017547673426
1717181280,0.7751265572870577
1717200900,0.5761871043203672
1717222680,0.8063194193030431
1717240140,0.4087775917188878
1717257180,0.7392046981400648
1717280760,0.6765494647601923
1717293720,0.9046975142019563
1717317000,0.541741654145939
1717342200,0.7444026369067497
1717358340,0.1804579888521574
1717375320,0.8090561644569065
1717397220,0.30633841476684776
1717408380,0.17828574211171733
1717432980,0.2765956232970098
1717444080,0.851351194508547
1717464480,0.8035484669041044
1717481580,0.624708214798283
1717506720,0.282395972551116
1717523220,0.07824320734043307
1717542300,0.399792113301543
1717558740,0.14601091575314656
1717580160,0.0669378594768237
1717596600,0.2978120930524517
1717615080,0.2475987817334639
1717625940,0.020961320764288076
1717647720,0.6472328212309695
1717671960,0.36884496727136357
1717685220,0.9388031740583612
1717702620,0.8660621874869817
1717716480,0.3605257241742679
1717737540,0.32032900458808916
1717752960,0.8805235200622197
1717766280,0.07064464382071896
1717783380,0.11513374903483085
1717800720,0.8668664757815617
1717819080,0.5954328691269253
1717842780,0.5399297490595933
1717862940,0.20992364256937474
1717885740,0.7108086825165021
1717908420,0.86027015634612
1717920720,0.7632175281536602
1717941900,0.7957291437402937
1717964520,0.7922152497396114
1717981860,0.19762472981072254
1718000100,0.5922755062765854
1718021040,0.07016249818431822
1718043900,0.9217678368167045
1718067420,0.055605522475915596
1718082300,0.808174547197071
1718096280,0.701970174600117
1718108580,0.7534163953160438
1718123460,0.25702101931747934
1718147880,0.44812840661870934
1718170620,0.08645101384615647
1718188260,0.6927182872141768
1718204040,0.8857515617241616
1718225940,0.7463945501835912
1718238960,0.44438224803139165
1718258760,0.7499077956480422
1718277420,0.7033272120778747
1718294280,0.8007147360333433
1718319120,0.942562030313208
1718338920,0.9093509455913523
1718350620,0.5880152975980164
1718364840,0.6310566060622995
1718389380,0.3025703106954844
1718409900,0.741536010399019
1718429880,0.7311544899285756
1718451420,0.6620415615924172
1718468580,0.5652240593283607
1718488920,0.8058768078774353
1718505720,0.2366936973889055
1718516760,0.21058087729090164
1718540460,0.6722756175828437
1718557560,0.49866951220338324
1718580120,0.34171746639074113
1718598660,0.661079257773819
1718618820,0.9409568271513763
1718636340,0.5024132089604637
1718661180,0.6373821822118962
1718675160,0.428230189361294
1718700180,0.7187424968245857
1718716380,0.5811236560336897
1718740920,0.2120586821199966
1718755800,0.8419792383932518
1718771520,0.9346465741050057
1718790600,0.8247134075090774
1718814840,0.8322320794474367
1718833620,0.629375495460932
1718848440,0.8207936031989701
1718869920,0.5000349285054798
1718881980,0.2714612041715948
1718902140,0.8275547736786063
1718926080,0.7078109271645221
1718944980,0.37523589143835384
1718959740,0.8885259817136186
1718972280,0.3709696681562674
1718993160,0.7220642181112858
1719017040,0.8534359431723892
1719028740,0.30124300654679037
1719043080,0.926151548215943
1719065520,0.7246525996862743
1719089400,0.9405290037285119
1719106080,0.3822349022869267
1719130560,0.8935102074251404
1719152460,0.8969214687127999
1719167520,0.8891625537967142
1719180840,0.9023675119212665
1719196920,0.2732723126669301
1719218700,0.07965673993899575
1719232920,0.20279227493527946
1719247740,0.9361448635902546
1719270780,0.8752330565513768
1719283800,0.6484612912832806
1719296340,0.685167214392086
1719315180,0.08462519605037055
1719340380,0.9382319012281387
1719358500,0.8653122101151173
1719379440,0.15488403464123873
1719399600,0.4809158676793589
1719414540,0.8737276156022307
1719427500,0.966644541541977
1719448260,0.43065908938390085
1719464400,0.8308550576958236
1719489540,0.6026237630922945
1719504360,0.90786519382895
1719515220,0.9092278432679567
1719533520,0.27149592321223703
1719546060,0.8589769832318844
1719570180,0.7313230838319678
1719586260,0.7607605225622228
1719602100,0.6192653827205771
1719619020,0.5807912970780004
1719638040,0.8439846712264027
1719654060,0.620340842018879
1719675240,0.520029945744368
1719699720,0.7972731979750548
1719713820,0.1854587159362042
1719737160,0.5779689017402329
1719754980,0.8440689226488418
1719770040,0.5674532093181818
1719795120,0.0821804743198342
1719816600,0.85866951823379
1719841620,0.9432835765571055
1719854220,0.3243278685686725
1719874380,0.05387063649049587
1719892320,0.8402570168950187
1719907140,0.025536212915381846
1719929340,0.8105204565582221
1719945240,0.527626536154665
1719963840,0.6938103682118634
1719982560,0.39978553004837597
1720001460,0.2765744133471088
1720020540,0.27599349213834756
1720038300,0.204971527873693
1720052220,0.3731869424471897
1720073160,0.8763781641906526
1720084680,0.10670158629209937
1720108380,0.05137001549553795
1720119900,0.6595451801614544
1720144320,0.07949941729811134
1720164240,0.5106864412191741
1720185720,0.8202383232434236
1720203540,0.13024416928055546
1720220160,0.334278337404819
1720238220,0.8347799188112965
1720249740,0.345428814379384
1720273320,0.8262958519275571
1720289820,0.2855983087858894
1720307700,0.6376846954016885
1720327620,0.7121211680257392
1720346580,0.7634578890108072
1720359540,0.5986594367733761
1720382760,0.19763241673329252
1720398780,0.9048534075360753
1720414500,0.05747856795729487
1720435560,0.17453105014557246
1720457100,0.8969637303369914
1720478880,0.44004300486483594
1720494420,0.6924478176361956
1720505880,0.6805683646640256
1720530180,0.07498272426449117
1720553460,0.06623011412305765
1720575240,0.8190788449793774
1720593240,0.559252779030769
1720614480,0.7426142127285768
1720635720,0.09104227654606081
1720650300,0.25851275171859806
1720665060,0.38786874689170703
1720682880,0.8203393596984131
1720695000,0.6921109928131355
1720712280,0.8974747673961986
1720728720,0.9433075219155197
1720740420,0.6081014846171849
1720763040,0.8363881496716157
1720787340,0.15980813509395883
1720802580,0.4243893422522422
1720818480,0.8493385569195899
1720832280,0.28576762445928255
1720847640,0.6595029157806077
1720859220,0.6832856188934308
1720880940,0.7940105089971137
1720899600,0.8670537717299533
1720920540,0.6750757791708734
1720942200,0.7466833967925397
1720955580,0.15839014867773407
1720972560,0.39190119641131405
1720995120,0.14723092827189152
1721015460,0.5097850581130191
1721035020,0.17310298257315898
1721049360,0.07331228677868781
1721062260,0.13321005809174427
1721074800,0.9343577584480524
1721087760,0.8348416886935488
1721104380,0.4040891011343927
1721128500,0.2045647781836949
1721149560,0.10435537047560439
1721165880,0.434696555414693
1721189580,0.6909360809061378
1721209080,0.3172540390861165
1721220120,0.8713661366661326
1721242320,0.08047693827028976
1721266680,0.21881644532562447
1721288340,0.18543818948751356
1721306700,0.843773424269071
1721324220,0.5093218251676896
1721347740,0.8354846227777952
1721362860,0.08870236459719713
1721377020,0.04331408236368788
1721388900,0.5975170319159725
1721405220,0.0940668209646041
1721422260,0.8843111661426741
1721443800,0.16783782846697115
1721456040,0.7192333090048207
1721469180,0.22505326284525298
1721485620,0.4694961101123365
1721505660,0.2391597817008931
1721522820,0.5853364039317906
1721534520,0.5285905722628896
1721558100,0.375663858524773
1721578200,0.7065909065035589
1721602800,0.18408088904713737
1721614620,0.9075413925966731
1721626080,0.8294229165158233
1721637600,0.8822155129398228
1721654460,0.780351807709624
1721669040,0.16118055866922065
1721689140,0.9424671442476643
1721705280,0.40660047606687305
1721730300,0.6959532706732805
1721749980,0.8387143056581695
1721770500,0.21547335140674412
1721789940,0.044034741789568975
1721809680,0.9356845390309886
1721824920,0.6164578538913053
1721838660,0.787498109150658
1721860800,0.20407850187238788
1721880900,0.05117928556385436
1721900880,0.46898615473968996
1721917920,0.9457192025636111
1721929980,0.9544649357278112
1721952720,0.9115452217103179
1721973060,0.9657397786830022
1721993880,0.8783919836620874
1722007320,0.8049078949709028
1722023520,0.7689671454008733
1722046440,0.9028072418121142
1722059580,0.7533416295961325
1722081540,0.7781813383650495
1722092760,0.051130058230981996
1722117540,0.5291927295790294
1722135660,0.3281885493605422
1722156180,0.20648979679067406
1722173340,0.8525585155355502
1722184920,0.3216547470887165
1722204660,0.8799808354658736
1722228780,0.5080906921080974
1722253140,0.8639888582339657
1722275340,0.27555769837495403
1722299220,0.06939883704349238
1722322980,0.7175803678762871
1722337620,0.4402739790139679
1722354840,0.11357791981984083
1722366840,0.1313616243452707
1722387180,0.9058721930835987
1722407160,0.672998244428803
1722426000,0.7826196588341104
1722451080,0.7085463182039443
1722476220,0.7986042535382671
1722496980,0.6608046885018357
1722517560,0.027848319649823997
1722535140,0.8810101440686083
1722546240,0.017435388555959535
1722558000,0.8486558679207902
1722575100,0.5776390878291852
1722588480,0.07943157587394635
1722603720,0.9411429547181647
1722618660,0.26606701603378813
1722637980,0.40189727632701966
1722655800,0.20777994115283258
1722680280,0.8870286766017241
1722692820,0.8120845819320326
1722714420,0.07142978908574685
1722734460,0.06349533588285687
1722746820,0.9185457254134144
1722771120,0.8274033846449315
1722792780,0.15758156327065195
1722807060,0.8556738763390731
1722817980,0.9565201987330588
1722831600,0.07083046550526821
1722845760,0.5636035464069759
1722862380,0.6413330856133661
1722874860,0.13202371730869417
1722891060,0.934265445807417
1722905220,0.7494673560266759
1722928620,0.8834524760931839
1722944340,0.8901342746970836
1722966600,0.23115772601114476
1722977400,0.610561047355043
1722993480,0.13207441427397043
1723007580,0.6145922169587618
1723021080,0.27402449606909113
1723038480,0.8926031492627046
1723056480,0.0717210148927385
1723076220,0.5194804067154847
1723090740,0.16331431838056615
1723102320,0.12161312474608436
1723118160,0.8865696408203747
1723142400,0.9049690197200552
1723161660,0.9020328357587566
1723178760,0.8357888245867088
1723190880,0.8596074249311568
1723215240,0.7525150300374255
1723228920,0.43332773759968485
1723250880,0.5124565959690555
1723262580,0.41848851432649503
1723279920,0.017356273834320382
1723291320,0.267817087483259
1723312020,0.7890366224839014
1723329720,0.9222836060326648
1723353060,0.0476116824628224
1723367160,0.46507682869835326
1723390320,0.09932933497292713
1723411800,0.46197629373112337
1723435080,0.6945285546455118
1723459140,0.9129117161751544
1723476660,0.9414422756317657
1723499400,0.4570891054626586
1723519860,0.22637301017503855
1723530900,0.9049556818658105
1723553640,0.7023084468653409
1723575240,0.24844615900566885
1723595820,0.8787590289187958
1723618320,0.5056543952404348
1723638120,0.5448270204318121
1723650540,0.8786564755727516
1723663380,0.4116060872800567
1723681380,0.7977258397173871
1723704060,0.6768635407383136
1723718040,0.8870985462278487
1723743120,0.7532436006456152
1723761180,0.292662416929544
1723781220,0.02171256195302093
1723794720,0.6243397207722433
1723815180,0.13106394194976517
1723836840,0.9339661753703065
1723860780,0.9389124336530502
1723879260,0.3364114610220362
1723902840,0.16518211975018204
1723925460,0.20530918372828702
1723948200,0.8694124525678169
1723969020,0.8601400450894953
1723986600,0.5921653976938199
1724000700,0.29655823958082217
1724024460,0.9504474274014313
1724039700,0.8711772048536046
1724055840,0.8131799460440435
1724073120,0.8748338958625625
1724086140,0.2883325489284092
1724097240,0.10473965667661733
1724116080,0.34399210523891427
1724127600,0.7205554916433561
1724143980,0.47548853692039483
1724156940,0.9159065433175854
1724168820,0.6154681276962519
1724186160,0.19162059132265746
1724209560,0.7028208847484266
1724233920,0.9259798371040157
1724252820,0.822294704297534
1724265180,0.674836655406938
1724282160,0.8921145009098569
1724294040,0.47628145736608457
1724318880,0.8910013977661521
1724335860,0.40845798909715325
1724356260,0.26491059891369867
1724375160,0.8882340649044534
1724387640,0.49506578338758506
1724399040,0.0940402557617342
1724415720,0.1785213687868817
1724434860,0.19797245139058478
1724454300,0.0684263077833363
1724472480,0.16755116055421845
1724484420,0.7799104988922071
1724498160,0.7885857306544753
1724515500,0.8409975988171119
1724529540,0.3653260302203625
1724553060,0.5947557712923055
1724571060,0.31824510824460134
1724594820,0.19540586612620933
1724617560,0.8889085486265076
1724632620,0.1644356993936255
1724653680,0.08297895629588514
1724677800,0.8426587847796944
1724700060,0.8294431105950534
1724711400,0.18492510395264944
1724732640,0.16868833863916716
1724744220,0.7838400620765775
1724768520,0.060663852533553206
1724791680,0.5296864299030076
1724804340,0.2956837426701913
1724815680,0.7157930474659453
1724835240,0.9515003736509271
1724848560,0.14524102897450974
1724862780,0.5250540287516888
1724881380,0.17300130032429506
1724901840,0.2089961921339028
1724913420,0.6619319066050364
1724932260,0.8209514607809166
1724954760,0.8182656893289121
1724977320,0.08802224147760856
1724997480,0.13428141227611237
1725015120,0.30461951968206236
1725035100,0.2679740268121502
1725058440,0.054503965038749894
1725075300,0.6089102274357668
1725096660,0.9072216663135153
1725116160,0.40885102702248083
1725131880,0.31169073356965193
1725147180,0.8853134672654626
1725161340,0.409769313041862
1725181020,0.8341767188343484
1725199920,0.4713834580317062
1725217980,0.8850121841646481
1725238260,0.1350695570710084
1725252420,0.16142526202094779
1725271320,0.835667300821948
1725294060,0.8207388631542786
1725309840,0.7958878383808923
1725334380,0.14518802373769754
1725347520,0.9111458695628921
1725359220,0.9015412176429413
1725380700,0.8362423209147066
1725400920,0.25719547916331176
1725411960,0.21179916028031529
1725431460,0.7502243885478891
1725445380,0.9486435731965039
1725465300,0.05863485964903171
1725489540,0.888785243528217
1725510900,0.3859112467684014
1725533700,0.6462110442263658
1725548100,0.7478614030109766
1725560940,0.5463019869070814
1725585540,0.27573879687161607
1725608040,0.7624005260441616
1725631740,0.561771798745982
1725644760,0.9153792412774743
1725656760,0.7062337764292365
1725680640,0.5534693059885316
1725700080,0.8343499570996454
1725712740,0.9317935564441265
1725736320,0.6981149750855493
1725760680,0.7966642265438065
1725785280,0.44852965391725536
1725801180,0.20717656272019783
1725815760,0.5718468059510893
1725827820,0.8397557627153495
1725841080,0.07210049668699303
1725858360,0.2585948959569753
1725879720,0.06631602067159453
1725900540,0.057498338127951513
1725922680,0.7921081761245151
1725940200,0.907830278876456
1725963180,0.8494128761471086
1725987840,0.2605399097668016
1726011840,0.23296290810795064
1726024260,0.08784312521619779
1726037280,0.058531337340142396
1726061280,0.2933305045819699
1726079040,0.5890209280389062
1726098540,0.4791953098876587
1726110240,0.7329007837834944
1726125180,0.34404758802518737
1726149420,0.8350588481642475
1726174440,0.09571856304829691
1726194780,0.08018716607548326
1726217160,0.34930876065479977
1726233840,0.24685510917791634
1726256460,0.8653448436169899
1726276860,0.48448876327497675
1726301640,0.8779667135906241
1726323300,0.9183111812844739
1726345980,0.6770832430627005
1726361100,0.41749950026301186
1726372440,0.1672987135163144
1726384620,0.18068511888801794
1726407720,0.7653523592706847
1726431180,0.8483692347324819
1726449180,0.5725027066803607
1726462320,0.8387049478242241
1726478700,0.7585100316040627
1726491180,0.1464707315156528
1726504740,0.6783816172131821
1726516920,0.6947412013481777
1726538160,0.6856090097522449
1726550520,0.42414067737413297
1726572660,0.10083579755506673
1726595700,0.23167290517369968
1726607880,0.3430668201936098
1726632120,0.20351211545916867
1726643940,0.23898315276939336
1726656000,0.7985564765931427
1726667760,0.90862415738667
1726690020,0.39448075378702097
1726713720,0.7757004503306603
1726738860,0.4938765248272558
1726756020,0.8895109174876223
1726776720,0.1944169526392786
1726790340,0.4463801096187524
1726807740,0.8721010491980797
1726826460,0.7270632155777986
1726840860,0.3151760164329532
1726852620,0.9581733384362284
1726871940,0.08621636381339003
1726888380,0.8644826385681338
1726909440,0.46357755837838066
1726930440,0.7067747888973928
1726946700,0.8048143126490911
1726963260,0.3878737183208164
1726976640,0.2059156626613654
1726992720,0.2449095155962669
1727003640,0.8449906712907946
1727026860,0.08834763232822522
1727039820,0.7219506356838845
1727052780,0.1604906115333796
1727076240,0.706548407591056
1727087340,0.7310006111272923
1727103360,0.8088216786751573
1727127960,0.36278914229174475
1727145660,0.7795274379279198
1727163180,0.46902557707271747
1727187900,0.5718259049234411
1727207580,0.1409298310021889
1727218620,0.9194736893320505
1727240100,0.5042694274419293
1727255580,0.5745307853618341
1727266500,0.7622091380943117
1727284320,0.14428088120462684
1727295960,0.8122277452056125
1727313360,0.9502907659723075
1727336520,0.42771469756885433
1727347380,0.5026536666729359
1727369040,0.13659243212816205
1727394120,0.38705193710084607
1727416140,0.513013698804259
1727430060,0.5860350264902011
1727449320,0.5014892107027692
1727470080,0.24567392102495123
1727482860,0.1678079518052558
1727494440,0.9220225607103127
1727507460,0.15485069054037665
1727523540,0.4319736498953979
1727545080,0.871835386563428
1727556300,0.6234652545007547
1727574300,0.6536563867606267
1727597520,0.8083818182808892
1727621220,0.26952128165357436
1727633040,0.333177721077572
1727644920,0.9063957712727241
1727659260,0.44513399820368466
1727679420,0.9210893136402845
1727692320,0.02718212545591063
1727704740,0.262110625132582
1727719920,0.8524470486706331
1727733060,0.48948381120571677
1727758260,0.8810945428069306
1727772180,0.8650289742293771
1727794080,0.10726939795304234
1727815140,0.1967985116364862
1727833020,0.6997867483091199
1727856180,0.5920607663778591
1727870160,0.8804644950778561
1727883240,0.7012429219369599
1727905380,0.48199811854074126
1727919360,0.7794505719758357
1727943780,0.10362188075177843
1727966100,0.6100150607200452
1727977080,0.7438249113895955
1727999640,0.6196211289189125
1728018660,0.2728053309186523
1728039360,0.8060705704440482
1728057360,0.16838985401159576
1728073680,0.8136509983834611
1728098580,0.1744347034990529
1728111360,0.07395911768485555
1728133260,0.8266806014699427
1728153000,0.661773001317758
1728169020,0.3339350510997528
1728189480,0.8514877164744713
1728208800,0.8221045101132094
1728220020,0.36804387140218797
1728244920,0.17197516574735358
1728265140,0.47220152255480374
1728279600,0.07476467218812553
1728292140,0.8861671354437961
1728309960,0.8864701213183509
1728325860,0.1356077173907302
1728349740,0.5947410056959563
1728363360,0.1466926420497143
1728377880,0.09040936774222022
1728393960,0.9170556062528178
1728415320,0.18813658871434646
1728432180,0.8836309595634174
1728443760,0.527348410485081
1728457980,0.37661673680185664
1728469920,0.6252292469052414
1728486360,0.2262366846352371
1728507480,0.1725411022407666
1728520980,0.8721359009407887
1728538620,0.6908323871507978
1728561300,0.3091732275191256
1728576840,0.061381572344090675
1728594840,0.6502089980730478
1728608880,0.7302025904317435
1728622440,0.22111185091230892
1728638400,0.8102394977531127
1728663240,0.8276396031964118
1728680280,0.7073244653673445
1728702180,0.07380380576318052
1728717240,0.6537732742494793
1728730500,0.8174785106190999
1728744960,0.6597706609291474
1728759480,0.2996878131366904
1728777840,0.9070853996979722
1728795240,0.7720135370089568
1728808680,0.4595937103615336
1728832980,0.8616909077643681
1728844500,0.827596029537451
1728856020,0.9209962257028507
1728872760,0.7202365537067352
1728892080,0.6252148867054682
1728916320,0.8311837137433322
1728941280,0.09327412029498217
1728963900,0.4149581891565263
1728980160,0.8916401241285479
1728990960,0.31032164627824727
1729008960,0.7716663120608783
1729022460,0.9255725006064194
1729047000,0.3677503166068938
1729065180,0.08065496811912497
1729076520,0.8158065251023228
1729095720,0.7903104562468709
1729115820,0.08059089921860926
1729136640,0.17981999443921665
1729157940,0.4906944890995465
1729172280,0.3292344834522238
1729187040,0.6416410807142261
1729207620,0.7882114310429547
1729218720,0.7646799200615108
1729232820,0.4692194923855031
1729246500,0.549285170862355
1729257840,0.5183346898117313
1729271220,0.6813931320492346
1729290240,0.9389047553084369
1729301640,0.6199595270173189
1729323060,0.14759525950017363
1729341180,0.7268044552497729
1729357200,0.11671893697114848
1729376880,0.7790974647263538
1729399380,0.2898195811562462
1729412880,0.7408415132924621
1729432380,0.8714320375936487
1729449720,0.8262040638913427
1729467780,0.9466780372179736
1729489980,0.4835503556868549
1729501320,0.5516333274577665
1729521840,0.34969194795488506
1729534800,0.901297941416099
1729550100,0.40309251635668375
1729569540,0.6190126487647651
1729587300,0.8214638049649615
1729606500,0.8822499214624995
1729623120,0.7022847229738477
1729635900,0.35131421863349754
1729649940,0.8906359851278802
1729669620,0.7179381931328884
1729690560,0.7203871620442694
1729709640,0.9229831899286143
1729730880,0.7802911089874561
1729745880,0.4499654040929213
1729768080,0.9044336125705001
1729782000,0.6958657493209286
1729801500,0.6396703008618672
1729819080,0.712743704120947
1729841460,0.8904893130164979
1729862220,0.3230942776456721
1729875240,0.4705822481488052
1729887660,0.420144310174394
1729900680,0.9475885980025613
1729925460,0.9144296081486354
1729936620,0.08188833550661445
1729954380,0.6509841252251043
1729978320,0.8390742966513188
1729993920,0.9342599469659061
1730014200,0.7369982231780026
1730031000,0.20559721902546452
1730044020,0.815569169730825
1730056920,0.6058929731975636
1730073480,0.22633372191056803
1730089740,0.2034853713257796
1730101560,0.16365338248545983
1730121720,0.26637545134300533
1730138100,0.08756537760362078
1730156280,0.42406204957336824
1730177820,0.8766172209824619
1730197740,0.5624477135280048
1730217180,0.7631912610407489
1730228220,0.6935812638129619
1730243220,0.28012261928297855
1730264100,0.7132427220033754
1730287560,0.08090493646809459
1730298600,0.6578177374626278
1730314320,0.640784772036334
1730326560,0.38714128222852656
1730349360,0.8942865819147277
1730368140,0.17555990987384515
1730383260,0.9361508978053104
1730402400,0.1635568783896887
1730415300,0.9690958858694102
1730435940,0.8746940531137541
1730461020,0.5173545403666592
1730475300,0.6565027588904675
1730488560,0.10508406922619877
1730502480,0.8313908951883092
1730518260,0.7074779499447178
1730532120,0.5373994324790243
1730556600,0.20548158623537877
1730581440,0.1649918100933922
1730593980,0.7546944749169483
1730614620,0.7774867476974232
1730638860,0.8873214170758518
1730660040,0.8914491341734725
1730676000,0.1883036320746448
1730693460,0.8180706466633204
1730705820,0.7247036442841805
1730724960,0.18844228034177804
1730742000,0.1789392602872332
1730755860,0.5200631956163811
1730772780,0.8816545472835157
1730797080,0.1840188368019054
1730809380,0.30202962208762946
1730833500,0.5610193155534117
1730854860,0.8131457657596015
1730872920,0.5151989005888957
1730890440,0.25693137061439575
1730910300,0.05063357796904656
1730935200,0.9184885918382664
1730953080,0.40835033497218803
1730969400,0.07271532840733697
1730993700,0.07691376200635436
1731018060,0.20458549842923018
1731032880,0.3383313565190187
1731045300,0.6968952910628708
1731056820,0.7837602987146175
1731077460,0.6850558676462287
1731090840,0.14139058211977062
1731109020,0.358262283936853
1731134220,0.43582229017520285
1731159060,0.8691037366881641
1731179880,0.3684423390199132
1731204840,0.880211112855974
1731216300,0.771589997787618
1731240960,0.733583260149738
1731253200,0.19226969105158148
1731276480,0.6410263483876997
1731290040,0.7100284821926348
1731302640,0.7246082508829644
1731323640,0.6489993330959744
1731340800,0.8852670116540987
1731364020,0.6837074872261684
1731380460,0.9131471791740168
1731402000,0.9317512375820187
1731414120,0.878320322692753
1731438240,0.27956999450640063
1731459780,0.6981352698008655
1731479880,0.7687317866595726
1731496260,0.304778608071746
1731515520,0.07590797092228137
1731537360,0.6072880811338143
1731557340,0.2327481828161079
1731573480,0.31260318984355573
1731597840,0.1775042956095044
1731611880,0.6939717202871972
1731629760,0.028355217579307753
1731654480,0.8312900524971999
1731670380,0.3653620605495552
1731688380,0.6327806820323174
1731705360,0.3615489354901264
1731718860,0.7242159971011813
1731735540,0.10500200966746437
1731750480,0.9092998356885107
1731773640,0.4716203554938284
1731788100,0.5207525866042191
1731808920,0.025101551344512103
1731833880,0.9034028379030828
1731850260,0.5617807781242358
1731865380,0.16515838724665127
1731885540,0.18344323789443745
1731902220,0.8963592733615539
1731920760,0.8659542626376896
1731944460,0.8928766213402888
1731961800,0.4938829116578419
1731977580,0.8112649241605704
1731990540,0.04536892795443515
1732009320,0.9442531085084089
1732030260,0.6418126353208834
1732046100,0.298820906226815
1732063020,0.6918979218737782
1732074720,0.7046258178053243
1732086420,0.8775320092219783
1732100280,0.18151746636375254
1732116000,0.8774083769015469
1732140720,0.0398723832857411
1732155900,0.049551924570115466
1732180020,0.49942726180455926
1732201500,0.7038759157211498
1732212360,0.7122882282706802
1732234020,0.8050642580213345
1732252800,0.8875136271454668
1732268340,0.04875755995822594
1732282860,0.10443549572826022
1732299960,0.8885407121143741
1732313340,0.742207963656125
1732327920,0.590292716704616
1732339440,0.09656289715801579
1732356420,0.10908208989535632
1732376520,0.8354889160823803
1732391760,0.682259857199401
1732411980,0.07362055184521483
1732427460,0.38260135694458436
1732439820,0.853750892467743
1732461180,0.10584024765692142
1732478460,0.861225104896981
1732490520,0.7836183818162796
1732512120,0.9043476097060279
1732531320,0.8806944260751071
1732551960,0.6860858683637334
1732573020,0.9393843853376315
1732594440,0.9054156090558976
1732613160,0.665021231945227
1732630800,0.8262604128097649
1732646520,0.8632279470611569
1732660080,0.02605842924463738
1732682460,0.4877255593874304
1732695120,0.8565666789596866
1732715820,0.6968711502013252
1732728480,0.09766857024473792
1732745940,0.8558956359812799
1732757160,0.02353321625400683
1732770660,0.92855104001878
1732793160,0.4153850984843143
1732814880,0.02146807299253741
1732830420,0.8430249911209
1732846020,0.35109173922543313
1732862400,0.25109652898633505
1732881840,0.7673981938076186
1732895940,0.05642585270828198
1732910220,0.830760855247693
1732931340,0.47108083944887164
1732942260,0.6891816337442687
1732956000,0.9277869753207699
1732972680,0.280549364077568
1732990680,0.6413520868503002
1733006100,0.9157745190002318
1733022660,0.782407483023082
1733043900,0.7215903526176621
1733054940,0.6013573311373507
1733075940,0.6823865695808097
1733088900,0.7832924062531736
1733108100,0.8684328639676281
1733119140,0.7465484332413114
1733142120,0.7398908664812733
1733164980,0.0383830330364298
1733182620,0.1444544802260867
1733203800,0.1634573569194049
1733214720,0.14708862798455252
1733229960,0.8691198087451713
1733241780,0.6694350360660414
1733252760,0.2134940195006456
1733271840,0.0769013315422462
1733294400,0.7923470553112691
1733317140,0.04174364950137293
1733332500,0.9251470749946906
1733348400,0.35122192506288574
1733372220,0.05571340999497664
1733389620,0.7048927957309247
1733402520,0.7307026294611141
1733415120,0.1831314731088234
1733435700,0.8307361519374316
1733454780,0.1446427224013219
1733465640,0.8677824329918246
1733477340,0.7695499913975099
1733491320,0.8404925385080055
1733515140,0.674308402601967
1733536500,0.18274448240885763
1733555940,0.7202831821441682
1733580540,0.7489940118476647
1733600520,0.021418281875793733
1733617080,0.31026293396659355
1733640960,0.7301087452402554
1733660460,0.7785301783732409
1733671440,0.03941155534700934
1733689800,0.9266618023820069
1733714400,0.16133406308716328
1733732880,0.6426850473443491
1733748960,0.2584677901782584
1733771400,0.080523085797975
1733788800,0.23192333137877577
1733805480,0.5047671087164176
1733820960,0.6250861313379937
1733837340,0.7363714323135592
1733852820,0.6163788645134739
1733871900,0.9207923886136125
1733896680,0.8050319054161871
1733918880,0.8969588736670913
1733938200,0.022992698022778698
1733952540,0.8776760886211665
1733964900,0.33763890036374067
1733977140,0.7935056483125478
1733992320,0.7991852710330449
1734016800,0.8500814463107759
1734030180,0.8233297892827067
1734047160,0.7447334503172861
1734069540,0.7725277106851266
1734087600,0.9485501724282356
1734100980,0.5378650139311435
1734119880,0.9411538744449668
1734143520,0.6895244457467665
1734167340,0.5901249922597862
1734186960,0.056053161389341695
1734201240,0.13000706819420724
1734217200,0.362206955991118
1734236640,0.6493595518563076
1734260280,0.7604596074236586
1734276540,0.7154093231946684
1734299880,0.3255294303263284
1734314040,0.678622194005654
1734334440,0.8304020570768738
1734353160,0.42244725255856336
1734373740,0.09661508028389634
1734387540,0.8977054297681804
1734398400,0.2430080765768102
1734418020,0.47375455826491003
1734429120,0.1599371382626646
1734441540,0.6718636840934977
1734460680,0.7394778028327424
1734482640,0.503816245578221
1734505500,0.1798244833049014
1734517020,0.7093184307218934
1734535980,0.8832605807078675
1734556260,0.2725995102199528
1734578580,0.920550007689041
1734592440,0.8680555809550387
1734610140,0.9147780113911445
1734622620,0.6927703366374991
1734634140,0.3940320520898223
1734648000,0.8904307930567171
1734663000,0.02829407353603851
1734687000,0.7582451613991414
1734702720,0.02566614405989604
1734719280,0.888764999209213
1734732600,0.31698805492972854
1734744840,0.3812807333442321
1734756180,0.5512805898332545
1734776040,0.174396749694703
1734797220,0.1400085932255956
1734822240,0.8826463580406078
1734835680,0.8951733720274914
1734859800,0.12009928982248645
1734876060,0.6647670419449581
1734887580,0.304868955960091
1734910740,0.8285836208563442
1734929040,0.7959212583156184
1734941340,0.2668336355275606
1734959760,0.8485165252472778
1734984120,0.13702573217516967
1734996660,0.7021703690061946
1735021560,0.3104531725790429
1735044840,0.28516137490320675
1735057440,0.0645967773328623
1735076460,0.6912168374228022
1735094460,0.5009307352781359
1735114740,0.660723441744452
1735134060,0.2311240275583095
1735158360,0.7856401826885528
1735182120,0.04674875187499378
1735201260,0.9317539481073588
1735216560,0.47546202822401223
1735230960,0.6991128124502116
1735242360,0.3327091846312405
1735255440,0.36039338452697783
1735273920,0.34635019080589374
1735289940,0.7906646475816212
1735303500,0.878468514055042
1735317060,0.8606842996432185
1735334940,0.031301855728440325
1735355460,0.8687542089705715
1735377660,0.8665455945489855
1735397340,0.23521661499097615
1735421280,0.8093275957060889
1735436400,0.15764728143108242
1735452420,0.10226473503591124
1735475460,0.7140795136351943
1735490880,0.31280443884587783
1735512780,0.9012947378454906
1735536480,0.6644392530428423
1735551360,0.5138642529483732
1735573560,0.7110797651629757
1735595280,0.5192475189223046
1735615320,0.563349141338564
1735631880,0.8978639450482102
1735654320,0.2100620788810917
1735672200,0.7529576930357165
1735684260,0.3177038656850816
1735705380,0.8726183643972448
1735719780,0.6343289568788427
1735731960,0.9478493591742779
1735754040,0.13101132656746126
1735770840,0.31861677404946276
1735783200,0.9356309796498714
1735803300,0.7216695119563267
1735819980,0.0863338058666614
1735844520,0.049373416063517625
1735861620,0.4117983774609063
1735877520,0.8323254411837828
1735898520,0.9589299565972276
1735911300,0.9204930272929693
1735930440,0.17013999934816054
1735951740,0.138412241596438
1735967940,0.2024309926935478
1735992660,0.44478005632528955
1736005080,0.796878272625685
1736017740,0.08830499895135487
1736036220,0.794185501111833
1736048160,0.1059645141954195
1736068800,0.4525468754853243
1736082960,0.6649207692993189
1736103120,0.02676432342687324
1736115420,0.5212680684635915
1736131020,0.6762246955420771
1736147220,0.28931006820792365
1736160240,0.8887777759452978
1736172420,0.8581946716431064
1736194380,0.33461286947213825
1736208180,0.8828297228451265
1736224020,0.8256073174384282
1736237940,0.8719119843946614
1736258220,0.8486728913544738
1736272680,0.9211925346759933
1736293260,0.4601371937889313
1736317800,0.7846094207443712
1736332740,0.8441719876074334
1736357700,0.8259513594656981
1736372820,0.5916307713539005
1736386680,0.9416613754213516
1736398560,0.6044920054158333
1736417340,0.4525429197511533
1736436900,0.1586091900622688
1736452920,0.8033704734305874
1736465880,0.5313342072836624
1736480160,0.7580847853059549
1736499180,0.8682912218125826
1736510520,0.4852727870867183
1736527800,0.07205575207209278
1736551260,0.3837219128777985
1736564760,0.363017790075519
1736588520,0.7582878018606617
1736609520,0.8538107326010909
1736629800,0.8866230266962346
1736654400,0.9057690837986286
1736668500,0.8974766352006246
1736688660,0.8437164289535077
1736709960,0.5367666183427368
1736731260,0.8465793476258137
1736744880,0.9220522647158323
1736769480,0.38168474577788986
1736788620,0.6484110961689988
1736803500,0.9232631214814713
1736826120,0.9075507596055619
1736850420,0.8229643064746726
1736868300,0.9145712867069967
1736883540,0.16320832285406542
1736903100,0.9400989800324041
1736921760,0.7956005987951532
1736938080,0.5331515767715457
1736959260,0.9415801214792149
1736976960,0.8644394206285588
1736998560,0.10211053428443359
1737010560,0.29028827321041817
1737035100,0.8486196509048946
1737047580,0.7226912510050355
1737060420,0.12096725818748837
1737083160,0.9366008237060659
1737101940,0.02869602511690752
1737119580,0.2724166039110684
1737140280,0.23607484345541851
1737157680,0.8498589162449245
1737173940,0.3048677485120264
1737197580,0.8041156118408158
1737218160,0.7560488805915128
1737234480,0.8521651109408861
1737258960,0.7912557480133935
1737274380,0.34161909581884653
1737299160,0.4116760074893375
1737321480,0.6184851635053062
1737337920,0.7121192472610637
1737362700,0.16444562573813792
1737387180,0.5330499148071357
1737398700,0.7317970850714969
1737420120,0.1073724533417672
1737436740,0.946218938264735
1737452820,0.0507568310028984
1737469020,0.9581201443361523
1737481020,0.05458866237482813
1737505800,0.8777666980847048
1737525480,0.06224558410414752
1737540120,0.9128924221971577
1737555720,0.8752001401269265
1737578040,0.8494557556635038
1737603060,0.7953864143175454
1737622560,0.27607977092618846
1737642300,0.9053335738777746
1737659520,0.25247659365116526
1737671820,0.13097861557549315
1737691740,0.5745386619614187
1737716700,0.9341837109770923
1737732540,0.16625885160016654
1737757740,0.8736615093342909
1737771780,0.5834530292645749
1737795000,0.89676489777374
1737813660,0.12138395865828357
1737832980,0.38646973928711026
1737854340,0.8247008832281304
1737878580,0.5555883528627878
1737902040,0.8195305829413033
1737923940,0.9195692136145004
1737939780,0.6009377040170372
1737960540,0.030694471612374895
1737985080,0.8508996254658405
1737999900,0.5211839038481013
1738022820,0.8719781279435378
1738036860,0.8670600784599507
1738048560,0.24653140430384593
1738071420,0.8976389567009768
1738091040,0.03486267266676892
1738110180,0.8422169843155028
1738131060,0.8685037865186317
1738151580,0.9121950535646287
1738168080,0.21979199754117215
1738191120,0.9351266418808072
1738206720,0.6132097424931955
1738221420,0.5958599578146494
1738243320,0.37790967805262876
1738258560,0.16676995662030825
1738281900,0.9170544133860523
1738301340,0.12992986212952967
1738318920,0.841561787868221
1738334700,0.8746738014412334
1738350060,0.39254805544727056
1738368900,0.7192022426278003
1738389660,0.3450365172915425
1738407000,0.38731404620607296
1738428540,0.8687960404430326
1738451520,0.03908500147215941
1738471020,0.38685490222226926
1738494240,0.07473834148453354
1738511580,0.8267718285887097
1738527180,0.34564033824274165
1738550220,0.7900635682479441
1738569420,0.1867333897916088
1738590420,0.7841890948865456
1738613460,0.21042196431396729
1738626000,0.10715783801654792
1738647300,0.7631468874543382
1738671780,0.5930784247397284
1738696620,0.8013288105529889
1738718820,0.7418061633210495
1738735440,0.7308525617697736
1738757220,0.5687383183336716
1738768560,0.8146385651436954
1738791360,0.4018444210213458
1738811280,0.8988014694521839
1738825380,0.7720268591195538
1738847340,0.7757066920880354
1738864260,0.10594143846287644
1738886880,0.28875762431072616
1738905240,0.31724987725776044
1738923660,0.6860015508022619
1738936380,0.032034733689157276
1738950060,0.02922054631116859
1738969020,0.020527799493977875
1738988340,0.12652081921441008
1739004900,0.9462312212323831
1739021820,0.029907807975206122
1739033880,0.9156648552452724
1739046780,0.619565910596928
1739071080,0.8625738315633347
1739090340,0.13430291536537722
1739114280,0.8005569850838953
1739134440,0.7726488869367022
1739156940,0.20830547933861898
1739170920,0.922267513958979
1739193480,0.8835830059585075
1739211120,0.924673051741073
1739226300,0.9448720123706804
1739241600,0.09590015430106945
1739264280,0.866568703905268
1739288280,0.6621144546531753
1739300160,0.20520005876219566
1739313240,0.19509399221122153
1739331960,0.2313192075176311
1739354100,0.8706671347866048
1739377740,0.8126699021773741
1739402760,0.7474823532462949
1739424120,0.7201377755541633
1739447400,0.5110524559672395
1739460720,0.1645229257104476
1739481420,0.9576097281884505
1739498280,0.6240315732716482
1739509140,0.7546149147148449
1739524320,0.7821906466831132
1739541720,0.3674849607810039
1739560860,0.9471413261704784
1739578200,0.0202151185594803
1739595180,0.26555498046788817
1739619480,0.5611621173908439
1739630700,0.08066677299649067
1739655060,0.9185918128444721
1739672520,0.727693460423183
1739688660,0.8260737656632066
1739707920,0.6789742383849255
1739728260,0.92755302209442
1739748660,0.8576370784188446
1739763660,0.8597898401960041
1739777520,0.8931488837964155
1739796960,0.8256229097053669
1739809800,0.8099283226146294
1739820900,0.8707715739996954
1739835780,0.4738635360295622
1739860320,0.1600638043344739
1739872500,0.2993656903466551
1739885940,0.9117031628007898
1739902680,0.9173101541566347
1739927820,0.8563903951782807
1739948760,0.794408434369182
1739971200,0.030949417140112814
1739986860,0.2666422354147243
1739998620,0.9491860802387321
1740019080,0.797188084115357
1740041940,0.9472705103742168
1740060900,0.7534250727503703
1740076380,0.9272150755291911
1740091380,0.041140067850269184
1740114240,0.7621709713404514
1740135240,0.7630952496597008
1740156060,0.6393969334707212
1740179100,0.7770620957467419
1740200400,0.8516888869339365
1740220440,0.8394513980566777
1740238920,0.403644652483392
1740250080,0.6218017673755812
1740265620,0.15025598442772276
1740283560,0.21058749932100163
1740301560,0.8958471696857581
1740324960,0.8875658701216713
1740339360,0.06680507125123587
1740360180,0.589611575498697
1740377460,0.7196312377221605
1740395520,0.695556817161589
1740409860,0.06694779950209431
1740421860,0.034941570240463196
1740444840,0.037873056766417224
1740467940,0.619399492831595
1740487920,0.9004204942387429
1740507360,0.8710630474239783
1740526860,0.27970638835051564
1740541920,0.7489021142804919
1740564000,0.9107697495966496
1740582840,0.9248332169914419
1740602460,0.9112555852827853
1740621840,0.07148979855619407
1740646920,0.6556866562792281
1740660180,0.8137943087012399
1740674640,0.9454816274407601
1740688680,0.07225589181013642
1740711360,0.5640948865523796
1740729480,0.07173790967020031
1740744780,0.9294615189357661
1740758520,0.56964113017504
1740773280,0.5745278369689557
1740785880,0.6622539705462765
1740801360,0.6227547361584307
1740818640,0.8271279994381313
1740836280,0.17981872992313827
1740852000,0.5640850022351583
1740864000,0.8137642382101377
1740887400,0.8721691507770357
1740898320,0.8158986107557448
1740911580,0.7357964944943561
1740924660,0.7406294514504349
1740941940,0.20716168428421378
1740960420,0.5139373213383248
1740973020,0.7574249187209929
1740984420,0.5667782429344573
1741009140,0.10024712219607912
1741032360,0.7168284760909165
1741054080,0.3790310433984067
1741077900,0.8319194284281566
1741098360,0.1172339182791507
1741123080,0.8482163296601175
1741145400,0.07580451366340268
1741165140,0.29963473118293893
1741189320,0.07997245951287608
1741204860,0.2585902183278143
1741226760,0.7617046559905277
1741239060,0.6914385888841876
1741262700,0.13132058058855048
1741279680,0.7037833787831865
1741293720,0.048617216441359544
1741310220,0.7886407828564064
1741328400,0.060942044140965816
1741346280,0.860126399237215
1741358760,0.28407145129913
1741374360,0.8865419185304017
1741390380,0.8550973441284564
1741410660,0.0804321086468684
1741423320,0.2896176677219085
1741441740,0.7809485309350674
1741456500,0.543542024843795
1741470900,0.31093263967672463
1741495200,0.11210698679535756
1741512600,0.8595949506624379
1741537320,0.13248017294783412
1741554240,0.28700430786268055
1741573320,0.3055119142983899
1741588260,0.4561056937986658
1741606860,0.3878911254672525
1741626060,0.7463213660961671
1741641540,0.9478952041583257
1741653060,0.6102955028370523
1741670820,0.030915865893343022
1741685040,0.06249114438938646
1741700640,0.8833999299128008
1741717860,0.5423283001884531
1741731000,0.2177710684077217
1741752180,0.07270087063332134
1741770420,0.8633244207619818
1741782900,0.9071482355874098
1741802700,0.5582034770524854
1741825020,0.7825042835904078
1741841040,0.33111741162315855
1741862040,0.9105221610100444
1741883400,0.9629852237556698
1741896840,0.8558240698003571
1741915080,0.699654608008824
1741930740,0.8731372466152654
1741945020,0.627299754981964
1741962480,0.7967660227390378
1741986120,0.6648632612205577
1741999620,0.7874017785530729
1742013960,0.21987329144316234
1742027880,0.5208816993019946
1742042580,0.12891616993411698
1742054220,0.4976015733814556
1742069520,0.77472760311414
1742093760,0.884399508094112
1742115960,0.757223256110434
1742126820,0.2606266740069921
1742150100,0.812321998679829
1742165340,0.9068498344058571
1742178120,0.11329253189768299
1742199780,0.4941530833374373
1742222160,0.305135522961925
1742245980,0.8748336023283472
1742261640,0.8120133867492885
1742276880,0.7462272682477324
1742297820,0.21035588930042262
1742318700,0.9508671844182827
1742343780,0.031726702718239824
1742361360,0.9141922499789898
1742373000,0.8141616476090622
1742390700,0.6368759661165369
1742405820,0.8945865454068017
1742421960,0.44200009981806554
1742445660,0.8687006350972701
1742465340,0.09613276655548925
1742480160,0.5158182450893873
1742494680,0.6329198670367283
1742514780,0.2670704885595553
1742538900,0.7202418584835631
1742560980,0.8821761782562725
1742581380,0.3623138366885418
1742605740,0.7613052462622245
1742617860,0.5354486617302208
1742636520,0.7594848739871902
1742654220,0.2539025594563419
1742669400,0.700321560219777
1742685780,0.723841475281626
1742708400,0.3076076585018374
1742720040,0.2826083165087715
1742730960,0.7240470953896794
1742754240,0.8562090646831229
1742765760,0.7750208434115868
1742780280,0.8282740782224859
1742792220,0.8453572917090021
1742808060,0.6923530321145039
1742823300,0.9022795115560726
1742846820,0.07360729545874878
1742870700,0.8029128633474555
1742888580,0.7372610059175908
1742903100,0.29393467166180837
1742917440,0.8984876297288014
1742942460,0.24308913720675157
1742959140,0.9545545183744965
1742980980,0.7793914956069294
1742992980,0.6225123325689779
1743014400,0.246748927363279
1743035520,0.6983866444226726
1743055500,0.8662582749302101
1743073860,0.7267207168226466
1743087720,0.9226571477153285
1743112920,0.9581674183324196
1743129000,0.1881166478844417
1743141180,0.037822603038661654
1743159240,0.8907606526923963
1743174120,0.7976020580807213
1743198960,0.7259131268798106
1743222120,0.20544667014748674
1743242880,0.37738855442335084
1743262080,0.1331474281553742
1743284100,0.9198949360510333
1743303000,0.8076310358542994
1743316560,0.3483804826152011
1743328980,0.9039184154947582
1743347760,0.6710144115318718
1743361320,0.9121912336099859
1743376980,0.9168636238946832
1743388200,0.3334953725418922
1743399900,0.030409335724539452
1743417360,0.03967178487458018
1743439920,0.3776019796898488
1743463200,0.09472105584490895
1743478620,0.7031002544722987
1743499620,0.564146194688687
1743512160,0.9370078496955878
1743533700,0.9245344710629134
1743552960,0.371382960132061
1743571440,0.6643116904554884
1743589440,0.2504181805422807
1743603840,0.8022422336806125
1743616740,0.9166243307673138
1743637680,0.18205977912054247
1743658800,0.3013536236864914
1743677580,0.5444483146046148
1743700260,0.16506712134474816
1743725340,0.3808313051419237
1743737460,0.33618719204886266
1743757620,0.2708368175445852
1743780960,0.014753585981469718
1743801720,0.05558651347486583
1743820440,0.02675447646366261
1743838740,0.28286380694797386
1743852960,0.850942147469586
1743875100,0.10324103964942241
1743893460,0.3117360710247654
1743916980,0.4189394751452775
1743931140,0.8920648219585893
1743953460,0.1140380584886989
1743972780,0.6121828037341581
1743986580,0.0637156959789668
1744001640,0.8016926761956359
1744025940,0.7866374871112942
1744044480,0.8155434540724273
1744061340,0.9191897214724307
1744081560,0.7819665309492091
1744094220,0.0491277109814435
1744118700,0.5264915027465354
1744139220,0.8778252518544052
1744159980,0.24292043934694876
1744179480,0.8049353036436062
1744190640,0.8505815480519301
1744211280,0.645860413252566
1744222140,0.20080149018802343
1744235400,0.4373504958646372
1744253100,0.8639024806866255
1744272660,0.9010141819429532
1744291260,0.6278218938828078
1744306860,0.11368198562297498
1744329660,0.21785233037905205
1744350660,0.08409447454642532
1744371420,0.9551235991197496
1744382400,0.8695992783556218
1744399620,0.3901775554144932
1744422300,0.1260040686552516
1744434600,0.7407787779185457
1744456320,0.5845339944706203
1744480440,0.8447766040265079
1744503660,0.7517579726354089
1744516380,0.32913959217722416
1744534620,0.8514839112668329
1744547040,0.7975819356447885
1744562580,0.09956824860730507
1744577880,0.3786228788630298
1744592160,0.5561131424450088
1744606320,0.36720174756813473
1744619520,0.02485951889386356
1744640820,0.9682222952972278
1744653480,0.7508755504563197
1744665660,0.32414766163027775
1744687980,0.8203572829630088
1744710360,0.87782257978855
1744730040,0.0372989886034203
1744750140,0.05630477569329898
1744772400,0.920635306986268
1744788060,0.6112482804787644
1744801740,0.9541678716303995
1744825620,0.625579152922844
1744848180,0.7189318781455192
1744862520,0.802522462859724
1744879980,0.796118676630647
1744894140,0.8579386700430379
1744905660,0.18965464227568204
1744916520,0.9359015872632909
1744938780,0.7730514947892425
1744958940,0.5403355987103481
1744978140,0.8812877031239742
1744989600,0.7734945244614674
1745008440,0.9406291638179066
1745029140,0.6317955117484713
1745045340,0.23419376169405648
1745056440,0.17857707319667737
1745073000,0.2845889426352759
1745097660,0.23421021352777202
1745110800,0.8247836583480619
1745122680,0.19126643869275609
1745135760,0.7157106627157303
1745160660,0.7611218811454028
1745183580,0.28748270766926576
1745198280,0.8990593107137097
1745210460,0.8472982635671005
1745224140,0.953728054838379
1745245740,0.4015732732133952
1745267520,0.029777081706429093
1745284260,0.42899372800744784
1745299200,0.8656763995961814
1745322180,0.8964770804302366
1745345040,0.6148188328270235
1745361060,0.8311945155198379
1745380800,0.6203560787976447
1745397180,0.9410056755984968
1745417880,0.9299266320702476
1745435820,0.9179388764708388
1745453040,0.2790921878831541
1745468340,0.07211418543884633
1745480160,0.338322099752848
1745494380,0.4379568476197629
1745510220,0.8679102779182208
1745528640,0.8768752599198121
1745540700,0.9435171262522549
1745556000,0.7017212857223608
1745579520,0.5247563833738206
1745602140,0.15878784080754516
1745626380,0.05053431428845327
1745648340,0.7930425695533394
1745668260,0.36805676505723767
1745687160,0.7861018930036894
1745699100,0.14517588957887348
1745716200,0.502876627060735
1745734380,0.9261995937834907
1745746260,0.4324020698059336
1745759220,0.5382584584904276
1745781000,0.5253104714940342
1745795280,0.9312786575391785
1745806200,0.055139639118000475
1745828520,0.05889527347720372
1745841480,0.020232278336441735
1745865840,0.1586576625724789
1745883960,0.47698992075421487
1745896500,0.8693916080677059
1745918100,0.12573022620448057
1745929380,0.09797892238797712
1745944380,0.08427158366468228
1745967660,0.02348438323986549
1745981340,0.668883546973996
1746003780,0.3625653815356002
1746023700,0.9656105828405507
1746034860,0.46581967872134983
1746053220,0.9447122387170136
1746071520,0.9544438339481534
1746083040,0.1131956438732139
1746104760,0.7950818835128491
1746125940,0.909745431023412
1746147300,0.13688954938053569
1746169860,0.14698556417926345
1746193740,0.8358813187416789
1746215640,0.9141169762126851
1746236160,0.9440721512100695
1746251640,0.6551524419323723
1746270300,0.8408765446890494
1746292620,0.8309078492085478
1746307080,0.24922273721873447
1746325260,0.93131042817823
1746336420,0.3395979875807868
1746350760,0.8874997071307561
1746364500,0.030637864824044323
1746380640,0.20129276065869425
1746394140,0.016421302363379773
1746405360,0.11236450090801821
1746418140,0.05161531934569379
1746438720,0.1787296016379918
1746456420,0.858700321802795
1746472860,0.6260775003842302
1746485880,0.6266363444368173
1746503280,0.7317281285839047
1746516600,0.9342621521633783
1746534420,0.02718077732127913
1746550080,0.16461430095391638
1746560880,0.9233240809101096
1746575760,0.8832890857165688
1746600780,0.23217781587851175
1746613140,0.6321714144133876
1746635100,0.942764636497841
1746655440,0.042624189733962974
1746671220,0.27313292770503367
1746686100,0.16143064758456485
1746701580,0.7003250344252868
1746723000,0.365760999266897
1746742800,0.9034152547543896
1746755760,0.7435707141286213
1746775680,0.22383010853950863
1746800760,0.9439461301213509
1746812220,0.29598396277384414
1746833940,0.5324392012863388
1746845880,0.8557626807420304
1746862860,0.631387184741691
1746878820,0.7279091657336879
1746896760,0.9259368480522018
1746921360,0.8327799252436602
1746941760,0.8873245784718085
1746960540,0.9065039582649075
1746983520,0.18405135156343763
1746999000,0.4171095085377087
1747017840,0.8032342487582369
1747034760,0.05760988178215007
1747050000,0.6761731067082544
1747072320,0.1569914244831372
1747093620,0.3717671141158315
1747113960,0.9348152465985531
1747129740,0.8122611474924938
1747150620,0.647839378736114
1747168020,0.11089915848993094
1747188300,0.9096776922957384
1747201260,0.9520436562142089
1747221240,0.9582896070497918
1747240440,0.9171216400549127
1747260420,0.8171612480643965
1747274700,0.9112574330621472
1747299300,0.1587168206511654
1747315740,0.9073297724999934
1747334700,0.11276131204206888
1747346700,0.9441607983532225
1747359720,0.31899247434341055
1747372800,0.8856948725475513
1747396920,0.8408415864365038
1747410480,0.6011914363406573
1747422540,0.9348124878821278
1747433820,0.8340534667260003
1747450680,0.9075887058929445
1747472280,0.9084539311032094
1747483680,0.39514951442280444
1747495980,0.7090966326049299
1747520700,0.43837159425746003
1747532700,0.33970569085368907
1747555140,0.839099337149793
1747572900,0.562651855439091
1747592280,0.32034131381131603
1747604400,0.048096875043764704
1747626720,0.8990779608050634
1747640220,0.06461774628629091
1747659780,0.5825650623680229
1747676340,0.3208821341663575
1747691520,0.7528299290174826
1747709820,0.08867017215955617
1747727040,0.8220891999020212
1747747140,0.10044138223487818
1747765380,0.7613405600654198
1747778760,0.5937336619519096
1747800300,0.8320468481505257
1747823340,0.18463635861419256
1747844460,0.37420928112532387
1747857120,0.3216930952562242
1747871880,0.48007707132045424
1747887840,0.93253889850538
1747906620,0.877510904330799
1747931580,0.8280440236567226
1747956480,0.590325451660547
1747972200,0.14714068550961404
1747992600,0.14898493729936838
1748007240,0.566222770347205
1748018280,0.14132401102545303
1748035500,0.7251721636623281
1748049660,0.9534319954175864
1748064840,0.10602405870778409
1748083020,0.8780081495005301
1748094360,0.9053041598239722
1748118300,0.9225024556992766
1748130000,0.07608408393205367
1748154000,0.06336395031496914
1748173200,0.7409639900751186
1748198400,0.5298251481868661
1748213220,0.8859322902501178
1748235660,0.23015358502519323
1748246700,0.5908698096646455
1748270760,0.8372084976725362
1748287860,0.9417873110309426
1748307900,0.9305550851223826
1748322120,0.450114155462681
1748337780,0.596975678790644
1748357520,0.0323438638396868
1748374200,0.170821475630666
1748396940,0.7713729535738068
1748418780,0.8623595712422941
1748434080,0.05729461547043413
1748456160,0.10606971049739171
1748473020,0.05785319525643368
1748491140,0.868879883280615
1748504100,0.905771803376458
1748527620,0.8985801587973052
1748541300,0.17997037712123676
1748565180,0.6687223485637046
1748578260,0.6551618585468844
1748591820,0.5791831018573361
1748616300,0.09293507533027656
1748636040,0.20668227478348644
1748653740,0.7200517718461633
1748673240,0.21837542879134572
1748688000,0.07511351251127273
1748706000,0.6835840469127473
1748729760,0.8441748493171073
1748746440,0.8191233933649129
1748764980,0.2814971846563387
1748782380,0.6791668923221107
1748794440,0.5895790847477916
1748812140,0.5686930406744025
1748827440,0.3991614735017669
1748841360,0.5408974722219686
1748853240,0.40892266274163863
1748867160,0.9549368110859913
1748891520,0.8599049973159453
1748905140,0.8696342438861348
1748916600,0.8834600736525362
1748932560,0.3804241709646101
1748953320,0.8747952599602721
1748967600,0.27986968890910113
1748986020,0.809833643811039
1749008460,0.3378044172252144
1749023760,0.5847564975759372
1749041940,0.8552965950793843
1749063060,0.8535870240294768
1749085980,0.07233908071614074
1749111180,0.7212663178261174
1749127980,0.716081114423895
1749152580,0.6936338693037681
1749177240,0.7144520099116725
1749198960,0.12575914436717037
1749214920,0.870491473676968
1749239880,0.8704174217492142
1749259800,0.8498674439625109
1749280020,0.7465911278033168
1749292200,0.4021935303079348
1749305580,0.3668554524725557
1749325440,0.8834075224014479
1749349740,0.8823011679349284
1749369240,0.2431244323663574
1749390660,0.23956506422587517
1749403020,0.5160138516365347
1749422520,0.7425519296736982
1749445020,0.7353268926907659
1749461940,0.6548383041649662
1749475620,0.9124162528419056
1749495360,0.6302220845689308
1749516480,0.302784613397384
1749534300,0.10977235968777732
1749556500,0.87920551810963
1749569580,0.03511269073256201
1749587880,0.665880504894272
1749604200,0.784007777043419
1749627900,0.057006065875655106
1749651240,0.740047397272619
1749663000,0.8484439647770504
1749676980,0.8209824882134081
1749696840,0.8774682877251303
1749719520,0.7970810634063036
1749735780,0.8696565484934522
1749748140,0.8949710579411919
1749763140,0.12730543256135435
1749787860,0.06203399857267032
1749812100,0.34091207826393005
1749825480,0.7973616021511937
1749846360,0.7940532027738778
1749864540,0.18970898367766836
1749881580,0.590764082298252
1749892740,0.9195631379141028
1749907380,0.8479113582436818
1749920700,0.8525024238976698
1749934200,0.8708709619560168
1749956700,0.4391805115103543
1749971100,0.048955895130378506
1749983340,0.6412567390121732
1749995760,0.9237596180740992
1750020360,0.684755016530891
1750045080,0.6801788386931332
1750060200,0.23784757829972758
1750080660,0.8494039136483258
1750105500,0.7076425742606344
1750125540,0.7570117516454353
1750145580,0.5621449426966805
1750168440,0.06218643663268292
1750180320,0.9410678418584171
1750200060,0.8297479366989365
1750216860,0.36698118130070495
1750233180,0.8555025703182099
1750254960,0.9344334327596445
1750272960,0.8577593683545568
1750290480,0.8228495699974523
1750314840,0.9622557736715104
1750329540,0.923659142237686
1750340640,0.17624108017003995
1750356840,0.05217163953311613
1750373040,0.509497893228456
1750391520,0.9354630141684794
1750413780,0.8681550459307026
1750429860,0.24308462247245796
1750442520,0.5179198220514223
1750464540,0.8457941489764039
1750483020,0.3111637622782569
1750506120,0.33499556250777135
1750519020,0.18917687352464924
1750532880,0.6995036046603921
1750547700,0.2359314705514441
1750564860,0.3916840289855598
1750587120,0.13774847522027722
1750609080,0.3625901715877951
1750630380,0.8902173024395185
1750650300,0.07309746773200895
1750665480,0.39501571802629926
1750681920,0.10352570311146854
1750698720,0.6358873486147678
1750715160,0.10499616534342394
1750729020,0.9531194088827706
1750743360,0.4039537859303418
1750755000,0.8492237839806815
1750774380,0.2309007271324256
1750799460,0.9437050773749238
1750813620,0.9616886877973851
1750838520,0.31379228824450156
1750854900,0.5527444005991685
1750872600,0.8918841685466539
1750886940,0.1086305504167771
1750900440,0.7351060376034655
1750912920,0.3095320120474986
1750928160,0.6422960675158341
1750951200,0.8395011854558282
1750964340,0.8379360751767133
1750984260,0.13611836854590456
1751002260,0.843210749784179
1751025000,0.31142316801794323
1751037360,0.742014469339015
1751054580,0.8939166368052711
1751074020,0.03078658838459584
1751091180,0.2411517944638606
1751110800,0.39664896114679743
1751131200,0.8388338381268993
1751153640,0.7915008174678003
1751173200,0.6716229869200547
1751188560,0.8677685565127783
1751201820,0.7864579306001583
1751215980,0.6584725675316746
1751235360,0.43723050156333904
1751256960,0.8839927241059417
1751281260,0.4685832687373129
1751303220,0.87959181816835
1751321700,0.9483163122406101
1751346480,0.707126216567078
1751370960,0.8384571838046203
1751387280,0.029529344494276487
1751408400,0.8336570773935215
1751422980,0.2731325578866683
1751443680,0.13944895944247823
1751459280,0.6286930535140132
1751472360,0.17623100052395474
1751485980,0.057981538907274685
1751498040,0.7771637726265763
1751511780,0.8995586575938248
1751527440,0.10441649727423159
1751541060,0.5733584687952282
1751556840,0.4515436488998189
1751581260,0.42488386643441417
1751595120,0.7342148780838569
1751619900,0.420575345716223
1751631780,0.39013700868787266
1751653380,0.10162862365867348
1751666160,0.8450473965970349
1751677080,0.8576573961237138
1751701860,0.14325631615526485
1751713320,0.8006280240945196
1751737980,0.04538955107816209
1751754600,0.6462988349367974
1751768580,0.17191342720271793
1751785800,0.8608802157346811
1751802420,0.10296766893542876
1751819220,0.1556676439336028
1751834700,0.53072018909415
1751848320,0.15073622142843196
1751867400,0.9442748024794264
1751891760,0.7575912716570993
1751909880,0.8090473943012331
1751930880,0.9261503027443647
1751952000,0.8002578386704639
1751967420,0.9437943567515089
1751988000,0.9474689372294265
1752000060,0.9107490437554285
1752012600,0.08574321185263456
1752034380,0.4815033612692459
1752050580,0.7545694910045081
1752066360,0.3019953594979157
1752089400,0.8143471122828075
1752109740,0.041319641460563175
1752129360,0.37788366591130124
1752145740,0.4128500936752972
1752160800,0.01686681934794405
1752181740,0.8791326931493079
1752201540,0.113562902328822
1752219720,0.9149920394998886
1752240420,0.6116750724200636
1752262740,0.33016890712803515
1752283440,0.059342331664318966
1752305760,0.3256555624628632
1752325620,0.8114933299853582
1752336420,0.585214283149037
1752351120,0.6666239709953342
1752371400,0.8832409017769769
1752386700,0.36655013477873105
1752398640,0.06275973686807723
1752420240,0.20762615154236871
1752432300,0.8645322725629033
1752456480,0.31613953194935146
1752470760,0.0677511689032251
1752492960,0.3734352406697193
1752504060,0.1516650783922594
1752522180,0.8822246221957685
1752534600,0.02066001623742352
1752552000,0.8187237159252989
1752575040,0.2037878677745084
1752597360,0.903086987294242
1752612060,0.05890338079000419
1752633420,0.902406784965702
1752654660,0.9163482186990076
1752672360,0.14148077609328077
1752684540,0.8934301753379273
1752700200,0.8841492658883005
1752719700,0.8655141810640088
1752744060,0.8690724811155773
1752766140,0.07947075306634237
1752784560,0.8296597144129815
1752801240,0.8592972314337263
1752823980,0.721982751478951
1752837180,0.8567018551943006
1752860160,0.9349590396937846
1752873900,0.7983103741843889
1752885600,0.9013211583087735
1752902940,0.34677464521408397
1752914700,0.7994839595334179
1752927060,0.8334321490934272
1752946440,0.2789805674753531
1752959400,0.876672885046355
1752982020,0.5368028846147199
1752998280,0.7656210403634429
1753010520,0.38637677031611456
1753028940,0.4080931123260507
1753043460,0.5641252241165456
1753065960,0.7891165458349552
1753077300,0.8742280856883887
1753100400,0.9244189652454186
1753114500,0.3997035915744626
1753135380,0.08142053083013887
1753159020,0.8847965947421921
1753173060,0.731750245386535
1753191240,0.2498770744129169
1753205280,0.8316577791399535
1753219500,0.23416143868806624
1753233540,0.5101186694491061
1753248240,0.6631477310799312
1753263120,0.554398251552669
1753285020,0.7464294839895949
1753304460,0.28355767477918353
1753320600,0.3524647642832444
1753340280,0.6869913949748705
1753364700,0.7096776708357769
1753381020,0.07889441307286772
1753396020,0.8715412396169429
1753420740,0.8873670728941851
1753435260,0.12706624769590755
1753451820,0.5989124404464408
1753463400,0.5435380255465067
1753478400,0.8967875538073983
1753494720,0.07013043504779375
1753510500,0.6986902779021513
1753527660,0.8193623851856662
1753547400,0.8701020633850014
1753558440,0.8476516651865108
1753580580,0.8014225930837224
1753595280,0.29532999618209077
1753618800,0.13748556600489958
1753643940,0.5509073167344143
1753663620,0.6019143599293562
1753674720,0.5152550278751697
1753686300,0.38429533384965964
1753707180,0.39807654157367334
1753732200,0.7942944849561648
1753750260,0.8760818245411508
1753773840,0.6857194774958862
1753793820,0.86830365476745
1753805700,0.6131984532719734
1753821480,0.9248905683252596
1753834080,0.7407739724309688
1753859220,0.1214997891909021
1753880160,0.9062572857251083
1753900380,0.4421830183014806
1753916340,0.6256196929925365
1753939260,0.4392060588826127
1753962780,0.32615688895416706
1753982160,0.6594045688061543
1754005020,0.5541393587258299
1754022540,0.7371659077123949
1754036280,0.37995079220500644
1754061120,0.4199738589961229
1754081340,0.8768822172171592
1754101020,0.45559121226363947
1754120340,0.7430547127519419
1754133420,0.5062717713303421
1754147340,0.9074882178844833
1754161980,0.2133376273868475
1754180940,0.8367448463484151
1754202720,0.8143309634891774
1754220480,0.1691649233110436
1754240640,0.08523319022556
1754258880,0.19012312371118995
1754275260,0.8297983874345786
1754296740,0.9067676062806409
1754319780,0.8848500433059339
1754337480,0.12057735954538391
1754349720,0.4165208477504544
1754371320,0.7017297760318404
1754394780,0.5507317160977313
1754409660,0.9096001317782478
1754428140,0.9292557630214797
1754445240,0.9054929224448679
1754469900,0.6983626597149055
1754483340,0.12867007863489055
1754498580,0.8792139113598132
1754522580,0.4846530657744189
1754541240,0.6053067386465958
1754562540,0.06864449634028977
1754579820,0.3651738083348446
1754597280,0.16469105026192546
1754616840,0.9296472465066403
1754631840,0.7993244974721605
1754647920,0.5685265360637193
1754669280,0.8797579216411623
1754682780,0.792677929061115
1754706840,0.1735659993232009
1754721240,0.2332874934510328
1754732640,0.18250790542460307
1754755980,0.21748850321644786
1754771220,0.8480908787543722
1754789220,0.5965859411529993
1754811720,0.3573400795362876
1754833560,0.5239030270524385
1754850720,0.800595955737575
1754867220,0.10710866579976003
1754885220,0.8667267551857853
1754897280,0.3736210093786753
1754908800,0.46665701353024336
1754931300,0.8615149382643406
1754942940,0.9174610015526092
1754961540,0.9514462733664591
1754972520,0.43240628271002873
1754987400,0.7090253588573356
1754998620,0.6036565900280607
1755011340,0.561251839507059
1755027900,0.7275992411108726
1755050940,0.7724450225230646
1755068280,0.19791179185536334
1755082380,0.8416008982683719
1755101160,0.8089106382760397
1755115800,0.8784933755859977
1755130500,0.2890339780324367
1755155580,0.045711481676303733
1755178200,0.915690926829214
1755198300,0.8901853245966367
1755218100,0.7274273736897824
1755242040,0.6937022437900836
1755266460,0.4497150383009188
1755277620,0.6383081963658715
1755288420,0.5013006603567005
1755299580,0.8312042683560024
1755312840,0.8103007083479022
1755333960,0.4576814786799818
1755347040,0.21605488750389076
1755367260,0.11193767601464118
1755379860,0.6126836619869273
1755390720,0.37941886305761985
1755409740,0.08611612554379156
1755434160,0.44599584338947523
1755446640,0.5496563804848104
1755457620,0.8637684029948175
1755477600,0.9173128842595004
1755498540,0.8975420016110366
1755522540,0.8464258646195421
1755539040,0.9139847460983935
1755549960,0.7366186016594296
1755565440,0.9390333563780314
1755582300,0.8265099460846788
1755594180,0.10945694366972303
1755607860,0.5045865113335755
1755628620,0.5648597893285557
1755647880,0.6203320809074255
1755670620,0.020821633055147948
1755690420,0.8841604961345515
1755712200,0.8778625863466276
1755732660,0.8975836294724285
1755747000,0.9382168647637901
1755767700,0.9144411917944356
1755787140,0.8978301270419099
1755803820,0.3536608031535416
1755826920,0.8837257127228452
1755839700,0.02114215580990135
1755861660,0.8350973663495177
1755874260,0.03380188316303052
1755893160,0.9347050057660754
1755906120,0.01589144562750395
1755928500,0.9315723877105498
1755944940,0.7001811124402125
1755966120,0.34320422052909005
1755977100,0.09224867445033187
1755993120,0.7601367818322688
1756008180,0.746833501076631
1756033380,0.7619883652866198
1756057200,0.7222732214106723
1756069140,0.7666164288360532
1756080720,0.8847139429758913
1756099980,0.07344162391192671
1756121700,0.9356464926787219
1756143900,0.16046817343294167
1756158480,0.8385362208836286
1756174860,0.9039929254924699
1756199040,0.12273145793798029
1756219800,0.9518616395633844
1756231920,0.7334229509622505
1756254300,0.9157372337600095
1756279500,0.8912684719959686
1756292280,0.943745414666153
1756313820,0.8266771692929414
1756332960,0.7073724926090339
1756349700,0.7970404755450154
1756365900,0.11866356558632275
1756383660,0.6929754214631925
1756401480,0.09221407820826985
1756425840,0.9539780108395385
1756437960,0.748570076735138
1756461960,0.7817306456397402
1756479540,0.12595893996657576
1756495740,0.19501414662911673
1756515060,0.7068609354603432
1756526580,0.03190749157193598
1756545540,0.7466138984213422
1756568940,0.9523941468658256
1756591140,0.11556341501390288
1756612920,0.20048515261883212
1756635900,0.5449049289967185
1756659300,0.8313272706112813
1756681260,0.020330839222958114
1756704660,0.6937732826999552
1756715940,0.7792682805852869
1756737120,0.11092398395062036
1756751580,0.9285549813341276
1756767900,0.9581413971945058
1756792380,0.749917565417292
1756809060,0.05360718940156101
1756831320,0.6700845217312882
1756846680,0.261241943032327
1756862520,0.41343793170032467
1756874760,0.8578665231083304
1756889700,0.09380677035577366
1756904160,0.9662417246322568
1756924680,0.9537020527374308
1756948560,0.8689749780939806
1756970040,0.37632389567569535
1756982520,0.24138195058792164
1756999860,0.5287741446096091
1757022000,0.14886718429602708
1757041620,0.035896857010103714
1757057460,0.6341482593147453
1757073180,0.024535958598564625
1757097300,0.5838801591636044
1757115240,0.7607529660965581
1757127300,0.2936348325878692
1757141280,0.5831780881010011
1757153040,0.9255539868252913
1757170020,0.9612010344056225
1757181000,0.8221877958690557
1757205900,0.4258674609118997
1757229240,0.6991684510020446
1757247240,0.5953523709825687
1757272020,0.8876262332941818
1757284860,0.8558954778561021
1757296200,0.45069132738469064
1757313600,0.5479190624155476
1757335080,0.3024122186847874
1757360040,0.683230235766716
1757371020,0.12194745718502074
1757389020,0.7428125583157634
1757402400,0.7031863292286344
1757418060,0.1516505881734809
1757430180,0.7813089029646108
1757447220,0.804108319985801
1757470920,0.05076701235460213
1757493840,0.7587978544611682
1757506860,0.3144256437604635
1757520060,0.019920080130309496
1757531220,0.895718189893515
1757552040,0.885310370623333
1757575740,0.7275569724193423
1757596800,0.8998255962648815
1757619840,0.2039182667730129
1757639580,0.6296064768936109
1757651280,0.3882026285028765
1757665020,0.24844955355747023
1757679540,0.9321082621062806
1757694180,0.5760610475300096
1757711220,0.32420435781703155
1757729760,0.8036373164734539
1757747580,0.5437079980178137
1757772420,0.40066040654347795
1757784900,0.8384545069206824
1757800320,0.9009409634781842
1757815680,0.6286354439238975
1757827920,0.7899828310251914
1757850000,0.8556897035822872
1757873820,0.396934121179934
1757898240,0.06396158483930467
1757922000,0.12337634653715576
1757942220,0.8216048731530256
1757957100,0.19168420749249807
1757976660,0.10837824275508577
1758001380,0.18401160794313556
1758021360,0.4829549909981131
1758038280,0.12536598952577482
1758049860,0.7787054811854589
1758062520,0.0386572594724497
1758079140,0.5490115546817926
1758101580,0.661737323326749
1758121140,0.7884816377318543
1758141060,0.6553781992921142
1758160740,0.5117101118171058
1758172080,0.751595314920417
1758188160,0.7545664933553031
1758203700,0.09067407405412566
1758218520,0.6425692420275073
1758231180,0.8203487381113098
1758254280,0.5851936236482194
1758279360,0.26433278038415775
1758293640,0.7555191504544507
1758315060,0.6087623666301847
1758330000,0.7856879371925791
1758351000,0.5636229810558114
1758367860,0.9124498211565812
1758382920,0.7899625916232079
1758395580,0.7032634100489144
1758416160,0.6800690153688663
1758440760,0.2620110848045707
1758455700,0.6304177245265943
1758470880,0.24819446500576597
1758493140,0.7647303612206834
1758505560,0.7705507523690904
1758522900,0.08053425286547984
1758535800,0.738587711871509
1758549540,0.43116294679857786
1758568620,0.1956704517998975
1758581280,0.8231618155096412
1758603240,0.2601934854354346
1758619560,0.13799373508484705
1758636000,0.9381273373625458
1758655080,0.3309656264953129
1758669600,0.019748145892726617
1758688500,0.29238466692660225
1758706200,0.07159350839726539
1758720660,0.0478411443330837
1758742920,0.896777984258273
1758755220,0.8877123673699593
1758772380,0.8740949823791286
1758795900,0.21720532937396353
1758812400,0.8849545418852708
1758836580,0.23646976483723292
1758859200,0.1568472374476919
1758870960,0.7458572898638851
1758892980,0.6889797213086879
1758911160,0.9553965755436614
1758932100,0.8115210611150616
1758955560,0.24151359108797896
1758971280,0.6740795081228705
1758992340,0.4712548419283924
1759009560,0.5347272805145031
1759023240,0.22776957367531334
1759048380,0.5871013428775396
1759064640,0.745234428539397
1759089600,0.8911944563815848
1759105740,0.9513239676888972
1759130700,0.5071797609439751
1759152300,0.6704431074907256
1759168800,0.026783483941041533
1759191180,0.7650790866987538
1759212000,0.6887194972590927
1759225320,0.14689337888778423
1759248780,0.7336295881195569
1759263720,0.7574887642587027
1759287300,0.8965210883446966
1759300140,0.2712708221242395
1759321860,0.7653665218745366
1759345680,0.9095090799040532
1759370760,0.08403110535574942
1759388040,0.03136424756067988
1759400640,0.16657333151823536
1759415820,0.06409477977281473
1759426740,0.12599322434934965
1759438620,0.18339506475632567
1759451760,0.1597096216622615
1759467540,0.8679028671835642
1759479600,0.06206344367291737
1759494480,0.8790007937312936
1759519140,0.35354588354066374
1759534140,0.9092571037255943
1759549560,0.7616604612217607
1759566600,0.8576737086695877
1759581960,0.11041173455037073
1759603380,0.19796204473022067
1759618140,0.7277180316302189
1759638540,0.5550258944186195
1759652700,0.9061510052055074
1759668960,0.8610005059023352
1759686000,0.3060682300254734
1759698600,0.4194282653348824
1759717020,0.6115104504872614
1759729380,0.09139276831022544
1759753800,0.6922077405083927
1759764780,0.3013612796736283
1759777320,0.7971557427066288
1759798500,0.7100323930137
1759812960,0.38134976090628325
1759827420,0.287710630370503
1759851780,0.859181621774708
1759868940,0.47281568841081606
1759880340,0.18156035461647885
1759894680,0.3607745190167569
1759911060,0.17097450643552226
1759931160,0.22013590813346037
1759952520,0.7286946098190135
1759974600,0.33259866704002766
1759994400,0.32157055263212425
1760009880,0.737234153175981
1760027220,0.72738054055238
1760044080,0.4398658375350382
1760055060,0.691052544235927
1760066340,0.429026294264079
1760083560,0.8823604173350829
1760104320,0.4573404660990672
1760116740,0.953156381995513
1760131380,0.06434006936722036
1760146200,0.015361123922151929
1760161260,0.24726768580352787
1760181600,0.78327010476947
1760205060,0.6444351772041617
1760221500,0.3475035685723001
1760241480,0.3869412315543371
1760262960,0.8802748729728559
1760284560,0.20744116021612002
1760296260,0.22844364155414978
1760307960,0.7837836240289685
1760326320,0.8773868409727209
1760343420,0.5438871927447413
1760367060,0.03288889550580092
1760388180,0.7974666292557525
1760400180,0.45389476143572827
1760411460,0.24111038033876278
1760434680,0.2819075621510956
1760448420,0.7134830741589006
1760466660,0.9366115403378921
1760481060,0.4480014136747715
1760494620,0.8610385663659301
1760519280,0.854049541763634
1760541480,0.7819777839114421
1760561100,0.9267546371763284
1760580900,0.774080787990668
1760597040,0.6713902539983748
1760612640,0.16433150145576605
1760628360,0.9195275856608317
1760648940,0.45985376650712756
1760659860,0.10530479062861403
1760671860,0.8945443222193749
1760696880,0.7567924933895692
1760721000,0.18278331229382153
1760732880,0.5503063023150557
1760753400,0.6959741128672454
1760765340,0.6647362870601895
1760783700,0.7968104796503387
1760805120,0.7943946224140155
1760824260,0.33835511135969193
1760839620,0.6195716109030301
1760852940,0.7083981092690715
1760877060,0.7535122453206148
1760892540,0.8900353591159277
1760912100,0.30804140258037926
1760924460,0.20742623045650957
1760937300,0.9383076826472021
1760953860,0.8862800482008704
1760976300,0.17586093093376215
1760993880,0.9513108533129316
1761016800,0.5802751115949981
1761029460,0.21361508533388524
1761044820,0.8023581487494035
1761063900,0.05936989955585624
1761088320,0.8414203949563461
1761111900,0.9400572549099042
1761134700,0.731610041263523
1761156960,0.2608160575562315
1761174120,0.6152158402764161
1761198180,0.8867471241406965
1761215220,0.9182433252966521
1761227160,0.06204320388317383
1761239580,0.8653935014421004
1761253260,0.4972697918893461
1761270300,0.06806253152362625
1761284940,0.8576906279516172
1761305040,0.8361316888077706
1761322200,0.8156364022931473
1761343620,0.25228815862368026
1761365820,0.7889835245044418
1761379140,0.4729470297018712
1761397560,0.26796497637328803
1761419760,0.7299145139642941
1761435840,0.9021399025158766
1761460500,0.5741073711630912
1761483480,0.27373566938650734
1761501660,0.6561250194216298
1761526860,0.8591954674012112
1761540660,0.7234928708849178
1761558180,0.9226035166121496
1761582060,0.24793036728249326
1761596820,0.8431042853344999
1761607680,0.053953574422462056
1761621900,0.4468412752383458
1761641220,0.8236706486638433
1761654180,0.874635044140894
1761678180,0.8697336895137937
1761700920,0.9485083930907378
1761725760,0.26430739277387766
1761736980,0.7859632625970467
1761756180,0.8238573882488746
1761769740,0.40539236831741265
1761785100,0.4945729899846137
1761802140,0.8471789040672093
1761822660,0.5789315573080652
1761837000,0.3185526895183114
1761849840,0.8435134588347074
1761868140,0.864974417517241
1761882120,0.8798607925166246
1761906480,0.26192507890277333
1761928560,0.8907622348183655
1761949500,0.8932358543227987
1761969780,0.8214288715722224
1761987540,0.6138055771353526
1762003140,0.6932409823883505
1762025280,0.45593877026209323
1762036260,0.7928391080564869
1762047660,0.06579686016876707
1762065300,0.0514849782944445
1762076100,0.3004520740905175
1762095960,0.860561941995613
1762109520,0.8414059872933839
1762129980,0.1900174452945575
1762148220,0.25185257556678226
1762159080,0.3000956755813236
1762171020,0.8396487801074533
1762182840,0.3829689445421484
1762198320,0.06494942280935345
1762210080,0.8882576138167105
1762221780,0.7122006913410929
1762236060,0.670400557097195
1762251420,0.8569723591826675
1762273680,0.9118240641746308
1762289400,0.07960804175418225
1762302240,0.8848376212705934
1762314840,0.38738313200074115
1762326840,0.137873418624809
1762346100,0.38586732013810887
1762357800,0.8062545807826184
1762372680,0.7921740033699199
1762392120,0.8614825866313308
1762404360,0.8702017664340524
1762419540,0.37146950427700226
1762436760,0.4036261741896488
1762457520,0.7541080197273666
1762470960,0.07245977729192082
1762495680,0.09050216093438804
1762507620,0.23215290212926815
1762520940,0.3274634904706452
1762537680,0.86674590292006
1762561680,0.18744610005901124
1762576860,0.2398024584467012
1762589400,0.648334033618629
1762600800,0.795649996940074
1762618380,0.04297835695706851
1762633860,0.642369839477703
1762656480,0.8304062261132048
1762675080,0.27470328780269715
1762686000,0.862836999487038
1762705860,0.42007499216342586
1762728060,0.27642606390409663
1762746960,0.2154825815905175
1762771380,0.11344385979845571
1762793700,0.6123707892377435
1762811400,0.8780597704721307
1762823640,0.8520829572412063
1762843620,0.23189075072183274
1762865580,0.7933765637828498
1762879080,0.8725714301347048
1762901880,0.9157568078582442
1762918740,0.8845178990423366
1762940580,0.7186856808007456
1762965420,0.16967302756886996
1762984920,0.8621464855843929
1762997520,0.8236555005859134
1763009160,0.6549146319632978
1763024760,0.8096147150534138
1763047500,0.834160812389905
1763070300,0.7640091219308712
1763094180,0.7972370913344295
1763113920,0.7917128786116746
1763125680,0.8363629708700113
1763139360,0.3278950071162856
1763161080,0.5134549848597081
1763177640,0.12472063061482128
1763198640,0.1706916885324342
1763211180,0.7468871338414839
1763229360,0.5778195023049723
1763252280,0.23274053080972362
1763274480,0.755030516875915
1763292840,0.8707762370986829
1763305200,0.21302027861443934
1763324160,0.2606904570866673
1763340480,0.3153901166047675
1763353560,0.03043177435272868
1763367600,0.8804598057246739
1763383500,0.8626518689261955
1763407380,0.2904996730700487
1763421540,0.31261637639846573
1763439540,0.8017622234859246
1763457660,0.2633365673361819
1763481420,0.023093768717045625
1763499780,0.8999917158413454
1763521920,0.7303234450654873
1763540460,0.8573653040678294
1763559900,0.9003617660284966
1763579400,0.9625504007105616
1763593740,0.24453332414504603
1763614140,0.28210744152822026
1763627280,0.2759650568331363
1763651340,0.8875765546696014
1763676120,0.19206666587439863
1763692920,0.6880745207130424
1763714880,0.7224005529451845
1763730360,0.1435112161515904
1763746200,0.3092049091735267
1763758380,0.9176293754541172
1763772600,0.17246463693541744
1763795340,0.3352899502906796
1763807880,0.8792216188044678
1763831520,0.7743373296869462
1763851740,0.34560330108794257
1763863680,0.3059444700718687
1763885400,0.8228448890963918
1763909340,0.9029987472037047
1763921100,0.8982752350970601
1763936460,0.7612621211638367
1763952180,0.3454448482159072
1763965020,0.7349369009122858
1763984340,0.4748603404032801
1763999700,0.2992534516896936
1764010500,0.5397371242967889
1764028320,0.9188098017630353
1764046860,0.2533203508655112
1764064860,0.10649314314484169
1764078900,0.41170974227674
1764103680,0.8711073824654871
1764122640,0.8916582156418092
1764144300,0.8732530714312589
1764162360,0.24695017799115543
1764179760,0.07517279306315307
1764198840,0.23568148139486972
1764217140,0.8381816538352573
1764232740,0.7209133306090993
1764245220,0.39601087192852746
1764265920,0.6999804128645664
1764276720,0.4727444468672566
1764299340,0.18709704090046456
1764324240,0.9371488665857751
1764349080,0.17005007815376658
1764364500,0.46574917785647785
1764379260,0.9332216939529357
1764392760,0.6654469515138257
1764416760,0.05761026058969192
1764432960,0.946283242131536
1764454560,0.9338599422978959
1764475080,0.6675011440040676
1764488640,0.9103739676396732
1764503460,0.27883104993000957
1764526380,0.6882080526859852
1764549960,0.2517468059267729
1764561240,0.45563937840737645
1764578220,0.4810645100965495
1764591120,0.8490206668445102
1764613560,0.1919183425333041
1764626100,0.5417799189425478
1764637260,0.8348190075288956
1764653160,0.06386458140945875
1764676920,0.17609899650738461
1764694380,0.6383444436385252
1764714300,0.7385073592621163
1764731760,0.04443606948173231
1764753360,0.7119615476593562
1764775500,0.1856860564436327
1764794460,0.926300587594995
1764806700,0.8597281381205565
1764824340,0.8624334625338701
1764846540,0.7028628268529962
1764864900,0.14434215141868156
1764889320,0.20067623279164373
1764903300,0.3932593004079718
1764917940,0.77766748357354
1764932400,0.10622099823158902
1764954600,0.3610398744793555
1764977940,0.871841747690717
1764988860,0.5693114274187427
1765009620,0.7605435440117397
1765029900,0.8018220452160555
1765047540,0.9581226945467706
1765069200,0.8926878614866909
1765083660,0.6901185937582069
1765108620,0.09327083060507674
1765122360,0.39904410915473626
1765143720,0.13177743346985968
1765164540,0.790421310236743
1765179960,0.1701822384067846
1765191780,0.9317742331654195
1765206780,0.8163245721429034
1765225260,0.9221333643535783
1765245780,0.8968869104890892
1765267860,0.13563001066244668
1765289040,0.450735378071103
1765313280,0.15008118136950568
1765332300,0.11272805527738548
1765349340,0.727828417695409
1765370640,0.5247467371810661
1765383060,0.7070835991870814
1765401720,0.25489452693115683
1765418280,0.8238350518075437
1765429260,0.7930653967236629
1765446300,0.8447442612533301
1765465380,0.9174149251784375
1765484280,0.3171978456533091
1765508700,0.878634493702778
1765529400,0.2886568625094245
1765545480,0.18732625395190194
1765568820,0.9405408766260582
1765592940,0.33486907593184984
1765606140,0.2854316945959698
1765618020,0.8322745614410689
1765636140,0.6497941034132996
1765659300,0.72978989058686
1765676160,0.4008526754598805
1765700340,0.9132142129892
1765720260,0.9416710448734086
1765737300,0.8277349059553463
1765751220,0.8658014536760241
1765765860,0.5234480915843757
1765787340,0.6358576857047985
1765803960,0.49543329972639594
1765825740,0.625123372601827
1765842060,0.4503523869198121
1765860480,0.8506849461527991
1765872540,0.7183058541539566
1765886760,0.50980969084774
1765901580,0.08866999251457848
1765924020,0.06495766139866037
1765936380,0.9022575680513905
1765959780,0.939975630347815
1765983060,0.9643248054436471
1766003100,0.01538401671887437
1766028060,0.509954359665968
1766049720,0.014519057021075017
1766061780,0.44145549388149913
1766083140,0.9010934311589149
1766095320,0.8545568357393455
1766114220,0.06521020409024987
1766131020,0.07745281053537979
1766153640,0.2120675948634948
1766176740,0.8730837532864508
1766192640,0.03407877166036126
1766208240,0.0471676304391648
1766223060,0.8317802620351192
1766243220,0.2268975484268754
1766265240,0.8404628795809442
1766285340,0.9059220868733288
1766298480,0.11760427507510368
1766314020,0.6711771100538977
1766326260,0.036503889685637586
1766344980,0.8514574414276753
1766356860,0.19884665361965764
1766375460,0.8833498060136973
1766389920,0.09614893526019835
1766410260,0.9499421787676631
1766432580,0.9232186631366806
1766457300,0.8800121221176828
1766480820,0.9596037159487479
1766499000,0.44284963279968814
1766515380,0.7104264280598555
1766529840,0.3628490755840294
1766552760,0.02730414627320879
1766570520,0.4581963660851724
1766587260,0.06488369649194756
1766601180,0.10261714330926011
1766623560,0.7614834064414012
1766642040,0.7788909227995191
1766653440,0.503929714277617
1766667720,0.7785562865226366
1766692260,0.19429719676151982
1766704020,0.9449589729344032
1766716680,0.30659518497594795
1766736420,0.5164663385842082
1766760420,0.7005730219967409
1766771820,0.31310387504737763
1766795400,0.8291571973459743
1766814720,0.30773660530402724
1766832840,0.8247570099235081
1766851560,0.4251396572073488
1766872740,0.8489051200428178
1766889960,0.2200271467915894
1766902440,0.16873879081699772
1766920260,0.9231313898497006
1766943420,0.02237269089573952
1766955420,0.09526350275102506
1766970000,0.8590431974010105
1766988720,0.7242211045400148
1767005640,0.13899070903942473
1767028800,0.866870714376936
1767045960,0.9325799136495742
1767069480,0.5335636644582853
1767086700,0.05069362189526735
1767104100,0.1539381235402471
1767119460,0.13955235078077644
1767142380,0.09497496897513218
1767164460,0.2779579606452213
1767177120,0.1125723751249386
1767202320,0.34532607351402383
1767218580,0.9340750780227915
1767241920,0.02988977270252219
1767257580,0.3080986913028465
1767273780,0.41974272976142724
1767295140,0.8960692120995252
1767319080,0.1067332438147676
1767343680,0.85939962108575
1767365160,0.8594101612684929
1767382380,0.024105806413638707
1767404160,0.715467536360468
1767421680,0.8139165023058286
1767445860,0.13193057175985495
1767460620,0.9211147838448205
1767482280,0.6774466875655045
1767500340,0.6700647292352255
1767522000,0.41077429060265935
1767535620,0.5612704998302134
1767546840,0.8321415240325917
1767568440,0.12328809430808164
1767584100,0.9215167851438094
1767602160,0.9304260404642146
1767617340,0.09392595314904685
1767641460,0.9169720423986593
1767655200,0.3887477712252163
1767674520,0.9433402616648073
1767697140,0.7000740945794973
1767708240,0.8988083405975255
1767720660,0.8715788160343794
1767743280,0.630754199011443
1767760440,0.06454889433266868
1767778620,0.9142131616173489
1767800520,0.1828076873974643
1767825300,0.41321805396049316
1767838860,0.053764608155784765
1767854220,0.875488340729912
1767879240,0.9525125220267301
1767900480,0.039798946539405064
1767918780,0.05461645756065737
1767942240,0.9623493651488348
1767962460,0.7436599694340812
1767978120,0.10376285567380165
1767997920,0.7473545368736937
1768016580,0.9310192348209686
1768038240,0.7734902621973632
1768052640,0.6131787864244933
1768072560,0.9484739790745462
1768096140,0.8320884904744055
1768107180,0.652843793033758
1768118580,0.4744496541566736
1768138740,0.2850312685641443
1768163820,0.8163053966471471
1768188180,0.0700488795088846
1768209060,0.7992923004180968
1768226700,0.8945543456748418
1768242780,0.8153956684549172
1768265280,0.8951832888410101
1768289100,0.348276251780404
1768311900,0.9624235492322101
1768327440,0.095879658368506
1768338240,0.4498084031371881
1768349220,0.8845476405939263
1768367760,0.3347548074604919
1768391580,0.3187560627172926
1768410540,0.1643728498523339
1768432980,0.9560634557024974
1768450800,0.7925069830108307
1768469520,0.030699338033773234
1768485600,0.9318765009317911
1768502760,0.9377993508032835
1768516320,0.2422429010343468
1768529160,0.8457794827380051
1768551840,0.08312028446641768
1768566240,0.9286428589028177
1768581720,0.22735153260574625
1768593360,0.7754130124256049
1768618200,0.762337640924398
1768629300,0.7199901284804443
1768641300,0.9394067054803352
1768662960,0.5733045603990088
1768678800,0.4092761142066015
1768689780,0.25210812310459424
1768707000,0.730738756316164
1768729200,0.4785583008452264
1768750860,0.5355076737363051
1768771320,0.5742149835163104
1768791900,0.9351119117740436
1768813860,0.29942764219101675
1768837680,0.23117841016123875
1768861080,0.22121960001617472
1768880820,0.9190176463710986
1768902720,0.30760530958076343
1768920900,0.8572253168287575
1768940220,0.9373233749316019
1768956900,0.8824837206838856
1768978560,0.9332605028022133
1768994160,0.6925777871791824
1769009580,0.8711394044042413
1769024880,0.720875138154782
1769043660,0.23120718854195438
1769068320,0.14078286547564325
1769083080,0.22007761211627044
1769097120,0.912117599217841
1769121900,0.8068074399647585
1769144640,0.6691594183632454
1769162280,0.5248892706774355
1769184660,0.5154950645741453
1769195640,0.04426047311793897
1769216760,0.18061956939036314
1769238540,0.8701396232954942
1769263560,0.24110068842999205
1769285220,0.2744527176198188
1769310180,0.8378517952700054
1769322060,0.15158382916988317
1769334120,0.6969992397653786
1769354700,0.8852718993690307
1769377080,0.03139830913888487
1769398440,0.8719133614868224
1769420940,0.9444821017039753
1769439720,0.3254723257279642
1769454240,0.11617934048613411
1769466900,0.686079560869832
1769483760,0.7076401741492219
1769497860,0.31895334686509313
1769512500,0.05890607018100308
1769533740,0.3127389318186592
1769558940,0.7422446434246562
1769571600,0.8116603151493118
1769586180,0.8744996313073767
1769597220,0.9415167930552404
1769616480,0.5656299532861404
1769639700,0.11901921667571212
1769662080,0.7523125572024343
1769677380,0.8461119651899816
1769699160,0.9463015201843559
1769718720,0.8527008951310551
1769735580,0.9344067206363008
1769757780,0.23134964341717193
1769776080,0.752810336942017
1769798580,0.0714923355537717
1769813460,0.12386527592812827
1769827860,0.13770694447093257
1769845500,0.43606293175341915
1769862360,0.6329733956299304
1769875560,0.788356998437203
1769900040,0.2845449207777574
1769913960,0.2139579880253527
1769936100,0.5548299078331926
1769952840,0.09772442438913065
1769969580,0.4616920526911605
1769985600,0.26341735244370795
1770006360,0.807992665783129
1770027600,0.878127075326509
1770041040,0.8518737571069794
1770056940,0.9109079279538638
1770068220,0.7022297430238934
1770088140,0.1822921283314033
1770108480,0.9602817727737973
1770124080,0.8474706866541231
1770139140,0.3498515434521381
1770161160,0.9162307292256124
1770176340,0.649750051036118
1770199680,0.8957870246719621
1770216600,0.05552275945021754
1770235260,0.6231691960881688
1770247740,0.9452992014991106
1770267180,0.6774007743707918
1770289980,0.7965894464405545
1770307080,0.4264856886657612
1770326280,0.8747797069472725
1770344580,0.21180093172467154
1770368340,0.9230456938019879
1770382620,0.5329058382003087
1770398100,0.5635534863079901
1770421560,0.31368763967300195
1770446460,0.3685632923162658
1770468180,0.7880845152916087
1770490680,0.9553339740670362
1770504180,0.16738913109474507
1770519360,0.6912895313287113
1770538020,0.3405890396192658
1770560580,0.9024544044252604
1770579000,0.13051884754586043
1770596460,0.18379876712188348
1770608340,0.9386227166269628
1770622860,0.19424823230554353
1770634620,0.9597165758376861
1770651120,0.8430653676425693
1770671400,0.038241512365187136
1770688200,0.6992488576675779
1770712080,0.8917017798227262
1770724740,0.15652630252300967
1770747240,0.19786070032883463
1770772080,0.6023630874822016
1770794040,0.9021547389218938
1770814080,0.10634627718989875
1770835020,0.8092755273128488
1770853620,0.08144989650942469
1770864780,0.820190134783898
1770876540,0.8360851406467003
1770889080,0.8749559122703061
1770914040,0.8620501978345806
1770934200,0.19089762704257324
1770952620,0.8561586573836782
1770972960,0.5304065210864447
1770990540,0.30388209456354787
1771014480,0.8443218184260034
1771034880,0.89181751634183
1771050420,0.2072101655545315
1771069860,0.1929014730933844
1771083960,0.40662126532655807
1771100700,0.9160301689702588
1771116960,0.7661351597952003
1771129740,0.16984428929571418
1771143360,0.2665821720721353
1771168320,0.883712660683219
1771186500,0.09217206781016242
1771198020,0.8541891596626018
1771214040,0.25800700556941464
1771235460,0.9092913379369766
1771250580,0.22824586674033734
1771269960,0.8499147167956667
1771294560,0.7331326867160916
1771317060,0.8608747510958163
1771336860,0.6836285177820723
1771355280,0.8020887804887343
1771374180,0.7060153490619123
1771385220,0.18013322419993547
1771406760,0.7014677691712393
1771429980,0.8867797964208138
1771447500,0.8278528137366614
1771459020,0.940344423624739
1771477500,0.2241896304549734
1771489080,0.4976183223987352
1771513380,0.8795438105229869
1771530360,0.823110754428746
1771546500,0.24026912678586107
1771564080,0.49064816645332304
1771580220,0.5642386555082444
1771594860,0.15989263390490996
1771616040,0.07733262767433771
1771632960,0.40753181453244963
1771656180,0.6186145052068857
1771680480,0.8486372200452216
1771704780,0.8024573568959075
1771717200,0.7317904547372288
1771734300,0.06385786165235767
1771752060,0.8731725186132224
1771775700,0.391440891222248
1771795140,0.7197461978313855
1771810260,0.37665968890726687
1771823160,0.9098118077363366
1771839540,0.7492132874691801
1771850940,0.7905615501034206
1771871880,0.5315529961914863
1771888860,0.199368926797642
1771903500,0.9142057039518443
1771917660,0.6047648342527081
1771942380,0.8822033256964308
1771959780,0.37625419477867295
1771983240,0.4799878149340523
1772003940,0.8109626999348373
1772018160,0.7668559750925676
1772039280,0.9261349712521845
1772052060,0.7397494589987132
1772071500,0.7421395041490342
1772084940,0.7659779591132574
1772106540,0.14572273225514598
1772130180,0.30492208993821424
1772148360,0.8823137754369605
1772159520,0.5040208903896733
1772183040,0.2163997054300172
1772203740,0.5705675483792662
1772217180,0.8988763660279493
1772241840,0.23592740177640648
1772265540,0.4495311716874538
1772285820,0.3686566023790649
1772310180,0.881708295254697
1772323140,0.47485232410959827
1772341620,0.481918441620623
1772364480,0.09256760633445203
1772385480,0.6478325732127163
1772409240,0.9062176632361478
1772427000,0.9544040442349502
1772444400,0.23350683468925218
1772469000,0.04859831854988679
1772488740,0.05701170901538333
1772504640,0.9137862149679147
1772526660,0.7674076477334901
1772539980,0.3583428584602419
1772551980,0.20395086908776724
1772575380,0.34536053783335685
1772589600,0.4662808170758182
1772614500,0.09721354140756312
1772631360,0.7311806567981374
1772653080,0.7886807719906349
1772671560,0.8193413908183721
1772683140,0.8397917888584817
1772701560,0.8638568404546557
1772717340,0.8622469604430152
1772738100,0.7178488260381023
1772754300,0.8281595514222516
1772768100,0.22018011650927083
1772787900,0.1727475410130574
1772810520,0.8661168480639653
1772829960,0.026471351380974627
1772849520,0.7775581022602277
1772864220,0.8855653021206739
1772887860,0.92969219299753
1772903040,0.09329413460569025
1772921280,0.8414428518900058
1772934120,0.7830847991121322
1772953680,0.5300560741342075
1772975100,0.8590977601446791
1772996580,0.6246856589591604
1773017760,0.9074574000023293
1773037740,0.4667094585989349
1773050100,0.5102104244206737
1773063480,0.771169363905139
1773087780,0.44392213561604027
1773111480,0.07567251152042492
1773130440,0.42437881227245156
1773151320,0.3962340145982871
1773172500,0.4842472026348647
1773188100,0.027823599638881688
1773204360,0.34581040135687263
1773226140,0.8670605257126505
1773237420,0.8280889640649175
1773259800,0.959918188257256
1773278580,0.7356042767765673
1773291600,0.6094515308654798
1773315720,0.21317431194325467
1773340020,0.7782184950449393
1773359640,0.2178632075883769
1773384300,0.7385971467448942
1773405840,0.9466132600862082
1773429120,0.9253100768662861
1773441780,0.35122508679908415
1773462420,0.1397246583400591
1773478260,0.3656476072060822
1773501420,0.5543407236902455
1773513000,0.07084820534559803
1773536880,0.8245662683434914
1773549000,0.7631523479215593
1773571920,0.6522889056994027
1773595740,0.7623293801999715
1773614520,0.6517868581096744
1773634140,0.7242947911982285
1773646740,0.042656759551087484
1773671400,0.8552501719892043
1773682380,0.8518546666737505
1773701880,0.8269771838391681
1773712980,0.1445288810447324
1773734160,0.5761583145561567
1773746040,0.8666114655309088
1773761160,0.25196660529380516
1773771960,0.28767656655892554
1773785460,0.8913910933199644
1773796680,0.17454268375923207
1773818460,0.05192988556266096
1773835200,0.07834106226809175
1773860220,0.6547820690264166
1773883560,0.8232224762270808
1773900720,0.911101550324445
1773923160,0.9090346280972195
1773938040,0.8243232008494598
1773958200,0.2687951989573067
1773983160,0.07692639936528291
1774004820,0.9039527607076898
1774022760,0.36719649874342125
1774047060,0.8896284482018961
1774065840,0.41912915621235836
1774089840,0.8825661006050536
1774105980,0.4732245868651289
1774118280,0.2959276841130659
1774136880,0.6716970681076958
1774157520,0.794921832696149
1774170420,0.43758865543655895
1774185960,0.42741357554812515
1774200600,0.8773090143009314
1774215600,0.7638086140585715
1774235220,0.6311496413837037
1774251600,0.2176992238771696
1774267380,0.07828335011526372
1774280040,0.8095274216192511
1774302180,0.9510355186792705
1774324560,0.7868660782740076
1774336860,0.6758863229594223
1774355160,0.8497769366742524
1774366500,0.7071310739990853
1774390380,0.04402636396490314
1774404420,0.6775644220269299
1774421880,0.7216950282095062
1774441140,0.8553672298495476
1774461840,0.9046018315645751
1774480920,0.8340890119948786
1774501320,0.322320455764294
1774519080,0.6104440943127709
1774541940,0.5318450568483066
1774562580,0.9065791734840165
1774585200,0.8174665214275442
1774600680,0.8538476766140318
1774611660,0.8597977846878361
1774635960,0.7487551571892636
1774648920,0.47807667049080904
1774668660,0.265079131150806
1774692960,0.8427287206903546
1774704720,0.6211787540239844
1774724400,0.6062111120203424
1774747980,0.7745553842863545
1774771920,0.35089027470821543
1774792980,0.231940281052143
1774809360,0.9059254540725231
1774834140,0.9285891669212215
1774849740,0.046015904483024575
1774863540,0.883863525065559
1774874460,0.21719467941862855
1774886280,0.7431432981501003
1774899600,0.8923816995238751
1774918380,0.8423572453502662
1774940520,0.9194637898238118
1774952100,0.7651904776510227
1774965540,0.802152454658403
1774988340,0.4111082317883802
1775000460,0.369466982601561
1775025660,0.4243481243006304
1775050560,0.2650023906923847
1775065380,0.9079888666299731
1775076540,0.3672886312079281
1775090220,0.7377716371445318
1775103540,0.29228679344612285
1775121900,0.8640590175159157
1775135880,0.8243409359706619
1775149140,0.46392254416546497
1775161380,0.11226368554161446
1775174160,0.1424379563879193
1775190240,0.10014758202078587
1775208900,0.6071316717001063
1775226120,0.8097898882992762
1775236980,0.2174477469187041
1775252040,0.6320727721245781
1775264700,0.8794363026013795
1775276580,0.6914321455515859
1775296320,0.7940652003255325
1775317020,0.7924234110660797
1775332620,0.6299946895056528
1775349000,0.7679789537544719
1775370900,0.39940651090292806
1775395080,0.8172823765870053
1775417160,0.7882584254333643
1775435520,0.6764052185747046
1775448480,0.8765911386300498
1775468340,0.9318288041970924
1775482020,0.2406168887984775
1775495520,0.02641855870289889
1775513100,0.48198111315085956
1775532540,0.7718366111495921
1775553900,0.08417493874762334
1775569260,0.05771420321049864
1775591040,0.8132612684495508
1775612580,0.8813320318175372
1775637300,0.23578057196600913
1775651520,0.7588307577985439
1775667240,0.11723261005672185
1775684280,0.8264172306530082
1775700840,0.918472211979837
1775712240,0.86349046635565
1775729280,0.9094975300471468
1775754120,0.9556114774168689
1775775420,0.913253246893395
1775786460,0.8401271932918355
1775811060,0.9384914837036534
1775834160,0.20616272752870896
1775854620,0.24490391540901335
1775869260,0.9004056385949484
1775888520,0.856809676360228
1775903520,0.6617003911153672
1775915820,0.8782686311072558
1775937540,0.8652129682840927
1775953620,0.9030849475378133
1775973960,0.7073194617141473
1775990700,0.05721252238657481
1776003780,0.7677821013572721
1776016740,0.5375260282138251
1776039300,0.9152804631474772
1776063300,0.0638987065609743
1776078360,0.6143948412088478
1776102840,0.5737398367069628
1776113880,0.5581978805626421
1776125760,0.49899018282952934
1776150840,0.22309731742855468
1776173460,0.5995404883593781
1776192960,0.3092585257198206
1776204480,0.774563060842514
1776226560,0.3659105710216532
1776242100,0.6165304528000979
1776264060,0.09935580678040076
1776284040,0.7927326642862491
1776302400,0.0953082586891648
1776322740,0.19956399878041908
1776338040,0.8951275295749045
1776354180,0.8580938978726848
1776378360,0.7948926673233485
1776401520,0.9088021201047389
1776423540,0.9226397220798244
1776435060,0.8547315495619642
1776451680,0.4667456984330304
1776470100,0.23209437497895313
1776488820,0.9228729545579126
1776509520,0.4475917227067104
1776533940,0.8793726164772915
1776556380,0.27015249538265723
1776579000,0.22681244036596523
1776594600,0.7817779562204952
1776605520,0.698728486698864
1776618060,0.5190608101535765
1776630720,0.24203693402643287
1776641640,0.6098052711696522
1776665700,0.31778845103093184
1776682680,0.8300900660136686
1776694920,0.7356678522887601
1776707700,0.4705508595633568
1776732600,0.42250420868382577
1776747360,0.25695113550078785
1776764160,0.493817346131414
1776780900,0.9246972484528251
1776805500,0.4450341117345884
1776820620,0.8397274906097628
1776838620,0.7808578034936119
1776860040,0.1394433956798158
1776883860,0.8594130050095852
1776908580,0.2965309243634158
1776927960,0.8637561257656483
1776950880,0.9181735304374931
1776964080,0.6054275698595595
1776978360,0.4775099561356223
1776995460,0.7813907075258277
1777010340,0.3158918559479955
1777028820,0.5280884929899158
1777053060,0.2813290413450937
1777075920,0.4627722514712597
1777098060,0.6985551178061538
1777109520,0.4676643732531934
1777130520,0.09053934179567387
1777155180,0.8550834890156903
1777177860,0.8586977442749548
1777197180,0.8548789602900653
1777209480,0.03962978796949497
1777234380,0.438964660795068
1777251360,0.9035179294609316
1777271880,0.8144336825255477
1777289520,0.24875723605424077
1777307700,0.2406524223581069
1777329600,0.609894487406251
1777352880,0.5189273540504022
1777373580,0.24697386018096673
1777385160,0.018743585861965336
1777410060,0.2643166344451603
1777430460,0.3088866417926442
1777452780,0.7220022917517365
1777477740,0.8923071690305242
1777496160,0.6795335559871216
1777514580,0.20882159873840872
1777539480,0.1442919324190636
1777558500,0.3182127459682763
1777583340,0.47892487914585813
1777605420,0.3050083471646342
1777624800,0.36663944696297035
1777647540,0.07477893786593824
1777663140,0.19549158229244698
1777686780,0.7132600134821199
1777700700,0.8582181059108349
1777724340,0.8479925028238834
1777735440,0.8402959980159447
1777753140,0.34485678364503286
1777771740,0.6728805207163147
1777790340,0.44976495779321357
1777805700,0.44815426319286394
1777820400,0.07458804875101482
1777835040,0.8389224882051058
1777849080,0.9551704905095347
1777864560,0.4036300051847583
1777875660,0.6115497261417397
1777889160,0.8685637934642858
1777901880,0.7567695392965816
1777926300,0.9256706932227017
1777942740,0.14738584310694233
1777961160,0.19366364900091076
1777984920,0.9031825435784755
1778008920,0.0591260366146631
1778030880,0.9604616837987294
1778053800,0.16651941635889891
1778071140,0.47755358010511934
1778093760,0.06978532422329209
1778111400,0.9388884597144135
1778128860,0.02035603401279873
1778148240,0.7271593959101372
1778166120,0.8376481311074717
1778185080,0.8694689022702136
1778199540,0.4066542054573956
1778219700,0.8140238314200112
1778242260,0.8234629258435194
1778256960,0.895899954254888
1778277420,0.7358077925597736
1778298420,0.6657489502464452
1778320920,0.6966611669576933
1778342460,0.547403280566508
1778353440,0.4014538209803406
1778377740,0.4252899726088601
1778391540,0.4130128463892745
1778416620,0.2126873890994713
1778430000,0.28693280175037944
1778441460,0.876165566386966
1778453220,0.7236771744359342
1778472780,0.06617844399932027
1778488560,0.936600593881443
1778513400,0.6598230469319805
1778537220,0.613851673340172
1778550000,0.5990530497091401
1778562240,0.04829522520121807
1778583000,0.05592952405928919
1778605680,0.8501828614795004
1778624160,0.7876927393529639
1778644560,0.793470719359046
1778664420,0.8662261000221119
1778682480,0.9316556580546783
1778701980,0.035442218318113936
1778722740,0.025881460333333
1778743200,0.29692078655616455
1778760660,0.6988736689275312
1778785200,0.7696870781557917
1778806620,0.7787438273191171
1778821080,0.6067872586385218
1778846100,0.20681701685223208
1778868120,0.9265733042603781
1778886960,0.17586330493972122
1778903400,0.760799644920471
1778915220,0.7756804693673105
1778929500,0.7165847178734623
1778947560,0.7534278201378909
1778972580,0.8122964515953657
1778996820,0.29481295488878645
1779012060,0.7553009222558641
1779026760,0.7530990156283235
1779043680,0.6400466543486141
1779068340,0.9106219974208887
1779092700,0.11250620366362031
1779114120,0.017069260765252628
1779129960,0.7614746140313247
1779148920,0.54651045399058
1779161820,0.0691459878644326
1779173520,0.05145550855438668
1779191700,0.26234827327580074
1779203340,0.6720621763261071
1779219300,0.09298200909928873
1779230640,0.9146012518152971
1779255540,0.1195697135145566
1779270180,0.9397627756333751
1779282420,0.9316917645054859
1779305280,0.22756392759593783
1779318060,0.8998574048525612
1779339540,0.902522109743091
1779361740,0.8716565311108491
1779380280,0.8864590114739438
1779397920,0.8038757510371758
1779416220,0.1726625267214952
1779437460,0.714896092802024
1779458880,0.6495938588281629
1779477660,0.6597470854667393
1779501420,0.910285585592387
1779520800,0.2135758194661931
1779536880,0.37268580643286114
1779552240,0.38514750278974014
1779563160,0.7190599093384115
1779587880,0.7855976796582659
1779609900,0.7531997643179829
1779622200,0.45238928912243115
1779633900,0.38120469338962304
1779650160,0.9616501360749651
1779671220,0.5232637276164466
1779694440,0.10157163022631796
1779713880,0.8756642244683579
1779725520,0.8858412614289165
1779743040,0.18734574634552859
1779760560,0.5387098700961388
1779774720,0.0319638604040806
1779786240,0.618255273647265
1779799260,0.8796039101501432
1779813660,0.27642747325907935
1779828900,0.9583440376885469
1779852360,0.8675020069433922
1779865320,0.03754249141037015
1779880320,0.24733149834152185
1779892980,0.8795392071066526
1779911760,0.7559771548600958
1779926160,0.9539957249172706
1779951060,0.08806489871638216
1779968100,0.6552810347161802
1779988320,0.8979948374604019
1780011660,0.3456415042410604
1780032840,0.04664461211918107
1780056300,0.6632439089332405
1780073220,0.03309593169987643
1780087800,0.045641855681689325
1780112820,0.905052486534957
1780125660,0.950186922379069
1780140780,0.7734534573660734
1780165380,0.1283106995804117
1780190580,0.8619183689291782
1780202820,0.5171197181149458
1780215180,0.7091775284011074
1780232280,0.4244428256193893
1780252920,0.04426092203491849
1780272000,0.7247321434246425
1780293960,0.2470730166501396
1780305000,0.6690433211497068
1780316100,0.7933790435407013
1780336320,0.2528958390401043
1780360980,0.08609764753440481
1780383780,0.7216320520369685
1780402680,0.07510057376409934
1780420860,0.13553288994841617
1780436340,0.9424374777538089
1780452060,0.15550337996788005
1780468080,0.8865738666705824
1780486260,0.3218188807582835
1780502280,0.8667202655272694
1780523940,0.8291884228184245
1780548000,0.833644611117221
1780568700,0.9347059435910622
1780583400,0.13001263006811414
1780600620,0.029812432157868097
1780624260,0.9344510246184985
1780641360,0.8377095692571549
1780661880,0.5391664262422489
1780683300,0.054909019823975745
1780701420,0.9313468577113045
1780715220,0.5955344171984482
1780735380,0.7371399129815976
1780755180,0.03138931606305762
1780777380,0.6386679136299097
1780792860,0.09300731665328194
1780812480,0.029235398927612705
1780823580,0.5119331989549245
1780838520,0.8401728314887936
1780850220,0.8921400441614439
1780872300,0.3352063817087322
1780895640,0.03709316292220021
1780910700,0.6998073024708764
1780925700,0.8970198030389669
1780949220,0.08338081585512407
1780973340,0.6282194482108985
1780987560,0.952645569982791
1781008200,0.933966899425281
1781020020,0.019994683773340436
1781040300,0.9056048014610433
1781061600,0.4812298706409606
1781077920,0.9150980204369875
1781092020,0.8932398660081335
1781115660,0.8194720554428564
1781131980,0.9320498120171357
1781143200,0.17387748078696025
1781157720,0.028431264136529525
1781182740,0.8407906577980261
1781207160,0.9311828581111815
1781221200,0.19877929388221413
1781240400,0.620706303255077
1781254740,0.9494191571834196
1781276520,0.48968016492053756
1781289960,0.9420406982997478
1781304660,0.5762127590015562
1781322000,0.39330552463689633
1781339940,0.9277584294357434
1781357940,0.8120498214682695
1781371620,0.8710395113706012
1781394300,0.3369413328929836
1781415480,0.8051564256418224
1781426340,0.8916511442245482
1781447820,0.7839998240414312
1781463900,0.8426724058461255
1781481840,0.8038405124814753
1781506920,0.2508148640471723
1781532060,0.399375417708547
1781550720,0.09633051555723829
1781568900,0.8871499893050995
1781584680,0.3046572956812387
1781605440,0.4889728026314034
1781630160,0.032145643313272326
1781645160,0.19494367421858397
1781657280,0.12430619469312737
1781671500,0.5392938777386187
1781690580,0.029048710081182337
1781712480,0.06992894878719198
1781732220,0.8097073462144604
1781756820,0.021182987866973556
1781768580,0.43093241820768513
1781781900,0.8008916102618903
1781793960,0.9480876073073696
1781816520,0.14576356748029928
1781834760,0.15697005616232332
1781852520,0.5143090888675735
1781872020,0.9572840014439145
1781897100,0.8503450551456535
1781921640,0.1380822281295395
1781944560,0.2108437534120524
1781959800,0.12518469222779927
1781978940,0.417173498753709
1781995920,0.9048130595626614
1782009780,0.7393865416017121
1782022620,0.7247067257901275
1782036180,0.213785467785319
1782049380,0.06873469441748892
1782068460,0.26576667687513433
1782087120,0.8959024399750783
1782109920,0.8191459842173356
1782131520,0.7099234581165665
1782149100,0.7857666512565816
1782160980,0.032226386161405635
1782180240,0.7336994221205698
1782199800,0.8172325606670994
1782215940,0.5324685483556043
1782227040,0.5738691272178159
1782250080,0.7188874345177597
1782262680,0.07732749573571515
1782283560,0.4110849636290194
1782302880,0.8803664184710438
1782317760,0.8897463847237572
1782329820,0.030157076405632897
1782342060,0.7350641430744304
1782363000,0.5205344700029872
1782378480,0.6292088015204425
1782394980,0.761926470705626
1782418380,0.8929609003719603
1782436680,0.308307299711172
1782449220,0.22010218308774893
1782466620,0.2609043428855415
1782483780,0.055759348600029374
1782504960,0.10198088679066367
1782519180,0.6256204486894014
1782541620,0.06589911177989913
1782561000,0.5989224763826567
1782584520,0.3198798805762075
1782607680,0.4005760246881061
1782623160,0.43188425257909113
1782634020,0.6491957539199359
1782648060,0.8221371551576809
1782666540,0.8655209638999846
1782678780,0.3013718738213045
1782696060,0.13102859763583674
1782709560,0.3350798963644353
1782724200,0.8497304957033279
1782745800,0.6232254594007488
1782765840,0.1522256707312845
1782784440,0.15940346185967041
1782808260,0.28137946612406645
1782819120,0.6874700019140824
1782837720,0.8886085729721842
1782861000,0.06600204343202214
1782877740,0.06854528206128115
1782892560,0.8241444412028008
1782913080,0.2874270005751418
1782931440,0.6558405877844908
1782952560,0.05298735151815591
1782965460,0.39440720153929687
1782980640,0.903883177788261
1783002180,0.96987030750321
1783024080,0.7631875471693935
1783042920,0.2766401449957635
1783064820,0.7405897583039457
1783088520,0.5351247414136612
1783110120,0.8947171839419977
1783122180,0.27684562726807055
1783139760,0.8181947106047309
1783152540,0.7741635373328868
1783168320,0.9583406285653883
1783190160,0.9112739227274801
1783209840,0.9500865155714588
1783232160,0.686341827795769
1783242960,0.15275977821271183
1783255260,0.3033372412638235
1783272780,0.45616990334449775
1783288800,0.6442344532946997
1783305000,0.3070856883097046
1783318200,0.15842753017215938
1783339980,0.39997372339991494
1783354740,0.01964471736044683
1783375200,0.5469343302236546
1783399920,0.8763048658822418
1783414080,0.7930710212938602
1783436700,0.06573602867730549
1783452180,0.8208275181487766
1783469940,0.423065289870967
1783485480,0.1883564783011183
1783501080,0.48645508464592385
1783515180,0.08442295830625157
1783529040,0.8672576839457834
1783552980,0.08201428616844639
1783571400,0.19372740186836987
1783589460,0.13805890828975212
1783600920,0.2661887436059342
1783623300,0.8485973903573435
1783645200,0.05471356658641638
1783663800,0.6406548872209542
1783677780,0.31223814452157045
1783695480,0.08362195322658458
1783708860,0.19590937454481505
1783732320,0.644836741810012
1783744380,0.7008633440677987
1783767060,0.41789230066152483
1783786140,0.7788850905957426
1783806420,0.6546860062061208
1783826400,0.7229741003238541
1783837380,0.5397844599656108
1783856460,0.5000704579022475
1783868760,0.9338191793132177
1783893960,0.7636010976062709
1783917660,0.09987644044854838
1783936140,0.6467304737243591
1783955640,0.9306084628430226
1783968840,0.9291582816735157
1783981080,0.02899891891917795
1784002440,0.6010181861035455
1784013720,0.796680570060852
1784034480,0.9230415383495133
1784057700,0.8744478733020714
1784076180,0.58763476781844
1784095260,0.5856871722525696
1784111100,0.3720749519309911
1784133540,0.945156059246558
1784149260,0.11378269798867811
1784170020,0.8816109042208657
1784191440,0.7957625452481035
1784215980,0.7870835598691113
1784231340,0.8819198791102584
1784249580,0.03249583773144463
1784272200,0.15460758501187927
1784293560,0.5244933219787051
1784310660,0.8501520613449279
1784330760,0.7951708681863772
1784342640,0.2699880112134268
1784363100,0.3155686566453824
1784379480,0.8708123687879419
1784392620,0.7498524391907679
1784415240,0.749966811027814
1784427000,0.8093410631578453
1784450940,0.6488126632921417
1784472240,0.20643099461627418
1784486640,0.7307447867462293
1784502060,0.349093251146344
1784516280,0.8822990731796666
1784528160,0.6070239430520107
1784540280,0.09561957377732794
1784558160,0.7374963379661262
1784580000,0.9081709031826667
1784591760,0.7146520574322964
1784610840,0.17196956811603747
1784626500,0.8042953125422575
1784643060,0.9019586106370782
1784666880,0.2752617050806167
1784686140,0.3679969234029864
1784706780,0.7551698322997131
1784723760,0.9228439745223176
1784745060,0.16068258139381095
1784762340,0.7164756661288229
1784779260,0.02510289862557141
1784803020,0.7671532658978739
1784824140,0.18927104317074908
1784843040,0.579520288396406
1784866920,0.15488388787480062
1784879820,0.09947257494746573
1784903520,0.9328795616201552
1784920620,0.6718331731292949
1784933460,0.35623359694224793
1784949900,0.8850724420772267
1784966760,0.32194316471113177
1784985780,0.05661211773421834
1784999940,0.4429803032037325
1785019500,0.6953920592606266
1785041580,0.7459759353853498
1785053880,0.8427675471399338
1785076920,0.9297951979622502
1785097260,0.6361705296275453
1785114600,0.03771770151052019
1785135900,0.8182569114067556
1785156780,0.8800253555506302
1785174600,0.43298899360959586
1785195660,0.08792979086037042
1785207720,0.4318584934224828
1785220560,0.9416365781431844
1785242400,0.7592582267987518
1785266820,0.13614390794285608
1785285060,0.6655358070118494
1785306300,0.1125449207346191
1785329580,0.8748277469696054
1785342480,0.8916006393305704
1785361920,0.617127019755364
1785376860,0.666221193806271
1785391260,0.7441765669617246
1785412020,0.9315600371122702
1785425160,0.9215618451401668
1785439320,0.04265105454760412
1785461460,0.022672143738368754
1785481560,0.04102794621612
1785502020,0.05698927930320265
1785518580,0.8724775026925644
1785535860,0.8734379402076698
1785549720,0.4273581732525122
1785565320,0.46879148901038536
1785586200,0.1747619630168574
1785600900,0.4102173810539389
1785615420,0.34206273210085464
1785640080,0.8760176624226408
1785654780,0.762609926503282
1785676500,0.8232820592251068
1785689400,0.8058361345400769
1785706920,0.22066757495953512
1785719460,0.8968856383168391
1785741480,0.8838714843546102
1785762000,0.2473310029651327
1785784380,0.27585684053201015
1785804600,0.9622759039267476
1785825000,0.7094464870611878
1785836220,0.7858553097842418
1785850260,0.3698985280299592
1785875160,0.7344314957159402
1785898920,0.8549901353728111
1785913080,0.7924346326167705
1785936480,0.6590130212090658
1785959040,0.23075426766451942
1785973200,0.7664674832808319
1785997320,0.8101821544535077
1786008240,0.9332400160710886
1786027560,0.03381384877573013
1786047120,0.6329065988525263
1786063980,0.8832887203417069
1786076520,0.10211940417308411
1786093920,0.44183266732575616
1786108500,0.10192482817650117
1786120860,0.7884775172592753
1786135920,0.9728588365518502
1786158180,0.7189634751903993
1786170780,0.863190438807943
1786193220,0.5749619445126057
1786213980,0.5920087773276368
1786238340,0.6389374002245105
1786250400,0.8157983128000639
1786268280,0.8623880293597992
1786285560,0.28986716387210115
1786303440,0.5960501496394744
1786328340,0.4117561671581779
1786344840,0.8966811780700553
1786360800,0.7800686553174276
1786377000,0.32635874060445397
1786396260,0.8691383912274382
1786414320,0.6533550303592635
1786426320,0.8975983092764805
1786451100,0.8407197891176049
1786463820,0.39195881920219966
1786486980,0.8020039701861222
1786511580,0.23353131329877658
1786533120,0.852569109132016
1786552920,0.9070273331336663
1786563960,0.5346759725201669
1786580280,0.43753379645647233
1786604760,0.8968108545618455
1786620660,0.8831986131270994
1786643580,0.8919459480605412
1786667340,0.827312240193773
1786679760,0.7227481820543299
1786691640,0.7205211086507255
1786710240,0.454346737595665
1786735380,0.7677525856078521
1786753860,0.38763148856664165
1786772520,0.6424821351385392
1786785360,0.09065223084514155
1786809180,0.8338532788435515
1786833960,0.20848594879521798
1786858440,0.4392162360722744
1786878180,0.7001343948599578
1786895940,0.27625934092929405
1786912080,0.6572040489696259
1786928280,0.21153832386693097
1786943700,0.7991163452848826
1786958760,0.3347643316382009
1786975440,0.08385893504880101
1786986480,0.8924433625196254
1787007540,0.7246445497588055
1787019000,0.9186495183941414
1787038620,0.06137231168356805
1787051760,0.442861080154583
1787065320,0.6909174134991002
1787076780,0.4827720130649411
1787095440,0.8841234216993745
1787114040,0.803156185753744
1787135100,0.8410311602332748
1787155440,0.9175276255823918
1787176200,0.7284041186764346
1787190840,0.9407144850596598
1787202600,0.3354353444394519
1787226360,0.9304823558829423
1787249100,0.8928512699885233
1787266860,0.840541442466493
1787283360,0.7397682126299209
1787307300,0.4458038622152035
1787326560,0.8778004370920228
1787344320,0.8204723223733908
1787368620,0.8602585788524159
1787382600,0.2716822221923467
1787398080,0.7802864678179358
1787410680,0.5144946694336024
1787435220,0.8825845537145228
1787458380,0.33128311786345577
1787470500,0.5863757933447068
1787484120,0.47083685725058066
1787502060,0.2739743826987592
1787518260,0.6922254218318924
1787535660,0.09484978270466564
1787558700,0.9053941032075088
1787576760,0.6446159374715669
1787590680,0.8952716706471593
1787612100,0.8967203800472195
1787626320,0.5379930256370578
1787641500,0.8123122620412787
1787660160,0.7141177335540542
1787674320,0.9212973059220669
1787696880,0.5964845407955977
1787708220,0.8922755569757443
1787733180,0.5795858690532049
1787747580,0.8470394223760147
1787759880,0.27549773244776693
1787773140,0.2936570272318
1787795100,0.7445468044789652
1787812260,0.9011890994550067
1787829840,0.41536679030908435
1787853660,0.9172585037116654
1787873340,0.22283493869481016
1787896680,0.020048198173780344
1787913780,0.2096327324107584
1787937300,0.35727038103743014
1787960700,0.5016647118770898
1787980680,0.20471321519542207
1787999280,0.29009571637321857
1788015600,0.1768118670766671
1788031740,0.563592601405529
1788047460,0.3521374552053074
1788060720,0.8490100662272588
1788075300,0.08245560215886757
1788086640,0.3162657719891665
1788106380,0.8678930734153412
1788119760,0.8021577563123892
1788137880,0.7582876195703359
1788155220,0.03888708170801305
1788173220,0.21888055278171725
1788185460,0.8800919372045309
1788210480,0.5509563271314578
1788232320,0.20680991148453262
1788246240,0.8486539225144468
1788264480,0.7535233653234137
1788281100,0.3405708551254228
1788303180,0.9371914520129386
1788314580,0.04807628297160913
1788330240,0.8370987884853713
1788349620,0.17499130747325944
1788368220,0.1247961081023669
1788382500,0.8738324865659884
1788406980,0.3471966008124963
1788425520,0.7495074026407569
1788450600,0.8603314853752911
1788461940,0.9094966791271983
1788482580,0.6299401042563395
1788502740,0.6618617658328028
1788525660,0.8859044166618009
1788548940,0.8828162758189559
1788568140,0.6537866946277789
1788584280,0.7388487645704214
1788609420,0.7818788540216431
1788634440,0.7362028250866938
1788647340,0.8316365749391786
1788660900,0.5093792077653428
1788676080,0.14627776054412336
1788696960,0.731533054112143
1788721440,0.5416337171810683
1788734400,0.04417252460383532
1788751740,0.41931269001233873
1788768780,0.8116643525301952
1788784980,0.0829244610622752
1788802020,0.8817982453272719
1788816000,0.8962501521861553
1788835020,0.6572030343525777
1788854220,0.3278229634843696
1788873420,0.8329730135361287
1788885060,0.8526361775652713
1788898980,0.2803134144561788
1788912960,0.637887300287327
1788926880,0.10391657751557921
1788947820,0.22749838953738205
1788961380,0.39988866298630515
1788977220,0.8195009500791816
1788989940,0.23974533497413358
1789001220,0.7247741370245281
1789021860,0.49039775038084127
1789037340,0.33704172043301384
1789058940,0.4089338163554741
1789073880,0.12123836803997359
1789094220,0.12663724161782972
1789111020,0.6700837219711566
1789127160,0.2693331450211923
1789142760,0.2553161531915434
1789156380,0.4362037666138303
1789172220,0.8765017607146047
1789197060,0.7294250274445883
1789212180,0.6593136083877841
1789233780,0.9028703010870032
1789253460,0.16779943797200905
1789278480,0.7215417403177216
1789301040,0.4016633623690869
1789315980,0.9037130591436184
1789335960,0.3667667869095287
1789351500,0.2963871435288551
1789376220,0.06611797771060673
1789388880,0.8461025151768351
1789413120,0.1775627968515171
1789428960,0.9252151651492447
1789441200,0.2619164669655219
1789452360,0.6257711087379797
1789466700,0.6343957125143203
1789481760,0.9244011282600526
1789505280,0.38060872818156305
1789517400,0.2507884209240963
1789541100,0.25213940890221875
1789565880,0.8189664996771174
1789583340,0.5943892901963234
1789595940,0.2046981748243493
1789614120,0.22111741864325324
1789629420,0.21094808790576883
1789651860,0.5758152661383349
1789672620,0.7257832573336204
1789685520,0.7640158261439121
1789702440,0.37643528700629564
1789717140,0.7800315500199669
1789729560,0.15338629358453623
1789745640,0.8509320000765946
1789759560,0.2726011297408694
1789781280,0.060272604882469424
1789798200,0.8522457423233807
1789814460,0.4821374767923141
1789830300,0.46751686624467825
1789851720,0.15964638190318034
1789862520,0.08097800337680494
1789875900,0.78125534853658
1789900200,0.7787974020508501
1789916580,0.5875973544345219
1789939140,0.8552896742035495
1789963320,0.6479687269347514
1789981380,0.8520664039327703
1790006220,0.3079654707767461
1790030340,0.2689868369043671
1790051400,0.5014136367683705
1790067720,0.6424219806838167
1790084640,0.6425531653387377
1790108700,0.7703139960637194
1790127240,0.9146005959284615
1790143320,0.7511605105532101
1790158380,0.5952963956522573
1790175660,0.19412565224810113
1790193300,0.8793149015066863
1790210100,0.665624137549352
1790226780,0.4763954248635834
1790239800,0.15169768932333802
1790254800,0.18832647717653564
1790271180,0.5091841844091769
1790292600,0.20463577496346608
1790303940,0.5035711209053824
1790319720,0.5531465437453381
1790330760,0.4425856062950896
1790354400,0.8825283224563228
1790374980,0.32085868841390897
1790387820,0.8934131243209674
1790411640,0.8535935995926176
1790432100,0.07734519339088487
1790447100,0.8515704161227071
1790465640,0.27050955168400975
1790484900,0.5410388450779946
1790496300,0.6156351933733251
1790517900,0.7412410135115082
1790534760,0.6879880451766146
1790546700,0.6941092219717337
1790567400,0.8415562265684838
1790587860,0.8769350152277875
1790606220,0.15918839200485171
1790621520,0.5208115136077194
1790642220,0.3993528550249644
1790654700,0.8249785555152674
1790672820,0.283528127937159
1790691720,0.8960603072093019
1790709960,0.16123469073041036
