ID,p_up
1475380980,0.331274561268025
1475403000,0.8479263564642223
1475413920,0.13926130814054907
1475437260,0.1664402035509726
1475460720,0.3673697537735027
1475483820,0.7204696608286583
1475499180,0.24792145553923536
1475523060,0.916159639143618
1475539500,0.10567473929234734
1475564580,0.39268347399778525
1475578320,0.7753862992157874
1475593260,0.9242660697573165
1475612700,0.3387095550212732
1475630160,0.40483966325958404
1475643420,0.5026005819479498
1475659920,0.5573677398795337
1475672580,0.7816778682276239
1475696760,0.9220458050856591
1475714160,0.10402811504138465
1475728920,0.8758757451393504
1475748300,0.04897711548432644
1475768700,0.06838591748899457
1475782140,0.7596361747978955
1475802300,0.06158171623292756
1475821560,0.45167526137633907
1475835180,0.28998326540346475
1475851380,0.6430118285708384
1475873460,0.1231726201478918
1475895480,0.2545923550390954
1475907660,0.5866288227629856
1475926560,0.6531124377423436
1475948640,0.7554974763831961
1475965740,0.3759080745994478
1475985480,0.07099859622537884
1476004020,0.8410653561082633
1476017340,0.3864109216775785
1476030360,0.6387862484541214
1476044280,0.7855652762020737
1476066120,0.5837451977934781
1476078060,0.012708324212797184
1476091740,0.703108150805586
1476115380,0.8802256716805158
1476131400,0.16591704594113246
1476147120,0.4568003330332815
1476158280,0.2305394354189991
1476176100,0.8587551499895767
1476192060,0.06488536496033166
1476203220,0.7782746641279646
1476221820,0.8449848061967676
1476243180,0.07436130579637935
1476265380,0.3350432606993893
1476282540,0.08293341039595223
1476293340,0.0990520555005213
1476304200,0.8886294160218935
1476329400,0.8232168727927065
1476350340,0.5942401211232955
1476374460,0.6631184113663184
1476387720,0.7772209806433568
1476410340,0.11054391680738462
1476430020,0.17057862964276968
1476443520,0.6383859086092613
1476458700,0.30278708840363244
1476471000,0.6062536155767899
1476491820,0.8875558028908945
1476508980,0.8857822533915758
1476521400,0.6011804681486342
1476545760,0.42521102298909985
1476567000,0.22375662882140923
1476586620,0.19135881822887327
1476600180,0.5377031737053287
1476622260,0.620251826959934
1476638820,0.5967732195193374
1476653160,0.517762472381653
1476672000,0.2589353415991329
1476691920,0.7447553780035934
1476713580,0.8983722707253773
1476738360,0.8329897823667649
1476761820,0.04706429706373315
1476777660,0.43955661603415386
1476800820,0.6293149435983807
1476812220,0.8274529687322701
1476826560,0.010279439728617142
1476839160,0.7408962975705536
1476863340,0.7806223945398106
1476881760,0.07299474556031561
1476895860,0.9208742825614102
1476917940,0.3197075284265991
1476941040,0.4235682460563026
1476963420,0.6010019071341042
1476982740,0.6733609903717408
1477003800,0.4582395646734201
1477017420,0.8110285188879038
1477032120,0.6813089424668735
1477051920,0.8062765871054194
1477069380,0.224520869082071
1477088100,0.9858822539660518
1477112940,0.37397763997293004
1477125720,0.1710000450620431
1477137120,0.5921491639045511
1477150440,0.8133778581869708
1477165860,0.7724274760926991
1477189920,0.9349897418639549
1477213500,0.6047459780301103
1477224420,0.017231043500098863
1477237500,0.281864008045256
1477251780,0.8228098830364026
1477267920,0.9072404837299515
1477287000,0.7780134456568504
1477303020,0.4445117608055433
1477316220,0.873332069764971
1477332900,0.46955169347153464
1477348620,0.8422368459350218
1477359600,0.601926605381061
1477371120,0.019431028785845957
1477382820,0.7413861461420775
1477404540,0.8615047974010441
1477422120,0.0891616773981964
1477434120,0.7187120500064984
1477450860,0.7978321927777967
1477473900,0.9548604267298145
1477498800,0.9219688874006496
1477512300,0.7883336116995285
1477535160,0.8870396671123345
1477546080,0.8643325843630872
1477568700,0.2600455471253824
1477590420,0.9052667466604568
1477606860,0.6626390125346568
1477620960,0.5873530556426353
1477642140,0.011843968135513843
1477660800,0.02625019615094099
1477683240,0.8627825644823347
1477695900,0.09949955296866939
1477714080,0.47356331563502346
1477734420,0.37832243256853815
1477746120,0.1903153810546604
1477757100,0.30325778269228476
1477777500,0.5978128618888816
1477795800,0.6142528544793561
1477811580,0.0018360260706631922
1477834200,0.8066168016623338
1477854360,0.8070543434203744
1477871580,0.8960282446273231
1477896540,0.06148108443652714
1477915740,0.8511500845555325
1477929600,0.2672085249484861
1477945980,0.91242676285442
1477968540,0.2282147644425463
1477989480,0.7459150232204174
1478010960,0.14188770156528824
1478023560,0.7992281389740136
1478042880,0.5475043028117672
1478055960,0.28299074296390864
1478067960,0.8160840441717166
1478086320,0.9732135333947394
1478099640,0.7114084255933676
1478124120,0.8137826913664873
1478140020,0.7941060009648514
1478154360,0.5439875524362072
1478168280,0.828072722898144
1478181540,0.7104934370982017
1478194800,0.6547598401232829
1478209980,0.8301678934139062
1478223060,0.26357803998331253
1478242080,0.0969876072562953
1478254260,0.3036432995855511
1478273040,0.5438507385150344
1478294520,0.9146803007685729
1478305320,0.586446559256792
1478318340,0.14271840433874272
1478329140,0.261132457748543
1478350020,0.7693133639346708
1478368380,0.037495774583582706
1478392740,0.8806545375187335
1478406360,0.8516677343063834
1478429940,0.0036731021747240795
1478450040,0.809318926205588
1478475180,0.024733315292712083
1478498220,0.40622904526382153
1478522040,0.9015581935581658
1478534280,0.012879454826246726
1478549100,0.49985637304414254
1478567640,0.7083761752470756
1478589960,0.8780731347984713
1478606940,0.5541321152210328
1478618700,0.9320025448812725
1478641620,0.06468382440619466
1478663940,0.21298614891222037
1478681760,0.8972916878046395
1478698920,0.8232077531652334
1478712480,0.7889299100017699
1478727000,0.8092520327989599
1478751900,0.9527725636298033
1478776140,0.6499303513325264
1478789760,0.679555727371618
1478800920,0.5556374196188671
1478817420,0.8831669167611674
1478833260,0.7331833171218977
1478846760,0.20689728683871392
1478863620,0.9327278194360666
1478877120,0.49845102111474515
1478890620,0.70635020878249
1478910180,0.6741607578458354
1478931420,0.12912966262650813
1478954820,0.7644916061521216
1478973540,0.02460702824821492
1478998020,0.005054212928073906
1479012600,0.22962480991363102
1479029700,0.13183275608682102
1479048360,0.7704430176359836
1479069780,0.898772697541735
1479086940,0.35205919094468224
1479102720,0.3357102856717138
1479115320,0.31104748509304603
1479127140,0.584340579861671
1479147780,0.7124535557015841
1479165600,0.8159819822367187
1479187800,0.7769405543524184
1479201540,0.7347505476295157
1479221940,0.7801051459845671
1479242280,0.9326986675343205
1479261840,0.8228106626410945
1479275700,0.3852747516266845
1479297960,0.900550312219432
1479310800,0.13183173359250125
1479329700,0.7984487580004278
1479354180,0.6479004409543907
1479368520,0.8448589715754715
1479384360,0.786298231706544
1479403860,0.3512676821859121
1479419100,0.8819529536488073
1479431820,0.6842953610998932
1479450840,0.7057796545702337
1479469440,0.7354882774804055
1479490860,0.029854200533497546
1479513480,0.001957085482484167
1479534540,0.8303123699141595
1479559020,0.921730312211974
1479582060,0.8938637113107997
1479593760,0.9071906770485159
1479608520,0.8988454810158739
1479631200,0.589931027185725
1479648540,0.8935971113964407
1479660000,0.8781876838540351
1479676380,0.004650856424842815
1479699420,0.0057758905235394216
1479718140,0.8882816845143909
1479737160,0.8472104318038822
1479756720,0.49929892738630605
1479769140,0.7717106573063883
1479789600,0.6030862974890319
1479812040,0.8251160575272585
1479823860,0.6054615634057613
1479837000,0.640539348764545
1479853500,0.748769574263849
1479877800,0.6850040968973411
1479899460,0.27466388704652644
1479919980,0.7808903958932891
1479931320,0.9713028367098078
1479946320,0.8535559808698328
1479968580,0.8145945027667237
1479986160,0.007240544112319406
1480007460,0.8857311895610475
1480023900,0.9715861452783798
1480040820,0.014833029693561333
1480056300,0.6406517048706855
1480073940,0.4662976941322947
1480094100,0.6316277147933532
1480108920,0.8523017068544214
1480124460,0.032468186561829
1480146540,0.9712056657910687
1480164900,0.841033897211251
1480183020,0.7339914119577928
1480194540,0.678740701783337
1480209360,0.8464006545938205
1480227000,0.8672342162614093
1480238220,0.48904327535870706
1480252380,0.6137350000688571
1480268460,0.9026402099705103
1480281300,0.5615302497310577
1480306200,0.8906512786916323
1480317000,0.7830280773622145
1480338180,0.9235165494948547
1480358580,0.886674255436641
1480381680,0.11956744201095725
1480406820,0.590535785624791
1480418880,0.6720549524565744
1480430100,0.6944073380427008
1480442580,0.459418701364759
1480462620,0.2374159780372965
1480486800,0.9183628506240857
1480500480,0.1769361167675838
1480524480,0.404549319179752
1480541340,0.7603426886043101
1480559640,0.7190335070219573
1480573200,0.02884574773446865
1480588140,0.8732860316401287
1480604280,0.5579443191225535
1480618260,0.9677558340635616
1480642860,0.07093366527771505
1480658220,0.7108041256561844
1480680120,0.9804909297626961
1480695720,0.662737183013431
1480719480,0.7985964821825211
1480736220,0.7390656792321239
1480748160,0.4760475127232226
1480768380,0.6251062939365787
1480783800,0.6164493233977772
1480800240,0.6961205784690534
1480823040,0.03161690055941518
1480847100,0.06692442349473246
1480858500,0.37475635281130926
1480875720,0.7287629039483134
1480889400,0.6810971028188776
1480902660,0.8927551413199336
1480914660,0.10694484047872546
1480927620,0.657673136408015
1480950960,0.03005407194155587
1480966440,0.874686646565514
1480980780,0.7342981223714631
1480996680,0.831043795747562
1481013960,0.883253929698113
1481027820,0.44462070015774524
1481038800,0.958033057825533
1481051880,0.7356803250613255
1481064420,0.3219961988554092
1481083080,0.761828275885438
1481094360,0.6968063524460706
1481117280,0.6244031722742196
1481133300,0.4063711026219695
1481150100,0.9156654407042408
1481165760,0.21099072310365435
1481189820,0.8503118769532128
1481201220,0.4678352644026317
1481215680,0.26691765207574525
1481227980,0.8613536055070405
1481246220,0.6542632765139258
1481259300,0.028944654245768957
1481278980,0.15503648298100423
1481292900,0.09408339925500199
1481307660,0.8824661039221084
1481327160,0.017918708185109957
1481346120,0.2504492087098078
1481362380,0.644117727524972
1481375580,0.9171184849359828
1481397720,0.38517877975604803
1481412840,0.9300204581557203
1481424180,0.30341426197399524
1481448120,0.07591318964162522
1481472300,0.2584950783200073
1481484480,0.024138623764392225
1481496720,0.9920741002804035
1481515620,0.36797412297096443
1481529600,0.9425886482516934
1481548800,0.7547426071404222
1481567340,0.9041333428752201
1481588220,0.8194987086565099
1481605260,0.03710123868185601
1481624100,0.8118317904057785
1481635080,0.8517223476616724
1481657820,0.5012854004540929
1481676600,0.9612035364144788
1481689680,0.20727743961626685
1481709480,0.8549011745346422
1481728440,0.8698025658717904
1481744220,0.7323377267513478
1481764020,0.9091282261243456
1481786520,0.8012704436293705
1481809320,0.6775448915079237
1481833920,0.7142510164720424
1481847180,0.39160290277161675
1481865000,0.36928422036343567
1481882160,0.012734861534714554
1481899680,0.808031803754995
1481910840,0.6855951003195051
1481927340,0.9318273924951074
1481948280,0.3499861685000425
1481959500,0.34486674188222344
1481983620,0.7133230963242099
1482000360,0.6164467018187474
1482016560,0.7793140367903824
1482037680,0.06738775085447912
1482060960,0.6620785262104876
1482080040,0.3497274655354724
1482100920,0.5067383544109455
1482120840,0.12252581608296347
1482131880,0.6856547097387395
1482147540,0.5916159165608337
1482165540,0.901101063824123
1482183060,0.0059080270705646745
1482194520,0.4734599402125553
1482210180,0.02158909403432604
1482225780,0.9605990377164977
1482242520,0.7542329089800018
1482265560,0.8754267113458664
1482280920,0.7435239713814561
1482293640,0.9885395484465757
1482310260,0.8172376840469046
1482329700,0.3439818585552062
1482350040,0.8659198574170274
1482361680,0.4150712033711562
1482381180,0.41150153673856965
1482393660,0.7092337012288938
1482411900,0.6141469720909007
1482424500,0.17863357735383317
1482436740,0.8241926053149573
1482456960,0.14565358598000339
1482470400,0.3448138485892783
1482481680,0.7003885674047641
1482506880,0.7575878181066988
1482518460,0.9370680235575822
1482534000,0.8342288790320909
1482557580,0.6846976322370865
1482571680,0.6374680026277042
1482590520,0.8233184988885283
1482602760,0.9150256826120291
1482620580,0.4747872875373464
1482639000,0.8236092876767184
1482657000,0.004150718235924179
1482668700,0.6037505055196788
1482685980,0.18579481594038758
1482700140,0.7157196294054313
1482724800,0.46934668440333327
1482738960,0.9257976492480278
1482754800,0.14413418491672453
1482777000,0.7117162270506834
1482799800,0.8949127942089358
1482813060,0.2229398588509053
1482829740,0.740132010803431
1482849540,0.014080849003076738
1482868680,0.8093905322567992
1482883140,0.8737921889873459
1482904440,0.8563885698669457
1482922440,0.22029878227007052
1482947400,0.6827583853803221
1482960960,0.2690355266955087
1482985560,0.18976263016297296
1482999540,0.428383557507841
1483018800,0.42706538753495377
1483038420,0.9515211057131389
1483063500,0.8725671971676976
1483082760,0.019916721841473518
1483103340,0.9835207816542029
1483117380,0.2712724732516015
1483130580,0.8696457183260994
1483151700,0.7796207927796635
1483173720,0.9367339659070594
1483191480,0.6361382728268024
1483215300,0.5141640740214264
1483237740,0.3978393314194564
1483248720,0.16368420949742513
1483269480,0.9901023206767897
1483283220,0.7166174286430076
1483295100,0.8482423720547994
1483317900,0.43081936870032367
1483342500,0.9615792297249931
1483365060,0.8907503356207882
1483376880,0.20970151489892547
1483396260,0.14917790516485502
1483419420,0.9261680121158242
1483432080,0.6237718682601483
1483444320,0.6145565215678411
1483459140,0.3491656366641662
1483478640,0.04297699754209006
1483493040,0.452259454674191
1483507080,0.8493649989702783
1483522140,0.816690952517727
1483536360,0.40132265683854657
1483554780,0.6593682941079041
1483571220,0.3840542870128405
1483593240,0.6627490232574615
1483614600,0.9011155918498044
1483632240,0.9198852754242667
1483653180,0.9821878247972284
1483670160,0.8852137121915779
1483689540,0.8661317487521328
1483704120,0.7706678543040695
1483724880,0.41023238203940227
1483742580,0.8585756350391305
1483766640,0.2748072426643198
1483790280,0.6314587294676872
1483815060,0.6498562139239557
1483833600,0.24901470241450405
1483846020,0.03553632413681189
1483864740,0.7360357815738853
1483875960,0.6273062409625394
1483894620,0.3662809498303919
1483919400,0.914287304844022
1483938480,0.2700762095564756
1483963260,0.9035014794407195
1483984500,0.9010298768173831
1484000940,0.2143630405412833
1484015400,0.8167883610495159
1484032320,0.3741547587115699
1484050680,0.850694120702456
1484071980,0.9563315938624386
1484084040,0.6443773508039174
1484101260,0.9085269979821666
1484119200,0.1141075463861498
1484131680,0.3130720047592268
1484147460,0.7693667612623968
1484162040,0.6546181120018958
1484179620,0.5607630411019731
1484195040,0.5257432660310589
1484212320,0.13431473121651238
1484231760,0.7679993371592734
1484244420,0.0058306384640611966
1484257800,0.2289018425445053
1484271900,0.23983150248148252
1484293860,0.7327048146968523
1484314080,0.08260780584430977
1484338980,0.8672784539994652
1484355660,0.5942595339378647
1484370480,0.8895205031733965
1484390040,0.7638607787931025
1484414340,0.6169891944194046
1484434860,0.5953716929013707
1484457600,0.5551574109760108
1484480640,0.6321425411843706
1484494140,0.2102676834127576
1484514600,0.7149600245064195
1484525460,0.5413497353468023
1484544180,0.49086325876902925
1484566200,0.7375541466750312
1484588040,0.6063174008682785
1484603040,0.2556604658234518
1484614200,0.8803729243362346
1484637360,0.19116504105092935
1484662560,0.34601755714032045
1484680680,0.260778546799874
1484705280,0.6369578526822159
1484721180,0.8566027454285695
1484742600,0.879601312465229
1484763060,0.7181304383192149
1484776920,0.8754449467969042
1484799840,0.7606621809540237
1484820240,0.875959982841152
1484835660,0.5484563253374732
1484846880,0.21249500975604008
1484868840,0.42313735995552415
1484885700,0.7847265317724454
1484902080,0.6718372736359254
1484916180,0.44913485903035544
1484941320,0.7586310769236837
1484960700,0.7508496687446182
1484975340,0.8393028101179336
1484989620,0.010377421791676963
1485001800,0.8327120314102501
1485026700,0.8245741382397919
1485049680,0.9419365891039886
1485063600,0.3147160850972522
1485078240,0.44595703915722573
1485103140,0.8491170779979517
1485122520,0.7747928867397463
1485133380,0.44208826434833665
1485144420,0.41761286420930455
1485157500,0.9860278705941636
1485176940,0.7818091622093781
1485196680,0.15184367210485902
1485219600,0.7701358354781442
1485244620,0.9177707409852796
1485267420,0.8476035799174699
1485280260,0.4106030993987313
1485296100,0.002080122274174409
1485310140,0.31489128172292474
1485322860,0.629002607842303
1485346500,0.7326270859552696
1485366660,0.197220569636491
1485387000,0.8111740719781111
1485402480,0.7935257745303108
1485421080,0.7574047740400429
1485436260,0.6329237710587179
1485447480,0.2838152164567962
1485461460,0.0031170119872995063
1485478800,0.015151927175846219
1485495600,0.5335149095165448
1485520500,0.6405383879015145
1485541740,0.348288008598987
1485561420,0.38479225973225945
1485578340,0.16282725246087526
1485601260,0.8404237738519474
1485621960,0.026441107346629824
1485642540,0.6206230070386236
1485664500,0.3313062833805449
1485685440,0.6083801825627835
1485708660,0.7914325074451038
1485726180,0.8304430069120208
1485745740,0.7917857680345026
1485765120,0.21416496281780542
1485780180,0.9033814982155041
1485798660,0.6230180800504413
1485813780,0.0032599607339190858
1485832800,0.4103647950421082
1485844680,0.834279219359247
1485865560,0.918739764439976
1485883680,0.06082490945084783
1485907500,0.7866733911225273
1485929040,0.636542077415108
1485947220,0.7112880259199879
1485972060,0.3151465369075177
1485992820,0.837715789328344
1486006020,0.6161306687093004
1486030620,0.9242247912890167
1486047900,0.2343216269985112
1486059420,0.30109770492905547
1486081020,0.16434486226272202
1486093320,0.8262766030233213
1486115340,0.6652155699572954
1486139940,0.24941128555552322
1486163460,0.11664402162908807
1486176060,0.46392436522175956
1486190940,0.8342577480758814
1486211880,0.319390548630653
1486227480,0.08961291966161296
1486251900,0.829555881578985
1486269000,0.25173938452234446
1486291020,0.7134328763789421
1486307820,0.7490581612032243
1486325940,0.9610352219877155
1486338120,0.9903471215838743
1486354860,0.8915972234838954
1486376220,0.07079619927540236
1486396860,0.8836530627764779
1486409520,0.6251446043190788
1486431660,0.6199236108832391
1486449060,0.0987092985587324
1486463340,0.5025483287083687
1486483620,0.8624944860221182
1486494480,0.6429562641627415
1486516800,0.1487103192894117
1486534620,0.945088339460976
1486547760,0.7594918754504075
1486568160,0.8488890253131124
1486579140,0.024527658259120615
1486595400,0.6442960174351533
1486608600,0.1454956356278418
1486632300,0.7926288736002375
1486653480,0.4400572930430653
1486668420,0.10856339031689803
1486693200,0.9211226629419487
1486706160,0.5710286863835794
1486722900,0.9112830379165723
1486736160,0.46189849675670264
1486751700,0.7676607301225722
1486767420,0.6357945707777923
1486787820,0.7476271009117084
1486807800,0.40913693183498967
1486823400,0.9157280323722904
1486840800,0.2355242907258298
1486852200,0.1943238962676767
1486868400,0.7247127924928002
1486882920,0.8761021810049083
1486904280,0.2595314915559753
1486924260,0.6477988742681002
1486948260,0.8630238671139197
1486966080,0.6411042070600176
1486977240,0.5646462531313596
1486993320,0.022738871428533085
1487014380,0.38211413629288504
1487031180,0.24851547795399814
1487049600,0.01039371969250846
1487062500,0.5853475076185883
1487082600,0.4544322692584078
1487105160,0.9693415595499357
1487127660,0.7926353319762208
1487144160,0.812504645976757
1487168220,0.32319765343828877
1487189580,0.6657798753247028
1487213160,0.9651552611322888
1487232660,0.9682906264348007
1487256120,0.8257009961080483
1487280720,0.5179901212633182
1487296080,0.49870969075786875
1487319060,0.2922271774584445
1487338260,0.29714473279331977
1487351040,0.24955104621217025
1487369460,0.6909021535699167
1487387160,0.4720754266553801
1487408580,0.3922124720441425
1487419500,0.8797796577092033
1487437440,0.9107045811550878
1487459820,0.9195221027065763
1487476260,0.9894012577657909
1487490600,0.746858728312009
1487507640,0.9876793775744788
1487525640,0.4673951119617493
1487539860,0.23667193969917935
1487560080,0.8148722271152925
1487578680,0.8714798269792137
1487594700,0.44554924695306786
1487613000,0.8847125532835421
1487628300,0.8402211506895461
1487651760,0.9759734433958852
1487671680,0.3621177367103725
1487685960,0.6075114050747703
1487710260,0.6461142061492646
1487727420,0.9018625250709396
1487743080,0.7992425214636639
1487767920,0.907388999621385
1487780160,0.10199849659225839
1487793240,0.5461371137124142
1487806860,0.7262157866518468
1487825820,0.21245557339690344
1487837280,0.45750587064067383
1487859720,0.07308332741605834
1487881380,0.6855474657283773
1487902680,0.5331369183399307
1487925060,0.17831914912486457
1487937720,0.5162431212612164
1487960460,0.05024374737174026
1487977200,0.38725309706690064
1487989920,0.38658054048015705
1488006360,0.705221724199574
1488018120,0.34882183218703444
1488031980,0.4533918643838382
1488052860,0.8189148083024433
1488066960,0.74025200009022
1488077760,0.44133946330934015
1488090000,0.43962996270882704
1488105960,0.775706812289167
1488120720,0.23519470511086524
1488140520,0.8900571185744359
1488155100,0.7894743708097447
1488175920,0.5577665529954752
1488194940,0.798067135988989
1488215160,0.8041047231041119
1488230160,0.43850865421577506
1488250380,0.8551651973687252
1488269940,0.5694384765392393
1488285480,0.33072224307689724
1488301560,0.5223017815347887
1488317160,0.29267049887890595
1488333960,0.7251986442420575
1488345060,0.6229322606483638
1488364740,0.6832432787825228
1488377340,0.1194763862026711
1488397140,0.8889165104203117
1488414660,0.9506020577170384
1488432180,0.9674049921167702
1488452820,0.7706977225746416
1488468420,0.7317341073464497
1488482820,0.5480890170326431
1488497520,0.3600594344274902
1488509820,0.07863029153911752
1488523200,0.7644585440397107
1488544500,0.24747265376597463
1488559740,0.34800221659858516
1488580860,0.7477076702575266
1488592560,0.1787019649792389
1488611040,0.6337310456221439
1488623760,0.35341428362248933
1488636720,0.39391814294475774
1488655620,0.30081168793813007
1488669420,0.23084242620481174
1488690960,0.4021175420906148
1488705840,0.6736397932607963
1488719880,0.794915199800819
1488743760,0.8539294736784732
1488758460,0.3165107443017327
1488783480,0.8465464467545858
1488799740,0.8055864623898215
1488811260,0.23413420172893554
1488823260,0.672743260021355
1488848400,0.9034768858047939
1488869940,0.7625366016525138
1488894720,0.5229044061307824
1488907680,0.8735268118120945
1488930600,0.434289020319407
1488952740,0.5885205101589317
1488967080,0.6418566828889614
1488988800,0.4701362492336905
1489000260,0.5306974776855304
1489023480,0.9672944384197012
1489046880,0.10450278661901785
1489059780,0.9181814782281459
1489070880,0.36910469897684944
1489082220,0.8835951811499783
1489095180,0.011113165734994506
1489111740,0.009451496347402511
1489129020,0.6617862730074309
1489148700,0.8415985286847565
1489165920,0.3045634346335329
1489177080,0.8650244868207935
1489190520,0.41427166763099593
1489203660,0.721350136148956
1489224780,0.7449235676378122
1489243380,0.7112837092293015
1489262100,0.7467098910159876
1489275060,0.8433261848461024
1489293360,0.5464631699117009
1489316700,0.5504950095910917
1489329060,0.8148373627447312
1489345320,0.12969145358727047
1489367580,0.2799013559336041
1489379520,0.0067799412784763325
1489401660,0.21260317109389135
1489414800,0.9495472248708869
1489425900,0.004383542299508616
1489437780,0.6027145967058365
1489460940,0.18096418190051827
1489484760,0.49676641942335015
1489500960,0.86676627210412
1489513740,0.09343287531253885
1489538820,0.6879668749895396
1489555140,0.0521448345131669
1489571160,0.9338726981803347
1489585200,0.006699511870705225
1489600500,0.061897576649307263
1489614300,0.4314131921976352
1489633380,0.41669636042427344
1489649220,0.5398431342710053
1489666200,0.7645878659204994
1489678080,0.04527159865928861
1489693920,0.7364724754882954
1489707180,0.8968610918711808
1489721820,0.781248326786151
1489739820,0.7757098869440067
1489764900,0.8135327685140812
1489784160,0.12163828802935105
1489797540,0.15502495944119318
1489816860,0.7734455478246808
1489838640,0.28164883223157866
1489851420,0.7911081082197122
1489868100,0.46933153009522827
1489879260,0.651711167054328
1489896840,0.46557906461493287
1489909860,0.009051566997260731
1489934220,0.6932007092903351
1489958820,0.1522711739096131
1489973520,0.2372303224966191
1489986360,0.6351052326394101
1490008980,0.08616582207610782
1490030280,0.2861598455656265
1490043420,0.7938584273553422
1490062740,0.5973034585580544
1490084820,0.7819189883162667
1490104800,0.650578732339167
1490119440,0.3132711471101677
1490144580,0.0028336480837245145
1490166000,0.7220227096088658
1490180700,0.14426249860444482
1490195940,0.8298711495837737
1490217480,0.7111473407359903
1490228280,0.48234364164869653
1490247000,0.523971279248549
1490266440,0.02372142754143325
1490282880,0.5016780939167056
1490304600,0.07004926207966551
1490321520,0.9203854317758725
1490340780,0.632458078187158
1490354640,0.9089978290617257
1490371200,0.7783009641203542
1490383500,0.7636743046743582
1490408100,0.8396451873625067
1490433000,0.032117787837011635
1490445420,0.8717271714518932
1490466000,0.8626035856515746
1490485080,0.7924102915935752
1490498460,0.2904902224469752
1490516340,0.7263470807657129
1490539440,0.6406186491800587
1490557920,0.563776017999118
1490571540,0.6093937644548036
1490583480,0.956199177019031
1490604420,0.013992937860475218
1490628000,0.975898196843793
1490647800,0.4149610373027764
1490660220,0.645717120351237
1490683200,0.686241249364612
1490695620,0.06262158786861712
1490712720,0.9890271993692411
1490725800,0.6499145313314313
1490748240,0.8480609119771558
1490770080,0.20315899666243517
1490781540,0.5115564734631671
1490799180,0.8260291105852784
1490819700,0.19286477276914285
1490832300,0.8750953912479955
1490849280,0.32104059553808284
1490864040,0.3719950066470442
1490879220,0.7919373851354155
1490892000,0.7146922991534939
1490910840,0.2031193157102132
1490929620,0.8351459598036113
1490943840,0.9698790200291736
1490967000,0.8554928150177548
1490991900,0.514979158483981
1491014040,0.4689226862120023
1491027540,0.8171362788530412
1491048120,0.6166560464308597
1491060420,0.4450743327152452
1491077760,0.6555021873635728
1491090780,0.6575517785908381
1491105840,0.4487571957132535
1491120360,0.8613210420152243
1491143460,0.1679199237183039
1491156060,0.5924817740100218
1491177120,0.49857069629687767
1491192720,0.8800729191145893
1491213660,0.2906846747825388
1491230520,0.563592390752558
1491249840,0.9910622200751461
1491272760,0.4136189681088066
1491294900,0.9067852675422381
1491314700,0.9129258661106632
1491337560,0.2513936740110378
1491352380,0.9221489546626886
1491366420,0.17205432693903105
1491382920,0.9347638409917158
1491399660,0.7316441537115147
1491415200,0.8416711356682905
1491426060,0.7392048829790765
1491441300,0.2679702193477904
1491465840,0.36163203109579195
1491490320,0.7437834801734694
1491512040,0.890624600457901
1491533700,0.9156888244619877
1491553920,0.7817100724172108
1491571320,0.8409949565575042
1491589020,0.9141748247207986
1491606240,0.8825235195661694
1491624480,0.4039876937119242
1491636840,0.26260837584648156
1491654900,0.04869552126644744
1491672960,0.05989372174000327
1491687120,0.5387508110443379
1491706920,0.3318067135961613
1491718380,0.08919017247562683
1491734520,0.8095517119420667
1491747960,0.9256494164002192
1491766500,0.09556433865509471
1491780180,0.26815650385205453
1491794340,0.9720376159471384
1491819120,0.9950691233073405
1491841440,0.8761320251578155
1491853380,0.1150120700290186
1491878040,0.400846146274873
1491901020,0.5859753115082054
1491920760,0.3673687357619281
1491943980,0.9892948789666393
1491967980,0.8727307526130079
1491991080,0.0702456289473352
1492010340,0.05383406646922265
1492024320,0.04308504328225575
1492037820,0.1885620149112096
1492050600,0.9720015780078565
1492064040,0.5312673161111037
1492084680,0.42599430016379064
1492095540,0.8458765763472855
1492119000,0.7309367204746074
1492143300,0.5174684946364685
1492155660,0.2642180575505079
1492168440,0.7922028762631645
1492179420,0.7887356487632553
1492204200,0.7755533388168088
1492226580,0.905204574086404
1492251300,0.7136651954061681
1492263000,0.8386639100844269
1492277760,0.03221419670799471
1492290420,0.7606490657166683
1492313940,0.7425290502753359
1492332900,0.7276861626614364
1492348260,0.7583190427641058
1492371960,0.42468855223930474
1492395240,0.05367954305031183
1492406220,0.6569515682606247
1492424400,0.46085056213856374
1492444500,0.97730135073776
1492464240,0.06955135771633444
1492478460,0.8386838280336129
1492494420,0.7830335183324577
1492514940,0.9588844725395735
1492527120,0.48733454052884223
1492538280,0.3668755499708331
1492549260,0.1579983616009879
1492569960,0.2505526725821171
1492587060,0.7599223449920325
1492599360,0.21746196020809208
1492614900,0.7853612022982115
1492632480,0.2094314207547021
1492644300,0.39247756333723083
1492656180,0.3534233318430036
1492672860,0.47929331232645067
1492686000,0.004975785721972045
1492703700,0.4748958611621656
1492719480,0.770849516509902
1492737480,0.847295537253457
1492759620,0.5389696812878271
1492780500,0.8308516536586196
1492793460,0.2423076202184071
1492813980,0.01668258413330842
1492837500,0.5352868643969773
1492856340,0.4130381615103054
1492872900,0.8317290189150441
1492896780,0.5590594417215806
1492911360,0.8338291263330939
1492928460,0.21628864997185618
1492952340,0.7163774813363042
1492965300,0.5741427513287944
1492982700,0.8631177484168123
1493004000,0.6189924524300258
1493027640,0.5918569385684418
1493043900,0.1843625754216456
1493065500,0.015325585683202702
1493090640,0.8200221077666046
1493104860,0.046527503864963904
1493121600,0.4660610365819521
1493132580,0.3034594867149363
1493150460,0.4331654617810062
1493166540,0.8941817647146122
1493179140,0.24572695469229108
1493200620,0.7793733470779041
1493218740,0.05234446977264873
1493243400,0.7968985977252799
1493266800,0.7786364864326523
1493291340,0.7765245729689041
1493307780,0.7248054924113595
1493320380,0.7966484087783825
1493340480,0.39727209186662643
1493355420,0.917653188638619
1493367360,0.21097913106610025
1493386200,0.7303489357197999
1493400060,0.047331206237658636
1493411220,0.7647776859444395
1493423580,0.8760021689343036
1493440560,0.7493069772870165
1493461380,0.16129160520625493
1493477100,0.7853048684111199
1493496420,0.8939419801647205
1493514780,0.2514654341262969
1493535540,0.7683747598256762
1493549100,0.42474077282028877
1493563560,0.6502010941105912
1493585820,0.7827133846069733
1493600700,0.7476786844353579
1493618040,0.005271758119875253
1493629200,0.021366499901618846
1493642220,0.7941487117941115
1493654880,0.8823756756719106
1493668260,0.5984967465160479
1493684880,0.7531619004896315
1493699220,0.8870972370707154
1493723820,0.10630507976530844
1493736240,0.7771817788285411
1493749920,0.793491542358752
1493771880,0.7154030529804568
1493788920,0.7258692632003947
1493809800,0.7739320039369828
1493820780,0.8287096116635138
1493834460,0.7731409716068119
1493854260,0.8741431749577235
1493871900,0.31198727468777576
1493889120,0.8568290382467951
1493907600,0.830984408664064
1493923440,0.5821938366426559
1493942880,0.772445568718134
1493959620,0.8016444038712877
1493976840,0.8815785312826216
1493991780,0.9877742958828533
1494016680,0.6163102293934621
1494033720,0.00460122983410881
1494045300,0.4737523723093096
1494058920,0.9520289363974948
1494079740,0.7882905487492233
1494101460,0.9059695926493353
1494123240,0.8880103032659605
1494148320,0.008427057916824373
1494173040,0.8845569669722979
1494185280,0.41834486416643757
1494201660,0.7272030127494689
1494219240,0.749561376938188
1494230160,0.3050702623484246
1494245640,0.9244793351160575
1494268200,0.2428334024354186
1494279720,0.351005830657536
1494297600,0.9234558289870048
1494318540,0.9166161952592076
1494337680,0.0441409745382909
1494361020,0.36338370235007345
1494381840,0.4197561398982787
1494394200,0.5296161232192678
1494417420,0.14635446291090237
1494439860,0.6618931088556268
1494458580,0.6768726118425629
1494476220,0.2027082471961253
1494493680,0.3581533344661565
1494516840,0.7792087970031923
1494529620,0.6994344100001227
1494554220,0.8808868505769321
1494565620,0.5686402116356326
1494577680,0.664125718233505
1494591000,0.6027396342440313
1494614220,0.033016424078669004
1494627360,0.9328091812540176
1494644880,0.09598113680740568
1494670080,0.7525075733971032
1494689580,0.20328331106407532
1494707100,0.3310704783588946
1494718320,0.2909754308678053
1494733980,0.5713483669922829
1494757920,0.7381169221046412
1494775020,0.7676047226244458
1494790800,0.12872440889086487
1494814380,0.12786128147359366
1494830400,0.4743342080081465
1494847500,0.819704248417797
1494866880,0.8123777650076185
1494886020,0.6011287818118013
1494904320,0.9029959507321069
1494919140,0.6058743832165874
1494939660,0.39538449768081046
1494955380,0.3135511409192486
1494972660,0.7614787173169942
1494984660,0.47010629543430327
1494998160,0.8674191067967985
1495020960,0.3174446027417948
1495035540,0.6604742629123305
1495053840,0.25598671977980436
1495072020,0.2865162177494619
1495094040,0.24431221014123916
1495116540,0.5895328404671338
1495136100,0.7215969153135735
1495155120,0.8488841719341436
1495167240,0.030160551627547143
1495183200,0.3360908764488364
1495198080,0.7979091303407809
1495217220,0.6934328041746475
1495232880,0.2263627560602439
1495256040,0.8229260696145074
1495278840,0.8747920938840354
1495297020,0.4990595888344949
1495313100,0.04287639317465985
1495332360,0.3014452839805115
1495355340,0.6093766752307218
1495370880,0.8492489096175032
1495392240,0.5061037205952704
1495416180,0.777389833262361
1495435140,0.7558343947923147
1495451340,0.6052684341866795
1495472760,0.0021680403094385954
1495486320,0.6910378823266389
1495502280,0.9676657013296615
1495514220,0.6377218542772767
1495526580,0.6565639113960215
1495544400,0.5859820387407688
1495568340,0.8886769457873176
1495585800,0.5356985650083821
1495603620,0.5713858540323787
1495626540,0.4797149902136272
1495644240,0.8173943586091165
1495666260,0.8110134428356515
1495687980,0.7987125096826183
1495707600,0.7295154655009505
1495721520,0.9917379041738129
1495738860,0.8586918201408863
1495753080,0.8900554763885936
1495774380,0.09924263055260216
1495796880,0.84278945429626
1495811400,0.6912463669255863
1495834740,0.08041899140320996
1495850940,0.9211321417627546
1495868760,0.43053713129605586
1495884420,0.9106740263943227
1495901880,0.6570260111730302
1495925220,0.4006527331267856
1495942260,0.5585217032472396
1495961100,0.7290248566666362
1495973340,0.6828321670024672
1495996200,0.4845462683203414
1496007360,0.5000382212444987
1496029080,0.6838958096040015
1496045280,0.8086166915983217
1496067240,0.912863556449465
1496088480,0.056997719519879725
1496113320,0.8169867719997919
1496130840,0.20063084724475874
1496154600,0.8134663052771196
1496177040,0.5206405369295821
1496188140,0.8922135998291456
1496211240,0.2772090790621917
1496232240,0.5736524899547889
1496246760,0.8120681550829862
1496267760,0.6070392704107037
1496279100,0.20090095818135592
1496292060,0.07981440722083778
1496308560,0.5538959225507667
1496328300,0.7539906241947993
1496352180,0.6273455401122738
1496372580,0.9257656598319446
1496383380,0.7908917565935699
1496397120,0.4347726323247397
1496420340,0.9895442967465952
1496431500,0.9302004644639242
1496446740,0.8303051615508222
1496467920,0.5877074253498991
1496484780,0.7767022568718648
1496503260,0.23225459569464627
1496523960,0.1288688771355057
1496537520,0.19226992601085685
1496551380,0.15981901953828312
1496572740,0.47539349435628175
1496596860,0.7227619026907238
1496612700,0.2831742284393683
1496628360,0.8900474446078819
1496651940,0.7121962569399127
1496667960,0.04947681840881993
1496685240,0.5167169491579711
1496708520,0.823671004605364
1496723040,0.7272310143371739
1496746020,0.808343233780104
1496759760,0.3648095414008905
1496784840,0.42722599488627594
1496802780,0.7461776903434154
1496827140,0.6713014680554468
1496850720,0.14831833513954581
1496861520,0.612131857998915
1496875860,0.49685494676142333
1496890140,0.6031315142542238
1496914560,0.6743919205879166
1496934300,0.5146740770174435
1496958000,0.5960551104878495
1496972340,0.4594828645015175
1496995320,0.09279822881237526
1497019140,0.012809305353736351
1497036720,0.8249601149754282
1497058800,0.8809441557043076
1497072300,0.7630004597478368
1497094680,0.37882403251771557
1497106080,0.004167176380811112
1497131280,0.13541562236721671
1497152940,0.18884132635432319
1497176580,0.9603248239824504
1497201660,0.8136751295165214
1497219600,0.27380844433133844
1497232500,0.7209002042396804
1497245340,0.5630101349504724
1497263280,0.6212518465032759
1497282000,0.18320817727970506
1497303000,0.7151940386557905
1497319200,0.25199074475064265
1497339420,0.5676278469651828
1497353700,0.7621198513861855
1497369420,0.7077293180369556
1497380640,0.7260810531572632
1497392940,0.7347021136395929
1497406140,0.004108087260557562
1497418980,0.5589234188402356
1497443100,0.10143417080756294
1497455760,0.2070608695869354
1497478440,0.8097059454365281
1497500100,0.5265593213919872
1497512700,0.0014858938583388781
1497528540,0.9605288961664055
1497548460,0.7553869573189036
1497565920,0.8334849071225399
1497585600,0.6462535460707834
1497610020,0.12546800649062148
1497625920,0.6007644521125812
1497648600,0.14814619536202175
1497669420,0.19900735786429788
1497688020,0.4929083702575845
1497704160,0.5548178856649102
1497718140,0.6706664986149558
1497734820,0.8314012065579096
1497746940,0.4331021628239396
1497764280,0.07906511780149217
1497778080,0.9507548002349652
1497795660,0.42391687058858185
1497809640,0.8590653609759766
1497822180,0.726386442409521
1497835380,0.9295858621003332
1497856020,0.8445484958283526
1497869520,0.7621504107674852
1497888840,0.00933388329352905
1497905340,0.7115389953540865
1497917820,0.7842463962620967
1497940920,0.6671435528840444
1497953580,0.8600136824005521
1497974220,0.8710002531305199
1497989220,0.5126251485578159
1498002180,0.6690716029134847
1498018200,0.764006379207788
1498043220,0.09906291958186814
1498065960,0.7287332454269895
1498080120,0.8186064549454821
1498098660,0.8357238397377269
1498122600,0.852483621320513
1498142100,0.5957095635554677
1498164600,0.7522758244132756
1498182720,0.8805684334534742
1498205040,0.62295673944559
1498216260,0.48297453059157647
1498231080,0.7193758651398399
1498246140,0.8696657063296491
1498264380,0.7044477963964542
1498280280,0.23997063562849766
1498303500,0.1793962212951468
1498314300,0.8684326617939981
1498338660,0.8762908532806478
1498354440,0.7788736271611196
1498378500,0.48034496377402786
1498400760,0.9022270554226552
1498423800,0.005640801458708199
1498442340,0.06813686558501197
1498463220,0.8484041730994528
1498482600,0.1193307875284766
1498493760,0.8449900107447954
1498516020,0.26343794482922495
1498532400,0.009302932676694183
1498552500,0.038984772058784624
1498574160,0.7390811637814089
1498596720,0.7376013868177752
1498611240,0.7195010713176051
1498622340,0.47565056851380516
1498634100,0.8421970661554288
1498655760,0.3998069142150416
1498675680,0.17432679702022139
1498689120,0.9262436350339137
1498711680,0.4110746864112875
1498725840,0.5815684920513571
1498742160,0.8707208804633527
1498764120,0.8477420631002716
1498779360,0.927049081910582
1498797000,0.9071003211489508
1498814880,0.65412268736737
1498826160,0.10637363681842679
1498837500,0.3141019197094125
1498858740,0.22037244338949086
1498881600,0.490098122908535
1498906080,0.7853274596553308
1498930500,0.7632717574646494
1498949220,0.19248228909933535
1498961100,0.227233503096772
1498980540,0.15564545441276706
1498999980,0.2915950588101317
1499012160,0.7457855520309778
1499034960,0.045586185642732424
1499050680,0.9348004614007901
1499064780,0.6284787449809239
1499084640,0.8158036365765721
1499101920,0.131050920899143
1499125020,0.6785780368125038
1499140800,0.9604697475321073
1499159520,0.011400229589170049
1499183040,0.6306018752414686
1499194080,0.8738256636089177
1499213880,0.7979727720632969
1499226300,0.32608845287379307
1499245620,0.6975858778497748
1499269680,0.7864739730422982
1499283540,0.8144269454248303
1499303820,0.0032087803425143104
1499325240,0.10390589041071539
1499340660,0.49200991580293313
1499353560,0.11311146707411843
1499366400,0.8079571073911985
1499383620,0.684909635713199
1499403360,0.17729092504067262
1499427720,0.6386557626434632
1499451840,0.37923030850780787
1499473440,0.36613161846417275
1499487180,0.2517059251102165
1499509500,0.16536366486544138
1499534160,0.6746373910627701
1499558100,0.7868023593538862
1499576040,0.696936620974674
1499591880,0.7793954390633453
1499605200,0.34880742052053865
1499622420,0.24766856935811693
1499646960,0.9714269172273101
1499663400,0.7037858068380194
1499685960,0.5320989335460731
1499698740,0.8029425254565528
1499715000,0.9542180282245402
1499739900,0.08651927789264555
1499754120,0.07601810421904824
1499771760,0.895275498180724
1499796720,0.5255164094684921
1499819100,0.7720826267725834
1499840820,0.8124930237653204
1499865240,0.8206566292380315
1499890200,0.16480576147234982
1499907540,0.008907797298887774
1499929500,0.6553596688876959
1499953920,0.6735969846863803
1499972280,0.8766786643321718
1499994240,0.7665199984810377
1500016500,0.39673678764900183
1500039840,0.2767639789415226
1500055260,0.9152310210476147
1500080220,0.8289607549374053
1500094800,0.9330254575295768
1500112200,0.1666084360048519
1500124260,0.8686677819295343
1500149160,0.9698499941791013
1500163740,0.841852248016019
1500180840,0.5491764457878219
1500204780,0.7427160740757908
1500218400,0.22636994398393512
1500237480,0.25739290639180806
1500257220,0.09724188969331839
1500277860,0.17023987375642202
1500296520,0.22661163391042097
1500307440,0.8031563334741108
1500327540,0.2953445118072837
1500343500,0.7878513351975841
1500365460,0.5410732913466896
1500380460,0.053311844315015004
1500398700,0.72419127026313
1500409680,0.5990876903917562
1500430920,0.9768040897938918
1500446520,0.7690329488103926
1500463860,0.22563717050961773
1500478560,0.2623743020927462
1500496740,0.8362109414262475
1500509160,0.5547799191850998
1500533820,0.8377052164075636
1500548520,0.7623799262370923
1500564480,0.6695493209737189
1500588480,0.7015545086533779
1500610800,0.5296953611271698
1500624900,0.7963492728673325
1500644040,0.6509255847641561
1500665580,0.5002673921975438
1500676440,0.13397137175835463
1500699540,0.8153006706114737
1500710460,0.0576194316338664
1500731220,0.7938804376423175
1500752940,0.914092804110523
1500769440,0.4676542788455113
1500782280,0.85947622971962
1500795480,0.003977420292983112
1500809100,0.8050600567554254
1500829980,0.07097172202633084
1500845460,0.13955552080707678
1500862440,0.7709195304685739
1500887280,0.8659412674201871
1500905880,0.776881215148169
1500930120,0.9133465343702115
1500951600,0.45012368632973476
1500963780,0.8582304716337701
1500981480,0.6511242566258579
1501004400,0.6168125833267672
1501024260,0.7559663709213713
1501036320,0.8326572122862829
1501052580,0.19117340125144608
1501069200,0.4684897953779788
1501093980,0.7360931149638379
1501118280,0.2180483329134747
1501140000,0.5065814781012956
1501152480,0.21224954122704706
1501171920,0.2553706909036084
1501191420,0.37175937378909407
1501213740,0.21847637807338557
1501230960,0.7065795304058835
1501242900,0.7164322309971782
1501264020,0.9190868323498349
1501276440,0.9194870678597773
1501300380,0.002646679938957721
1501321980,0.1771060170053657
1501341300,0.009681911029504007
1501354620,0.8811442617127407
1501379700,0.7595173173141538
1501391040,0.003300779049653111
1501415580,0.8435749631737555
1501436700,0.7567262890852039
1501449960,0.2009471128059894
1501465560,0.7070623551668468
1501477200,0.4304161109311461
1501491000,0.7810547379868167
1501505580,0.8522524133220677
1501524180,0.4460431244598355
1501547640,0.7792580842319792
1501569060,0.9816351533447596
1501590600,0.8474481817965882
1501614480,0.6214883934428399
1501634580,0.6862700000292611
1501656600,0.9952889469598429
1501670640,0.5774638494377486
1501691460,0.9837715011366481
1501711920,0.9070240090265426
1501731900,0.9652985418904738
1501744380,0.28296350275912574
1501765200,0.899095674926428
1501786740,0.7825851278648411
1501803660,0.5483944322177563
1501816740,0.4400696731504434
1501837680,0.41989246982313255
1501854120,0.6860163036078
1501877760,0.7855980899815508
1501899240,0.21129249474273917
1501923180,0.6273571243841509
1501939800,0.8791301952372766
1501961580,0.9702871944166955
1501976700,0.4016040627571123
1501997820,0.7401532519675715
1502020680,0.7362738365872572
1502032560,0.9041169897547487
1502043720,0.412643516722051
1502059500,0.45632428222061616
1502075160,0.40450802547897124
1502092920,0.7160490243227886
1502105220,0.6586968694925355
1502120700,0.8351442011226946
1502131500,0.9272751412931324
1502145300,0.46224648140136315
1502160300,0.5584755158972625
1502176800,0.9456797280936812
1502199060,0.00212023913076943
1502222640,0.6620628007515262
1502233860,0.13765441950378407
1502248740,0.784132177873593
1502265060,0.9592003583589731
1502290200,0.4635647075774474
1502310600,0.23116813653206414
1502321460,0.7089664448904947
1502339040,0.33669322381540845
1502356320,0.949175246781736
1502381460,0.8273614649731809
1502403300,0.26217245931773053
1502421960,0.5222010081255849
1502444340,0.14810935917937046
1502462520,0.8086533456195286
1502473500,0.8774848970657696
1502492160,0.8840129272596091
1502504700,0.1332453754399643
1502516580,0.03134725899320242
1502535420,0.5123090413153506
1502554860,0.8163596483304585
1502577300,0.5484622489723712
1502589540,0.47117901695326353
1502613960,0.01635152815697177
1502630820,0.11643115229330804
1502653200,0.803051606115198
1502668320,0.8013986665620815
1502691960,0.17983112324040834
1502704320,0.4332755883406154
1502724960,0.7396985817014853
1502741460,0.8285635930121595
1502763540,0.8471576604204918
1502781000,0.6768408862755397
1502793180,0.6540217488962472
1502812860,0.9632505576462187
1502828940,0.34035397970009584
1502846100,0.43740084604847906
1502857920,0.07720315730775455
1502883060,0.6661439482830881
1502898900,0.24774732399975452
1502917920,0.8240618032360179
1502939340,0.8216502585189951
1502961660,0.6004225242785811
1502972460,0.8310857568790133
1502992620,0.8271442359945305
1503011400,0.700921951461434
1503027360,0.6895195411600881
1503038400,0.30354323835189545
1503062460,0.0016665731302662069
1503086040,0.6451430680595172
1503099840,0.7304899602202823
1503116880,0.4772228393985632
1503135840,0.8513877443879909
1503156720,0.010873689745469527
1503168900,0.491511140362494
1503184500,0.8073685869956914
1503203700,0.3976384157434726
1503218580,0.3125380255184299
1503241500,0.8857907510133054
1503266340,0.7980118962683974
1503282240,0.0042842557701231005
1503305160,0.010645579370457485
1503326340,0.8366001078017798
1503350820,0.8390866879839824
1503366180,0.9500661396028757
1503377040,0.6240708821111429
1503395280,0.3799025014632789
1503418440,0.8619511058554281
1503432000,0.7964017466095142
1503443520,0.8803263603327349
1503460200,0.48232881390238497
1503484320,0.9692468270276291
1503499500,0.973157995339834
1503524040,0.92550912831357
1503545820,0.6526117694111611
1503559380,0.9286799609316128
1503579480,0.8349528689329562
1503603240,0.37260543424663917
1503625260,0.8626721177747393
1503647520,0.002817499905830457
1503659640,0.8595053187451465
1503682800,0.16096466919649838
1503706860,0.010643004368897575
1503718980,0.7427984496186386
1503741060,0.915804853272134
1503755520,0.047542467847499055
1503774300,0.9237453441604528
1503789240,0.7387121605449489
1503813000,0.6520020046047703
1503834360,0.816864973315206
1503851160,0.7249059056373134
1503862080,0.8556337547928167
1503878760,0.8750371384370161
1503901980,0.5556073762538184
1503920460,0.1480780519613264
1503944700,0.17897548383868994
1503967020,0.48767101971427246
1503990840,0.1297619500946607
1504014480,0.17148827440988793
1504031220,0.6830628536585772
1504054980,0.6100335244629826
1504079400,0.7720032222230923
1504094520,0.8886913698564887
1504106400,0.6917703661493217
1504117980,0.19480273091020378
1504142940,0.8924843430988557
1504155180,0.833954547348167
1504167720,0.31393750852117847
1504188300,0.5622180524913538
1504210500,0.42793652654256736
1504234260,0.782298356714924
1504246320,0.7321625633612874
1504260660,0.7574562627496522
1504283040,0.02497576024971747
1504296120,0.7679963066779871
1504306920,0.4895848667930753
1504328220,0.5919073149372078
1504350600,0.8744778310736157
1504365180,0.16007739634415327
1504378980,0.5281041851905537
1504399680,0.36382064794047936
1504413300,0.023279783905868302
1504435740,0.47385504302721404
1504451940,0.6815105329291025
1504472760,0.1384337050901973
1504488420,0.9126739154778076
1504500300,0.9431905271042741
1504514700,0.1190177033722809
1504525800,0.7104751218212086
1504548480,0.7741784591832717
1504565100,0.3368438417113564
1504581360,0.9115598790841426
1504606080,0.8986350515868153
1504618080,0.013145120185092065
1504635960,0.9214267368421084
1504649760,0.5293329883521165
1504664580,0.9252295345134266
1504683720,0.469115152434664
1504701720,0.798213164658454
1504722480,0.3851129891431557
1504745880,0.862543676186431
1504768200,0.007316522576157
1504782180,0.8899075274640488
1504799460,0.7226515596675118
1504812120,0.20464869714758002
1504825980,0.8488707688594137
1504850880,0.25044989426123304
1504874280,0.9911018730338738
1504891560,0.6634528695307396
1504914780,0.8167841440058405
1504932360,0.9672772681151346
1504952100,0.3098704139800726
1504967640,0.710190189085447
1504985520,0.6303369808968663
1505000040,0.7472766168875212
1505017020,0.6499072173422737
1505041020,0.8144004044575831
1505057400,0.688245246835894
1505080500,0.21381696834627073
1505099220,0.7784296426721589
1505113920,0.8389392024436744
1505136360,0.6796929141209882
1505158260,0.06940145002685778
1505178240,0.2465601347842261
1505203140,0.047676814703969436
1505219940,0.6087029320689159
1505237100,0.44895161527361943
1505256420,0.18009198150440808
1505276880,0.6168524074473576
1505289060,0.3751272263918048
1505299980,0.3265298033933458
1505323620,0.023336192038903955
1505339460,0.33773854428502204
1505363280,0.6979299825146128
1505375820,0.7799215522639553
1505390460,0.3125711179364084
1505413620,0.015353926170778302
1505428620,0.7203159422547003
1505447280,0.2781329421804205
1505462220,0.8514146165861277
1505482980,0.4658550035025615
1505495820,0.014907598816223874
1505514360,0.09244363903892838
1505537580,0.8811298331666082
1505558520,0.21164812336949385
1505580000,0.0023394475039560073
1505597340,0.853817940194415
1505620200,0.689805563589045
1505637960,0.9611443684558134
1505658600,0.8584649300042153
1505683260,0.7751249332365726
1505698020,0.8975165251155788
1505723220,0.07851289628199973
1505735340,0.5423045709128984
1505752080,0.8403655127465476
1505766840,0.7067822980965531
1505781540,0.7901609494784656
1505804400,0.9015212248245351
1505821440,0.04620714427395027
1505832540,0.8063329913301968
1505851140,0.07659094811002075
1505870100,0.9436512389744358
1505889000,0.1254777104321521
1505904720,0.2638094800237728
1505921400,0.6414768735087136
1505936580,0.4279266020226844
1505949780,0.38904340301491525
1505965680,0.975313359044026
1505985540,0.8692143427426419
1505998920,0.9372178395414932
1506013380,0.1222923772581727
1506026580,0.8047124541146549
1506050460,0.8068565907860317
1506074280,0.4566051944976238
1506090660,0.5461509844169359
1506113040,0.07155907089393068
1506125640,0.8022375340384387
1506141960,0.9947192586484561
1506155640,0.024830178858490586
1506170220,0.632737378302853
1506187320,0.280359771676445
1506207060,0.8099556673892909
1506220020,0.6875137940496764
1506245100,0.8603812429924882
1506261300,0.4450536491957102
1506284160,0.4504972508629516
1506295800,0.3650751249681049
1506313380,0.3406665875897415
1506338160,0.40175951346204164
1506358680,0.4589075390546294
1506378660,0.6677132689055465
1506394920,0.02519249638761713
1506418740,0.033522227701238416
1506440400,0.13706800874963312
1506452340,0.011777503439183153
1506471060,0.6866808536638741
1506492360,0.7321048628518321
1506503520,0.3797575681881752
1506521940,0.7231206778418493
1506543060,0.36700312000515806
1506564540,0.7284893907099984
1506588720,0.012680222555225386
1506606960,0.8660601925961326
1506619020,0.15072721232932018
1506632220,0.18021001180297072
1506656040,0.8693647185870079
1506671460,0.4450687033379324
1506691500,0.37499422630702917
1506705240,0.3356208467301744
1506726180,0.05720245881632846
1506749880,0.6751071895879668
1506771840,0.8067247438378833
1506793920,0.9120755210758856
1506812940,0.15896828865431756
1506828300,0.8751676195337578
1506842460,0.3156528157104197
1506857880,0.8361648762241669
1506881040,0.1223782342310462
1506893760,0.13874017476415412
1506912780,0.19760255013148098
1506930300,0.6908498108230492
1506954480,0.8836885354683419
1506967620,0.5655892095826871
1506990000,0.9452152605014099
1507002060,0.8373175551682913
1507027200,0.17777774763823706
1507043460,0.6999440992026527
1507055400,0.7549795464235032
1507079460,0.6548640642072521
1507104420,0.5614862117056656
1507115520,0.8468857080707515
1507140300,0.06538622421310708
1507153800,0.8054695270038277
1507177020,0.5603720347466714
1507196460,0.6977249592989243
1507209180,0.13441323131069588
1507233300,0.5623912495386074
1507244880,0.4557476941792408
1507257000,0.013802260023535618
1507279140,0.8651556178502623
1507301280,0.5567347511598243
1507319940,0.4266941172212668
1507333560,0.932646501539624
1507349580,0.5760603163700735
1507371840,0.19274461442307533
1507396080,0.4305663341110864
1507417740,0.9200395565638629
1507437720,0.7776116148181498
1507453440,0.7778381886823376
1507476720,0.9886463053521514
1507488780,0.8188736055349762
1507513620,0.2177366832348461
1507524660,0.6541957703442496
1507536660,0.7212187690530291
1507558200,0.6801011436072083
1507581480,0.9831135974585266
1507596780,0.4287347989495462
1507613400,0.7974520186947045
1507626180,0.9030245472669726
1507643700,0.8691081131174723
1507659180,0.86169774148344
1507683180,0.01885769384214999
1507701060,0.23505545854948884
1507718400,0.7997284484635777
1507742160,0.7633658993153513
1507756860,0.5871707094834636
1507774920,0.9464189607863066
1507788120,0.3814213898766605
1507800840,0.7618137056235113
1507824360,0.6261532609981598
1507836480,0.05348602866124815
1507857600,0.0027941603606624625
1507874520,0.5844503221237587
1507893660,0.8085387249550273
1507910340,0.5319833733276131
1507934880,0.26848510672913617
1507950900,0.6703786671181929
1507967880,0.3215620200270942
1507989600,0.497814819074345
1508006340,0.25521901137725855
1508030760,0.029662580158958538
1508042400,0.8672664910463126
1508053200,0.6510384128595074
1508074680,0.8111611900499519
1508089320,0.31673483322430895
1508109660,0.6558845244233729
1508124720,0.2415754366399127
1508139360,0.9491587932425656
1508150280,0.9028009571453941
1508163900,0.1507120807651412
1508181000,0.27463467139674547
1508203680,0.8288569134281673
1508221140,0.8026496739528721
1508244180,0.4950823446623255
1508261340,0.7626485034603183
1508274540,0.7495694508553634
1508286000,0.014743423191961287
1508309280,0.6129520120167817
1508320740,0.2096013489771287
1508343720,0.3308398508747287
1508364300,0.20954568551375316
1508379900,0.6416483213471307
1508398920,0.36789683397105255
1508416200,0.24735342029647478
1508434500,0.7540359955371154
1508458140,0.3859008534166889
1508476140,0.6405550902405441
1508490060,0.6785108949368123
1508504340,0.35178917537007603
1508522940,0.45279656558212256
1508545920,0.7657102615634483
1508560800,0.8841361549002298
1508580960,0.8750779334682188
1508597640,0.6102922138782109
1508616780,0.1943933316599153
1508637180,0.07485873249094997
1508658180,0.502867296559526
1508673300,0.8210089049814021
1508685540,0.7421910388626312
1508709600,0.7451675866252008
1508730060,0.6840781450735459
1508747100,0.5628390051227098
1508768040,0.3471073324923231
1508792340,0.7586660921097453
1508804160,0.008684237312539774
1508829360,0.13416352753772537
1508845320,0.784231149300952
1508869140,0.6315353946602642
1508891700,0.010043482472232228
1508914680,0.003795146321749294
1508934180,0.3471684400783639
1508957040,0.9183388390363486
1508969520,0.7910714081707163
1508988000,0.8928391775543579
1509011100,0.9052051384894981
1509035940,0.0339238278864565
1509058680,0.3049985600723889
1509071820,0.2501410846564607
1509094020,0.15768211497053636
1509110820,0.49693222267330583
1509132600,0.10990562872808277
1509144360,0.8667863360193332
1509159060,0.03266766563742087
1509179820,0.5657985477524929
1509192600,0.003700632280605795
1509208680,0.7180868518075496
1509221640,0.6868177721080143
1509233160,0.44535824975544086
1509252540,0.17521122337276557
1509265080,0.020993308349853447
1509289620,0.27665321403264975
1509305160,0.37605647457842994
1509319980,0.6911687875851031
1509345180,0.8945096002247312
1509359160,0.6862301129939478
1509376440,0.7864967648218504
1509398220,0.37837884576802194
1509419160,0.6241818937274957
1509442140,0.8513489736358193
1509466980,0.8085217338853948
1509486780,0.014551814052687595
1509507600,0.7052076925521061
1509532440,0.613831276809808
1509544020,0.854246158774854
1509569040,0.8227194173546464
1509592440,0.8392960191123097
1509607620,0.7200751475379727
1509623700,0.3844465579693182
1509643140,0.17786291985140937
1509656520,0.92628445483671
1509678360,0.9358698914197314
1509692400,0.9363076865119343
1509707820,0.6464078476576747
1509727080,0.3352139510187526
1509745080,0.6678105314850529
1509758100,0.05886439454147585
1509773940,0.039345919443247
1509792600,0.44962437331404004
1509815100,0.0033765480899710914
1509834420,0.8336424136579644
1509856080,0.6919470400721222
1509878400,0.6522062230382814
1509894900,0.04511853992989246
1509908580,0.01871245641648465
1509930660,0.016060888591475603
1509949920,0.642315986146865
1509968460,0.31099425493243066
1509979980,0.06724647968701487
1509997320,0.6213582187869798
1510008780,0.45659693378006166
1510019880,0.2605253336071506
1510038960,0.3327558619310119
1510050420,0.2895029192053892
1510063860,0.941600231530937
1510084260,0.9571778712802157
1510099260,0.8824791998729337
1510122060,0.2237685079388318
1510138980,0.6387547488229519
1510161180,0.5480421316793405
1510175820,0.5810359639829535
1510201020,0.5737161649078233
1510215780,0.5090948474691932
1510240260,0.20645222636757302
1510255800,0.8632920099873227
1510267920,0.6905432640126217
1510286340,0.5934878593952471
1510303200,0.662987881543426
1510317180,0.687490338695874
1510331520,0.8828971904915113
1510344960,0.8048664688551219
1510359600,0.6780974913908574
1510371000,0.15140464367508324
1510389720,0.019611559161736705
1510414560,0.9012323616483724
1510439700,0.6209287934488499
1510462500,0.35572898465740926
1510484160,0.17589114264379216
1510507680,0.5730040171575128
1510529760,0.5012325571608257
1510542840,0.48883896704950314
1510558560,0.5788059259200808
1510576140,0.6934897613326025
1510596660,0.10926572218364126
1510617720,0.19978965312268948
1510635060,0.5541211390064016
1510654020,0.615898871229235
1510665540,0.22336949391673325
1510687560,0.4832475708216703
1510699080,0.9139611252624636
1510712820,0.6988727067109488
1510724640,0.681171427028143
1510749300,0.04456108990494836
1510769160,0.5138261899424197
1510792320,0.9345540670453014
1510812480,0.30682368159940276
1510831260,0.6925070836963831
1510851060,0.926715800478956
1510866180,0.140115225450483
1510883760,0.6001343709212954
1510902360,0.2450361903272231
1510913340,0.8944040376370752
1510935480,0.730791403892937
1510948740,0.8462964930974475
1510973580,0.47844444648406365
1510991760,0.9084055950221459
1511003280,0.5526463204402512
1511015280,0.8317327297861559
1511034840,0.033879991662777054
1511054760,0.8551021911046922
1511066700,0.29679719859427867
1511080380,0.46390052693504824
1511103300,0.9682779551886539
1511124600,0.9474181093486994
1511136120,0.16400788736204555
1511153100,0.7937976698757101
1511165640,0.9551633037282008
1511186520,0.5714164232842299
1511208360,0.4085383030120435
1511223180,0.23724995107859256
1511239200,0.8224769341662856
1511251860,0.25605798034483523
1511267580,0.8450103627473085
1511288580,0.5501036473752055
1511300220,0.6027771419153158
1511323680,0.33210649122822383
1511346420,0.5546998592252814
1511360460,0.15519664546923465
1511383440,0.8235358651881143
1511394780,0.8875328579492616
1511407440,0.269156356138613
1511431560,0.06804852208102408
1511450220,0.03565897771786786
1511472540,0.8363635042823765
1511496360,0.6389517970085333
1511518920,0.26100340265554
1511535600,0.6670981997482561
1511558520,0.49032141904078336
1511579820,0.8118425712381641
1511596980,0.48870602599914764
1511619900,0.44346276104457505
1511643060,0.8699316631915895
1511664060,0.5878518645203554
1511686440,0.8528089072835626
1511699820,0.5467938466539011
1511725020,0.8962252026837744
1511736120,0.8648389013382506
1511760840,0.6703641225317893
1511783580,0.1375832024493881
1511803020,0.019702152948753198
1511814660,0.21652102860750766
1511839680,0.7482913799064117
1511859540,0.10671939476628178
1511878920,0.19720282389005817
1511897280,0.31956648386594205
1511918100,0.9870114885219007
1511929140,0.09571183207866428
1511946660,0.8954681600466915
1511962260,0.6987741350915413
1511986560,0.8016253233439921
1512009900,0.8216147832984515
1512034620,0.8707769717282863
1512054960,0.014654166067735638
1512070560,0.8362593112851665
1512095640,0.47659842488395954
1512118620,0.19315269709206664
1512141000,0.1208114232896624
1512160500,0.2733416528789305
1512174120,0.9219820970941108
1512196920,0.5568095872881897
1512218640,0.8326400405992294
1512239340,0.5898387594792213
1512250860,0.20866820631519256
1512269220,0.7837025608772328
1512293340,0.24264916289358737
1512315600,0.3785583718441341
1512330900,0.8616792766173333
1512347880,0.0219989062020429
1512359400,0.11551099364695985
1512376980,0.5855277002560122
1512399180,0.7265910558099219
1512421320,0.42341235653330794
1512433620,0.060067795255564986
1512457020,0.8590183052230199
1512481020,0.4722636155438794
1512499500,0.27284806224261243
1512522840,0.0404158799450294
1512546660,0.8846196656959296
1512565320,0.7811956017346545
1512584160,0.6214101289935698
1512603600,0.7883986279334168
1512618420,0.9110903987826342
1512632580,0.7386030255544382
1512653520,0.48941908984074184
1512669900,0.08205864397452708
1512681960,0.45218897856377915
1512694980,0.8256025432902567
1512716880,0.6766126792720396
1512733680,0.6990576599756966
1512757740,0.022191356118678656
1512770640,0.8128263001180223
1512782640,0.5293797357915313
1512803160,0.9361917376477057
1512821520,0.8133657394445712
1512837720,0.9065943017460225
1512861420,0.32627498401215504
1512877500,0.7631642270837311
1512895440,0.7840883766473785
1512915720,0.19092093950899613
1512933780,0.4168117712452569
1512949080,0.9609948755963487
1512965400,0.30241628803607556
1512978480,0.8351083065806797
1512990480,0.006666835012243517
1513004940,0.8331625141944313
1513018200,0.7363713191150165
1513040220,0.8006331000002609
1513064220,0.7018512775565857
1513079280,0.005221177369556588
1513095420,0.22913136555409128
1513107000,0.8163496892717301
1513120020,0.8107234806201354
1513142400,0.49656237924944
1513163580,0.4382043261494056
1513177800,0.7393493644794558
1513192860,0.9662813570194291
1513212240,0.9280936991346875
1513233720,0.9026295368116136
1513250820,0.4233626659667813
1513272180,0.09650696418200032
1513285080,0.8005086570960269
1513303380,0.8506174708297339
1513319880,0.7839538650407443
1513331640,0.4675232158596183
1513354500,0.8244002306499348
1513373640,0.9459526968906569
1513392780,0.7348469773780921
1513413120,0.23925287871318193
1513437060,0.10059382073058591
1513458300,0.7338737413448433
1513469340,0.5383680368828544
1513480560,0.7017226463622572
1513492980,0.8273282616271544
1513514640,0.48039941456470836
1513532040,0.7839016611630233
1513546800,0.567072820557518
1513567440,0.8334428602796629
1513578480,0.8586803939019628
1513595580,0.4704541027212235
1513617240,0.8148329418741401
1513632240,0.1983889271426139
1513643640,0.3179828184923188
1513666920,0.7361288649755974
1513686420,0.8530154691741769
1513710300,0.2468412413355958
1513730700,0.18125758810323012
1513751460,0.16437510315336532
1513776300,0.8150109794423499
1513789080,0.8195636998170107
1513811220,0.7023042770989691
1513831020,0.8013471228673097
1513851120,0.44323034800671185
1513873200,0.8311504672222865
1513885740,0.9307834215474893
1513907820,0.838945614338557
1513927380,0.6128259398501459
1513946820,0.26917061433246836
1513967400,0.8415363513645939
1513984080,0.7811605645762656
1514002860,0.8344239258080878
1514026500,0.4012567652742691
1514042400,0.8654933387901889
1514067360,0.7657564475205371
1514079300,0.7331769066952764
1514090220,0.8468793319658635
1514105640,0.7552143922878946
1514117100,0.35864183950012674
1514131140,0.8887825042951335
1514154480,0.7825989031531762
1514168220,0.178233773973737
1514189220,0.626549671753465
1514210460,0.8658421585303047
1514226000,0.6193015823180601
1514247300,0.18694721691589536
1514261760,0.78096544296088
1514282160,0.24993569501548177
1514299860,0.00410480561606103
1514310720,0.4574058499134386
1514329860,0.36457788121673207
1514354100,0.8479980580170192
1514371260,0.7879550312189103
1514384400,0.7473129958625235
1514403600,0.8236024846286354
1514416800,0.8810099678636706
1514433240,0.19873296978297697
1514454660,0.021720882900590998
1514474460,0.4475780163300469
1514497380,0.5102974311510156
1514508180,0.9573967541760426
1514530680,0.33620361006665833
1514545140,0.11744570029463694
1514565060,0.6780484674460319
1514582280,0.9400844034251646
1514604360,0.9011588835379115
1514617440,0.5197337834159492
1514642280,0.3455704624837516
1514656140,0.738270844387822
1514677140,0.3358862410731172
1514691480,0.1745287497031608
1514711940,0.5217280671422442
1514734560,0.9395720741619185
1514757900,0.25509883959529367
1514772120,0.16521818076615694
1514795340,0.2607471834063972
1514814720,0.6261834211989139
1514834820,0.6033267454345369
1514859840,0.6985203687963353
1514871180,0.7074439127066234
1514888400,0.367629734761442
1514908860,0.2397013310576149
1514923260,0.012763520981498392
1514939880,0.9157680993331276
1514964300,0.7111599919694925
1514977260,0.7656333900482852
1514991360,0.36397146803636377
1515003180,0.7641383106191011
1515014940,0.7990874781368351
1515038340,0.12500697060017651
1515055020,0.8949690805261915
1515074700,0.9362146093920514
1515090000,0.6290813107762678
1515106260,0.0022054314823185127
1515119820,0.7927822105953141
1515133560,0.9084885648577352
1515153240,0.6767224954084763
1515167340,0.9377311353329266
1515190380,0.16881346335654615
1515212940,0.5320645413528922
1515234420,0.927757936455296
1515252000,0.4174196063531536
1515269820,0.8521487460976691
1515285360,0.729098104268374
1515303600,0.07128743233120094
1515319980,0.3862576006715823
1515338340,0.8647690391925937
1515363060,0.6035139239682384
1515374400,0.06126191725679781
1515396240,0.20370969176115863
1515411900,0.9696185921690756
1515430980,0.8120355876390051
1515445860,0.924591605463996
1515459120,0.825712827237859
1515474000,0.8308422356716806
1515488220,0.4036697467633041
1515511020,0.8855661229988258
1515527400,0.4775527434958187
1515552120,0.8191130656096347
1515570420,0.46312703280770373
1515584160,0.5781899783828507
1515601860,0.47976103341819815
1515614220,0.5999054866343253
1515627300,0.8991330223603597
1515643200,0.6275030621526358
1515656520,0.6936556709634245
1515680040,0.8441350733658104
1515694320,0.9022972963830092
1515718080,0.3812317171343449
1515738720,0.9350849652173983
1515752520,0.9896341070784263
1515769740,0.9156330739016543
1515781200,0.5828933140686761
1515796320,0.8886975915472135
1515807780,0.37266382472600473
1515830100,0.9591153318210138
1515853260,0.6997200766531849
1515866100,0.8443165430982411
1515882600,0.5981368566638319
1515906600,0.7981380343662736
1515919980,0.7087937605350617
1515936960,0.3904891668343496
1515952080,0.2646267538815377
1515970500,0.4936397418381464
1515982800,0.9657958679180619
1515998100,0.00959785414926833
1516022940,0.2993510222505515
1516043940,0.2560856501009918
1516061340,0.4603589166952038
1516085520,0.789543158161041
1516104060,0.45161123893246496
1516121220,0.13557674654822166
1516135080,0.15266623612754637
1516152840,0.334658756490266
1516171620,0.6675591404694075
1516195440,0.8989055848210047
1516210080,0.8122276709244264
1516228320,0.8615649432938592
1516253520,0.41880052686273783
1516276800,0.49809731004689484
1516300860,0.4961553869217024
1516322220,0.8515149121661926
1516344000,0.9007924584615937
1516354860,0.8951243699664213
1516374300,0.7085001727116691
1516385760,0.46079052278333565
1516407780,0.8810738866522017
1516419480,0.7558248907961846
1516431540,0.8626955135326664
1516455720,0.7955954486013984
1516472040,0.4359787217770707
1516485540,0.14116411008288807
1516509840,0.5616513552289266
1516521960,0.43007077932739934
1516544880,0.8506775628050678
1516567320,0.34461372145039315
1516582920,0.9622566944497268
1516595580,0.6149565326762673
1516612260,0.6074716801336935
1516632180,0.7518039796476426
1516645080,0.8905287217184976
1516670040,0.5867227428451867
1516680840,0.29870697287014353
1516702500,0.9578540528894066
1516715160,0.29629241343219376
1516728780,0.7367763491997708
1516751820,0.7941020167931356
1516774920,0.6233384480719012
1516797300,0.8190946336261136
1516810800,0.7540373297811557
1516834140,0.5854375519852075
1516851900,0.8287699962735554
1516876320,0.6839871039186972
1516895460,0.17154605608512313
1516917120,0.35813059639838346
1516930740,0.9276182866317172
1516943760,0.8878334812732561
1516958820,0.6314109642066965
1516974600,0.8104689702714869
1516987500,0.524997728259357
1517009940,0.5267729560562548
1517020740,0.7557728526635199
1517031540,0.8854880627227221
1517047980,0.16341684729716352
1517067060,0.7203250539072517
1517090700,0.9023834551080496
1517114520,0.26315224798762976
1517128680,0.052580815089310645
1517150400,0.9113608116315408
1517167800,0.2772646851738714
1517182920,0.17465497575324682
1517199720,0.9172773177937881
1517213340,0.4582942119967097
1517232000,0.029277559391481356
1517254260,0.32106017623042915
1517268300,0.34603193452968073
1517288340,0.082958503370821
1517299860,0.784650235008534
1517317620,0.9328740922936999
1517333460,0.5299102581338565
1517353380,0.8276448148058199
1517373840,0.005319387963734262
1517393520,0.9065502712250669
1517406240,0.7690272354308266
1517423940,0.9131335133631266
1517440680,0.08748600647391129
1517455980,0.2158548738242277
1517480820,0.8080042316222601
1517502600,0.7860572453785166
1517515740,0.8681254590637977
1517528760,0.9669077485659746
1517545800,0.04225490128969247
1517566020,0.7159047482635372
1517581680,0.0014416069960264495
1517600100,0.3273034317666266
1517614920,0.023958959193002064
1517626740,0.5494156496345999
1517641500,0.4117402590122585
1517659980,0.003297301374947388
1517674560,0.8849217746215507
1517690520,0.7585309892046991
1517702040,0.39645489478651647
1517712960,0.35921144988965287
1517725020,0.7650582524522963
1517742720,0.9367748284595965
1517758500,0.7169413359927251
1517772420,0.9038081696314233
1517784120,0.7739198859053485
1517796540,0.8333089392811853
1517810280,0.5571053445439242
1517831580,0.7413471273329367
1517850000,0.004145104150050176
1517869260,0.30122978906105585
1517888940,0.8496206451627887
1517905740,0.9155561347730625
1517927340,0.5379356400323815
1517945460,0.8805238671076808
1517969700,0.9217242605115685
1517981640,0.28148191176249804
1517998020,0.5633590683127326
1518021000,0.7937777284978695
1518039840,0.9467847077278916
1518051600,0.841176964863424
1518076080,0.7865479849745698
1518090660,0.09296535457817312
1518105540,0.3084870776339243
1518119400,0.38966769378858734
1518137100,0.4335718666527085
1518159660,0.9333765106433914
1518177900,0.8962682842673481
1518190920,0.432458205047587
1518207240,0.6275537968961085
1518222300,0.3120732857399957
1518241680,0.9308645836478155
1518265380,0.6250679636449918
1518288240,0.56721125275634
1518307920,0.2785789168268339
1518332100,0.027691935659625404
1518355260,0.6647876404316531
1518372360,0.27591358642941805
1518383760,0.6904896321101592
1518398880,0.49223539007779615
1518418620,0.09808590919883492
1518441180,0.5628348496872262
1518453720,0.02180180931897608
1518475320,0.8436060189504152
1518490320,0.6046714111822467
1518502560,0.4976412804109154
1518520140,0.6366202220048192
1518538260,0.8329045722810108
1518552840,0.5616232450034178
1518577680,0.8580533279575896
1518596520,0.4155423458046586
1518616440,0.2702417503289915
1518630420,0.23339525683868126
1518645360,0.020893664091967225
1518657240,0.5823920879326154
1518681900,0.12521234932081893
1518696720,0.1676879103012398
1518708840,0.7105253415485763
1518731340,0.6331726770011881
1518746700,0.7428787323597736
1518760500,0.8039246362260694
1518776340,0.8201706404938081
1518787680,0.7476220243823553
1518803220,0.22671098282562585
1518822180,0.7525158655377255
1518847200,0.9750660596516503
1518859320,0.22085538361244839
1518881820,0.4813642450650206
1518897300,0.6391709667800111
1518912060,0.7005626101412354
1518936960,0.9866317585256269
1518961620,0.10057994215740085
1518983820,0.6954532762763603
1519002000,0.21235937711274808
1519017660,0.2174188991599631
1519028640,0.5772057370124424
1519050300,0.8820759402857696
1519068300,0.7202463748723096
1519086900,0.3478111786592074
1519098960,0.0021280792701247734
1519109880,0.7999460238541772
1519124880,0.9291540483367751
1519142820,0.8829246408661058
1519153620,0.005870902868393727
1519172580,0.11650981608829314
1519184280,0.6482748081146864
1519196580,0.7177391345931996
1519214160,0.9851254762697924
1519231440,0.5726509785054474
1519247340,0.7989015429148271
1519269000,0.4996787389828979
1519283280,0.20473576974282384
1519300140,0.701433655235906
1519314720,0.9455612485320802
1519331880,0.7505377072059004
1519354500,0.39221229633144195
1519369440,0.8042556263393842
1519389300,0.24635600119117027
1519403880,0.4126154930514936
1519427880,0.8042474305800973
1519449420,0.8431348077507493
1519467540,0.3724247916223431
1519490940,0.4508072620663416
1519515060,0.5402624571804089
1519533540,0.040989164206533965
1519558140,0.7533556974232593
1519573140,0.5403962691074522
1519585020,0.4607090379019176
1519603680,0.7529387642403561
1519624740,0.44895984691553703
1519642440,0.17824157020306952
1519654380,0.8633976432963162
1519665480,0.2972913070998725
1519681680,0.024894518309039982
1519698960,0.8854616659965633
1519711680,0.46024272973400304
1519733640,0.13155075526782378
1519754100,0.4498651576883343
1519774860,0.9117695103972672
1519787520,0.7084260543080374
1519807440,0.9708511356661418
1519819560,0.8864048303511973
1519834440,0.902810205618555
1519856520,0.7542460847539447
1519877700,0.893547847240608
1519901460,0.5675729015798102
1519920360,0.9182151602178265
1519945080,0.9536877460016119
1519957920,0.27080857108819184
1519979640,0.5849297239496737
1520003640,0.609856755320876
1520027160,0.6335003777719559
1520039700,0.740080279397043
1520054880,0.2980515566303136
1520078640,0.7419130090524755
1520096460,0.8960521877415594
1520108220,0.16460403553960523
1520127360,0.6509771501307009
1520145780,0.4302316745167171
1520162640,0.009667599599597135
1520183400,0.6961751258417819
1520201280,0.8874917663204676
1520219460,0.8097773670727054
1520238900,0.9666928086579181
1520257620,0.7522935210489458
1520282700,0.7970204873960617
1520294040,0.46675757901272286
1520310840,0.3220605678875548
1520323860,0.788430651083295
1520336220,0.8245707765928216
1520358840,0.919299268144959
1520378640,0.7429308690153396
1520402700,0.38911634539875745
1520418240,0.030288443565264514
1520432220,0.8526452244457732
1520451000,0.6977596132175714
1520463480,0.8216186605320731
1520488440,0.6919026025163215
1520502780,0.8106954140869134
1520519100,0.08305228529442875
1520543340,0.7024440674497354
1520560740,0.022090442137572188
1520578320,0.8406852347071936
1520599860,0.7794864718048162
1520612100,0.8458329493374782
1520630520,0.3215411750695778
1520648940,0.35603803221192026
1520661480,0.1709362987801784
1520680860,0.30897635171226456
1520703360,0.45279540962207093
1520720820,0.39961733284465983
1520733420,0.08524471207241704
1520755080,0.010071230369564305
1520776560,0.36957406656097747
1520798820,0.6036916501906483
1520823300,0.5443262266106119
1520845500,0.7069765752200906
1520868060,0.008829356497380652
1520891340,0.8508379561355721
1520915760,0.5246255865735198
1520933040,0.19498277792483953
1520947560,0.7722083384766019
1520959260,0.805759886365143
1520977560,0.7096542725777436
1520991780,0.9034151799740979
1521011460,0.6636685244489914
1521035400,0.0054660110955509125
1521054840,0.5371982465010842
1521077700,0.7860637368984108
1521100500,0.9798856980428867
1521120120,0.07098824492031786
1521143160,0.7902409318633659
1521157020,0.1208202946042013
1521179460,0.002925467302906561
1521197580,0.9142129695274769
1521220920,0.21601718537630926
1521245040,0.6946089407817913
1521257460,0.28363681360417725
1521273360,0.5841218080572745
1521298020,0.4980720506547467
1521315660,0.09588549551270927
1521327660,0.6847179681880005
1521338460,0.7565402626246408
1521360300,0.6939219330714237
1521382500,0.4987698910688368
1521393540,0.020828886108455392
1521410700,0.1375732430944189
1521434580,0.8569302690889122
1521454500,0.9778295038510956
1521470100,0.7680440093098466
1521485520,0.8434279135660953
1521504780,0.9616069510594658
1521525120,0.7615522192326682
1521536580,0.3462300609692989
1521551940,0.3353384189623434
1521572940,0.8204386143074047
1521585660,0.4500821848658984
1521601380,0.4277704484720323
1521616800,0.7965734956561441
1521636720,0.9196067180258968
1521660360,0.73208048231459
1521675540,0.8211752081469391
1521688620,0.7584317606116562
1521701760,0.015263471519965795
1521713100,0.6602008975206484
1521732540,0.8290399538658731
1521753540,0.6777970273791307
1521777540,0.17859776811503486
1521792480,0.8446422799773732
1521809880,0.004577977786068332
1521831660,0.7034922366133941
1521849960,0.7547097887107548
1521861720,0.35349232852979157
1521877320,0.8341088446308477
1521890160,0.04854026228134867
1521914520,0.9022971913520798
1521930120,0.6440432142120739
1521948840,0.07643982401508576
1521966480,0.906088479189846
1521980940,0.9464444999376959
1521995820,0.7976139893776792
1522008540,0.5242744024258517
1522021020,0.8797794493344494
1522040580,0.8353234010836582
1522056960,0.35947361052554916
1522079700,0.5931712913168481
1522091400,0.5294402130205556
1522113120,0.8095658174760847
1522132200,0.5353822647298168
1522150560,0.8341549983389046
1522161780,0.8514464796302426
1522185780,0.7392910146467102
1522204560,0.06303689380594052
1522220220,0.7963828618658133
1522234440,0.3780275866282631
1522245840,0.3397215655559599
1522260660,0.7490057131652946
1522271760,0.5879850709857926
1522293480,0.6970995228601753
1522313220,0.004865739346620911
1522325760,0.7010510921886428
1522347480,0.9387899412808017
1522366320,0.8688597017290922
1522379880,0.05426309925195073
1522398600,0.8700018756347597
1522418160,0.707316253245568
1522437240,0.7487591109216399
1522449300,0.07938727580903926
1522473540,0.8811503608076411
1522491480,0.45452878706391153
1522503060,0.006566137408062708
1522526400,0.6396642563938411
1522538220,0.038758788397397284
1522551900,0.8124038026682786
1522570260,0.8794384031695386
1522588140,0.365440989768361
1522608780,0.806178466750145
1522633440,0.45051291972895874
1522649700,0.8782069519311253
1522664580,0.6520546902995923
1522675980,0.19232529474239485
1522698780,0.31890012478498075
1522717140,0.70832276106473
1522729080,0.7628072057328186
1522748400,0.20017412830228487
1522763400,0.8313812212246017
1522786140,0.36723444019227425
1522808820,0.6093931426515227
1522819800,0.8391190524591166
1522843920,0.7013934347618966
1522855920,0.514286810976356
1522871160,0.9113264704211246
1522888260,0.8857935320609365
1522909920,0.8789819147411319
1522925760,0.5738632983025477
1522947300,0.8972696126652057
1522961040,0.4145065064846132
1522979400,0.7919810197853124
1522995240,0.8172707134156051
1523018880,0.019866702093755417
1523038440,0.9911832945404185
1523057040,0.7189322401915846
1523080740,0.6237230376038394
1523103540,0.8148337487468188
1523123100,0.3262489274315774
1523146560,0.6762053940671207
1523167740,0.8892043130605289
1523187060,0.8588581218701816
1523209980,0.9758924873360506
1523224020,0.8422104798130394
1523238840,0.7691752564396863
1523257140,0.3138698491202414
1523270820,0.7050870866321566
1523286900,0.9249427312349944
1523306520,0.6649408554755581
1523320800,0.8348245949835811
1523341920,0.7254486425451763
1523357520,0.4823027071333465
1523382420,0.9628622343960531
1523393280,0.5363567173567798
1523407680,0.5936991129251946
1523423100,0.48556072524220006
1523442240,0.8396603786173316
1523467020,0.6278305768709564
1523482020,0.006920458606628996
1523506260,0.05902250849863149
1523522640,0.49870561164693444
1523547360,0.9022179794531978
1523562660,0.7633453598620725
1523581980,0.14286878945340864
1523597580,0.3524355008967138
1523621640,0.8189916886724933
1523644680,0.30816191350142813
1523667540,0.7429953069795947
1523692140,0.601514142286409
1523710920,0.9160217748052566
1523733960,0.0065533013380550025
1523752200,0.7768534366915204
1523767140,0.4138150413746329
1523789220,0.13114409522410203
1523812020,0.5640662833457709
1523836440,0.21573944653046268
1523853120,0.06726809066737417
1523874900,0.78169832443991
1523890860,0.9885720257185721
1523915400,0.17855455332524373
1523935440,0.8381062079312371
1523946960,0.7084022478606451
1523970600,0.12219621606955987
1523981700,0.7537707354990877
1524001800,0.0064620807177153345
1524024900,0.23110774551613822
1524044100,0.003721464521914769
1524061920,0.11503269954579055
1524085320,0.8576646231431696
1524100920,0.4760954469874289
1524118560,0.5739594842203206
1524143700,0.5406389344456608
1524167460,0.08860145359437684
1524182160,0.6971221878470513
1524207060,0.17929821919200892
1524231300,0.9767572552539768
1524253320,0.741817810491688
1524267060,0.8725731759301151
1524281460,0.48482246014269587
1524302760,0.13926920111744237
1524321840,0.6807718303682051
1524337020,0.6293425358190236
1524355140,0.5323651865672492
1524367380,0.3155754298487725
1524391320,0.7823794132534041
1524404100,0.9383297548653251
1524421020,0.7841936992168171
1524438420,0.7453720388386509
1524460620,0.07488640513913644
1524485340,0.2705970168529118
1524499740,0.7115173745668049
1524513180,0.19011331221683558
1524532320,0.941488545313912
1524553140,0.7128793267239053
1524570660,0.8652810939940164
1524584040,0.3786039638541001
1524605460,0.7959394687653503
1524622680,0.47306998191185645
1524638100,0.9890217130746322
1524656700,0.0411621037043784
1524668160,0.1115961040808268
1524689280,0.3197888311918022
1524713100,0.8640627312995054
1524727500,0.933958224469041
1524750000,0.7170984100576835
1524762360,0.3679399414803508
1524773820,0.12121363318416321
1524797100,0.42703464910566585
1524814800,0.8392048830950307
1524839220,0.8722442078165632
1524854880,0.33941262180887743
1524876360,0.2692799807698127
1524897240,0.3379719391844037
1524920820,0.49346607701796813
1524936420,0.23839288453049595
1524961260,0.13854790908131814
1524982800,0.6463277580910509
1524999780,0.9341086629613491
1525011240,0.9939523942787268
1525027260,0.9522732997252712
1525051980,0.7389739165730935
1525073460,0.9564267035825742
1525094160,0.8103341759967445
1525114620,0.8441456049875344
1525131480,0.16072960723422844
1525148280,0.4742332584881683
1525171620,0.11430309490547286
1525194360,0.34338216629945983
1525216500,0.7625325005041338
1525229340,0.015267772911598436
1525244940,0.7216233354606425
1525267500,0.8444343727431819
1525279680,0.17552179749501445
1525293660,0.18698475516365806
1525314240,0.9858178799061805
1525329720,0.5992133994082648
1525347000,0.8725663544237997
1525368360,0.8781890484764951
1525392480,0.001552256009023996
1525408920,0.5759191667621395
1525422000,0.4404238639653671
1525445520,0.6570153418150039
1525469040,0.04279980819562572
1525482720,0.581448621109617
1525506480,0.009714041295607498
1525520400,0.9752124313832953
1525537980,0.22937634462764114
1525552680,0.12831436473828955
1525572900,0.38974378234416335
1525583880,0.8111156637690331
1525599000,0.8604955694243874
1525610820,0.5938943078758467
1525629060,0.4533520671043611
1525640940,0.5927126083396299
1525659900,0.958382520317821
1525684800,0.34812794586543666
1525701600,0.6579358928696986
1525726140,0.8340669382133535
1525738800,0.418239349630958
1525762860,0.8562828703364208
1525777980,0.28364259922638146
1525790340,0.8772398657114394
1525813560,0.7356716364968494
1525825200,0.4624016791306493
1525848240,0.8406281261160369
1525866000,0.8401524368169505
1525878300,0.906561506171179
1525894920,0.39701570650735635
1525916340,0.004223392350131338
1525934820,0.8728160025133435
1525959120,0.0800840509020271
1525971120,0.4995085503674158
1525991280,0.47072722828806574
1526002260,0.9871109672712465
1526018460,0.028304692103458855
1526038260,0.389587796639681
1526055240,0.8000124305893457
1526073180,0.7552221449437825
1526093640,0.3539284598099873
1526110560,0.10066680152384082
1526125020,0.057387905790410795
1526144760,0.5883738694354453
1526157480,0.6381321372272919
1526178420,0.8039489735501238
1526200620,0.07270488843009511
1526221440,0.8608762309048804
1526234520,0.6595788025272493
1526255460,0.7303286450773514
1526271240,0.5483576166744212
1526289300,0.256122608463408
1526313780,0.5635139404986811
1526337660,0.923624639749002
1526358960,0.8834944956565634
1526379360,0.6204166219625473
1526394840,0.7713377942270904
1526408520,0.15281618899522906
1526427960,0.7302027687093322
1526439360,0.24836837317303265
1526451120,0.14940861892728738
1526472300,0.7243073496617367
1526485380,0.467493133258729
1526503380,0.7733055102897444
1526514720,0.7258049895564831
1526538480,0.8268325346174874
1526549280,0.8750676907929924
1526562120,0.5799041206316525
1526585340,0.06263425964496185
1526601840,0.7847616898990826
1526621820,0.1919447874213137
1526637660,0.07433863746295515
1526657640,0.051668172951461214
1526679120,0.6164410819707565
1526698080,0.8225832761979578
1526709960,0.7123362721725504
1526720880,0.7850580900687968
1526733780,0.8118242994150809
1526747220,0.8733110939255695
1526762640,0.4741673800113608
1526782140,0.8018487633857769
1526794500,0.6890501670601697
1526810700,0.6765988310999287
1526832720,0.8008320663214737
1526844660,0.5261049271566116
1526866740,0.26683404386454873
1526881920,0.8630577070471214
1526894220,0.878963871158907
1526909040,0.5828831835435379
1526930100,0.7708743326393918
1526952060,0.7705036982181387
1526963640,0.7913797625482082
1526985360,0.9113557338175806
1527007320,0.9276080344689707
1527018420,0.6007301043938467
1527040740,0.8679734540897875
1527064320,0.8589755634307261
1527087840,0.8291665808471063
1527100260,0.9490559811247377
1527115620,0.700122248184545
1527132540,0.8865419415289204
1527153300,0.9093114468661221
1527170580,0.6320641414709425
1527181800,0.0023956801192620753
1527205620,0.12058783535181737
1527218040,0.3117617044847829
1527229200,0.6780874824038139
1527251340,0.5658606816514068
1527262980,0.9066912795598332
1527284340,0.1795672339261417
1527301920,0.09196719378926042
1527324780,0.7253070651047488
1527345720,0.7577844518905843
1527369360,0.959240961011818
1527393780,0.8151371269747778
1527408960,0.8434216680844333
1527424320,0.5330183479572153
1527438960,0.20495113039431634
1527459840,0.735084020022809
1527484260,0.2745968365839061
1527505140,0.8133728979487562
1527518700,0.8701687908593942
1527532980,0.6047679433109907
1527556860,0.02222917020692386
1527579300,0.5516473946266882
1527594600,0.7302710897403865
1527619320,0.8532769559288573
1527638580,0.4079769441036761
1527658440,0.5476759276779273
1527676140,0.9772145434830621
1527698940,0.003983358449409959
1527721800,0.9082025046322415
1527736860,0.07170205091483015
1527750540,0.05928325735655963
1527774300,0.4625930507298863
1527786000,0.9103377852635108
1527801840,0.12224058044650384
1527825720,0.8772093476066866
1527841140,0.8702189547073607
1527854940,0.9475265448378744
1527874380,0.28210936901198813
1527886200,0.8115608722429326
1527906360,0.7649834377056232
1527928980,0.7168528972710203
1527946920,0.9172676747082487
1527959040,0.7347576544282488
1527982560,0.7945847697268558
1528007040,0.56601914915906
1528029420,0.5427073748498128
1528048080,0.41042798779167733
1528066920,0.968560478352158
1528082760,0.7660143353392846
1528107120,0.004103837319017343
1528124040,0.7880086971829116
1528135620,0.12896319809740409
1528152360,0.04501190817116464
1528173960,0.878473045437219
1528192320,0.7076414034031029
1528207920,0.736879920856988
1528223520,0.7490943055199264
1528236360,0.6840690154542604
1528256400,0.0017372725532207494
1528280280,0.9003654501282777
1528296420,0.743679828700264
1528317780,0.875130457814244
1528334280,0.8014692267246045
1528350000,0.9118454313674964
1528371480,0.10953666477781825
1528394640,0.4823362794478615
1528405500,0.45980363457819134
1528426680,0.3601205978508359
1528439760,0.6868971902521102
1528457460,0.8191281286941772
1528470540,0.1481759865457921
1528489440,0.7157557534585117
1528513500,0.5447045130078774
1528535940,0.86233512522198
1528555020,0.7970750809877263
1528567380,0.7104130588087642
1528588380,0.8733321401809456
1528605900,0.14803867809722382
1528619340,0.15386771880135952
1528634760,0.4517166530043333
1528648140,0.9654146052692104
1528668900,0.7016303522137075
1528686360,0.10293666192102563
1528698660,0.1876379937217893
1528715580,0.6335475531449287
1528735320,0.899126751599063
1528757820,0.28534623287666633
1528780320,0.9112355267721644
1528802040,0.8426787028821277
1528814040,0.6084399513187415
1528838820,0.3820601090875335
1528860060,0.20808909658787492
1528879260,0.6083874656369626
1528904400,0.895010631754017
1528918020,0.23947906170288905
1528937700,0.3196165312891567
1528956120,0.3138997342264478
1528971120,0.4165373570373616
1528987500,0.5685022401327176
1529012580,0.763812605676284
1529035860,0.021744164403934646
1529047620,0.6148349262414776
1529062740,0.57845320719757
1529081040,0.7637126662955525
1529103000,0.9136016887385621
1529116800,0.7399702164290545
1529127600,0.026977920849474844
1529146920,0.9089936721689476
1529172120,0.6574176828476849
1529189040,0.5726255743577191
1529201220,0.21427167405078873
1529225520,0.49025759686690457
1529237400,0.8148099953929042
1529249280,0.47981941259846356
1529268900,0.5828083238778928
1529286840,0.5347820999322267
1529310120,0.8090262870431292
1529325300,0.4137434995891577
1529343720,0.3660580618575063
1529356140,0.47961476269083536
1529369760,0.1564810713454288
1529393520,0.21985290964968743
1529409540,0.9316482441274127
1529430300,0.14130611354475042
1529447520,0.3448912768575658
1529463720,0.3160794895529073
1529484060,0.021804496112088945
1529503020,0.835383675558973
1529520780,0.7004001435182463
1529538420,0.5651409697280412
1529556300,0.9225530759527838
1529568000,0.8047507848780951
1529581620,0.7954565834901166
1529597460,0.1598291289310017
1529610360,0.4861539212712749
1529621640,0.19152366584682337
1529641620,0.5137822037359441
1529653920,0.8104221177901368
1529665080,0.15825704971674717
1529688900,0.06052448905421614
1529703480,0.9305847275454923
1529726280,0.7483224951746754
1529738460,0.4011061273191141
1529753760,0.5537484162892381
1529767980,0.29603069350509836
1529779020,0.5897826432493658
1529792940,0.6876254295562864
1529817240,0.7733524825240099
1529841660,0.9690827655761786
1529853480,0.48173651456455796
1529867520,0.8588815881451632
1529882040,0.7719384099397959
1529903880,0.11634048478563251
1529927700,0.3250357132039762
1529941320,0.39283501713577756
1529960880,0.9419742617643915
1529979660,0.5101312068305599
1529997180,0.991204451738855
1530019920,0.642746945195337
1530040200,0.4101101543703727
1530065100,0.2377980237923474
1530077340,0.82916755823586
1530096960,0.6169884079035217
1530119940,0.15883776007739603
1530144840,0.0507873558053847
1530166980,0.9875648860482429
1530178800,0.03311804010006168
1530201240,0.39097016567454546
1530219960,0.45161535657215857
1530240300,0.20992740875081997
1530261600,0.08022406720581345
1530285720,0.8405086863590661
1530309480,0.7078427416099824
1530327840,0.9375936222161252
1530345900,0.020412907805692375
1530366600,0.26411283110591477
1530387060,0.9204409640153441
1530410520,0.871375712673178
1530425700,0.5909959353372218
1530442740,0.6242037358184579
1530464700,0.810400611254416
1530475980,0.9579846230981567
1530495660,0.9837020016520622
1530508800,0.6150017280737148
1530529380,0.8412079291002171
1530548280,0.7475996251631732
1530570540,0.07960872075835852
1530584280,0.8566038954722269
1530604560,0.2803571755072688
1530627540,0.11784051172777986
1530651060,0.7272107360598725
1530668760,0.6208517194471147
1530692760,0.2351876360989484
1530705540,0.9249484687764966
1530723360,0.7605008608115427
1530746460,0.6835407924382824
1530764820,0.3387257897548627
1530778380,0.752873568539813
1530791700,0.4448589593125766
1530815880,0.2020610279252047
1530829740,0.5334488023521744
1530845040,0.850303332570764
1530859740,0.6265932651923788
1530872220,0.6832912949830511
1530897240,0.24960328371622365
1530913440,0.27796080730043443
1530936720,0.2054442254200741
1530949140,0.34605319445135546
1530960420,0.761012137814533
1530981960,0.873220635558338
1530997800,0.8986536391834189
1531022520,0.13744717736279266
1531040040,0.012679430789941623
1531060680,0.7891523596690254
1531082880,0.09859183956486964
1531106160,0.5448550308949858
1531121460,0.7872871686322039
1531132680,0.4445626255481604
1531147920,0.8277604281390705
1531162560,0.768152199660845
1531187640,0.46304614920069614
1531212600,0.5524175297823916
1531235460,0.8386577340681816
1531258980,0.7641646416051753
1531282380,0.7003940233890195
1531304580,0.7420079271282166
1531316520,0.9076313995450412
1531338900,0.15978659234557502
1531359660,0.001133263388789458
1531381860,0.8721802355606226
1531403100,0.21845613467174377
1531418340,0.6621776744768785
1531443480,0.0028632962576712164
1531465080,0.7247856509406334
1531488240,0.4053248570785296
1531513380,0.7540858233787503
1531537380,0.07625333436674113
1531556940,0.6929368136255234
1531578720,0.49910017483855135
1531594740,0.8508087198077969
1531608180,0.51644370479469
1531619520,0.38449536177696286
1531637460,0.60480106327161
1531653540,0.35093922667141086
1531672440,0.7702166305425218
1531686420,0.03553896673494418
1531708380,0.931738212129307
1531725300,0.809944916106764
1531744020,0.8864084922958624
1531758420,0.9738377089679673
1531781460,0.6309734324723704
1531798080,0.4100493518204059
1531816260,0.7406503034541816
1531827540,0.2958202685505004
1531840140,0.8823730646835708
1531859460,0.8518122631168658
1531883160,0.825421599305772
1531897920,0.5009433328863919
1531914300,0.6801730060678162
1531937880,0.8423075430242478
1531951920,0.7686182603384228
1531963140,0.9179776706049688
1531978020,0.7595236881274057
1532000520,0.8850849877802458
1532020440,0.6742178733643307
1532041620,0.7580793046516525
1532060340,0.09212888176603162
1532082120,0.010495303196448922
1532101380,0.24512296016742222
1532112720,0.5438585026405377
1532132700,0.359281798336567
1532151240,0.25784453903275417
1532169480,0.30917176940334234
1532188020,0.3126189901328206
1532211960,0.8435791103642907
1532227320,0.6580654525489124
1532244420,0.15082780978285182
1532256540,0.8896329355766847
1532276760,0.5770253617793776
1532290740,0.09082470960137845
1532307120,0.27817407519727605
1532332260,0.23280329341994443
1532354400,0.9349331449034788
1532368740,0.797269094091206
1532385540,0.8379716363478059
1532409960,0.7582247999704799
1532430840,0.00770670616105808
1532450340,0.8300306668742168
1532463180,0.7182382500089212
1532476740,0.5213798851424587
1532489820,0.7972649045735444
1532503380,0.4752641473868044
1532515500,0.4352523608938206
1532527500,0.6120799117793457
1532551320,0.3313878952736983
1532562840,0.6052806483874597
1532585700,0.20530884219159617
1532603640,0.17133977808336961
1532616240,0.04370378067510882
1532628060,0.5056800515971867
1532643120,0.3820401192016182
1532664060,0.8006210168630443
1532675520,0.5231756158196315
1532687160,0.687020077629509
1532710020,0.7590169394789532
1532721720,0.9219871442039689
1532739780,0.7197064328033058
1532753460,0.8540466358597052
1532771520,0.9008747695292602
1532794200,0.10280246209203206
1532805960,0.7401707147759435
1532820540,0.8420024153460878
1532839200,0.9834809402980584
1532861460,0.526980632602704
1532886660,0.6999688406966864
1532899920,0.5610293801980298
1532921460,0.9072655720730691
1532941980,0.304151542886194
1532963100,0.9576096874250375
1532985480,0.919898507229818
1533006060,0.6860124210124172
1533024180,0.7479690281994696
1533037620,0.12102428845859851
1533055680,0.16148664232635115
1533073620,0.693346954808624
1533092520,0.017934538860420176
1533107160,0.8420787249852251
1533130200,0.35071964943122425
1533145920,0.9890455609054203
1533166380,0.09628301541587975
1533182280,0.7824243365575155
1533205140,0.13209328536950402
1533229860,0.9038021429535343
1533245160,0.18609039101125055
1533258780,0.5876281195880175
1533273540,0.1841933372070365
1533290400,0.6816554240308071
1533313800,0.5778486364037553
1533336600,0.891220084988821
1533350040,0.19869547006643584
1533362040,0.9331207303869875
1533374520,0.7928247885745492
1533397260,0.7733905781683499
1533417540,0.8876661457240536
1533442200,0.7223878820998165
1533464400,0.4847872418612843
1533484680,0.8278252432221291
1533504240,0.0194790361654506
1533529200,0.3130092709577437
1533546960,0.8752953501488868
1533564420,0.7207933586012527
1533587160,0.7944626202457732
1533608400,0.9191158896693602
1533622620,0.590657714764643
1533640980,0.8566628750937367
1533659700,0.6532140240358759
1533677460,0.3250726567440604
1533694500,0.6150178028964464
1533710280,0.7276686640804724
1533731760,0.8112643645537012
1533755700,0.6942670871714443
1533774240,0.6098051756262274
1533798420,0.5111198737512866
1533815280,0.8543969136582261
1533833820,0.5857121445731817
1533855600,0.3131160103598065
1533866460,0.013017543493160831
1533878820,0.23796981468390724
1533897300,0.30890154601734976
1533919740,0.8521546836625628
1533937620,0.4018607127482404
1533961380,0.2057520224493545
1533979920,0.007091303028796353
1534000680,0.06564575887104473
1534012080,0.47852405077351756
1534024980,0.936092616835809
1534048380,0.8131281648355396
1534064820,0.3896442692555479
1534086720,0.8131184270261373
1534105140,0.7291009701291691
1534125540,0.7451418611765063
1534147020,0.4333306187821593
1534158600,0.8599816573457557
1534181760,0.18321852549224846
1534203420,0.7114064633157948
1534220820,0.44263986870163113
1534231680,0.9095765760801662
1534251240,0.8315854551079861
1534275900,0.6619349609347409
1534290360,0.7667260715550119
1534303140,0.7192015463982497
1534322460,0.6453024067399415
1534343940,0.48365242737975095
1534364700,0.8532834592949596
1534377480,0.43905652363147546
1534396920,0.6923123926646071
1534409400,0.6032990129529103
1534423200,0.45313544159152164
1534439880,0.9665169811379057
1534454940,0.4036566321631865
1534467720,0.810133669977922
1534479120,0.8503765306811002
1534497180,0.8204061941265768
1534514400,0.004249150603660063
1534534440,0.7853408852780994
1534554120,0.7472312477351475
1534571460,0.6233526511867669
1534587660,0.7548083361328042
1534600620,0.8074105361416705
1534621680,0.6767591682435393
1534638360,0.6369834348428027
1534656360,0.2175452294360029
1534678920,0.36956338539832706
1534692780,0.9555506230248554
1534712100,0.4618694605999012
1534731060,0.3596998034485922
1534754100,0.29735732397957887
1534768200,0.3116788353256431
1534786860,0.6699982186171751
1534801020,0.5892361245620509
1534818360,0.9266297211840839
1534841220,0.09237757135453728
1534861800,0.03971472287804591
1534878300,0.07317024972962201
1534896960,0.06842163869630824
1534911240,0.8048177425637457
1534933200,0.1880328985800579
1534952760,0.15385313918295934
1534964520,0.17211580736170906
1534986060,0.915484242458669
1534998720,0.9683375258233832
1535012760,0.16577894298365606
1535035320,0.22467880080926989
1535047920,0.8243879451195281
1535059320,0.8783453517221689
1535083440,0.3173328074768483
1535095080,0.47613540001013666
1535111100,0.864585817787501
1535132820,0.8154173264583185
1535152200,0.908413955140072
1535173140,0.5138108404349373
1535191440,0.4621364661332822
1535216040,0.21709724616874357
1535234640,0.8365282675157781
1535256240,0.2897005142517768
1535271840,0.05639189504827493
1535285040,0.49535389663730695
1535298120,0.5454965613339742
1535319600,0.29815973200331275
1535332380,0.1917446354859199
1535353560,0.6987131813285091
1535378700,0.21950076262265006
1535401740,0.7910801405851804
1535420160,0.7839958868315295
1535433060,0.8295819968198135
1535456880,0.5590476169259455
1535468460,0.7450179985079224
1535486940,0.7005031335994962
1535508060,0.6813602186564064
1535520240,0.07666685869123077
1535533560,0.8801409326043471
1535549100,0.5091247868684943
1535564460,0.7444443717134838
1535576820,0.7380435576104387
1535599440,0.6266526059192506
1535618760,0.5187596881723049
1535636040,0.8793949783098565
1535647860,0.09199068239784847
1535667300,0.668008206253986
1535686860,0.75376281768919
1535711220,0.8582346490661343
1535735820,0.7720502340128131
1535749860,0.8999002247663201
1535769060,0.6743375876151322
1535780820,0.06131932391155325
1535805480,0.2687937769582252
1535816520,0.7863808911721907
1535839740,0.6210322953810383
1535860020,0.6430354895873879
1535875800,0.44880426102357845
1535886840,0.0810896778817866
1535901300,0.0794725106205812
1535914680,0.9203292578643448
1535933220,0.8421005920751019
1535955000,0.9113172068664963
1535972340,0.1806506641587264
1535993160,0.8790154965725471
1536011520,0.004468881647985045
1536023700,0.8185952728989161
1536047100,0.8310080534284872
1536067440,0.6452544658717257
1536091800,0.7877257480263968
1536108300,0.7735071178566217
1536128040,0.6572258996132747
1536144600,0.9241327752542121
1536162660,0.8669005155765919
1536182760,0.06494265468000766
1536207480,0.824274571910831
1536227280,0.6661129570480904
1536244860,0.7058542450822468
1536267600,0.6217141590455739
1536283020,0.6981116681892771
1536295320,0.11730272620166077
1536313440,0.738525029424815
1536337380,0.6693556549884998
1536358320,0.522818245950425
1536380460,0.5126780026394564
1536394860,0.7164186604369065
1536413160,0.7786908871011982
1536435360,0.5564467739143713
1536453840,0.4933193298410747
1536470340,0.1865862478170398
1536481260,0.5911692081632863
1536492960,0.7707356187251636
1536517260,0.5488257913827996
1536538740,0.5746393326217125
1536561780,0.8387048015086735
1536586140,0.44086557981635416
1536598080,0.8087970425648191
1536622800,0.004998615654343126
1536643380,0.07638088466256145
1536666060,0.8160416401841251
1536677580,0.9522065103709006
1536688380,0.04547142819287102
1536712680,0.5209041722145379
1536737280,0.08583431115090838
1536758820,0.12152205698100992
1536783240,0.7308136416286578
1536800940,0.2829378550331955
1536811860,0.7612543994161691
1536832920,0.8582052668149663
1536856320,0.9740530611605777
1536870120,0.6966064696049286
1536888000,0.7080187584445504
1536912600,0.26357528311502953
1536929880,0.9060690679727116
1536944880,0.046950642025399184
1536964980,0.36275088648772147
1536976620,0.9071324559001739
1536995880,0.05235359930898303
1537015680,0.10234353172479005
1537037100,0.5234614928390204
1537050600,0.14462879482821928
1537069560,0.3398138419021473
1537092300,0.7598361317299736
1537109400,0.07360597233789973
1537123440,0.3485972049146586
1537135260,0.6895412181791918
1537150320,0.9552499625995072
1537172220,0.43211955894139786
1537186680,0.35768263699273734
1537197600,0.9515879612818207
1537215960,0.8090939072554968
1537235640,0.7243728283832946
1537252140,0.6589832138526556
1537264380,0.22654007962034098
1537282440,0.796898419498991
1537300200,0.7118883139051493
1537318620,0.23813806425799625
1537338360,0.4383870436300781
1537351200,0.7986524747202495
1537365780,0.02428928953803518
1537385340,0.20584672184584213
1537407720,0.08472243001702941
1537432740,0.700213101589984
1537447440,0.8654011485032252
1537467840,0.7699837786210549
1537491900,0.8619673273708058
1537512120,0.4616380045148604
1537528920,0.8469853814002573
1537548180,0.8953883880910863
1537569480,0.0022019803001653154
1537587180,0.798069271456004
1537611900,0.6173794767938918
1537627560,0.24583001240068186
1537652100,0.8056292440084691
1537664280,0.8677104593715221
1537682940,0.46065802207153655
1537703100,0.4355793979095882
1537720560,0.7472654387974159
1537732140,0.5855390472887692
1537743660,0.8645980306235478
1537761600,0.3221114528777825
1537777380,0.9891855133078604
1537794420,0.8069839710543765
1537819440,0.7142355403933678
1537834680,0.6062660910940701
1537848420,0.07871135595437541
1537863060,0.7322849273171592
1537875360,0.8339971824473809
1537893600,0.7543676905562218
1537913700,0.003940283840004486
1537938000,0.850990585973396
1537958880,0.6928316788942395
1537981860,0.6341139221909451
1537996620,0.670142688910862
1538012100,0.41160689000803086
1538035800,0.8497987439886949
1538055720,0.5596455689391051
1538070720,0.042180369724417535
1538091180,0.0036621620298825544
1538112900,0.02113424701820392
1538134740,0.8386386165168057
1538145840,0.15102929035850715
1538166240,0.8461381392215315
1538179140,0.7961354463544317
1538190900,0.7226646097282321
1538207340,0.6391332584528518
1538220300,0.9191156837458783
1538238360,0.6830343787111725
1538261220,0.43004427199695316
1538276040,0.4219323582794273
1538295720,0.32548727869024713
1538315220,0.523035127600087
1538339640,0.8612854187871412
1538351220,0.5637697180384873
1538371860,0.6449029405034574
1538391540,0.5532585154105369
1538415000,0.3674691505640944
1538430180,0.25315389870680854
1538441580,0.9099355532512612
1538457840,0.02728947451771004
1538468820,0.9019633221481247
1538484780,0.7277917455588997
1538499240,0.36713347431901033
1538510340,0.29782061138894445
1538529060,0.8100938280026835
1538551380,0.0012289284243481601
1538568900,0.7008220233869464
1538580120,0.6951489371621641
1538598660,0.9816333710536583
1538621940,0.426118145613955
1538637840,0.8289924650923257
1538657940,0.5767007435371965
1538679480,0.21482462274689193
1538699040,0.010498182847465074
1538711100,0.6754498538965472
1538724420,0.5395137084356945
1538739000,0.26153423098382245
1538758740,0.7282285724342035
1538782860,0.05339947538640965
1538803800,0.7481373943281101
1538819220,0.45834751375972616
1538832540,0.25376528339155613
1538857680,0.300261619314017
1538876700,0.006120612149507242
1538893080,0.13415735521754288
1538905320,0.31689063749334445
1538918460,0.02899274010497122
1538936160,0.011398457035958163
1538953200,0.8709873922588232
1538974740,0.5214290690014838
1538993640,0.6140519548890839
1539006780,0.6269647129813961
1539027660,0.32186076519618095
1539038880,0.12460215730399755
1539063240,0.8704580590226678
1539077940,0.09028149408951704
1539092940,0.5399893975155257
1539108780,0.7018217267397524
1539121380,0.49617495945395956
1539137820,0.8685913765768408
1539150600,0.5179972337945628
1539171300,0.10455587055837155
1539185520,0.9235470693748219
1539202380,0.12802542242120735
1539217140,0.688147493174474
1539234780,0.7939279348635138
1539250200,0.14413224639848427
1539271500,0.9388089764250122
1539293640,0.7684285561480279
1539305460,0.6475068984657524
1539316560,0.01833096957128258
1539338880,0.28402265855423314
1539354960,0.6675795681757469
1539379980,0.022040204436119613
1539395640,0.4926681943194164
1539414480,0.6792667641967836
1539432120,0.5712949742569984
1539446640,0.11599957204343946
1539462060,0.2028007928059073
1539476340,0.3626240310097502
1539492780,0.5393128411931195
1539510180,0.5892010602647324
1539529440,0.3322925128664088
1539545340,0.84092625386462
1539566640,0.8118572742120506
1539583740,0.9863639914642494
1539601080,0.8871182374116847
1539619920,0.6076754486908587
1539633660,0.3725704844706327
1539646140,0.9680741323515425
1539668520,0.8369643526703575
1539684720,0.9196501570845557
1539705240,0.18315843476374422
1539723360,0.7421013904918692
1539745680,0.8839261459425851
1539758160,0.47402453720834387
1539775680,0.08689636447847228
1539787560,0.8339453697935317
1539801000,0.5688264813307691
1539817440,0.007807991641869119
1539839640,0.5077636749077037
1539859500,0.35502575078376775
1539883680,0.4744851771763528
1539904800,0.8781832738628753
1539929280,0.5307244103221156
1539944520,0.794380696937953
1539966360,0.6572422725002887
1539987780,0.7632577850062102
1540000500,0.7765486815546319
1540017540,0.6051883590100027
1540032840,0.17608109866604535
1540057260,0.11210486795047184
1540078620,0.8716823859538001
1540091460,0.14137078072404854
1540102860,0.6620451339486575
1540117920,0.9806656574835716
1540133040,0.9062819046244209
1540155660,0.5479043690833352
1540172400,0.7647173726320136
1540189560,0.1105285076625601
1540212540,0.855283954488253
1540225080,0.7864754310689952
1540236240,0.5399377748913556
1540260780,0.06852597636771741
1540275780,0.020644869440058795
1540299480,0.030422716070608674
1540320060,0.806502695134368
1540342500,0.9155548672787793
1540353360,0.7430489606960377
1540371180,0.8712848340744843
1540386720,0.9503510184663542
1540406280,0.7935593375360454
1540428360,0.7841956584895063
1540450500,0.0227846953622574
1540468440,0.5138089021389038
1540485180,0.2393656563463887
1540507380,0.8135761952115869
1540521900,0.5857119869104754
1540534200,0.4632997424999487
1540555920,0.5533189470797809
1540571280,0.6638513615769641
1540584480,0.017864805303859463
1540595520,0.4426940719437178
1540615980,0.808687718349639
1540635360,0.8468422850679236
1540658280,0.5547045334670712
1540683480,0.7949801305096162
1540695240,0.8590347398400371
1540717860,0.9189570679784701
1540732920,0.6011124013318657
1540748220,0.7614210307789715
1540764060,0.49073708385636294
1540788660,0.14310793996102505
1540813020,0.1335738693756442
1540833120,0.9334042137810135
1540844940,0.7751802748538852
1540869660,0.002900203946195644
1540886760,0.766034965051689
1540900920,0.9506009198246714
1540913100,0.5297286928771616
1540927020,0.8483607218608202
1540938900,0.7302585258351943
1540960980,0.8721646920340995
1540980120,0.02512564320217613
1540993620,0.8154928856272691
1541011320,0.15416755907331187
1541028480,0.689399561979414
1541049720,0.3559301250051407
1541063340,0.8568310961486164
1541078520,0.366433715870528
1541097960,0.8761704881953303
1541115960,0.3062084945130862
1541132700,0.7835586283743268
1541156760,0.8745432299478677
1541169060,0.5514233973382007
1541182320,0.9117255474370144
1541196960,0.824612719532905
1541221500,0.3268559184690467
1541235480,0.7303679266298694
1541247720,0.8088296077805631
1541264100,0.7012878337632451
1541277540,0.4991865074742122
1541299620,0.7926956244324832
1541313840,0.028128613029471502
1541333040,0.7189560947496302
1541352060,0.498245064918523
1541364660,0.7231350284447731
1541380200,0.6325497221148728
1541392680,0.5023349384000981
1541410680,0.3345784693211288
1541425920,0.3515540249917787
1541437620,0.9092442586459434
1541455620,0.7531310914358871
1541471040,0.9824515009527068
1541488260,0.5353905631182291
1541499120,0.9586476797511949
1541511780,0.5550388169073127
1541534400,0.9929471445766643
1541555280,0.011671990934978392
1541574300,0.018283192540332643
1541593620,0.8497089111888843
1541611500,0.21540605728980144
1541628720,0.8235764202906014
1541639880,0.8543732883717022
1541660040,0.6917176645041324
1541682480,0.8182244838194324
1541703000,0.006194052046291994
1541715300,0.7796625410750297
1541730540,0.09987525012313415
1541752020,0.31643676349496686
1541768580,0.5198353195950838
1541785620,0.6833424330184339
1541807460,0.25043223692206257
1541831640,0.7390602378622618
1541844900,0.7976466730973428
1541857140,0.8006526764561108
1541881740,0.842633384111882
1541897880,0.6824142473035251
1541919960,0.6638546204757914
1541931360,0.2880200137523933
1541950320,0.4520472162624868
1541975460,0.7225492093475996
1541992320,0.513513199676257
1542012540,0.7919226264438652
1542036480,0.9460197991528692
1542052440,0.7688726726181792
1542065700,0.496440686927042
1542090180,0.8082899148923915
1542100980,0.7978688764963756
1542117180,0.8191685716250613
1542131280,0.8538153304856336
1542144000,0.31414413707757083
1542168540,0.0070039716646285895
1542186480,0.4237484541326998
1542207720,0.0021648155363258948
1542224100,0.8138118734693238
1542237540,0.42494601993508907
1542260880,0.8082415995867189
1542276540,0.2871357414236914
1542288240,0.0275813008826907
1542300720,0.8209321134103513
1542323280,0.8448539555988999
1542338340,0.8693688451403605
1542362760,0.7356260008780187
1542375120,0.5500758652099434
1542386820,0.5895972427943237
1542397980,0.014168707263045609
1542419160,0.6077370347900581
1542431100,0.018710534978986774
1542453000,0.15306403107515365
1542472200,0.2698345445653292
1542494640,0.6507955351430362
1542514260,0.48971775953139374
1542538380,0.7416966940575156
1542549180,0.5650710775893333
1542567120,0.35943959682417587
1542580140,0.25353308123528545
1542600840,0.5700479208940539
1542614220,0.6370982238148107
1542634020,0.7295232976493389
1542654300,0.7787807765133817
1542671820,0.0707845700738758
1542696300,0.369578946135391
1542709140,0.7740238969492832
1542725520,0.8135429270117958
1542744600,0.8081670301751167
1542763440,0.9156554963319368
1542784920,0.18136427722114534
1542801000,0.7992537838221773
1542817920,0.7770074661546502
1542839880,0.6408064488852734
1542860040,0.5841339871121126
1542884460,0.6176769351452046
1542902280,0.0059737099117112055
1542920880,0.06811931123696924
1542931740,0.3773174360093463
1542948300,0.5808570484955473
1542960540,0.9650519100260676
1542979140,0.39802198024150515
1542999000,0.944885224910353
1543021080,0.7225307899989679
1543037880,0.6119532994690434
1543053300,0.8651446180368739
1543076400,0.8625809306918182
1543099860,0.33550351324416916
1543116600,0.6536831742848499
1543137540,0.981046880009214
1543149840,0.9765446402738709
1543171380,0.4440175996887422
1543195140,0.8560928493033777
1543215060,0.6478864910091476
1543231680,0.6925876858852136
1543243500,0.2149896919795234
1543259400,0.004960221543167794
1543280100,0.9858122534505058
1543295280,0.6291019119922128
1543319340,0.7389571125311056
1543334700,0.8333666236100434
1543355760,0.07318501849518295
1543375320,0.6930605143213378
1543399020,0.8857971416250976
1543412040,0.7594949606375279
1543437240,0.5917742490842555
1543455000,0.12004850919271087
1543477080,0.38947204483483777
1543498860,0.6857648905038571
1543518780,0.6979072371582863
1543529700,0.18463798060547698
1543541760,0.38706538408961755
1543564860,0.8084923163590803
1543578780,0.8561829101789368
1543590600,0.8064093916490288
1543605060,0.798443128524881
1543627920,0.5473023820838738
1543642620,0.6500999844139119
1543666560,0.15439959019548674
1543687260,0.5579620736100327
1543703160,0.9634105786260277
1543720260,0.25111827138737486
1543740420,0.7321029530134013
1543765380,0.2797816481888191
1543777680,0.9425888969279592
1543798800,0.4023676026263512
1543813260,0.48122601959646666
1543834740,0.784233917122943
1543857360,0.27694492746732235
1543882020,0.2151990190135778
1543899720,0.36769272458356417
1543923720,0.5252515650838656
1543934940,0.9242894656311621
1543948560,0.031041521779256592
1543965840,0.7926734303732004
1543979160,0.007069870454217901
1543999920,0.9635146252861556
1544012220,0.5591524102020355
1544034120,0.9921686014175647
1544054160,0.4657783384633784
1544078820,0.5030152584569975
1544097240,0.2762308758754559
1544111160,0.002459856040628572
1544135700,0.9109118986540345
1544154060,0.6299253498317373
1544170440,0.723796197357637
1544195040,0.18225102953754074
1544212380,0.8724851069949818
1544226000,0.005045292949924869
1544240220,0.820053029348972
1544251620,0.5849499852308805
1544272860,0.21230678523407892
1544290140,0.9243914110357254
1544304420,0.46834133736496597
1544317860,0.6864557873927326
1544339400,0.672940037753017
1544350680,0.7598449483824375
1544362500,0.037922174094002996
1544379300,0.8787759918871029
1544390400,0.657863423445922
1544410920,0.7352713457875111
1544431140,0.9103509549001094
1544451780,0.7975322676837149
1544475720,0.0013879412042366779
1544492160,0.671559280033121
1544507280,0.2958069411314818
1544526780,0.8735386426960912
1544541780,0.9747531713991272
1544560260,0.8514380323161432
1544584920,0.6984660572014479
1544600040,0.34670027350298377
1544611680,0.9339087461031589
1544626980,0.779369366259826
1544646900,0.8227551481315812
1544662140,0.02905111953486059
1544674980,0.015924072456348748
1544698140,0.7529829246385787
1544720580,0.6468797319120754
1544735460,0.010590122550389613
1544748000,0.7690193404144172
1544763600,0.7497098317543317
1544787240,0.8633927604002901
1544808480,0.5423177309524503
1544823720,0.8366223707175415
1544842740,0.9846344875411214
1544867820,0.18133271894605357
1544888100,0.35409868751789525
1544908560,0.9103073993226959
1544928780,0.893742815700281
1544951400,0.8643584194564653
1544970540,0.6701131071832969
1544984400,0.799274553599156
1544999040,0.7383523976971249
1545020100,0.7982063957086029
1545033540,0.26515855770879937
1545054420,0.4980243254542504
1545077280,0.4006191240538956
1545094200,0.06901779081308379
1545118320,0.9408871387286721
1545137640,0.5629626002012167
1545159720,0.5950190745572439
1545178740,0.8429178346577759
1545194340,0.1414736939713202
1545218040,0.7733795593369891
1545237720,0.19062781594699485
1545252240,0.8292665792736881
1545275580,0.6272383432307655
1545287640,0.19550412112061108
1545306060,0.7816967350734341
1545319080,0.7131016291460817
1545331380,0.11408793764319557
1545355860,0.7053544719117011
1545376320,0.27707391021463157
1545389580,0.858064149310866
1545409560,0.7305222595892447
1545423600,0.10482638558315989
1545439380,0.1731820423054999
1545452220,0.556857127323575
1545468720,0.5945358200224011
1545482400,0.48062294881335665
1545494760,0.5312826517115938
1545506880,0.555178367501876
1545525540,0.7478977829279883
1545536460,0.2804951836601363
1545550320,0.8896760708947505
1545572460,0.6093783185577599
1545596820,0.751082555360691
1545616260,0.22079365573127185
1545640740,0.8858379003419395
1545657300,0.7576706930855694
1545681480,0.765305939766612
1545702180,0.543859389554515
1545721140,0.5294514762427422
1545745440,0.07349540094803185
1545763080,0.8362482319780128
1545782760,0.48154884696783584
1545803760,0.6858254587870238
1545824640,0.6911629395944898
1545841620,0.7574874820731683
1545861840,0.34004931212176503
1545881280,0.42949033001497827
1545895080,0.9672555792948305
1545906780,0.01574576765540691
1545931980,0.7302343473820652
1545951180,0.7806091034106541
1545962040,0.7368719346958454
1545981420,0.5908781941345991
1546002540,0.5241510866463223
1546016640,0.7989316039230381
1546028760,0.9181010640432571
1546042320,0.7144435197351315
1546060020,0.8644713298843569
1546077480,0.8538849883039762
1546090320,0.7567789217055185
1546114920,0.8813452893106954
1546131720,0.9061825303247778
1546153380,0.06736715134137336
1546168620,0.6319563582836525
1546184460,0.7309688542622155
1546202340,0.4803773723782297
1546218180,0.5783223675812008
1546239960,0.7238281737530319
1546264980,0.945791210424038
1546286160,0.10496385507751745
1546301040,0.7456355332136069
1546313220,0.43212609163411614
1546333200,0.7915794087582032
1546355040,0.34655551025757225
1546373220,0.7790585699229362
1546388340,0.8766480436696397
1546401660,0.49893144606293327
1546426680,0.5930236534773221
1546449420,0.42769791932754275
1546464060,0.6574697950540274
1546487580,0.03011025177009045
1546510260,0.6433702675607607
1546531860,0.8808443896182482
1546550040,0.4284145823336653
1546568940,0.7265326045409078
1546590540,0.4392749971328152
1546610160,0.8274260805298839
1546626960,0.7978994337495233
1546651440,0.5459982861819501
1546674300,0.031147317904779828
1546698240,0.23513235071259025
1546709700,0.6309095496846144
1546733580,0.44153453213179106
1546749240,0.7201168320592031
1546766100,0.1831488757510178
1546777020,0.8151221033837516
1546791360,0.3379464469168264
1546808640,0.2256088131567382
1546830240,0.0983196790905624
1546847400,0.21538713317882657
1546864140,0.7293473591460854
1546887420,0.44155796262719177
1546906860,0.8164280163292414
1546928940,0.015157664044654913
1546942200,0.562447574423623
1546953600,0.8005391126148675
1546967520,0.2089392854363054
1546983480,0.9282052017725921
1546999320,0.7755747495227678
1547023740,0.7836282889209544
1547038440,0.5962289020337318
1547059620,0.8499998386461911
1547081340,0.7411900117217423
1547093760,0.822937980155133
1547116500,0.18215447498289167
1547135640,0.6885888215095128
1547151180,0.42066140066764307
1547171400,0.4988066789554905
1547195040,0.21511879216250637
1547215980,0.7626219480045908
1547232120,0.049024851924465505
1547251440,0.5016044674272399
1547275020,0.40303878076080796
1547291160,0.8808823862026978
1547312700,0.8662570637049214
1547330280,0.8837203088065825
1547348760,0.7109575038100915
1547363340,0.01979125888915852
1547385900,0.7993430074978317
1547399160,0.004197363340938653
1547422020,0.8257515965571802
1547443080,0.09428847054635824
1547457240,0.8458786330381431
1547481240,0.9112160192017424
1547505780,0.7999363798980095
1547518980,0.8975754456708958
1547535000,0.0014725818230755185
1547557080,0.7393847076978326
1547568780,0.8267568203755412
1547584560,0.6240039276978523
1547600880,0.7536619137928758
1547621220,0.743899939538355
1547642160,0.01126035081935024
1547654220,0.8864088075679403
1547665680,0.846412492072476
1547676660,0.9041221989645458
1547698020,0.6402170667503776
1547720820,0.7825194004396386
1547742480,0.7801900486737741
1547763840,0.2142010872360899
1547776620,0.8671752063744975
1547800320,0.7120298814341132
1547823360,0.22133086104918162
1547838660,0.9048340882217476
1547859060,0.6825517644413834
1547879160,0.6867383652162122
1547902440,0.623826243979465
1547918820,0.6805894838853941
1547933820,0.2997248500825647
1547950860,0.7126689928521699
1547964300,0.6549701034097386
1547984520,0.8784298546553932
1548004440,0.6660153509012696
1548019920,0.7636735016135443
1548040680,0.5773819607509387
1548061500,0.5995308924319495
1548073080,0.4277543187640905
1548097380,0.7761360288922805
1548119700,0.29822632410600547
1548137340,0.39613305880523975
1548157020,0.7427206559800511
1548181440,0.573789869579713
1548201000,0.4434050312762081
1548223500,0.813738408139869
1548245820,0.4626117185663006
1548260580,0.30323335349144603
1548271800,0.6523293971342952
1548283620,0.8743442336604301
1548299220,0.9006136564488036
1548313140,0.1750376349910283
1548333060,0.03928744305678968
1548351000,0.5683893459135689
1548370680,0.40753908123537697
1548383100,0.883448983214642
1548396360,0.6872046908634774
1548415320,0.469692626858775
1548436620,0.7403298932903086
1548457860,0.5427431551487005
1548473520,0.5409819191511652
1548495780,0.8731735688274754
1548512460,0.7431165164180273
1548533100,0.15706925898346305
1548545580,0.9011909815675581
1548556620,0.7954708942135233
1548578280,0.8094018051872602
1548589200,0.8519222775379132
1548603780,0.053194945012792864
1548622680,0.8451044205116659
1548636540,0.8933850856587457
1548652920,0.6969767282824493
1548677460,0.1889454576872035
1548702420,0.7803527522627443
1548718320,0.6869473982594139
1548733080,0.5242101809885581
1548756240,0.6391076217474019
1548776460,0.017539865089947194
1548788100,0.6919230749124623
1548806640,0.7486998548020117
1548826920,0.5452014680150189
1548847620,0.8995753768945028
1548860700,0.9471181004918001
1548882300,0.9086910725686806
1548899820,0.9415269927051753
1548917700,0.6278464249126483
1548931320,0.733671963495562
1548944760,0.5349959852824845
1548964620,0.5808877008479333
1548983760,0.7599507931258704
1548999900,0.5994212294679935
1549024260,0.14803319698628628
1549040940,0.8926772533714536
1549056240,0.447704926276623
1549077960,0.717437600139189
1549095000,0.8792842048243704
1549106340,0.3960906859724112
1549127280,0.37300703697656384
1549142100,0.6654275096400539
1549158300,0.13822794693424442
1549180440,0.3355296220260458
1549201200,0.16461840540523986
1549214280,0.2355396964945004
1549231440,0.5656724293304484
1549250100,0.0022354614565088223
1549263360,0.01717068934520561
1549281900,0.6752448329901573
1549300020,0.43663915818348037
1549311780,0.712236766776844
1549323480,0.0086192472141852
1549345200,0.0053252236352904474
1549357200,0.7776888789596335
1549370820,0.2990303324157446
1549388220,0.8782097454377666
1549400160,0.9107094684360353
1549416180,0.4958600828060239
1549428480,0.46862185414260893
1549451580,0.8319700402849525
1549465440,0.8682518875727783
1549477020,0.5465201222252236
1549489320,0.1753775576008546
1549505400,0.8785468931054206
1549529220,0.6190816593132015
1549549260,0.3624835520373457
1549560360,0.022785601892562304
1549579860,0.4037676502930266
1549594320,0.7418686346368049
1549614600,0.26618282126628223
1549626240,0.7796397652018583
1549645860,0.6970868095989815
1549665180,0.8112660741253096
1549679400,0.3101384549799078
1549701720,0.40364505560984687
1549720260,0.18056238583383927
1549735680,0.8799893406333699
1549747620,0.8289734065469265
1549766100,0.8865611635134549
1549788600,0.8683736445378493
1549807800,0.71413264498651
1549823940,0.6607644007762947
1549840560,0.35887522417174733
1549853100,0.4180374077971253
1549868100,0.7371504585286206
1549887120,0.3920298430258176
1549904460,0.4470448732520199
1549919340,0.09386393936012248
1549936560,0.1584351987677356
1549961520,0.9200973859582022
1549986540,0.07477343773250852
1550002140,0.3761688658466739
1550016420,0.8504782167900954
1550035920,0.9300654510210208
1550048700,0.260608326724001
1550064960,0.7903895968342864
1550081940,0.3765173909833355
1550107080,0.04154595080191275
1550122020,0.7286382667472466
1550141220,0.7285012528028305
1550163840,0.33277051704951155
1550185560,0.9196099924268727
1550205960,0.6689645931820586
1550220780,0.689877944533924
1550231580,0.012978746932521237
1550255220,0.13847643214897828
1550273100,0.3813645173084578
1550287500,0.3592694204955975
1550299260,0.8166692607873547
1550321700,0.19733346029039878
1550335080,0.791803451661384
1550349000,0.6865200915101384
1550368620,0.8178421085295201
1550386680,0.5020160705300762
1550409300,0.36000970167765517
1550420820,0.9081611825194627
1550442600,0.824910498848941
1550466360,0.5420401125221384
1550479620,0.6512079435741918
1550500680,0.5214947509328512
1550517480,0.7363793753891731
1550540820,0.6765249243391894
1550553540,0.6091189541171528
1550574060,0.545271140362793
1550592540,0.6072747778402028
1550615100,0.8182770528844173
1550639100,0.7450596277025938
1550652240,0.7508507420572776
1550675400,0.8095420143279646
1550698500,0.29695046926416024
1550711280,0.4656796945446158
1550724660,0.058225080341792364
1550744940,0.17079289638853876
1550756160,0.0517700305873191
1550767140,0.4873069255222043
1550785260,0.0038958489679361548
1550810160,0.5557417713447583
1550830860,0.7636252799940626
1550846940,0.9077561781830312
1550867460,0.6268342131443032
1550887560,0.9949125353348861
1550905800,0.0915738891378126
1550921640,0.7410657177412445
1550935200,0.3500504313567362
1550959740,0.3118368271726921
1550979240,0.7255522418996012
1550993580,0.5487138505488118
1551011640,0.8243533552153212
1551032880,0.30659224389083894
1551043680,0.5681514854010616
1551065580,0.3596786948618513
1551080400,0.9936178885525642
1551091920,0.9506952193680257
1551108600,0.7309263155315462
1551120060,0.8516111996931172
1551142080,0.7179859590918602
1551164880,0.5631006792408592
1551180540,0.9269953567398931
1551205380,0.7537112541063459
1551224880,0.7550193958622528
1551247920,0.7768016298638923
1551264120,0.977827832707316
1551287280,0.13453835476377568
1551311220,0.20341832865747664
1551334260,0.6477177649842131
1551346920,0.6193810769240928
1551367320,0.06942919313928539
1551382020,0.8759643793479532
1551403200,0.9050541836829009
1551424200,0.05400383715241489
1551444060,0.08605270364064774
1551455940,0.8939472650792673
1551476640,0.15887507788354444
1551500880,0.11684892519973052
1551515220,0.6327127800267562
1551537360,0.9025985779164032
1551562320,0.21917223184543094
1551581100,0.8815165359739221
1551594120,0.3106447990448584
1551606300,0.7146499082233381
1551627660,0.24624397565074485
1551651600,0.35831012383858074
1551676620,0.7086603476031931
1551690840,0.9315425627255942
1551713940,0.6010397397803449
1551736020,0.7108119832718707
1551750060,0.8678959582437831
1551771240,0.5077019925647106
1551782040,0.4513724543037889
1551805740,0.9919031222510253
1551820920,0.47562997196797174
1551832620,0.9744509664560844
1551855660,0.5088785583057893
1551867120,0.6239253687191543
1551882780,0.8528584861684827
1551896880,0.8121864945128181
1551909660,0.911464623586556
1551923700,0.831184766193605
1551940380,0.8778196739734098
1551954840,0.37725892675696804
1551978900,0.9104274986766443
1551996960,0.19813586210206602
1552014720,0.28411275134968383
1552028220,0.5684033064013798
1552045260,0.027649746761462937
1552069920,0.8405891870029729
1552093980,0.5488670300206575
1552117560,0.6335130891070009
1552135680,0.8522572080334494
1552151700,0.78158501685028
1552173660,0.3818310309955834
1552188360,0.7739281523175138
1552200480,0.2919806430984815
1552213320,0.676641386071827
1552237620,0.20525915853372917
1552251540,0.9666134574568053
1552264560,0.5946006135512759
1552279500,0.005001103504023958
1552297200,0.9042677018309343
1552312800,0.6441279704125569
1552337400,0.6964069777926583
1552359000,0.698552452055474
1552383600,0.03798141175858536
1552395300,0.7444260425152839
1552410120,0.2880264179052606
1552429500,0.6833156899236683
1552441260,0.9129145727676218
1552464480,0.022607452694040686
1552488360,0.9675012446771405
1552502820,0.889280453258332
1552522860,0.8817782130510445
1552543320,0.735971184095636
1552567200,0.9282214112596662
1552582020,0.833549584043685
1552603800,0.8102536897704256
1552628340,0.2384878631950567
1552651740,0.01747394099864876
1552670220,0.039145457274215624
1552686060,0.8694513326820535
1552702440,0.32437296707748914
1552723080,0.8468405060158354
1552748040,0.8424902871728974
1552759920,0.8109367524785154
1552778580,0.6794532830372451
1552799760,0.8784233571240468
1552816440,0.6961169693114322
1552837080,0.6944803669500514
1552850700,0.7048013610534625
1552871640,0.4473471481633898
1552884060,0.6103814060905614
1552900260,0.5494361497095859
1552915860,0.863902455797001
1552929960,0.65982783702522
1552941120,0.6085658037076801
1552958940,0.26438441128269324
1552983000,0.36714984328036315
1552994580,0.03552688268955732
1553019120,0.41215118841202913
1553030220,0.6810515741570166
1553053920,0.8961835553617725
1553075640,0.20294839019328606
1553093820,0.8124716815258091
1553110020,0.174209892810736
1553127540,0.5125058232583968
1553142720,0.6995478308281774
1553161800,0.3403187548717709
1553174700,0.7691805684013168
1553196660,0.9093806762075723
1553211840,0.5861906438253901
1553227380,0.3339154089098154
1553239260,0.9029616188863687
1553257740,0.43281749058408525
1553270760,0.29222915114384107
1553284440,0.5282478206927577
1553300580,0.8848746305824806
1553319420,0.5221824480681726
1553339640,0.09678313804116308
1553358060,0.860470076386756
1553379960,0.7785523850478602
1553392860,0.692124698684225
1553404200,0.5905047440629931
1553423880,0.8455965494674853
1553449020,0.5055632686174112
1553473680,0.016589239460929408
1553488980,0.24392855884158607
1553511360,0.7641097968924814
1553528700,0.08111720637202567
1553547780,0.318263642230639
1553571120,0.2646963638957331
1553585700,0.09347729967272997
1553601840,0.021136540804613056
1553623620,0.4826579382468364
1553646120,0.3989588797496432
1553660580,0.580304591917053
1553680020,0.7485384966473255
1553703840,0.8311051018017964
1553721180,0.4904671205329379
1553736240,0.24077917080190797
1553749980,0.9842763387301797
1553771400,0.9030745671334353
1553794140,0.9281352757484115
1553805180,0.9727493305166515
1553819160,0.9671296977157343
1553840820,0.8261886735206831
1553855880,0.4434894303837962
1553872500,0.22216335484196517
1553893980,0.867168182138687
1553909100,0.6423595173953776
1553925780,0.41283747710659824
1553943240,0.7720388832533656
1553960040,0.40561767615637023
1553985240,0.39619347789667086
1554010080,0.8078658721661416
1554034800,0.7550777244103819
1554058920,0.14859753499221368
1554073500,0.3592994934860684
1554088740,0.11445850511501947
1554108120,0.26761918253673084
1554129300,0.007077560969789231
1554145860,0.003409871547710235
1554165660,0.42751338558138335
1554184800,0.750299836276239
1554201840,0.5067409922497226
1554225480,0.5886038036826403
1554238740,0.9221411971929211
1554253560,0.24614394629440992
1554267540,0.023174372091960927
1554291000,0.9867351061360161
1554302940,0.7184193096126883
1554325800,0.3661637900580176
1554347880,0.9904380024957639
1554362940,0.2003945060518625
1554384780,0.7398677058113103
1554407520,0.6145395881276321
1554428220,0.4111228759625318
1554449640,0.4709360211853478
1554472980,0.014201231869643088
1554496020,0.8754270427175
1554518220,0.6162436662379975
1554536940,0.3769798872100586
1554549900,0.63448521247468
1554564360,0.2137094904734661
1554582540,0.9731336374894474
1554605520,0.878805283574786
1554630420,0.2358534249053601
1554655140,0.8566082243741575
1554668400,0.939910940718775
1554684060,0.313695965892409
1554704820,0.3598639288797456
1554720180,0.7773809967424399
1554731400,0.2879849114021438
1554756420,0.9055393906074267
1554778260,0.6854899165437291
1554793440,0.8169838692793492
1554813180,0.7144572099751222
1554827520,0.6169003585138049
1554844260,0.8525394438824493
1554864360,0.8634300878416934
1554879300,0.048763559399741294
1554896160,0.9112899648160178
1554908220,0.9232624832044143
1554919320,0.9316855749092955
1554933780,0.24934791467039746
1554945120,0.8332868562795678
1554962460,0.8963433219638264
1554984240,0.8344498608149575
1555001520,0.12671518183790453
1555017480,0.796272408619813
1555030620,0.02115718621007622
1555043040,0.8646695100468922
1555064460,0.8322375156734874
1555075320,0.7431391696246776
1555086240,0.7700161877765723
1555099740,0.7160194656604353
1555120620,0.39379542681231317
1555135740,0.3554428367614426
1555159260,0.3130217633665664
1555172760,0.36118360409383005
1555196040,0.004204976336553595
1555218120,0.7027674776653738
1555241040,0.8355803958858363
1555259040,0.3199782893883132
1555274280,0.602913471410125
1555290180,0.23765099403112538
1555310640,0.7068683492477422
1555334340,0.6429415021087701
1555347360,0.8485462624523189
1555369740,0.34248676319267396
1555386120,0.974739969123087
1555406880,0.007747327601719776
1555431840,0.6314899475759466
1555450260,0.26364442758563994
1555462140,0.0921782454310303
1555482000,0.4437596296910357
1555501860,0.4796208676699476
1555512780,0.21445760242601325
1555527660,0.8376607187195115
1555539540,0.45274892516707776
1555560240,0.7497620483030427
1555572000,0.7853404000094623
1555585680,0.8137412632528922
1555610040,0.7962387134304785
1555635120,0.852881677530761
1555659960,0.7161046799462015
1555672740,0.047992575947264006
1555684380,0.442462887283631
1555701000,0.8952600622396698
1555725360,0.74708963650518
1555743900,0.8963540758220323
1555756500,0.6748266219189241
1555781100,0.7616290270601426
1555802100,0.6609768068475749
1555820040,0.8309670400809968
1555843260,0.8578531616451164
1555856580,0.5209621063651573
1555872180,0.7382675881354054
1555883700,0.1448577706190013
1555897440,0.6107117957193837
1555917840,0.9432544409996305
1555938300,0.38295452327027324
1555960860,0.9743606450176501
1555976520,0.3120645886752591
1555991220,0.7461554556031025
1556014560,0.3787112169791461
1556035860,0.02801342836894087
1556060220,0.8397937284109113
1556075040,0.7798788484836452
1556094420,0.6510653564527253
1556110920,0.6744419004998548
1556129940,0.3936433322214336
1556150160,0.9555937613988839
1556166180,0.5095030755828587
1556188800,0.42399630761250184
1556204760,0.32782871518853196
1556223120,0.8903817034932707
1556237640,0.5664335059562448
1556262720,0.9465749343290258
1556276340,0.2047174440813607
1556297160,0.368509272490791
1556314680,0.9110054279835647
1556326020,0.8416981371617264
1556348160,0.5005428158936641
1556368380,0.747117061628521
1556389860,0.7182657626880465
1556401140,0.34119676638770774
1556420580,0.35290596968332777
1556435040,0.16463730692653925
1556452980,0.3480122459833837
1556471940,0.9934770876922979
1556488500,0.18371148051084568
1556505540,0.7494996316766052
1556523600,0.14001447982353563
1556544900,0.05116956062947177
1556557980,0.7587850552497314
1556575020,0.8838354588301892
1556592900,0.004446134622157523
1556616120,0.8118195315728979
1556635380,0.8530938260410784
1556654640,0.939281246262848
1556667420,0.8857274540785065
1556687280,0.8119638260705948
1556703000,0.7154133107504687
1556723220,0.5328022517809166
1556738460,0.8971415754455161
1556756940,0.5499536813210468
1556780700,0.40336544140997
1556799660,0.8420612429876253
1556810520,0.5445350826098947
1556833020,0.9634469973152262
1556846100,0.8233442123158918
1556863980,0.7349722543108117
1556879520,0.675859774017223
1556893800,0.8000751207517414
1556909760,0.8449553596862468
1556923500,0.9284504253335709
1556946540,0.8860798805917255
1556967960,0.18080483312874146
1556985540,0.9729708384377882
1557001680,0.5111074387637268
1557014940,0.5543381656928191
1557036060,0.12413023323821666
1557056880,0.4659012447705735
1557069900,0.7166154922504906
1557083400,0.017975978178321944
1557106320,0.8630850661851317
1557121680,0.6054514443977916
1557134940,0.4942991423427523
1557148800,0.023444050859245058
1557162480,0.7681076608633484
1557183660,0.4045399989947081
1557202980,0.7645820894343164
1557221520,0.5882421419538915
1557236820,0.767548070229749
1557247800,0.5558084647046151
1557267240,0.6618277606666214
1557288840,0.6270645836603589
1557310440,0.5727682733662658
1557323940,0.8895656298356955
1557344220,0.8397754666869566
1557358980,0.6461207549263941
1557371340,0.7117707275774415
1557383700,0.8559703717637194
1557398520,0.8365799498248959
1557418440,0.0901557843199098
1557442380,0.7794074040096446
1557461700,0.6175523980934166
1557479880,0.713365336441942
1557494520,0.07280077520940453
1557519180,0.973919048460414
1557540000,0.3792733640265016
1557556920,0.6972380603365803
1557581100,0.9288413273247227
1557593940,0.854431533784286
1557617820,0.598038541019367
1557640920,0.5979629859431272
1557661380,0.006282605414567154
1557680040,0.8350064964958841
1557695580,0.9278665084679263
1557713520,0.221275309388312
1557726960,0.3394056476928383
1557747060,0.04798493171948955
1557761280,0.8806483851375605
1557779340,0.8231164291680619
1557800340,0.6493859998127516
1557817740,0.18840898719730997
1557836160,0.06836047208935517
1557847620,0.6228610638687132
1557867000,0.41276620299769273
1557890040,0.21816224160849726
1557902400,0.08543762851410754
1557921600,0.5999100146270848
1557943140,0.5666306904152472
1557964860,0.017095710442755815
1557984060,0.8714179643889645
1557995760,0.7202427344039475
1558011900,0.17937672205247443
1558029960,0.29838635205673647
1558047120,0.6649565332891372
1558063140,0.7452351786495753
1558083960,0.6972212223579268
1558102800,0.7323360353912298
1558120320,0.42596498390828674
1558141740,0.43861885891875346
1558166580,0.888806988450616
1558181280,0.7484356477175024
1558201080,0.6346370355352915
1558223160,0.4753356803338917
1558247220,0.6518273461407769
1558268700,0.8666250035434057
1558286040,0.6203875711564089
1558297920,0.8922758007362814
1558310760,0.7614249547517602
1558334700,0.5621441467783912
1558359300,0.9402568240825021
1558379700,0.9153572176887832
1558404600,0.8298166371157594
1558419480,0.6616117074818582
1558443120,0.7926854068592643
1558467600,0.856859073931899
1558485840,0.6220016378948878
1558497300,0.42781424108167715
1558508400,0.14573870706080905
1558528020,0.9132131750755665
1558541880,0.7163489654812256
1558565760,0.43598828641976217
1558587780,0.025119919487848884
1558609680,0.4530078072361419
1558624500,0.0716757726829421
1558649280,0.43505632011453277
1558661220,0.618534904198522
1558679460,0.6654233305076832
1558695480,0.14252453496397632
1558720260,0.02869860977723228
1558743000,0.2242197442232434
1558754460,0.86216527201478
1558771080,0.32132748959606705
1558794540,0.2426814211271438
1558817280,0.68636782620173
1558831020,0.14002406756823266
1558843080,0.4720310318584788
1558863780,0.36759731139233076
1558879560,0.4271433234421027
1558896780,0.10386561327247357
1558915200,0.5371507739862054
1558938540,0.5947919262206375
1558962300,0.41032711355365237
1558976280,0.8553459848908693
1558997520,0.47203405993331565
1559021460,0.39472195034655694
1559045220,0.7288510731512269
1559057520,0.4048745653862862
1559068380,0.12219122909671189
1559081220,0.6152574997895814
1559099460,0.7916111013251362
1559118240,0.7506503287971495
1559139000,0.906577925187828
1559160840,0.6688269122902214
1559182740,0.0778860868373569
1559207940,0.6736343948522242
1559220480,0.6800937414951476
1559234040,0.012044501027224694
1559252880,0.747057834720082
1559271780,0.8662477066743433
1559292120,0.014293961646161556
1559305320,0.5652978844154849
1559322240,0.7353623097365618
1559333340,0.6251788003680943
1559358240,0.2734975320497678
1559382720,0.7608325576970447
1559401260,0.8013387246073304
1559414280,0.5491918004314829
1559426160,0.6603845338241912
1559445300,0.5784967390153739
1559465940,0.7028264372448696
1559488140,0.05553490406458752
1559507520,0.42344799830202967
1559529000,0.7667360937923292
1559549580,0.3702707491551615
1559567880,0.8730849037560099
1559592060,0.7401138353686025
1559610000,0.3679818835805899
1559630280,0.10803644288279358
1559654160,0.3067909111803083
1559671800,0.8847901599717902
1559693340,0.39196822040691986
1559710980,0.039449767605949246
1559732580,0.879368466889112
1559756340,0.9366594534839747
1559779680,0.8706115843911206
1559796000,0.7171723327441961
1559808360,0.8636336364456948
1559822760,0.1411816170188644
1559844300,0.8423112466849613
1559865660,0.929387245666226
1559889540,0.85611535392412
1559908020,0.5363723448686921
1559930040,0.16863555619691928
1559951400,0.6594945552928255
1559973480,0.9284898075413134
1559990340,0.9494304005572133
1560001740,0.8410178552750842
1560024120,0.8146847543783765
1560049080,0.7210172910539558
1560071580,0.43802228914113495
1560094800,0.20087380384338813
1560117060,0.8229804222314573
1560128340,0.8274028062036454
1560147000,0.8431745418924318
1560160620,0.22683738539308337
1560178800,0.3006906897942281
1560195000,0.5602334252341885
1560219900,0.6833920203343644
1560243300,0.5599076903708291
1560257460,0.6205582151842041
1560279660,0.6102798000524032
1560295320,0.5422053267503655
1560314820,0.40342990717752086
1560328200,0.3957790512796229
1560341340,0.9164645959413842
1560365100,0.34382178715383654
1560388680,0.039777887024783735
1560413640,0.8810323526694004
1560429900,0.7502112569289742
1560453720,0.8293299312306993
1560470640,0.7560281922920736
1560490740,0.08255336988440644
1560513600,0.2649062527068313
1560534240,0.13494733530115244
1560554820,0.9570912747389363
1560576600,0.8092254256615787
1560594000,0.022021807974934353
1560607080,0.7237917104777802
1560623040,0.6864934026382734
1560641940,0.17763524878863568
1560660780,0.09939845274125898
1560673020,0.5773951628005811
1560694680,0.9670721764137087
1560711120,0.38808865379630636
1560726720,0.46171465648546334
1560742920,0.9330310348070022
1560763740,0.8300343707151162
1560776820,0.28429569581030933
1560796680,0.6889520525463826
1560817080,0.5667658228322514
1560831540,0.4334316283502563
1560850800,0.8539549986746007
1560868380,0.6346637405522619
1560889980,0.15988031714395123
1560904500,0.7082919559685451
1560929220,0.903094670105182
1560950160,0.00830834404838459
1560964200,0.7998962956153156
1560983760,0.141241530233291
1560998820,0.8080838616604155
1561017000,0.0778281158031911
1561037580,0.9322028054909103
1561053480,0.0045147204043981225
1561075560,0.8851390750241054
1561087680,0.4696006387722635
1561109040,0.8849068820315269
1561126800,0.2624017558879468
1561138380,0.935612689447997
1561150680,0.20984814090092405
1561173540,0.1863849363424189
1561194960,0.869237138572869
1561209480,0.7882677843414214
1561231020,0.6677068577626051
1561242900,0.7755778219532149
1561265460,0.7711117217567907
1561287660,0.9627749575956713
1561300200,0.5107830335510778
1561311300,0.40777731728518496
1561323360,0.803149135508023
1561337400,0.46178445289553005
1561352820,0.8980029387731003
1561366740,0.2919634370387363
1561388700,0.49015053539017395
1561413480,0.42935451561408317
1561425540,0.613176887180644
1561447500,0.06884638704895396
1561458960,0.08235549303284544
1561471560,0.9081501249186529
1561482960,0.27058785603810304
1561495740,0.8378916945717141
1561516980,0.011279105351136706
1561540680,0.8184782451977853
1561558140,0.5559663333677052
1561573140,0.5951944979089963
1561592460,0.4780410450934669
1561609800,0.9207425039940811
1561634220,0.8736590376802896
1561657320,0.05547203401366431
1561681440,0.657259859873223
1561699380,0.6008235349301689
1561714440,0.009980159867624995
1561739520,0.5166125360305034
1561755480,0.7445347163180764
1561780620,0.8630064117877171
1561797000,0.6220145778342008
1561817040,0.45050277463968647
1561837680,0.6879291152792684
1561850280,0.969301049772739
1561870860,0.30642794818928354
1561883640,0.9083384015261482
1561908660,0.6207359412803024
1561927680,0.1545649288984712
1561942260,0.6184224767712289
1561965720,0.7069498457077176
1561980060,0.1977325762608373
1561996680,0.7310094130429636
1562018460,0.6454295539474577
1562041080,0.7967438984483297
1562051880,0.025831494550417812
1562066760,0.8609947635437932
1562091480,0.5786563790029581
1562116080,0.776025598306226
1562135940,0.33492549382446324
1562152500,0.7937078507670559
1562165220,0.8978604882237555
1562179440,0.21045075380151113
1562200980,0.004001685716955819
1562220000,0.1614710719212072
1562245200,0.3704435847048016
1562261940,0.8966092554671823
1562276940,0.647432419686252
1562298840,0.8129200737958266
1562318400,0.30546239964142924
1562331780,0.9648855623303318
1562352180,0.44561222550665414
1562364000,0.7609491899304441
1562384040,0.7039078751939445
1562406600,0.48027315973681084
1562422560,0.7931364393710224
1562433540,0.8746720888850257
1562452740,0.06115107607535776
1562477880,0.8557012824742516
1562502780,0.18099312422870406
1562518740,0.5981971826530066
1562538000,0.044722315836398865
1562548800,0.76805188815964
1562562180,0.6762983325457316
1562576220,0.795672411239503
1562595780,0.28977979082095584
1562620740,0.7851053780685772
1562642940,0.8098882912549805
1562664000,0.8577179983998133
1562675940,0.32603149349675786
1562686800,0.6397387289263794
1562710800,0.5235186811410133
1562731080,0.3393321986198689
1562749140,0.327933387803498
1562764140,0.884999721591911
1562778180,0.573050830840376
1562799360,0.7693279951184454
1562813580,0.8591687314070453
1562829180,0.5988591736653142
1562841180,0.47605005267046724
1562864760,0.8311562776110444
1562888580,0.6799141938452644
1562908980,0.5084654609167121
1562932320,0.716111804507832
1562946300,0.5342461048875955
1562963460,0.7114952969737768
1562978340,0.07847667713303758
1562993460,0.5425218553346751
1563007680,0.02087464373097816
1563023640,0.7517088996715139
1563034440,0.7883733097590016
1563051120,0.9097434432883225
1563074640,0.5516301756210571
1563092220,0.011624851151772895
1563114660,0.018468161273759418
1563130980,0.5761943645041533
1563144540,0.9300724669198555
1563169440,0.39245927572468153
1563185100,0.7234601459381875
1563202320,0.9368415312117209
1563214320,0.5205069194932201
1563236040,0.6574373297853133
1563255360,0.8918439947457294
1563270840,0.7826518140842105
1563289800,0.42839152851901185
1563308520,0.08632854804488191
1563328980,0.4166992753415694
1563341940,0.20294455026056535
1563365640,0.1447682745354017
1563381840,0.15438735600601844
1563405600,0.6071202433149441
1563418920,0.49066106358140177
1563434940,0.026521386263376766
1563449880,0.008981682374920473
1563467100,0.9407588580674195
1563480900,0.8915471838971744
1563493980,0.7586362637457327
1563512940,0.3918783803210495
1563532680,0.6622689474296357
1563548220,0.3555546498464345
1563564960,0.7524630817600602
1563584820,0.5392429316143182
1563606300,0.22187932132487398
1563618780,0.29967816942959247
1563634200,0.09714249909443913
1563645720,0.02693304829786089
1563662040,0.9660984425289362
1563685440,0.7807848438937677
1563706200,0.8521432926757813
1563719760,0.5823395484866947
1563732840,0.0506303313432203
1563755880,0.7370145611425403
1563770280,0.7672480286742469
1563785640,0.01798496924138782
1563804960,0.9006080200194815
1563824220,0.7856405319913828
1563845220,0.8278918872954188
1563867360,0.3968675229592577
1563880020,0.7289533397242541
1563892560,0.08547465443514593
1563909660,0.6134736550728548
1563922140,0.970101523966589
1563939840,0.9394173290066041
1563956640,0.1505948994544401
1563973620,0.19790680653516685
1563990900,0.7958572139730427
1564002720,0.34172144837302293
1564027680,0.6051991384376004
1564048980,0.8245258228421952
1564066020,0.9185995627099619
1564087500,0.7459867982642618
1564105560,0.6230094192744388
1564120140,0.33737833012710317
1564143600,0.6456733455782764
1564162620,0.26151463648048157
1564177260,0.8794568600273968
1564200720,0.24958383425648556
1564221900,0.7220373019418456
1564244040,0.8467409829939232
1564265760,0.7698873607645954
1564276680,0.33977688218642543
1564289580,0.4918076630179501
1564305240,0.797745739794808
1564328760,0.1444477871316765
1564342920,0.7925957076566088
1564359420,0.8239937353919777
1564383540,0.42609006862659454
1564407240,0.6703880708252008
1564428720,0.8142855621410829
1564446360,0.9294692060135264
1564468620,0.9209171563589518
1564482120,0.127090291031072
1564493100,0.6600412439922102
1564515300,0.9386091753055477
1564534080,0.7126620079090231
1564547040,0.48132318493880777
1564564740,0.6091008717653486
1564578360,0.1522510312015559
1564600680,0.5539901477061644
1564618560,0.8784715997080466
1564634700,0.42985845518688004
1564654800,0.876370983074388
1564672920,0.7548900220913166
1564687620,0.39396117131436864
1564698600,0.30289691037112976
1564722600,0.5255531691729457
1564739880,0.29426440878913185
1564761840,0.11147860487840189
1564782600,0.5192852289425058
1564802580,0.8481083303243964
1564815540,0.8334177860579048
1564829880,0.7708464326293185
1564847880,0.5902888174109533
1564864980,0.6706638126550626
1564881360,0.7304961755487515
1564898160,0.16825253182414293
1564915020,0.8156673733072097
1564935960,0.07877134549364306
1564948260,0.3708627262219772
1564965000,0.7694367323597766
1564989660,0.840444800872578
1565003220,0.7431654896340396
1565015880,0.7166011492738362
1565032080,0.944749404200689
1565043660,0.7686859531649417
1565068500,0.8527895686992181
1565079540,0.9157756857164036
1565103060,0.8777897302100279
1565125980,0.7063468004863729
1565139240,0.8337198745035111
1565163360,0.34273035100821425
1565182620,0.9325627204406572
1565198340,0.8314958811872903
1565211300,0.7674623032542929
1565224980,0.9466991585601197
1565236920,0.6890157005931301
1565251980,0.6048601822890132
1565267760,0.41454621716568674
1565285160,0.45723782388636974
1565302680,0.7214605550815023
1565322900,0.7578754602689854
1565342580,0.4968182018439996
1565357460,0.7579443728713666
1565382420,0.5809802285504369
1565404560,0.5680687400599904
1565427120,0.6488164783032169
1565449200,0.6648562254134239
1565474220,0.6816176550564806
1565490720,0.8002197823428527
1565515920,0.07234704815577211
1565530800,0.7734795338898094
1565553000,0.26343478267148995
1565574540,0.9748725636558736
1565599740,0.26961595594894694
1565618880,0.10777013412877544
1565641620,0.14653148656959195
1565658240,0.24999039732008985
1565674980,0.42023196975532295
1565688240,0.6215442001480069
1565699400,0.8221279387319095
1565720460,0.586495341661718
1565734560,0.14781691302027875
1565748540,0.6885981109230067
1565762460,0.007387626670999029
1565783400,0.1471717298367362
1565801580,0.12138816993729583
1565824920,0.22152899977199056
1565845620,0.37723120730446824
1565857260,0.48384461857470173
1565868900,0.49808830488120026
1565891760,0.7057995954865077
1565904360,0.2040617920510347
1565919420,0.5034220048258315
1565941200,0.5381731124016365
1565956500,0.7422056725222868
1565969880,0.16407463148824594
1565987340,0.34213488132477526
1566006600,0.19768491555473575
1566030180,0.7959669840912652
1566052440,0.09923215398494799
1566074100,0.8544666544291363
1566090180,0.18216804396468217
1566115320,0.3578858882088506
1566126180,0.18120312179627462
1566141600,0.03275523897260927
1566159060,0.19094255172396582
1566173400,0.431427164716484
1566193680,0.9188155880793916
1566211920,0.5943179563849611
1566229560,0.34626546538614544
1566248640,0.7460409397089671
1566265380,0.7559076367129699
1566276180,0.225590450635071
1566300720,0.001298075163290431
1566313800,0.544185207821745
1566332400,0.8338345244557686
1566344160,0.8352875830133154
1566357240,0.8015974875638501
1566380100,0.6327915229322495
1566396840,0.27780233615092226
1566414720,0.8371231496686439
1566431580,0.7416903950949618
1566451080,0.9242871236034462
1566466260,0.9317584873604005
1566477600,0.5321288822735372
1566489900,0.7797576440096525
1566506340,0.7523174552633497
1566529980,0.2944182386312427
1566542280,0.002139871017652461
1566563760,0.685274472525961
1566575340,0.8545091323228997
1566596580,0.36021535965130674
1566617940,0.1679710559734179
1566636360,0.8052132771173025
1566656280,0.13643745701364002
1566681180,0.9297279883122843
1566692040,0.43106611476520784
1566712260,0.6849525370525554
1566731340,0.5641394696738126
1566755700,0.26150286476337536
1566775440,0.7740949621041688
1566799860,0.809332227476833
1566816900,0.2346326503159637
1566835080,0.8936823879000194
1566857340,0.9063705003041148
1566871380,0.907979836477755
1566889440,0.14139658012055384
1566905520,0.9463994114449737
1566928320,0.7923467812157803
1566952680,0.24245523953678547
1566970260,0.6167586058710394
1566987480,0.8631614872695036
1567011420,0.8610561685256797
1567028220,0.34585067052505886
1567053000,0.8374899886320702
1567067160,0.6632669422572084
1567084200,0.5913937976578844
1567106820,0.8530306459631213
1567129560,0.832547628002597
1567140360,0.9197488745293464
1567162920,0.9749180579884112
1567186980,0.9094566378343738
1567211280,0.3368701378537731
1567224540,0.819753704238156
1567246800,0.7637788410629857
1567260840,0.6758031306127315
1567277220,0.7895077027062458
1567292220,0.9075430735965477
1567307760,0.6644805443277984
1567325100,0.7869533910451376
1567346940,0.3209962321093286
1567366680,0.046707390407803445
1567391280,0.8606363718448712
1567413540,0.8684598223168102
1567430460,0.58112597647728
1567448640,0.03318570222835636
1567462860,0.6553234178278295
1567483980,0.4908095235036199
1567505880,0.16926538843555922
1567517280,0.2953023512155452
1567539780,0.7854852750523957
1567560000,0.46823128275173886
1567577640,0.00926426671926281
1567597380,0.8590344232592553
1567609440,0.8990977991021694
1567621380,0.8845405797716323
1567633740,0.8516250724069987
1567654920,0.9877344959528727
1567674840,0.004833047762971644
1567689540,0.44915716063219596
1567707660,0.8464187944727558
1567719480,0.8796566863010191
1567733460,0.15200763500819092
1567745940,0.7173556626364459
1567764720,0.7600557428135719
1567786560,0.6703327582583156
1567810380,0.7444937721069121
1567831560,0.9321971168002711
1567853040,0.7612366635600836
1567866840,0.9371896967243221
1567878960,0.5342945510772338
1567894380,0.4391339149159341
1567909980,0.5291545255751657
1567928280,0.875284467068564
1567953180,0.3061943404318383
1567977780,0.9564634089586208
1567990200,0.39174015883715174
1568003940,0.9425788226377018
1568024340,0.9328773539231574
1568048460,0.9007473355913925
1568071080,0.4455770127502453
1568092320,0.6355443445057314
1568107860,0.34490895126063775
1568128380,0.9735195237148107
1568147880,0.8787469341195943
1568159220,0.596595069988421
1568181360,0.9291454366200697
1568196480,0.9407936012310223
1568218200,0.9743567880964116
1568232600,0.5240511279906213
1568255040,0.5901134149463849
1568269800,0.27104407125611807
1568284440,0.7818182216772301
1568305380,0.45640375837078834
1568321880,0.33738954833904383
1568337600,0.22672542603206597
1568354340,0.9008258240412292
1568365380,0.21228299586504465
1568381640,0.8568928102287712
1568393220,0.49284909877876093
1568417820,0.8571376023146061
1568434920,0.5832865697510636
1568457420,0.7645243019672557
1568474820,0.43893239992895783
1568499060,0.5341017398151195
1568518380,0.69477918858261
1568529960,0.8524208426876523
1568545560,0.6269404088517835
1568566500,0.8843267552299174
1568589540,0.5785725082680582
1568606040,0.5867273509395384
1568631060,0.8769531180631892
1568655600,0.7955301565367359
1568673120,0.8512462684874719
1568698320,0.473388955894948
1568718480,0.49909240247671777
1568735040,0.7345030522122549
1568757540,0.11408878076822877
1568775180,0.49334400006207213
1568792100,0.7586561033933887
1568816340,0.5652515798640927
1568840340,0.7330731708042857
1568853660,0.12031379466628618
1568872140,0.8338147453127669
1568896740,0.28365983980631915
1568918040,0.5581186428691669
1568941320,0.9611384212084922
1568956140,0.4978089858237911
1568971620,0.6903643582769434
1568985240,0.8263973112197422
1568996040,0.8633090228197376
1569015780,0.9066268987049709
1569034680,0.5310296683753039
1569054120,0.7052966808185177
1569067920,0.6782100559091919
1569084180,0.9814719155469936
1569097800,0.8863717844269803
1569117600,0.22257287594849356
1569134280,0.7643168691492416
1569157680,0.03314535530886284
1569174660,0.006795191987138823
1569189840,0.7801580828701817
1569212040,0.6001627113856309
1569227760,0.8678971223155355
1569249240,0.7671958521860746
1569270480,0.6940770891085253
1569293640,0.7908815111022778
1569317700,0.7233905633757443
1569340440,0.8084410860020539
1569354000,0.7870475110118453
1569370920,0.2289049695157446
1569395760,0.13535942829437247
1569411900,0.620849078871863
1569434880,0.882883043891717
1569451500,0.7109867530926428
1569467220,0.13142858392018916
1569486060,0.02393780498703588
1569503940,0.7589224689785325
1569522120,0.01383474397671377
1569536820,0.34439260913119174
1569556320,0.8604179733809644
1569580620,0.5296350593693961
1569605460,0.0023750449836741046
1569628020,0.27124929277596427
1569644280,0.8690716540500618
1569656940,0.3906215449831652
1569676320,0.36976643908842816
1569689580,0.9035738683557641
1569703320,0.15757702390898193
1569722820,0.3783028043710346
1569742320,0.3105127204574637
1569766620,0.27356770351610094
1569786360,0.23148330681418
1569805500,0.05877885548705698
1569826680,0.10248922912330055
1569846600,0.6162343069734892
1569864300,0.6227837989228677
1569875400,0.7169414837224883
1569888300,0.9135036187599824
1569913080,0.7662679799940078
1569929220,0.9128893522856107
1569944220,0.9181992763578669
1569959220,0.5352061661340488
1569983580,0.7581764983348154
1569997200,0.9877112300531397
1570008840,0.7653966518713305
1570033800,0.9096389737592357
1570058460,0.5532479536188558
1570080000,0.33766144990242597
1570094220,0.02346633536041454
1570108500,0.3417494600406494
1570120380,0.709826267732335
1570135320,0.15587056276950184
1570147020,0.8164759655002958
1570162440,0.8860395242859262
1570181040,0.6786152037929909
1570199400,0.8943464063684312
1570220940,0.8042591545327868
1570237980,0.09448775775460898
1570262400,0.6589470600352519
1570279620,0.14722898614789265
1570300500,0.8154497906891036
1570312560,0.7817300096252812
1570334880,0.8056250817085315
1570359840,0.8912696072704198
1570384560,0.7438844683151872
1570408560,0.028911396762835783
1570428300,0.48363920463775234
1570440720,0.9475283170582647
1570457280,0.30770785511377974
1570473360,0.8249486264895303
1570493280,0.21292920445859526
1570512300,0.3679977617571217
1570531380,0.7470951754167096
1570545660,0.7950852049786501
1570562220,0.19256148685570992
1570576260,0.9008624494680226
1570598220,0.3130371694809925
1570621140,0.45711614008981166
1570635840,0.058106529788216954
1570654560,0.7504403673547568
1570670940,0.7428359902364248
1570695420,0.8469705478853549
1570718940,0.8526504121940687
1570737480,0.9931733157026726
1570759260,0.8635354916339958
1570778280,0.5633902534235086
1570792140,0.6843932241193165
1570814520,0.8506212043206901
1570830420,0.07313255193005505
1570845480,0.8528861158746445
1570864260,0.693360976652184
1570887960,0.3748640584357925
1570901160,0.14765939637719258
1570917960,0.1675258889402849
1570940100,0.34633563046715643
1570962540,0.7735206824640319
1570982820,0.3825615015871222
1571002260,0.23424657146848712
1571018640,0.7918183999660026
1571041500,0.06955898841505825
1571057340,0.49887549771156464
1571070960,0.8257244660233236
1571084580,0.29446656786954484
1571098320,0.5717252858859714
1571110320,0.5344930884727843
1571129880,0.8175166432887528
1571153160,0.9098528003742563
1571172300,0.37315318095626643
1571191560,0.66050618459656
1571215260,0.5623569118105158
1571239080,0.8615671665028567
1571262120,0.28387560545845836
1571287140,0.009407903453828014
1571309100,0.8288831913964454
1571330280,0.00728441277832621
1571349960,0.011226825783294337
1571370780,0.9256652524049265
1571385180,0.10841049307500378
1571404260,0.5700272021894276
1571421780,0.5106867181383157
1571442660,0.8545361886707407
1571467200,0.8021961394477244
1571484360,0.8361924654197713
1571507160,0.922616645808887
1571528340,0.7321619661289089
1571550540,0.76654605247823
1571561880,0.7657210735974658
1571586240,0.16972147138807595
1571602740,0.7007723360151649
1571626380,0.21462648298395615
1571639220,0.15106708980789896
1571653920,0.9904475185518379
1571671020,0.728254708752762
1571695740,0.9394821910876872
1571713080,0.17772969644030362
1571732940,0.06255124688528921
1571748660,0.03103778981846488
1571768340,0.6455380602095829
1571790360,0.6142150489497344
1571813940,0.3347142330000734
1571835420,0.15647305253148808
1571858580,0.7918913533898118
1571873580,0.6065779345709632
1571898180,0.43768247690700945
1571913420,0.7638668267280186
1571931360,0.18880832969276928
1571955480,0.4633266172408798
1571971020,0.017641697370273476
1571988540,0.588710644833412
1572009540,0.8890959357351361
1572027120,0.740834331599971
1572048900,0.8795382979897419
1572067260,0.8430060212932073
1572078480,0.6228845547791658
1572098400,0.5690774879059932
1572110280,0.44716599066792884
1572121500,0.881353458624938
1572138600,0.23009979638042433
1572152880,0.6196325169643244
1572176640,0.13544281830385935
1572193200,0.3046196728276009
1572204480,0.003874089290089161
1572225360,0.6087900795264306
1572249780,0.07660039572748203
1572267900,0.8424486837544642
1572292920,0.5645128308673615
1572314700,0.8511611035943762
1572332640,0.20933287130745573
1572351900,0.799343106524385
1572376320,0.785147014274088
1572395760,0.4515349777124016
1572420420,0.8362105461931553
1572436800,0.6184979247974096
1572453480,0.09320820157522051
1572474000,0.4246368782449626
1572496680,0.2918865979574605
1572514680,0.23397210909335778
1572528660,0.9143894592857947
1572551280,0.6075546650136543
1572568140,0.16602361916797348
1572585240,0.5265436560456513
1572598680,0.10395890873082997
1572615300,0.8614095687863552
1572630780,0.7341202549113325
1572652080,0.6232821426405204
1572664320,0.25563619138485527
1572684900,0.71805067890534
1572708180,0.6163976695388717
1572723960,0.33043855453394316
1572739200,0.7705495872927394
1572751440,0.33610536189511986
1572774960,0.22943322835693636
1572798840,0.06082311210461298
1572818700,0.19170941256511864
1572843780,0.3268948807477575
1572864120,0.611790449039546
1572877500,0.925436707622993
1572889020,0.5419068973691775
1572907140,0.7859111947922648
1572930060,0.5243178501865922
1572945780,0.08728765744027246
1572961260,0.28799886953047427
1572977100,0.5221033171050482
1572990900,0.8889111624257191
1573012800,0.8412910965830316
1573031100,0.5702856502618234
1573043520,0.06841966945504072
1573059000,0.35231729246501714
1573074900,0.914895172771429
1573099980,0.4678607278115095
1573113780,0.5299539507803246
1573126860,0.4116679742704102
1573138560,0.7041124398449308
1573154940,0.6913370076959429
1573174800,0.9250613500104965
1573188120,0.38698795558948484
1573211520,0.14569618003778673
1573233300,0.6518462194772388
1573251480,0.4982637093468856
1573269840,0.9564700938527141
1573283760,0.023678726321518913
1573302000,0.703796246411108
1573320720,0.8390442636952985
1573345320,0.7400174957840889
1573370100,0.007038197096203536
1573389960,0.4902511685976297
1573408620,0.1472681478499777
1573425000,0.8205294921463563
1573449000,0.46923563631132587
1573461480,0.16103532405595766
1573481280,0.7351569622320868
1573499040,0.7247022188065858
1573523640,0.5605686323558157
1573545120,0.8281966724372789
1573565820,0.7779067497612642
1573582860,0.5070250374591472
1573604760,0.3358556531932698
1573616820,0.2460690165553232
1573635720,0.836539745110865
1573656840,0.002485743748704243
1573669380,0.5991641123231007
1573689000,0.6453186945114775
1573708740,0.9163883338328078
1573730100,0.6868811944712805
1573754340,0.14554179347490054
1573778880,0.7042567907055108
1573801260,0.9031039299169279
1573824180,0.8061926442142449
1573835400,0.6429497680989666
1573850100,0.310012656932416
1573861080,0.33458781295660167
1573885080,0.010213658517577566
1573898400,0.9062452278297082
1573915800,0.7895272699905316
1573926780,0.045097905566877886
1573945560,0.9394376497503876
1573956900,0.6530778468706203
1573979580,0.4107035096929896
1573993560,0.5445298422638978
1574011260,0.4706686318251687
1574025480,0.9129956006094653
1574037600,0.7964612016773207
1574060400,0.8063981804512654
1574073300,0.0128105865117405
1574091900,0.22235681250181313
1574111820,0.8681432291249787
1574136000,0.6857186808958398
1574146800,0.0038279939825842622
1574163120,0.636459066807233
1574178720,0.6511285627219381
1574191800,0.8114912290739511
1574209140,0.8616812448410398
1574224320,0.193692298118303
1574238060,0.6461792054450171
1574255520,0.6909388011938978
1574278080,0.0035581261419391596
1574293020,0.7507322242226955
1574318220,0.8812229398855256
1574337360,0.37677946225937925
1574348880,0.779580313622803
1574368140,0.8811307345674503
1574385420,0.9667984477671028
1574404860,0.9705846624026179
1574421240,0.2198068706045392
1574442720,0.8085003327082123
1574460300,0.8382949476982159
1574483820,0.10049581124155825
1574504940,0.8024114074473419
1574528400,0.20503099040955286
1574544900,0.09634534252810933
1574562540,0.07379926102287526
1574585520,0.6830359354965659
1574604000,0.32977420924358336
1574618340,0.63809040067817
1574636280,0.36280182897222796
1574652660,0.8731772860723455
1574665920,0.010380155921886356
1574677080,0.8037343728298258
1574688960,0.929925924746869
1574702220,0.8802413927922494
1574725620,0.2848447998163658
1574744520,0.44241838596792143
1574762040,0.6998274320626034
1574782500,0.9396993267859868
1574795940,0.9512484833695467
1574807880,0.2152231663243319
1574819280,0.015530784766149311
1574834880,0.8718582847165115
1574846040,0.9350871910049039
1574861340,0.7972353740830139
1574878740,0.06507549025824459
1574890620,0.8125220366168899
1574910180,0.3779495848797485
1574923140,0.5299107782349123
1574947980,0.20481878137282405
1574961720,0.5300178345633955
1574984160,0.006876435542398496
1574996040,0.8329150680032227
1575013020,0.6034375060258106
1575024480,0.3266466755561237
1575044220,0.3528858372526981
1575062400,0.002118059096807268
1575073500,0.4381522659372056
1575097440,0.7109733604838778
1575110700,0.9136391226661404
1575125820,0.12360946812044826
1575143340,0.30523538992949517
1575158700,0.9215452450360767
1575178560,0.7471583264530627
1575198240,0.6361754958828816
1575219420,0.7549238587453568
1575239160,0.7181996093769837
1575264060,0.11769673965539329
1575280980,0.3873071577979664
1575297300,0.9841864006371176
1575312840,0.9144926451152265
1575329640,0.6723019694939143
1575345660,0.3338941655138442
1575358620,0.5689556282988821
1575380940,0.24869592464436654
1575396000,0.45665915535367035
1575411180,0.013058647776593107
1575424860,0.5884303060962004
1575435960,0.08987553625916003
1575459360,0.8534943915839985
1575476220,0.015349203840589406
1575496560,0.3945199785263359
1575516360,0.4880575591950139
1575539220,0.7941370870351252
1575558720,0.38002951398676754
1575570480,0.10372296447105642
1575583020,0.908668602361765
1575601140,0.8818100598594009
1575626220,0.34062226392497963
1575647040,0.5103200548140435
1575666840,0.7416468847932197
1575681000,0.33440344551783807
1575694680,0.9228629107759702
1575713640,0.33501076339262104
1575736860,0.953295343302128
1575748260,0.8479722134189662
1575766560,0.7714108196495124
1575787260,0.9225645327174793
1575807720,0.9284478741120383
1575827760,0.6400097887807685
1575844560,0.3969223420567173
1575865260,0.5694562478076859
1575883980,0.037246589869571224
1575895380,0.279919631394164
1575913740,0.4744457447309508
1575932880,0.7784133550099348
1575951600,0.06423279790258203
1575967920,0.4312657360617975
1575991320,0.5552302348700182
1576005660,0.8321772805024139
1576021860,0.6541900420505378
1576039440,0.3492183247340046
1576058280,0.7029267271902058
1576079760,0.09379308442287047
1576101420,0.524218319022868
1576119780,0.707800026220567
1576144800,0.006462004695786312
1576169280,0.2741144194155918
1576184340,0.22650121003371892
1576197660,0.5843574151094569
1576214520,0.9110016345823222
1576232760,0.5997144395795482
1576254300,0.11456327656815034
1576269180,0.9048938918815946
1576282620,0.13992907730020981
1576295580,0.3095201187925945
1576307040,0.012924813764777101
1576325340,0.9654433339696642
1576343460,0.11484184399476091
1576362480,0.9162640086442239
1576387320,0.7441812289527526
1576411500,0.9283161746602953
1576432140,0.784831134753449
1576451280,0.4696325983133222
1576465680,0.5387453227241203
1576480320,0.7536977110417553
1576496160,0.6903593905857036
1576519740,0.7592870494192985
1576542600,0.8856598586216806
1576555860,0.7934174587589954
1576570680,0.7962584612503498
1576586220,0.8647620065013146
1576609800,0.8936187433146242
1576625520,0.9241393665770526
1576647120,0.06756450895387484
1576667100,0.642287301046873
1576682580,0.6269835791121829
1576704360,0.6881366993327676
1576726980,0.21138501591581046
1576740120,0.4050578814789803
1576751220,0.5867199337813145
1576768680,0.5373648179913268
1576788420,0.283690726445301
1576812420,0.343971178314776
1576833300,0.2088444034185056
1576853820,0.2530754187588169
1576877820,0.8565613731818843
1576898580,0.4360888321590382
1576922460,0.6382457053399329
1576943700,0.8146711603830703
1576962540,0.7520351726558349
1576981260,0.6879696237436131
1576996260,0.8168935802558319
1577010900,0.8248851896887743
1577026560,0.8693248866580066
1577041080,0.6341506330754745
1577059980,0.06794179081064282
1577084640,0.06356300667762117
1577105640,0.4358205401836589
1577120700,0.3223996833307089
1577132700,0.5775264211309965
1577155560,0.6034256385044006
1577166960,0.5778469976677081
1577181720,0.8541208903925963
1577203380,0.18313019677034756
1577217780,0.8616341493208831
1577232540,0.657740926812018
1577244120,0.7833394287900675
1577269260,0.8161423621432774
1577286060,0.829299984739134
1577306700,0.3890223921677495
1577329920,0.1675634784965395
1577355120,0.9387870526335349
1577372280,0.19794014663599452
1577395980,0.33252204584553635
1577416320,0.4565599533222165
1577439600,0.2068621802600411
1577451720,0.7008569920806442
1577474220,0.0834237490481827
1577489820,0.7968528072870076
1577505660,0.01840146495989345
1577524440,0.8936007195852489
1577543460,0.031073319797799343
1577554440,0.027155061495086386
1577578920,0.6665076382074504
1577593980,0.8125163309436912
1577613720,0.7427493646614782
1577637000,0.6997342108027552
1577659980,0.2725319166818686
1577672280,0.5901566942841814
1577695140,0.6853140603012531
1577710320,0.8242137992964383
1577730840,0.6857124435248145
1577752860,0.6154422906738974
1577767140,0.6386298052146453
1577781960,0.8505172386044862
1577795460,0.6860911746811935
1577819640,0.8018323963748694
1577840700,0.816078338544981
1577854740,0.7552482793017923
1577874240,0.801927190607443
1577895060,0.28429350732484243
1577911140,0.4765769612394409
1577934300,0.8945592930416829
1577947560,0.8181413658812731
1577966700,0.6578730231827208
1577989740,0.0035987161588599535
1578014760,0.7656938035002223
1578039000,0.4877643981046243
1578055080,0.8138663180674985
1578076920,0.2399492093409602
1578094500,0.5520053574220937
1578105900,0.8249882585103472
1578129480,0.9811618229949802
1578147840,0.15465852532806545
1578163320,0.47203057847431096
1578180660,0.012346676618668388
1578203160,0.8207340179599452
1578222900,0.7710900699926623
1578245640,0.840827180478854
1578269280,0.5078162186295375
1578290160,0.5376684779288259
1578304020,0.4519633439403258
1578324060,0.12503049551590342
1578339600,0.8712880325043761
1578363720,0.9740922141344768
1578377160,0.2931311301612725
1578397080,0.8754049145568723
1578417840,0.8971832393245285
1578441960,0.20185148444906462
1578466560,0.25984636825238366
1578482700,0.5498396972944508
1578493500,0.8480700587270505
1578510720,0.634806647601737
1578527400,0.8975443806008498
1578551880,0.9528166587502739
1578565740,0.666517098284789
1578586320,0.12366648282782206
1578604320,0.7426227896760789
1578625020,0.18529317596925596
1578638220,0.514747229161335
1578649920,0.6913508387617433
1578665400,0.941044315364731
1578676860,0.8361114186111722
1578693720,0.2557149758281269
1578716160,0.6443122587000354
1578729480,0.6991242394686672
1578750000,0.0422469249107748
1578763500,0.6017048676552141
1578783600,0.45915635881914696
1578807600,0.08443856946837328
1578823200,0.595455994120724
1578841800,0.7957634131226079
1578860280,0.9466381245786059
1578877320,0.00418904869208348
1578895560,0.9313823139457545
1578912600,0.43085692615720195
1578933660,0.35474126154399543
1578955200,0.33244207671659926
1578974460,0.8541652260411212
1578996000,0.701356149230318
1579013040,0.8058675330950819
1579029960,0.11024779079576522
1579051320,0.969836702229067
1579063680,0.0982590516293058
1579087320,0.017720438729421313
1579103040,0.005275462682032647
1579123260,0.18601270718664986
1579138680,0.2964689901326013
1579163640,0.2436950032651302
1579177140,0.02601310697195384
1579190340,0.7440259904433159
1579210140,0.8478133044056427
1579230300,0.9396929623158022
1579252440,0.4116249925525832
1579272120,0.3483591595277886
1579293420,0.8437641375598127
1579305000,0.1766342548294704
1579320000,0.6295903734905868
1579332900,0.8830466723208651
1579355760,0.6892620292762123
1579380900,0.004349854466454831
1579394520,0.9253323808247836
1579410000,0.7707992152627821
1579426560,0.8012040899054063
1579440660,0.856415066764145
1579458420,0.7526758717161689
1579475760,0.8631015879026952
1579490640,0.8944091330262793
1579508640,0.9350864437179807
1579529880,0.4020045041513592
1579553160,0.7902892866313135
1579577880,0.7848223794015148
1579596480,0.4079691336126587
1579616220,0.2488152271162858
1579632780,0.0016891355905771246
1579654440,0.7553607027136877
1579678980,0.7370390303438419
1579689900,0.7913836166130983
1579713900,0.611166537606762
1579728660,0.14265077797490755
1579747920,0.7400610527169084
1579760760,0.6034905689260043
1579772160,0.5378847120313188
1579792320,0.7531517746470333
1579808220,0.6317407222090132
1579831500,0.1892243083614867
1579853580,0.4336466435060112
1579866660,0.8889115700132054
1579880580,0.44937827498102073
1579898100,0.4041436039065839
1579921200,0.14977395088764262
1579944780,0.09198375143029382
1579965000,0.7596334798927271
1579984440,0.016801165692414407
1580005080,0.5244311413380307
1580029560,0.7726195872889315
1580054040,0.15960149628411874
1580077560,0.7781065567050574
1580102280,0.5035210225495098
1580121600,0.4527229642185843
1580137200,0.42984714463621765
1580152980,0.847038901999792
1580165880,0.2595096383908349
1580189940,0.7171927987350072
1580211420,0.8015370903991894
1580226900,0.4701756546701925
1580249160,0.8486626144800519
1580261160,0.7030277272487389
1580276160,0.011944171852954918
1580291760,0.9263548773928234
1580308800,0.8647089366173595
1580322420,0.0012138526182153648
1580346240,0.5346972637007217
1580369820,0.6678807003751169
1580383140,0.7930503937362423
1580401740,0.9409876874158776
1580414040,0.40480632786245474
1580432580,0.6505135460470807
1580457780,0.2623443054696677
1580479980,0.8938315758935252
1580490900,0.4938638589660628
1580512680,0.8942311923434856
1580526720,0.4633171153469778
1580546820,0.07840971292745763
1580557920,0.7859633163002008
1580573940,0.3461685851540743
1580591640,0.19979264628051419
1580602740,0.8102095583672028
1580624160,0.8479283341362286
1580638320,0.34112011160347105
1580661420,0.606687784402611
1580674140,0.13031851947475
1580689680,0.9098176966595753
1580708160,0.9382912872986847
1580730660,0.4056665972325595
1580744700,0.7709511370522635
1580764080,0.7169616379702185
1580783580,0.5282607924455318
1580806680,0.39145241022593746
1580824020,0.9391217365971042
1580848920,0.9097842055531922
1580863740,0.8860668608728502
1580879220,0.814221318968788
1580902560,0.8875167401392181
1580919900,0.2837186610818494
1580934720,0.6239472757391621
1580955060,0.7476738798199614
1580974440,0.5852262888164909
1580989020,0.26244664113717675
1581000420,0.8920209921597387
1581018720,0.7325786419542816
1581042900,0.23061531340079935
1581056400,0.5354274586082617
1581070020,0.04886568815445103
1581085860,0.8473943417232195
1581106800,0.9150277637998795
1581129420,0.4033979565630439
1581141060,0.8797733012992972
1581155220,0.6190222996821801
1581174300,0.013968063284137222
1581195720,0.8350712295211987
1581207720,0.6767825455332231
1581219600,0.09909519494475248
1581243840,0.7435212183791349
1581268740,0.5412578290583174
1581289680,0.5683864367582939
1581304680,0.6273214787359543
1581326340,0.8206373817620283
1581338400,0.3730717869028488
1581349800,0.5374059115235219
1581369420,0.38419895520524916
1581386100,0.2553407850965219
1581401760,0.8670842748644869
1581421680,0.6912996412919834
1581439080,0.8712316956603761
1581453780,0.2674815242615864
1581478980,0.46822185538707783
1581501360,0.01615782994421115
1581522540,0.004801037081031623
1581542040,0.5179235599582968
1581564360,0.5595618624470984
1581578400,0.7236071271639335
1581592140,0.17631882965670354
1581616200,0.6135090407451956
1581633000,0.8312650728230352
1581653700,0.30431073388766894
1581678600,0.9239127885522048
1581693180,0.008046875362177975
1581714840,0.4241517390884899
1581730980,0.7909522555440724
1581742740,0.7973366991777191
1581763800,0.5737297815332887
1581780540,0.915006802084238
1581801120,0.40784843705807544
1581824280,0.6956986521128796
1581841680,0.7600694682897249
1581863340,0.7000490355148055
1581884340,0.9494179763535578
1581905280,0.7633723758422698
1581916980,0.7149478661068707
1581931560,0.21668112572440926
1581945840,0.9528188448375189
1581958080,0.10998401121140168
1581976200,0.65446607485597
1581997500,0.821348260799773
1582010100,0.750775250705683
1582031940,0.3732077325437912
1582056840,0.7834271573271344
1582078440,0.009342270488173748
1582098900,0.9590144742498697
1582116900,0.8117474617987894
1582132860,0.05825127555703399
1582143960,0.04100308558174448
1582162500,0.0031281105873195315
1582175640,0.8732180750580663
1582192980,0.5476692013597333
1582213020,0.2576844501440798
1582225980,0.3456890582605978
1582248840,0.8954625804288951
1582272060,0.9126920559642095
1582284900,0.038881582695543225
1582302240,0.7193346955080724
1582317360,0.4818963299972836
1582339560,0.32535347317794316
1582362960,0.2966196044106134
1582387020,0.6563710880110916
1582399320,0.13906733049460637
1582411560,0.5148278731558904
1582431000,0.014737670411021248
1582453560,0.7488641497794128
1582466880,0.5356556261446885
1582481340,0.7918689447981788
1582495020,0.44334606822735745
1582519800,0.5454515753235871
1582532100,0.9093326229640942
1582545000,0.6294123512913101
1582566780,0.40974253045500464
1582581840,0.4467895721650577
1582603740,0.590994330176924
1582618440,0.6934225374328109
1582631100,0.42200161346854576
1582654620,0.8381769092434873
1582670520,0.6260550910531923
1582688700,0.5317684120713028
1582701960,0.25774955650909626
1582715340,0.7176020004009913
1582730760,0.2903373063738687
1582748580,0.7954355738661399
1582773720,0.05644381846573838
1582788120,0.24279473206174274
1582807380,0.8581806311157317
1582822500,0.9253479279482129
1582840740,0.494009596600502
1582853160,0.5127922254690411
1582872540,0.7898603893908235
1582885500,0.23001578813775134
1582897980,0.8387505873326417
1582921740,0.7998635991408714
1582941180,0.7608319277646787
1582963680,0.9625404597371573
1582985400,0.41489212440516776
1583010300,0.8095391382428355
1583021100,0.9052494713721289
1583037540,0.8651716642653169
1583051160,0.33648888541258387
1583062860,0.052379354083964685
1583087880,0.23110933262870295
1583105340,0.7974009745638272
1583123700,0.46965563118980497
1583138340,0.7785679180674606
1583153160,0.6585852191715826
1583174880,0.5837494629450528
1583195040,0.7463151661569807
1583212380,0.006873146996842796
1583229180,0.7425211980332448
1583252940,0.11352067826897229
1583264520,0.8141741128564082
1583289300,0.0016222281111798037
1583303520,0.002636554692288037
1583319600,0.7376283185867611
1583333700,0.9241969806046713
1583351640,0.6805838566769691
1583367900,0.18640612950300975
1583384220,0.463119658623931
1583406120,0.7460880871896077
1583429340,0.17646754790432678
1583448360,0.3432009491353818
1583464680,0.03511057525095466
1583487480,0.5300633721665359
1583503380,0.6086052719335064
1583515140,0.7254370254123802
1583532840,0.8003086099335401
1583553960,0.7648841128245988
1583568300,0.7764102936603589
1583592900,0.22583269610512632
1583617080,0.18028917041293602
1583628660,0.7679088971289143
1583645340,0.8541182517231772
1583670420,0.8637378678989109
1583686320,0.8529371880718142
1583706300,0.8885404401977046
1583728920,0.8420716766140091
1583741880,0.378289747035779
1583761740,0.7679178722185088
1583777520,0.24890590281634986
1583792820,0.16299899405298576
1583813940,0.9385523903421038
1583833560,0.27308453929897447
1583858700,0.7010121767697015
1583875260,0.14247966615360835
1583898060,0.37610253181234876
1583913780,0.21462747833681842
1583929800,0.24305850920212838
1583947740,0.474015326993182
1583965980,0.6353900962661378
1583984820,0.8785449411061702
1584007440,0.4927568024318833
1584019620,0.3659133227465623
1584039480,0.7372037658770034
1584050760,0.015481345129853632
1584069780,0.9521964155400623
1584083940,0.6560361995366815
1584095640,0.8065048673404838
1584108660,0.04263460268445181
1584122040,0.9728992406907785
1584136020,0.7713357825266278
1584148860,0.9180347809351879
1584165780,0.2547052625440819
1584180000,0.44112259919827995
1584193440,0.11765465431857361
1584214920,0.2648740113756641
1584230880,0.07821339821818295
1584250080,0.11391378146715517
1584265800,0.6823808007118097
1584283920,0.7220456370695829
1584305340,0.6951559201018405
1584324660,0.06660448477886895
1584337920,0.006785150868058488
1584358500,0.6422661245145325
1584371820,0.0496071796036446
1584387300,0.021602205762260122
1584407520,0.07368175283325207
1584428040,0.2784399034314849
1584443400,0.7545881279720406
1584457080,0.16878363490261408
1584475440,0.7564134306713697
1584494400,0.618295461096607
1584516060,0.8349125864444764
1584529980,0.8851858960233137
1584553140,0.6514339342524691
1584564840,0.7309703389593596
1584584880,0.8760835638984548
1584609180,0.9046407685076658
1584631920,0.7983376398820234
1584656580,0.7518483095246139
1584679740,0.3036852925034686
1584694560,0.4966900877638622
1584715380,0.5873565359033844
1584729060,0.8798275786741406
1584740880,0.32041134983989483
1584757260,0.7560754402549577
1584773520,0.015615904700355414
1584796560,0.6223825054689849
1584810960,0.6160074239336054
1584829080,0.4066567448942052
1584852720,0.7219967687142406
1584874380,0.7453421541415886
1584886800,0.8502963105411476
1584897720,0.7844016345801692
1584919440,0.6956877475894059
1584944340,0.915045993454112
1584957900,0.8323382556290801
1584976320,0.2683781635229354
1585001100,0.15092503460681048
1585023180,0.75756834550887
1585045320,0.5770698588860157
1585062240,0.16105690569464162
1585076700,0.8657382142841649
1585099260,0.7923092005942403
1585110660,0.7204988841413078
1585126140,0.5350850231685651
1585141860,0.7533450341248766
1585155300,0.496056026579351
1585172640,0.21740867131643032
1585184040,0.738177600034797
1585198620,0.684374287141194
1585220100,0.7991036607720542
1585236720,0.8909929850687065
1585261680,0.7379554916666227
1585279500,0.010090105872559471
1585292160,0.800975937283749
1585306200,0.5024631942813051
1585330620,0.9872214578335421
1585352760,0.7941022724427429
1585373400,0.884603371230405
1585387080,0.8039899362821611
1585405680,0.10313256250236467
1585425960,0.8027577122685435
1585445760,0.4954465938863856
1585459440,0.7052510339584132
1585483140,0.7433705622749845
1585494960,0.9210503234646923
1585512240,0.9223022688416892
1585527480,0.7300058410182139
1585545840,0.880940651854946
1585565040,0.0020479916900403923
1585580820,0.4754472074177245
1585604940,0.7193851470809527
1585617120,0.8976571368115474
1585640460,0.8729359247800896
1585651320,0.7276281997824752
1585676220,0.6178767320845608
1585698600,0.24084429326002962
1585721100,0.6432717654700959
1585733460,0.05787506064990403
1585752120,0.9765919115726722
1585772520,0.8473211263570084
1585788780,0.7541706300507647
1585807740,0.7878823907228654
1585820880,0.8001419631734873
1585841940,0.898664062539188
1585852860,0.6460643571299132
1585870080,0.3978187475940603
1585892820,0.9752450869186002
1585916640,0.3879517261871201
1585936800,0.8975724689162892
1585953600,0.0028772679171861822
1585968480,0.97131723828419
1585992780,0.8381936588795913
1586005380,0.8211276626468985
1586024040,0.7940284190530417
1586035140,0.11433873964226629
1586054400,0.0506512454822606
1586072220,0.43058667294045866
1586087220,0.4848654892499273
1586101740,0.34423496598528547
1586125680,0.5757087451585463
1586136720,0.027707197086586345
1586148540,0.8000082470265701
1586163180,0.0037016217679351725
1586181420,0.5396027027730478
1586204880,0.6717985749721513
1586222760,0.5940637901636965
1586246820,0.33793797252622615
1586267820,0.5561628080196408
1586278800,0.3070616372291095
1586292660,0.6463696016137528
1586306700,0.7508730168123356
1586326500,0.7617529153761047
1586342280,0.6142249791269991
1586356860,0.9181670610259036
1586374980,0.7924495976648175
1586391900,0.2792911064658168
1586414100,0.7071247530902949
1586428320,0.8509539938957383
1586442600,0.1592613050610797
1586466000,0.9370452022387642
1586482620,0.37090812704200116
1586501280,0.5534702254847416
1586525220,0.9216347668514567
1586536260,0.25422892472395
1586556300,0.005763230701632599
1586574480,0.23198263999228325
1586591700,0.6194519293738394
1586615520,0.5041648420519043
1586628420,0.7350152764510994
1586640840,0.6133100864961618
1586661360,0.7168403366806105
1586685060,0.8721227663484272
1586700720,0.8920375646485341
1586721780,0.6625933247053157
1586737320,0.9260482330217603
1586759580,0.5082686341530455
1586770440,0.6546285446283653
1586792520,0.09665928107097795
1586810640,0.16956853808527297
1586821920,0.9279896581415243
1586835180,0.866557476917433
1586852280,0.40582401812769064
1586868720,0.9639397295831957
1586892300,0.896997624131547
1586907300,0.03787079628706369
1586928840,0.6205832735727512
1586949840,0.7319978594605507
1586972220,0.16693533744621766
1586997060,0.4550739520136632
1587017340,0.8649574607962326
1587032760,0.7017608265552098
1587049380,0.003370156745438388
1587063840,0.19726736169265235
1587087420,0.4563725434936927
1587112380,0.09274184249205998
1587125220,0.7152775420459666
1587143220,0.6174307891781665
1587167100,0.8696914202192065
1587178080,0.37249639730936723
1587201600,0.7101425117598281
1587222660,0.9352901717673182
1587240840,0.5006848009354852
1587258300,0.7360706527004394
1587278160,0.5453712411233629
1587296700,0.8065347800166971
1587318480,0.8316062932677026
1587333900,0.6154558119329407
1587345000,0.6083445300346797
1587366240,0.04134773139748001
1587379440,0.8578438329372275
1587400080,0.011473347785131581
1587423180,0.6982404038393965
1587439200,0.7756646070366158
1587454380,0.588513622524992
1587471420,0.7663377134968726
1587488160,0.6994623923022336
1587510780,0.9355611856304733
1587526740,0.8995228295664753
1587548040,0.7913550985896658
1587561480,0.005271682244989247
1587573120,0.7191780259813914
1587589260,0.04487225425552334
1587606120,0.6152572247188033
1587622020,0.7320232299861783
1587636300,0.23480175896881184
1587657000,0.685325587504709
1587674640,0.9442723788649191
1587699780,0.1168273974232273
1587716580,0.5875735151338991
1587734700,0.6905062479786634
1587751080,0.921532938099633
1587774960,0.863394099824959
1587797700,0.8662395528504211
1587809580,0.11020378003333763
1587827640,0.4640963294910888
1587842460,0.1047227505140016
1587862920,0.6102751251577649
1587887040,0.5649494147239149
1587900960,0.006876355830815941
1587922980,0.2349559072786953
1587938460,0.00822478314174237
1587951180,0.19850279740612356
1587969120,0.2675313398560331
1587992460,0.27883863222031546
1588012500,0.945049868383471
1588032180,0.16675717439552107
1588049520,0.5626524389914644
1588065840,0.6240653202334702
1588088580,0.8543098848053148
1588109580,0.0386601043123631
1588125960,0.8804724858201521
1588140360,0.802685049399406
1588163580,0.2865103052608969
1588179000,0.8749588957734166
1588190940,0.5158160751162487
1588209000,0.8981696140578426
1588222980,0.864313919282697
1588246800,0.60459038954483
1588257900,0.45434328195106394
1588280040,0.7046593197970257
1588304880,0.31421591431905915
1588318980,0.4851148734874265
1588342920,0.8808361097084604
1588358640,0.8756561973637064
1588383060,0.009594996418140198
1588400160,0.638240254243621
1588420740,0.7297171695378467
1588436160,0.5822721429023336
1588454880,0.2496294247723696
1588474020,0.7911541548752274
1588498140,0.6142153375992727
1588513020,0.9210932185110469
1588534140,0.7314145241946661
1588552620,0.8699954592915249
1588572780,0.82867517516691
1588587480,0.26196928626211324
1588598940,0.8539370908447064
1588612560,0.8957234435389
1588631400,0.24044773109885859
1588648740,0.4058638237965742
1588672500,0.5529145521909786
1588695480,0.6689791300890857
1588712700,0.9627094980121426
1588734480,0.9160518368767211
1588755540,0.829661635910644
1588772040,0.017874715420878495
1588785960,0.8508446939181806
1588803240,0.8667882447284316
1588818900,0.5822277635338708
1588841940,0.7940081910339256
1588860600,0.7723100604720693
1588878060,0.29430275622072055
1588890240,0.03379251513116152
1588904040,0.9314960308438204
1588917960,0.6202434346912611
1588938240,0.11819938767456943
1588960500,0.32399918024476554
1588972680,0.8284600899599175
1588983660,0.7026519894037919
1588996080,0.958478727862536
1589016420,0.608144684146001
1589034600,0.8078380334087135
1589053560,0.21649239760355612
1589070960,0.7688620325882236
1589083560,0.13654426600590955
1589108220,0.7750097307527358
1589125320,0.02802571799079238
1589141160,0.5912480578411795
1589152200,0.22202416662044194
1589174820,0.27372656649800353
1589198700,0.37283708667979654
1589214480,0.8732588137789171
1589238300,0.605284080448512
1589253060,0.32987003201074566
1589265120,0.9422956798913837
1589286780,0.0014893060481666767
1589303040,0.5899145769375822
1589319120,0.6271780194490886
1589333700,0.9708070255654041
1589351400,0.5302441441441614
1589372160,0.8058159207167308
1589390820,0.4593508695524146
1589412780,0.6835494833655547
1589432100,0.81240860099184
1589452980,0.9379077666837206
1589476980,0.47690669528908375
1589492520,0.333786819150709
1589512080,0.6527077505268861
1589533140,0.007515303091857596
1589552700,0.46373871279678786
1589576520,0.8984240268886573
1589598480,0.5913915090593316
1589613360,0.2026074289668904
1589627700,0.6625155777300435
1589652840,0.7018153161725854
1589675040,0.5888235267948096
1589689980,0.8788660517834683
1589715000,0.6264110481908811
1589727120,0.7416433825277144
1589747340,0.7862776035520815
1589772120,0.9244444485787957
1589788500,0.7513421441588605
1589804160,0.15650596990548632
1589828400,0.8245917886371132
1589844000,0.34085754691966386
1589867520,0.8267606179099939
1589887020,0.013860010182381696
1589911860,0.8108586226082846
1589923500,0.8414488157521726
1589942280,0.4656371515595652
1589953740,0.010750916147631698
1589966100,0.4001271223714129
1589981640,0.6618796864625691
1590001500,0.11145713521376431
1590021900,0.32001452333999014
1590039360,0.8656688260528451
1590050400,0.48163869452445773
1590069000,0.14802932019401352
1590084960,0.919490069590971
1590106140,0.5703576741051786
1590117180,0.304818381729937
1590128280,0.6400284852174477
1590144360,0.4819524018317923
1590164160,0.7198363292338461
1590180180,0.7600395840235878
1590204420,0.08604879554809544
1590215280,0.8183538232652612
1590237720,0.3834649719353421
1590250680,0.4284514310296541
1590264300,0.6869668089405894
1590284640,0.953050627433219
1590308160,0.5273105208461948
1590326400,0.4425734242872708
1590348720,0.2981201820970304
1590370020,0.7118943956228819
1590384420,0.08378514911901926
1590400680,0.30676069935101813
1590422400,0.861262466878438
1590444360,0.43625871290327434
1590464940,0.8838181564468879
1590489840,0.8753610380038411
1590512460,0.5005464173497866
1590525720,0.11596417691616799
1590541080,0.8876489126135663
1590561180,0.8108572927460027
1590579480,0.49196886756615277
1590602220,0.9455723510604118
1590614100,0.8321670377609773
1590629760,0.8858676483379303
1590646080,0.6960960838382237
1590664560,0.8233396821290012
1590689220,0.5356968823553491
1590712680,0.22583514903553215
1590737700,0.039565323980428245
1590750000,0.8643335969232601
1590772080,0.651559300303505
1590796320,0.7957089527071831
1590811440,0.3602533025335818
1590822660,0.7089706165381813
1590839640,0.7160980853581957
1590861720,0.00549895632088281
1590884040,0.46624967299024217
1590899760,0.5191832310774367
1590924300,0.7237425103147725
1590936000,0.6693864012634254
1590961140,0.4808807612869195
1590977640,0.68969783119437
1591000260,0.6298658609794194
1591016160,0.9025394706126288
1591040460,0.49498213732405283
1591062660,0.40818101886520863
1591080960,0.14853808371680932
1591099440,0.26602458180140864
1591114740,0.8942412875750285
1591138380,0.2953533502192448
1591162260,0.2936730192938903
1591179720,0.6901187188067224
1591195920,0.08555365715320944
1591209000,0.5647671639642977
1591225740,0.712893796979464
1591241400,0.7866673204534709
1591260600,0.20525897919163374
1591284720,0.2834863006344649
1591306440,0.8104622915374519
1591321920,0.13240727009121725
1591338480,0.6884184780497308
1591353840,0.5217097001792119
1591366860,0.7027010839845351
1591378260,0.2964196677932541
1591395120,0.2173089185536545
1591417020,0.8833273937628514
1591430880,0.7948333473720948
1591449360,0.004645948902582025
1591462620,0.5140833175075314
1591478520,0.14922571527188339
1591502520,0.501602185027862
1591527360,0.8372479248818847
1591542540,0.6223028318800934
1591564560,0.10096035321906885
1591583880,0.003502141896651632
1591604760,0.608382779271321
1591616160,0.7818559195938826
1591630920,0.7665816188908096
1591642260,0.08757471751893009
1591656720,0.4688160363877665
1591681800,0.38263481144583655
1591696140,0.1592639015359933
1591711980,0.9316479247451286
1591725900,0.013122936551220668
1591750800,0.2515702701301803
1591767420,0.5982922835914131
1591780500,0.8915045324596738
1591791900,0.2978983847405823
1591807800,0.7246936301754925
1591830600,0.5440008049810547
1591852500,0.8306489549897806
1591874460,0.6940955010380001
1591885680,0.8333479715977126
1591905420,0.8456679894142716
1591920780,0.32858245451264106
1591939980,0.7897313468139011
1591957680,0.704591163042509
1591979220,0.6930891647655875
1591996920,0.9633928205803517
1592010360,0.016225655982763
1592035020,0.01846386608977941
1592051040,0.5128302102443185
1592074860,0.7851185018324334
1592091660,0.24023296642561567
1592115180,0.6724974025718577
1592127840,0.27666886433533255
1592138640,0.5476338925314634
1592159040,0.7650372299687036
1592180580,0.7772921109845414
1592199840,0.2591217991752369
1592217660,0.0033121757706980094
1592230800,0.5680208146926904
1592252160,0.5443294179072019
1592276220,0.5122979509331534
1592300160,0.6023408774884687
1592312220,0.2001459432156252
1592325780,0.7086930407812712
1592342340,0.8892508276285555
1592354460,0.5098632321155895
1592368260,0.3230130308012018
1592392260,0.5841061265680688
1592414760,0.21960843555488085
1592435520,0.4768879355095733
1592449140,0.3572058359764848
1592468220,0.2739297566151687
1592480040,0.5678705129585098
1592494680,0.20850638852264256
1592518020,0.5658243251401233
1592529420,0.21968805339292577
1592545800,0.523104640461918
1592558820,0.9856379941916489
1592581080,0.754959254999857
1592599320,0.7942000476295138
1592621040,0.7233550596079011
1592641620,0.012323799573472644
1592665740,0.14576192269067226
1592690100,0.6555934999360605
1592706180,0.7537311235020098
1592729280,0.7852124128541489
1592752320,0.47471680322805787
1592771100,0.7393756333239914
1592782560,0.6050763186573965
1592805960,0.5033229630357112
1592829420,0.5457817387628734
1592844420,0.5250456569506953
1592862120,0.7112369233343692
1592874600,0.8503085100961963
1592899440,0.32557830376252284
1592920020,0.17186970853156824
1592943300,0.47782980437172257
1592968140,0.726966222268115
1592982540,0.7260504865073393
1592998020,0.8871004230027684
1593022080,0.11406718213040534
1593041400,0.6140523625439769
1593060240,0.8588451650534189
1593079920,0.5294954360397334
1593105000,0.8570601479431676
1593117000,0.7862575089788202
1593130440,0.6926918773097623
1593150720,0.2110990306863051
1593173160,0.3210522354909867
1593196020,0.2155863170178366
1593220680,0.5240171809561824
1593236160,0.6547152160959886
1593256260,0.7601507973616656
1593267180,0.447851571438743
1593278580,0.8442237649261537
1593294540,0.49850107572783225
1593311220,0.7962546282849898
1593328380,0.9154313271967187
1593340380,0.8257264495909391
1593360420,0.9342395423799947
1593381000,0.5740854015183497
1593394500,0.7888033399192352
1593406920,0.5660819928860424
1593418440,0.7081201980886912
1593435540,0.22908817830583308
1593459960,0.45300336606997893
1593471660,0.027523798471484937
1593490920,0.7054899060678239
1593504480,0.456226485213027
1593521820,0.8399448388212502
1593538080,0.6437378238392428
1593560820,0.7283083630012617
1593580080,0.6303891704512938
1593592200,0.7631871318803212
1593613380,0.8999487233678153
1593634680,0.3403983569709707
1593651660,0.7337226588128967
1593675300,0.6452100195995736
1593699720,0.43245741281171507
1593716580,0.6110504735235596
1593737580,0.8373186683560914
1593754500,0.4407639708068999
1593777120,0.8970593364904859
1593802080,0.8402568026403938
1593827100,0.2132973607751276
1593840300,0.059000141336155304
1593851640,0.2416550822400706
1593872160,0.45291416067776935
1593894540,0.12108030818962214
1593912960,0.9158685998211532
1593925440,0.7461003439107439
1593943920,0.4772003695301086
1593955620,0.10782978926102688
1593976200,0.3213144654524339
1593990240,0.8897753981532109
1594009920,0.9541566408414751
1594030980,0.37331628751175194
1594053660,0.7294664523072206
1594068240,0.5570734364844683
1594084140,0.8276889929641051
1594106580,0.6594194546768957
1594127460,0.948557151258211
1594145100,0.9526004322580987
1594162680,0.8538392751980342
1594177320,0.844814098049347
1594201200,0.7220404168998484
1594214460,0.795978954000044
1594231140,0.7065609549198223
1594253460,0.42856460153256315
1594264440,0.8475524689856189
1594289340,0.6296189652508599
1594304820,0.9897288691490203
1594329000,0.8645983552901212
1594350180,0.08045553783633715
1594373100,0.3008862476982648
1594392540,0.19085008544863052
1594407180,0.693508779524784
1594425180,0.6127028821363185
1594444200,0.7633513317295605
1594458420,0.3451165605288128
1594480380,0.4391681256133481
1594492560,0.7959081022888438
1594504560,0.4116374448547614
1594523160,0.4845270661499972
1594534380,0.22832496513110317
1594551120,0.7112227082793647
1594563600,0.7171747427231445
1594574640,0.9140567813051617
1594595040,0.7935983185879426
1594618680,0.620664523192962
1594641540,0.5427547990447152
1594659600,0.16476410456312654
1594681980,0.20899251453452586
1594706820,0.18183691101022106
1594729500,0.8241802448692755
1594743300,0.906668663237454
1594763220,0.03740237709241546
1594784700,0.7530957283182242
1594802280,0.19905678549044936
1594822860,0.8950043520597091
1594841280,0.7214556118721105
1594854120,0.5935169370650895
1594876560,0.6901833763781432
1594892100,0.9263579710455024
1594914240,0.379799627829831
1594936020,0.8858725289351432
1594960440,0.9640929854783356
1594979340,0.7561719869491876
1595000880,0.7245762888800171
1595015220,0.679257754793594
1595033700,0.553693821812852
1595057880,0.8632274982759004
1595081340,0.7550707742488165
1595098680,0.32140072738069203
1595118540,0.4220068850127927
1595142000,0.8340760819107876
1595161620,0.21622365004491045
1595180100,0.1950424023039046
1595203680,0.8850989864885993
1595216460,0.11022191967253132
1595240400,0.6897406205837567
1595256720,0.1850082139233703
1595277420,0.4974518975355596
1595296020,0.429909817270768
1595316600,0.8966983466452508
1595333700,0.9137751878582591
1595357880,0.6424488105508833
1595382420,0.7913199491116181
1595401320,0.9103423992120546
1595420520,0.7517819015203636
1595443860,0.08685982895636313
1595465400,0.18840840391827596
1595481660,0.8089921168381211
1595492640,0.9571304919668677
1595509860,0.307018932744914
1595534340,0.34803257466476883
1595555580,0.8294397165078796
1595575140,0.6699707359497583
1595599920,0.03738312789289094
1595623260,0.39842227949001413
1595647080,0.9158657650455398
1595670240,0.7767384485437987
1595694480,0.596030126859147
1595706780,0.7933198833554213
1595727480,0.0022760129704174847
1595741940,0.5814726806189394
1595766780,0.36640693133825664
1595779560,0.12214405293083395
1595793840,0.7630930911301704
1595806980,0.17984945607876815
1595829960,0.11372848515414431
1595845080,0.3576629965289534
1595857320,0.7789248556467829
1595873040,0.4874375540821317
1595895420,0.6571470188284297
1595913480,0.28700807717274535
1595933220,0.824527313922713
1595956680,0.8457177829670804
1595978760,0.8839804560468684
1596003120,0.9932475842535562
1596019260,0.25462548543539504
1596039720,0.398459990865372
1596056880,0.6465400091617326
1596068640,0.5293940066443601
1596079680,0.3558315900721969
1596096420,0.4994847112781481
1596109800,0.830359832946912
1596131160,0.7360446224251951
1596155820,0.37024074335854934
1596179880,0.46513812938336496
1596202560,0.5447088553776647
1596215520,0.508168077839253
1596234060,0.47597734981350687
1596258120,0.9575303512860339
1596270600,0.4118986500330146
1596293700,0.24608555949093014
1596315540,0.7496655617161853
1596338520,0.25049694056903204
1596354900,0.45123820379204727
1596375660,0.09394563684318415
1596393900,0.6595458258250166
1596414180,0.7779771755575299
1596436260,0.9786182275179304
1596458160,0.6021816491249787
1596475680,0.9088498009881981
1596495840,0.20926315201976317
1596517320,0.7764370140834483
1596536100,0.9110335457521876
1596554640,0.37187823880150495
1596574800,0.4903184637482836
1596594300,0.024020668837346118
1596618900,0.8921713848988109
1596641580,0.633909908925671
1596659760,0.5587866286392182
1596681300,0.3320758750366284
1596695160,0.944115426632802
1596706320,0.04901709239484527
1596721740,0.6151463192093071
1596734340,0.43257301701242323
1596753060,0.018237577103819447
1596777420,0.019877474101087363
1596797280,0.914939464674833
1596808860,0.9727285080241552
1596826320,0.08808132286997808
1596846420,0.7989371490451571
1596865560,0.6512256320692869
1596880320,0.583890708711879
1596904320,0.8538917089756285
1596920640,0.8056300725626835
1596934800,0.26660139368477553
1596946620,0.6748464452514606
1596962520,0.44213428077005745
1596981600,0.4498992630030817
1597005360,0.9829407781312907
1597024800,0.7761297347505559
1597042200,0.9562126131109704
1597062360,0.5769600775768341
1597084560,0.6268922874674937
1597095360,0.731077138033494
1597108320,0.5947357636084066
1597124220,0.8605602187494013
1597145880,0.8020400566668684
1597160220,0.69508087600421
1597178520,0.5777022581057443
1597192440,0.7250823927281328
1597205100,0.8501792921404316
1597222380,0.801842662950438
1597241880,0.9177028297359205
1597258500,0.723378942160189
1597271820,0.04426337720018427
1597287300,0.9442448357504585
1597309440,0.8611851730477578
1597323300,0.8072226253562604
1597342980,0.19400455746694703
1597363440,0.6984388878255214
1597387320,0.2365362758930529
1597400520,0.7958712776252563
1597425360,0.608801847223478
1597441020,0.5885594205855879
1597453560,0.9557493065865481
1597472040,0.6248585229435129
1597495320,0.74286791208947
1597519200,0.5993325996621648
1597537560,0.3981823738997776
1597551600,0.8681772994414663
1597564740,0.5757342509909357
1597585320,0.541057385107185
1597610280,0.8604108618448807
1597625880,0.32693863065766304
1597647600,0.5587301912583007
1597669260,0.5385845549137924
1597685820,0.9200677308543576
1597709700,0.3723309257456942
1597721700,0.17528419609574464
1597736760,0.7080195588184348
1597752420,0.3780286743340034
1597765920,0.011625704979336297
1597779600,0.6329040591573554
1597799700,0.6339025340126886
1597811580,0.8287408695339271
1597824540,0.8148273198181313
1597840320,0.4717814301177574
1597864380,0.1861580992244629
1597881120,0.948299220899104
1597892940,0.5223517530162102
1597914900,0.6314214196777552
1597930080,0.8768658559992466
1597950480,0.5674183946872897
1597965300,0.4697040640230184
1597987500,0.14900886017310863
1598001900,0.799997454587952
1598018340,0.9408049497768951
1598032380,0.21114058090627036
1598055420,0.09398919045622077
1598068920,0.797975221395369
1598087940,0.8231589056028622
1598109780,0.3467138902169032
1598134260,0.8460703476697339
1598153700,0.6665496371774164
1598169360,0.8878119811573707
1598182740,0.7934788743224248
1598194920,0.037630737380992055
1598212200,0.6725066788892374
1598233200,0.9267136610864889
1598250000,0.5275286087855133
1598262120,0.8366516255813243
1598280360,0.7714470296153062
1598293200,0.4266050622247147
1598315520,0.9028297577552155
1598326740,0.5975520594190692
1598350440,0.7678572863573085
1598369640,0.32542076544748366
1598392980,0.10874601746982329
1598408400,0.18000682780385735
1598426820,0.3139099421737307
1598449500,0.8253226765599267
1598471760,0.5791471791684224
1598485080,0.6664268319469164
1598497800,0.020828919354069428
1598522760,0.8994897205937246
1598541540,0.02935941342139644
1598565240,0.0886759199290849
1598589060,0.5272675270050694
1598606760,0.3247194165812442
1598619780,0.6753624384095258
1598639100,0.936273742097004
1598657400,0.29596164252469614
1598675520,0.7592758080876345
1598696220,0.732399590044537
1598714040,0.9710226440930063
1598733060,0.5431785181174503
1598752680,0.6410198293754124
1598777520,0.6713398980962696
1598802660,0.4179080379566361
1598819760,0.32487393760584005
1598835660,0.7589090177423925
1598852040,0.9350442728432876
1598869020,0.793128718560118
1598880480,0.773517778311687
1598904000,0.6718869622875641
1598917680,0.7971289115342788
1598936400,0.2872979250361888
1598947260,0.3021550325092246
1598966400,0.5885984340996446
1598979780,0.9077101023818896
1599004440,0.6814277420031871
1599015240,0.7802352502346273
1599037680,0.5452469577235226
1599055200,0.7444061492763809
1599079620,0.17823729354401238
1599102720,0.1574476620106148
1599114960,0.49230846343394746
1599133740,0.7072022505632547
1599149760,0.8517118934989587
1599164400,0.7299529700806554
1599176820,0.3937122731550664
1599201420,0.8324736694437883
1599222660,0.8077830485237409
1599244980,0.37559500457622697
1599265140,0.3187370818388756
1599278700,0.727267924028895
1599291480,0.4669901584595534
1599302340,0.3271478630024762
1599313140,0.7209018141762176
1599329040,0.8981746785662917
1599347880,0.13787333748256153
1599367920,0.855803176024555
1599387240,0.06375943825241981
1599410040,0.6784546692900746
1599432600,0.0508503416375664
1599443580,0.05607268136561835
1599463560,0.6428655620688212
1599474840,0.7145746132259028
1599486120,0.6892074141170881
1599504300,0.06015752141193009
1599525840,0.9275801878222617
1599538260,0.5439419053790167
1599554040,0.973834603576052
1599565920,0.951348596063963
1599587580,0.8325923984742272
1599612720,0.6387074968828039
1599633660,0.3650224523398148
1599655860,0.8383721101498639
1599679020,0.4904950201850976
1599702540,0.775902488387058
1599717600,0.7436465279429207
1599736380,0.32047554808452394
1599753840,0.26749993586730714
1599766680,0.2771689564786066
1599783900,0.9865039527931456
1599798000,0.05814933087817949
1599815880,0.6917387756221315
1599829320,0.8020426330470705
1599845340,0.9895323909288011
1599866280,0.3001954918733447
1599878100,0.5711951697681945
1599898500,0.45773165460643944
1599912540,0.6712139926889944
1599926340,0.2787331505856063
1599943560,0.05961165364193183
1599959580,0.006624206594417932
1599973920,0.5021973241225484
1599991800,0.4198083016430061
1600011300,0.6304282371231441
1600027500,0.43804610819295575
1600044780,0.6565379659952035
1600065420,0.2975597166991317
1600089000,0.7849753249740896
1600102980,0.8499176664303532
1600123980,0.7887116076039289
1600143600,0.9180240009495123
1600161180,0.047206778391467585
1600180860,0.04120937939129293
1600196760,0.036319192345499685
1600221960,0.795933205661273
1600238280,0.5160277620473656
1600260660,0.7607229836309548
1600276860,0.7311907969350475
1600301100,0.4725762547600066
1600323720,0.28735397561523834
1600342620,0.502286219088486
1600359060,0.1211798906568142
1600378320,0.14979687120741367
1600403280,0.7190273636867729
1600414560,0.6482662500196401
1600439220,0.6548300200847325
1600457580,0.8033693446465429
1600482720,0.03682846705270086
1600500360,0.8301910110566713
1600518420,0.32369997962798397
1600530240,0.6025380141763681
1600543860,0.9631648881831661
1600561140,0.7462979746656897
1600572840,0.05165129908147531
1600591080,0.18498284208374893
1600606500,0.4891526578357822
1600624560,0.7836730924338566
1600639020,0.5735605452370782
1600650900,0.7747807822340225
1600662900,0.7502612180039412
1600679280,0.6766399973143926
1600698180,0.9571631564654917
1600714860,0.6734748582176473
1600730400,0.10614032978563949
1600755600,0.21689062275843532
1600771560,0.5724051815961702
1600789500,0.7445958349482686
1600806960,0.7876278371506993
1600823220,0.6513461759322776
1600847820,0.7788989130491081
1600862280,0.5416289447849729
1600886460,0.8636614212877123
1600899600,0.46219372576202505
1600912920,0.2670747561424325
1600933560,0.4072437185998725
1600948860,0.44144338490939017
1600961280,0.7300092938438457
1600981260,0.23365664092456082
1601001060,0.4432673400488934
1601022480,0.32368134356449263
1601046480,0.5218403224948378
1601066520,0.002982821167475236
1601081340,0.7412210750885659
1601101920,0.5551273045522849
1601123100,0.5462583404635888
1601138280,0.5632336370733755
1601156400,0.48753270523568876
1601167380,0.2492726473697342
1601185260,0.13522235249162717
1601207220,0.01248503310599205
1601232060,0.011593935743658789
1601252700,0.849704830270036
1601267640,0.6655244825786029
1601291400,0.24542604357158398
1601315280,0.6114443334858882
1601334840,0.039485505621805465
1601356200,0.6581215187409393
1601374380,0.8988554865167672
1601395680,0.563968005021527
1601407500,0.8940836875862884
1601423700,0.9456089655530231
1601436360,0.5997955681911817
1601451900,0.351628985028534
1601465160,0.07076354432453835
1601486520,0.260372365563285
1601505960,0.8378525539231054
1601517840,0.7803480231663074
1601541840,0.6561921688055625
1601554680,0.9212045003369199
1601577300,0.10786444519488272
1601598780,0.7241231893473095
1601611200,0.5549899481551426
1601622300,0.6976609519759633
1601634840,0.1839283230707027
1601653080,0.7030059155231525
1601675760,0.762030365021465
1601688240,0.28283270686252027
1601710560,0.9086078463738027
1601731860,0.5488287506925175
1601749380,0.12709676589853167
1601764740,0.28973364400794943
1601785620,0.6562683095571192
1601805900,0.3346333057342163
1601827020,0.5295763448682305
1601843400,0.33491114077250733
1601864700,0.16973554799229484
1601888100,0.9165140853581947
1601902260,0.9546014815560041
1601913600,0.7464083542410034
1601935980,0.7586543154852989
1601957580,0.7836357107143517
1601975220,0.7446822398469953
1601986080,0.8772773658573222
1602005760,0.28007083772357066
1602017700,0.957024876500132
1602034740,0.7120240012672152
1602052860,0.1835980516114485
1602077400,0.021825401370885948
1602098100,0.7424753236403762
1602114240,0.7168596397258066
1602128760,0.8259295406545148
1602139560,0.6686579326908987
1602163680,0.19382219860875755
1602186780,0.9073329315480885
1602200880,0.4822309459717254
1602214140,0.15744729895106332
1602235800,0.7446443356422792
1602250200,0.7250343639674935
1602265920,0.29285102801354373
1602288540,0.18696061502847122
1602301620,0.4795432710675102
1602321420,0.742286267851529
1602333060,0.5242943400066358
1602357300,0.8861743888611596
1602381060,0.37379975682770844
1602404400,0.2782642273495123
1602423960,0.4310189584052184
1602435060,0.5154034250052492
1602455640,0.5003676170535827
1602476040,0.8766198502639997
1602488160,0.18484469094063055
1602510960,0.9078886749879362
1602534000,0.936881740590355
1602553500,0.7949924334547284
1602566820,0.8530939019252245
1602589560,0.4033065496925962
1602600360,0.3002405393810975
1602621900,0.7261428664017554
1602642900,0.922030310895557
1602661740,0.4639924521516262
1602674280,0.6021216035311836
1602698340,0.6769539200835588
1602712740,0.0057194686012393145
1602734100,0.8758672696507459
1602756660,0.8555543245990419
1602771300,0.6577262347782775
1602790800,0.8962511756391828
1602813540,0.7928105156547121
1602838020,0.26438096550560797
1602855540,0.8720341619947408
1602876240,0.517595767509513
1602889980,0.017329377799702797
1602914280,0.7614153738294897
1602930600,0.2930971748915382
1602942840,0.853780695218558
1602958680,0.3672447458103398
1602972960,0.9195047467210928
1602994740,0.18744799451555882
1603010880,0.7833359238832875
1603034340,0.7200297131468854
1603054260,0.5665199994631238
1603066860,0.029826805574179268
1603080780,0.6663004249627701
1603103580,0.6227315138762761
1603115700,0.7040038134047353
1603133760,0.4867159541729935
1603155540,0.734266209526873
1603168440,0.8621582922554388
1603186380,0.7519464050507897
1603209120,0.815922503660073
1603222740,0.8834977890123226
1603239900,0.8421046238895118
1603264200,0.3047067418802225
1603275300,0.7735696830115841
1603296180,0.6965605643178439
1603317480,0.9396654197470989
1603333740,0.741629006109387
1603358340,0.20763391520273608
1603377180,0.39429096196118374
1603399380,0.21217840623339934
1603414320,0.6810538458352859
1603432260,0.6650857964158895
1603443660,0.8776566309393784
1603458120,0.8681340562926202
1603474140,0.8591269253196653
1603494960,0.100797717304566
1603519320,0.9128438495262751
1603532580,0.5008332391639682
1603551780,0.6640353434307433
1603563600,0.39146603137398056
1603582560,0.06912502650924691
1603598220,0.9537287185288946
1603614960,0.9868711631818726
1603633320,0.24910259239810562
1603651080,0.8261057692564658
1603666440,0.8838083493460399
1603679700,0.6499956353588072
1603692180,0.5978318039983279
1603711440,0.3009350989774393
1603733280,0.35801730956749045
1603756500,0.7564535895282448
1603769460,0.3596759138020684
1603785720,0.35715578417553856
1603800480,0.2942274414033397
1603820160,0.029878383314645655
1603834740,0.015496789313914008
1603851660,0.37442202190631013
1603872780,0.7915141780097487
1603892220,0.049914877114310086
1603912680,0.33117610913560436
1603935300,0.26940264978887607
1603950360,0.7041948103023723
1603963800,0.5948979908163284
1603982580,0.6133669819161414
1603997760,0.8113210643999799
1604021100,0.29898326514417195
1604037300,0.41448769274505964
1604048880,0.9036742953135044
1604072640,0.005411260899814643
1604089920,0.8733627275617163
1604111160,0.09418694403244285
1604127360,0.8794142520882448
1604149860,0.752728329955684
1604164200,0.504889436766425
1604188140,0.8993246780635846
1604211480,0.6597037233413078
1604226600,0.010753349416978787
1604243340,0.1950796157197478
1604263800,0.955663219195841
1604288280,0.5559741421526994
1604306400,0.5324687426694497
1604328780,0.29409155959549826
1604339940,0.8569599962096227
1604358960,0.05539511422980704
1604381460,0.939206755450952
1604406180,0.9489911619210103
1604417580,0.773682788223947
1604429460,0.8528686783334988
1604445900,0.09550323091706539
1604461860,0.49725088183813243
1604486700,0.9103721708224787
1604508900,0.736927221338041
1604533860,0.5279831975428062
1604554800,0.6657589814884657
1604574780,0.732438973438585
1604598000,0.44217548041201704
1604622180,0.5603010750858308
1604634360,0.12917680995956937
1604655060,0.33202839286353003
1604671980,0.4841277419087313
1604689320,0.4486395209775916
1604706600,0.5390324018850633
1604731380,0.7346743195876758
1604751240,0.683680440951076
1604766000,0.1942287934659504
1604783460,0.2969471173885329
1604798100,0.6145659884422128
1604814960,0.5555985901811968
1604825940,0.13593210908315656
1604840460,0.7331293765750441
1604852580,0.4445700783523801
1604873280,0.3229265427684608
1604896920,0.6964890368969585
1604916720,0.19220473488054168
1604932260,0.9063761677698701
1604949900,0.5459860204203011
1604966400,0.8882922189394757
1604989140,0.825408930773349
1605003600,0.009918750355646619
1605021360,0.1595137484385764
1605045660,0.3408891162007317
1605060180,0.6097125557401535
1605076320,0.29530860092193234
1605098940,0.6477161049124904
1605122760,0.5643003674664908
1605144000,0.26724276245082645
1605165840,0.2385945449035226
1605184800,0.7947598877512938
1605199500,0.8411051394081934
1605224100,0.8721048329591247
1605236700,0.9043444248422603
1605252360,0.7009975410907676
1605269520,0.03437315119542907
1605284460,0.9374151155416743
1605302040,0.5075041871547215
1605324600,0.424132707035253
1605337140,0.8716260516415741
1605359280,0.13419968057728346
1605370320,0.6924541752426971
1605395460,0.8281210132523407
1605415200,0.09278049536535833
1605433140,0.45379156962377043
1605455400,0.4850136452781029
1605480240,0.826045101257547
1605492180,0.9760621004184424
1605503700,0.2828141434349901
1605526500,0.7069181125185438
1605546720,0.016885446187508642
1605560760,0.711712052034455
1605578700,0.9438678156548825
1605599940,0.8003534457097268
1605622380,0.6800898583677246
1605647340,0.08750339872775556
1605670980,0.8342664550515255
1605695100,0.16888304262262682
1605710520,0.8972736302804505
1605730140,0.8809615356781828
1605745260,0.5080441919026559
1605767760,0.8650160105592156
1605788760,0.7905791367045774
1605806160,0.9029197313605665
1605828900,0.2881505557622765
1605849720,0.7068106248122992
1605866280,0.13427309730614795
1605879780,0.7152480370054228
1605891600,0.5664491450100145
1605904560,0.8611171970684948
1605928020,0.6245035306926556
1605951000,0.23865386526217655
1605970080,0.6488495326507084
1605983160,0.7043591304679895
1606006620,0.8166203805110938
1606022760,0.42961981526303517
1606034580,0.7281013252064601
1606056000,0.007933756573635755
1606069440,0.8525056180949729
1606087500,0.5150111400217696
1606109460,0.09490062457238244
1606132440,0.9034392537043894
1606151160,0.8213263645081077
1606164120,0.6937075622962288
1606185060,0.2463497006109784
1606206600,0.6960381008568033
1606231440,0.7538788826414093
1606250580,0.7590775752404917
1606275060,0.3006926662919324
1606289640,0.9765136350949111
1606304640,0.12185279634425861
1606319220,0.7244795530299764
1606336800,0.8170047433797265
1606357320,0.06205041242561831
1606370400,0.6143080831921591
1606390200,0.003967307706087325
1606406400,0.8010122836921958
1606420140,0.43005985147810655
1606434360,0.40084109702532517
1606459560,0.8226296688679212
1606480260,0.8893622854987037
1606504620,0.7078989266715774
1606525980,0.948452904483486
1606537500,0.08223804795664179
1606558620,0.7862492427475305
1606580040,0.33752382443441553
1606597320,0.755479136001147
1606609740,0.6772731566399082
1606633020,0.777650437497093
1606650060,0.5644751077342014
1606665180,0.42381519314364524
1606681200,0.9276471448555081
1606704840,0.6468245546704102
1606718880,0.8698241358797765
1606743780,0.18660808921713412
1606758960,0.7264876175529564
1606772460,0.3551468294079089
1606791360,0.6791015991782025
1606805580,0.6198879032994501
1606822860,0.9905982433570233
1606843980,0.2695606386885807
1606856940,0.9515378562098641
1606868220,0.28609251724259493
1606881300,0.7549741605274477
1606903500,0.9102688066424637
1606915800,0.2604816961866141
1606931040,0.5470288618125707
1606956060,0.9041530696242254
1606980300,0.3465077961556178
1607002680,0.3463581004602992
1607014080,0.8811801248905893
1607037720,0.4130340115155765
1607062860,0.25391160601055207
1607083020,0.5713641025062732
1607100420,0.48172086215225596
1607111880,0.03443060464749361
1607127480,0.1833513067460783
1607140620,0.23641497304971193
1607160360,0.5591889124114924
1607173500,0.604682113763346
1607185020,0.16625912703891138
1607209020,0.4075348019581466
1607234160,0.5187004997904545
1607251620,0.7532964143917503
1607272260,0.5400617893444735
1607290680,0.03540547023006381
1607310900,0.12417693755998183
1607323500,0.45182175656479356
1607341260,0.7131680250907894
1607361000,0.8855790699653082
1607377140,0.8026817022658066
1607390880,0.6754508619236238
1607411280,0.5707356548380333
1607423340,0.14002538759139027
1607436420,0.9018702077482308
1607454360,0.17266467891657514
1607474100,0.44499966881411984
1607485800,0.658257959268663
1607508000,0.6915874528591814
1607524320,0.032006238345452874
1607542860,0.2786111719933303
1607561880,0.005122099679345355
1607577660,0.8161991093878352
1607601060,0.8408790785908593
1607622120,0.40000838951456097
1607637720,0.024299624198860538
1607653080,0.791833022457246
1607674260,0.8303539470961974
1607687220,0.06535871894386923
1607702640,0.8628386679256813
1607721180,0.6889562154385441
1607737020,0.949015203611004
1607759340,0.739869735963784
1607774940,0.7122058111402705
1607792460,0.8172556299352535
1607809800,0.7083681155162552
1607823720,0.7100460738555929
1607835660,0.22039299192668002
1607851500,0.6209272946211903
1607870520,0.3089657749091175
1607886240,0.8124941998055992
1607910720,0.9263477391123623
1607932020,0.6170531790049107
1607949180,0.5516720336944203
1607972820,0.720803038855553
1607992920,0.20144690066349358
1608017940,0.5232827356534864
1608037140,0.5018222818803479
1608050520,0.9029837673439115
1608069720,0.817997488194322
1608089820,0.5320145140671877
1608101340,0.9750456742631377
1608117720,0.6330358571970749
1608128820,0.7394585791217115
1608144480,0.13163816081729235
1608159720,0.12170560391654589
1608173100,0.9084510317421153
1608197280,0.7296223202449936
1608208560,0.2260681153594846
1608222240,0.671898330098177
1608241920,0.7745041929752694
1608253440,0.28766846854724026
1608266400,0.5056898927044597
1608277200,0.962159429136643
1608291960,0.6255568255104871
1608304980,0.022369687313065156
1608329580,0.412931199444889
1608350820,0.9839152411199512
1608370080,0.6026869309415095
1608381300,0.8558056839701794
1608398520,0.7406497889798647
1608416400,0.38005888455937165
1608438600,0.41919053787639937
1608450720,0.1968577294409522
1608471480,0.0016304873345595104
1608489240,0.3026914073771345
1608506160,0.4707688513084443
1608530760,0.04171422693391244
1608549420,0.3446282150866209
1608568620,0.717784730955062
1608585420,0.5684331350540364
1608599520,0.18658082615485416
1608621480,0.9524793356309827
1608635220,0.4699205364747267
1608647700,0.8341460852999876
1608671280,0.7455952577776589
1608696360,0.9697687238661163
1608710580,0.8340192977343703
1608729360,0.49482161911170364
1608745440,0.7275291575546465
1608757440,0.2457061666156837
1608779700,0.7996658542204158
1608801660,0.5960049364266996
1608821220,0.6838011143598979
1608833520,0.018532623172213263
1608850200,0.9068000377371268
1608870900,0.8391346112189014
1608884640,0.4649718447931329
1608906420,0.45671015815310817
1608917760,0.3796228327970086
1608936540,0.8737522462929084
1608953820,0.7902890562036152
1608975360,0.6968530391208634
1608995880,0.8712980587979665
1609007700,0.13653846679571757
1609030380,0.36996653252269435
1609055040,0.4140472763728581
1609067340,0.5499680502896991
1609090860,0.7265427149654688
1609107720,0.76443017472498
1609118760,0.5553330687638536
1609131840,0.7622425661292876
1609154760,0.858229597922299
1609178880,0.7789949606508019
1609191840,0.9371930112167625
1609208820,0.7688194576039671
1609227420,0.47993925421903405
1609246020,0.9256214462611574
1609263660,0.26257885572323614
1609285920,0.7157543245504305
1609304220,0.7940593061430555
1609324320,0.1329941999889377
1609345560,0.2642602013690891
1609356420,0.44366001884071266
1609370820,0.6552880904157973
1609393500,0.6032740056227524
1609416360,0.635718041574498
1609427940,0.8267737398720473
1609441920,0.4320490625815207
1609461660,0.9242150545799388
1609472460,0.6512434311513199
1609491420,0.34523137334619763
1609506300,0.030470970427512685
1609530300,0.6632408759629209
1609554180,0.8612775472965234
1609569000,0.049659427538950654
1609589760,0.02467216099515362
1609603200,0.7653444942264296
1609620900,0.5426607771353031
1609642140,0.8369390700512641
1609654680,0.4724349704890404
1609669920,0.7800346601104122
1609693560,0.40511305247008444
1609710060,0.2660954683737443
1609723800,0.9575853038290733
1609746540,0.9839357603181067
1609763520,0.6473609443707107
1609786260,0.6495589894664235
1609800060,0.8636564497904711
1609811640,0.7035132707238325
1609829880,0.5669932186964595
1609843800,0.7014142865601354
1609868580,0.7287998961383395
1609892520,0.8770415444803299
1609917000,0.5513092849852226
1609930860,0.9156447134413856
1609950540,0.8260826862905505
1609962300,0.8292024412087609
1609976160,0.3485937361806757
1609994160,0.4848314721395769
1610018220,0.548652913957458
1610035020,0.9000219087249132
1610059440,0.21093280543612192
1610075520,0.30649695983133673
1610088720,0.3633566580548714
1610103720,0.32844958676316527
1610118240,0.46542592129841703
1610133240,0.5783268184739172
1610144580,0.17587828542972517
1610169780,0.34003451809576934
1610186520,0.05595225996761253
1610198940,0.74264612940827
1610215800,0.4147822507614215
1610235180,0.6377618274614306
1610259540,0.7355876693251697
1610281260,0.10609797686724205
1610304600,0.46480241147199663
1610323680,0.3228075985702106
1610340420,0.7518513499034509
1610352300,0.649151457230223
1610366280,0.33007964815211255
1610379300,0.5768053844067988
1610398080,0.7202951069116064
1610419320,0.10931254333889488
1610433180,0.30417962160489265
1610444280,0.8283909137448565
1610465760,0.18558955151334733
1610479200,0.5002637635289042
1610498820,0.2722416298264414
1610511900,0.8360169476226705
1610532600,0.8074682102826622
1610545980,0.7011950597202364
1610563560,0.6675255400450786
1610581800,0.8683478185357222
1610605020,0.7088253763525466
1610625300,0.6926628432933121
1610642880,0.5932302702232749
1610657340,0.737727199922674
1610673720,0.8235609087662779
1610691840,0.47498551392897975
1610703840,0.9253354859322216
1610717640,0.21889003119435899
1610729760,0.5448880808453664
1610748540,0.8091504377306955
1610769300,0.4723706607921683
1610784720,0.7577447315237591
1610808300,0.6035066682645029
1610827620,0.8249783519735417
1610848020,0.93331006720225
1610872200,0.43985076944731444
1610888040,0.11003497148650652
1610900700,0.29353100862959147
1610919360,0.7559616204022559
1610933400,0.635336453876006
1610958120,0.07442150828832153
1610971980,0.9178758365145187
1610987700,0.5297183943489232
1611009480,0.4301267447375175
1611034320,0.8509002909847448
1611053640,0.4674828910655864
1611073920,0.8659030315219769
1611095460,0.010827122396082106
1611109920,0.7638236692815492
1611124620,0.857114157672205
1611138000,0.0759556613002606
1611157860,0.7150331197410328
1611177900,0.753304252754502
1611190740,0.629266958925741
1611211260,0.7555127704293192
1611233520,0.24415727942846052
1611253080,0.7165566865742496
1611267720,0.8496857092131264
1611285540,0.6435064811863042
1611302760,0.13547136755702677
1611319380,0.7708593865821042
1611340860,0.5596923355968657
1611360180,0.6226489672425284
1611377880,0.13142654143636037
1611391440,0.8201719058885386
1611403320,0.3811883698438711
1611424800,0.00845244932747929
1611445740,0.8618395967401645
1611466020,0.5125274789437053
1611479760,0.633743552173673
1611497400,0.9407396209643994
1611521940,0.6208931053402662
1611536460,0.7263838866422138
1611552780,0.8667847833996889
1611571680,0.8351193193599193
1611584460,0.05099450647303872
1611606840,0.8336899128125455
1611630120,0.1704686403170469
1611649680,0.6968936157983393
1611664980,0.7786933626783328
1611677880,0.6832098793736799
1611690600,0.7947421359635288
1611709320,0.00556738929972981
1611726480,0.48300190675770366
1611743880,0.5567754660413453
1611761880,0.7742047749239479
1611774180,0.2627329082171459
1611786240,0.921603598179953
1611799920,0.8498739065578279
1611824400,0.9002090937724824
1611841500,0.5466217483969903
1611862140,0.04379477891212339
1611877860,0.8235054597404252
1611894960,0.26893077600201387
1611920160,0.60781616360516
1611935280,0.9602766635782235
1611949320,0.9637529753267895
1611971040,0.18700911964941688
1611992640,0.7259998882610275
1612015080,0.5478845004386312
1612030500,0.36198516569576183
1612055700,0.7530225307109358
1612069740,0.5875020901313042
1612087620,0.9038823534174709
1612101720,0.020193884432650397
1612116960,0.01236304553537169
1612136580,0.30488471480508816
1612153320,0.9591590152806132
1612175640,0.4331747858932232
1612188240,0.3207201553979916
1612204140,0.3571779868314816
1612228980,0.253569442671251
1612253940,0.5411717107757786
1612272900,0.0026618561030022914
1612292100,0.11655400241745427
1612313400,0.9634921255291305
1612331520,0.02340572837623719
1612354860,0.07144736298160068
1612375200,0.3118934829531962
1612387440,0.6999666406086761
1612406580,0.7761560073565896
1612420500,0.3605929885105966
1612442940,0.47193660452563896
1612457520,0.837341141900594
1612482360,0.7339407490528567
1612506060,0.9667768934687393
1612530060,0.360887066313076
1612550100,0.03603907799351532
1612561380,0.15765393250186555
1612585620,0.8751177030221644
1612608540,0.681479180164033
1612624020,0.5642229529119904
1612637640,0.7775119268874202
1612660260,0.458268020026449
1612682280,0.31518280841645907
1612707000,0.6207700424937235
1612718520,0.3262336710464844
1612741440,0.27946458878795144
1612755060,0.8379459147217804
1612770000,0.8430835553913997
1612786380,0.3910170995007997
1612803540,0.6343602708620338
1612817220,0.6669008349379941
1612833300,0.4030807525872817
1612854060,0.9253484191888065
1612869300,0.15408261108552682
1612889280,0.41466521427350045
1612908660,0.7443623493818329
1612928880,0.6207704645564063
1612941060,0.7515448149876147
1612952520,0.8263281259271409
1612964280,0.03065918666513821
1612987080,0.5411077087760217
1613006220,0.9738906361572393
1613030040,0.19602582734175222
1613042760,0.2064270674714377
1613067180,0.06742956945283395
1613082480,0.7810471419878904
1613104740,0.7108101320020928
1613121780,0.4303363201924806
1613145840,0.9558359085214629
1613168340,0.8472430690025096
1613181660,0.6780988316206187
1613203620,0.004519021160120887
1613227140,0.02522465745060037
1613245980,0.02912192996560983
1613269920,0.8140914905005437
1613292600,0.891343979311265
1613312280,0.6323788334754987
1613329200,0.8740617701415925
1613342580,0.04308999227689339
1613358420,0.8768094069472265
1613373840,0.39611938462747
1613391540,0.7324963667939972
1613414940,0.1625361681944581
1613439300,0.4440439633636781
1613454600,0.8245409236344421
1613476920,0.6494946000607236
1613500980,0.799053066302235
1613519100,0.7715436381402283
1613542140,0.5322661325029673
1613558760,0.8160484682973
1613582040,0.4953723866772981
1613599320,0.8449096410480578
1613619360,0.3402817490471795
1613634720,0.27271013074051753
1613653800,0.05065547026440412
1613672520,0.7635422418170711
1613687700,0.037644656876990576
1613698680,0.7122260489868931
1613709900,0.7177088440944024
1613735100,0.6948563736568778
1613753400,0.08178204177757309
1613767560,0.29396672636844956
1613779200,0.7348553161382134
1613793840,0.7799014240150195
1613809860,0.8019809524603078
1613834040,0.8384425972409367
1613855040,0.8941582246206893
1613867100,0.17299571954735732
1613889720,0.26641542935026946
1613907960,0.629971053044035
1613927940,0.8634952884969319
1613942160,0.8567096800733733
1613954640,0.9615233078095312
1613968140,0.657444357826314
1613981220,0.3809743285558534
1613995020,0.6121795981864324
1614014400,0.7537389186523777
1614028080,0.9254208855629208
1614041220,0.49679848631316786
1614057960,0.1332756847254885
1614079380,0.8343722521937597
1614103380,0.9514526711046848
1614116640,0.7256953523374328
1614141840,0.25911038521486923
1614159180,0.040885009251104616
1614180060,0.5693002434150395
1614196620,0.0028839624753185826
1614212040,0.70641319053249
1614233340,0.8951185534412147
1614249300,0.47695357730588894
1614264480,0.007887859253210144
1614279180,0.6934491048261971
1614292020,0.5107647968397314
1614308160,0.6371871070961511
1614319080,0.7738137913974924
1614342300,0.1938261120047483
1614357420,0.8618505999232727
1614373320,0.052293921387422684
1614387960,0.4267631698801884
1614410580,0.4109728277296595
1614423360,0.0812289808882788
1614441780,0.7425821761710365
1614452760,0.9420852918934943
1614474120,0.967732029836785
1614491520,0.9232671008919853
1614504000,0.613211570562515
1614521580,0.3039343578099506
1614538800,0.4643274691288629
1614560160,0.9891058546030816
1614574740,0.05630849433918615
1614587820,0.4974963353107485
1614603240,0.5425116852847602
1614627480,0.9425510624825156
1614641160,0.3057763425541171
1614665400,0.6899709225159978
1614688080,0.8686711187937675
1614704040,0.027325132172587686
1614715440,0.6345083698609051
1614729360,0.5171945064255072
1614752640,0.9174357155640778
1614776100,0.2844243246373855
1614795300,0.7262517257866554
1614817800,0.18975345272682811
1614838920,0.4747464341390409
1614852540,0.3164544784709812
1614869340,0.7161601629139014
1614891360,0.6222757452270253
1614913020,0.2699961374264068
1614932100,0.7405406096661465
1614953280,0.9093248096406084
1614965220,0.5971092501603975
1614986220,0.4408023529874093
1615005900,0.8699540686872622
1615028880,0.8038997408072684
1615047000,0.005309561817353878
1615062960,0.9366574042823866
1615081860,0.5341680449560795
1615092840,0.23841355816780135
1615106820,0.898013475604255
1615121040,0.8078675741166559
1615141680,0.4545144660158857
1615154880,0.3392509109040065
1615168440,0.3124584910689924
1615187040,0.608283024123237
1615202160,0.28217299773019855
1615215960,0.11793958901296017
1615238280,0.025375976092034343
1615258980,0.3046632565804141
1615273080,0.8269947786851849
1615295940,0.8944406435352682
1615318140,0.8153989975320749
1615339560,0.4219873173734962
1615357920,0.7545991148455256
1615372440,0.5318579280609509
1615384560,0.003081256746805481
1615403460,0.9266877241726846
1615426200,0.5688616435769386
1615449420,0.8532095811848236
1615470300,0.6311498064435852
1615491240,0.7747777409337595
1615508340,0.2631909936038594
1615532820,0.5881685619325704
1615543980,0.6428211493109512
1615556040,0.5140121879308397
1615579560,0.23088009368604132
1615604700,0.6705865828093304
1615625400,0.46754715890043624
1615639260,0.8804087426313628
1615657320,0.4123953752793691
1615670460,0.8579402608366489
1615693740,0.9834821768673303
1615716660,0.4986560307287876
1615741800,0.8652276522299839
1615754460,0.14888723220753644
1615767960,0.9016921773672407
1615791180,0.6100935416652935
1615808460,0.874293710237878
1615822320,0.7944358772238637
1615842660,0.5520391806392786
1615867200,0.8474923461091465
1615878240,0.9027804908201432
1615890960,0.8431061957272183
1615909140,0.3025989374311336
1615924680,0.832206619307891
1615948620,0.7868284824928177
1615972680,0.8378243701476118
1615987620,0.5434630323526504
1616005740,0.7795135375384631
1616025480,0.8164288564592539
1616037780,0.9429754818929325
1616059020,0.1428164771088057
1616079240,0.269552625504323
1616102220,0.8817610424610959
1616121960,0.7837671962184014
1616145480,0.7637267661157544
1616168700,0.0316466670274994
1616189640,0.9500774490001128
1616213880,0.8404161395495549
1616236140,0.6508515052576094
1616249220,0.7736114511795134
1616261400,0.10074423782890443
1616272740,0.13345972276481485
1616287200,0.9791457516315641
1616304540,0.630367559692939
1616328900,0.7948108071028073
1616342760,0.7522144476185604
1616362560,0.6807767569578451
1616374860,0.41277538609953296
1616389560,0.915185836874698
1616402880,0.6352946268415713
1616419440,0.5629266625803042
1616438400,0.21249154430771675
1616455980,0.058081878330231526
1616469840,0.11354796203935306
1616486340,0.8052052060148223
1616498280,0.4129688333700398
1616514360,0.8374174748332469
1616533020,0.014235633496109519
1616552640,0.720048934017141
1616569260,0.7489529051236501
1616584980,0.28514355391940815
1616596620,0.31784120954259
1616614980,0.5946712452714837
1616638500,0.6175303982051804
1616654700,0.8568651261024672
1616668200,0.5378065811540611
1616682840,0.8122051873902102
1616694780,0.9589358866775746
1616708700,0.18453906625019278
1616731680,0.0540845721106557
1616755200,0.6735532488887279
1616777040,0.9295890241997439
1616791320,0.22008307294343218
1616815560,0.7973309726959988
1616836680,0.6519808137708419
1616860740,0.6873628224017596
1616882520,0.7128378186621007
1616896320,0.8122963539994852
1616908020,0.8753462465644937
1616930640,0.4868714036995448
1616942880,0.8364205284525131
1616965080,0.6414496761130897
1616988300,0.21073135024201747
1617009840,0.8803329483150524
1617026340,0.31158732380273185
1617039120,0.26461658935079474
1617053640,0.9221649785147844
1617072840,0.2039698085872511
1617097860,0.9808971904768959
1617113400,0.5982123888207967
1617130500,0.9364805128074589
1617147600,0.6471187192401355
1617167880,0.5039507002978653
1617191340,0.1521894894456692
1617208140,0.8760750922908025
1617224760,0.4031688896879685
1617248940,0.8158100876305392
1617265080,0.6985763925713078
1617288600,0.10587638286447112
1617308220,0.9589660619333056
1617332880,0.5635294569783059
1617352320,0.9767918784132837
1617369480,0.6396742103183048
1617393060,0.01857387448416677
1617417900,0.7622310991544816
1617435780,0.7418644467898086
1617448260,0.5451128059168064
1617459540,0.6405607608537467
1617479400,0.26397306410998106
1617502920,0.7470489567793903
1617515880,0.5062514183426606
1617533220,0.3958561383695709
1617552360,0.005573823665738538
1617574080,0.09816623588096567
1617595980,0.2441187520326776
1617608040,0.99056772551328
1617622800,0.24774417612278407
1617637860,0.921589183962032
1617660540,0.5830876518994812
1617680820,0.5804758425705318
1617702240,0.919862804989453
1617716820,0.3289091465466635
1617738900,0.7962057234915247
1617758940,0.7649212696057147
1617778680,0.2936814110818378
1617799020,0.8520893592288177
1617817080,0.07801427214801256
1617833460,0.8815382955704325
1617853140,0.7838353169155237
1617874320,0.7678133894691077
1617892200,0.5631031025911896
1617908940,0.8357316584052112
1617928140,0.8043635749004298
1617944580,0.10759198337546554
1617962280,0.8945759849626175
1617976500,0.8214518714475615
1617990960,0.26316965984914337
1618009980,0.5517253376740774
1618026000,0.8607106209437411
1618049160,0.18908414959425995
1618068300,0.0707980376588046
1618089420,0.5311688995563562
1618103520,0.5486817900829922
1618121160,0.8215131885569009
1618140720,0.7769548578585982
1618152120,0.220351641409336
1618163520,0.2698963146755453
1618188660,0.05632831317683268
1618202580,0.9789173407723643
1618217820,0.5073317707735281
1618232520,0.8620067085332805
1618244040,0.07311273382400794
1618255440,0.8585544601407571
1618269240,0.07118662112537653
1618280460,0.7820469731119003
1618291320,0.6787718062422112
1618309500,0.009810433565553623
1618333800,0.7761841138814033
1618353840,0.8726134965202298
1618368600,0.9411341013266592
1618389300,0.36612551013096484
1618405200,0.8376098657835657
1618430100,0.08022411913908135
1618442580,0.550840907993863
1618459440,0.8377749963782356
1618481820,0.14194058791697636
1618501680,0.7544356361878249
1618520100,0.9052568677037419
1618532820,0.10673932023498953
1618556160,0.8636283785419853
1618570980,0.7666612266219994
1618594020,0.42003881191497416
1618605660,0.7829162433170387
1618616940,0.7127949966972589
1618641360,0.5006649651582804
1618655700,0.6293515655666742
1618678140,0.3236033808357149
1618692120,0.737480070249944
1618713780,0.8283937129872018
1618728600,0.6130368959690297
1618753320,0.5314434578727705
1618777560,0.2600335611937695
1618799760,0.20054102643841532
1618815240,0.7979985956745167
1618838340,0.8681058403101104
1618862760,0.3072870191134014
1618875780,0.6132479211241131
1618897860,0.8035427301461482
1618914420,0.057103833719750384
1618928160,0.08457177259519238
1618944960,0.2408783378047401
1618967400,0.9488835516718908
1618986480,0.7472976476817194
1619003700,0.6056402632876755
1619026320,0.7543495075678288
1619037300,0.22267213811622769
1619058240,0.8542525633282528
1619072220,0.8738497612619571
1619089560,0.1367198682871282
1619110200,0.8012056167764057
1619131500,0.989558918496543
1619147040,0.6071717362511893
1619170740,0.8408598292210242
1619182680,0.14876324539733052
1619193960,0.642338283003632
1619206740,0.72642052214008
1619229060,0.8698557035292194
1619244660,0.5504668242667452
1619257560,0.7651517115663764
1619271000,0.51171054143263
1619282640,0.6967301047919983
1619305800,0.6906394263553008
1619325540,0.6601308743218173
1619349060,0.36455115138072863
1619364960,0.2616960802824972
1619378820,0.5189076577174867
1619396820,0.5639594585393832
1619408580,0.924069584232366
1619430180,0.834881274296006
1619447820,0.6714489848140383
1619467080,0.8805025954153884
1619480760,0.9048551500305851
1619493000,0.7651104527027315
1619513100,0.9402045307565007
1619526660,0.11853632293901299
1619540100,0.8858310056108148
1619558040,0.6097283336530795
1619581560,0.08578324705083865
1619601060,0.2165006478858698
1619615280,0.3009310966513581
1619635800,0.013693252386327024
1619655120,0.9789088311539649
1619667600,0.7144244259368693
1619686980,0.7341938326438117
1619703060,0.11747095422078174
1619715900,0.6955194664347675
1619732400,0.5742154712967642
1619748180,0.856287675247879
1619771400,0.7484161385412206
1619791260,0.08901055943535671
1619808720,0.7626597938880949
1619827260,0.9548040266508097
1619840760,0.14957952548111397
1619851800,0.9903380954684753
1619876820,0.23705862638937103
1619892120,0.921588589722694
1619916660,0.9187228763584186
1619937720,0.28629162662963914
1619961480,0.06779054857837107
1619977380,0.23245015033598945
1619988180,0.17493305999101108
1619999760,0.3898702765672365
1620022260,0.615180189023808
1620044340,0.6180949933668264
1620064080,0.6241142400072492
1620076260,0.25165336144353284
1620088920,0.6594553637518271
1620102840,0.9064518554299853
1620126960,0.8269747082569443
1620140400,0.8597289144455322
1620162540,0.38375452824302275
1620174120,0.5647185489528664
1620193740,0.8459234271271936
1620207420,0.3150731993919771
1620225300,0.9030130505725275
1620245340,0.7455662632175635
1620267300,0.5477407277204598
1620282240,0.03568748213937087
1620302160,0.01759462577481734
1620323520,0.12000180568378949
1620348480,0.055561774482601134
1620372480,0.7520985088974728
1620386460,0.4511429247368313
1620401940,0.9870719361352113
1620417060,0.8256868593093998
1620435780,0.48450527991352377
1620460020,0.794938355389561
1620474720,0.09762709207002697
1620497580,0.380470200974569
1620518520,0.20906790979775872
1620541320,0.41646608855334094
1620557760,0.3260567644645911
1620582240,0.4485638677441956
1620593640,0.5663215202709553
1620610320,0.8345514534021355
1620628620,0.21206148181892248
1620643080,0.002316759784356996
1620655740,0.23238927367990034
1620672480,0.8117272544378161
1620694680,0.7601400284675307
1620715500,0.8382409330612429
1620737340,0.6346083770298732
1620756840,0.007256689238163875
1620778800,0.9500072121913518
1620795420,0.817572656917161
1620809160,0.0014606366624388674
1620823680,0.631243946757714
1620841680,0.2569166946205032
1620860220,0.0038671112866893254
1620873780,0.8893849851840964
1620888420,0.6328841259359631
1620910020,0.05190457790252357
1620929580,0.5426974528290605
1620940380,0.09862331449584515
1620952500,0.0393280707792919
1620975660,0.9270557775064165
1621000440,0.40881728626465763
1621018740,0.8730400827497266
1621042140,0.791810940838112
1621057920,0.8255026975111585
1621079400,0.9147664410761364
1621097160,0.6190923741420413
1621117260,0.9893257742861324
1621135020,0.8055974017916282
1621155480,0.9858827502491339
1621174920,0.5355316263565815
1621189380,0.8884149326205795
1621207920,0.6013047502327132
1621230960,0.46555773653752097
1621247340,0.6559602932808513
1621258860,0.3556577333717092
1621278000,0.7377616736159338
1621301640,0.20586992317782282
1621314420,0.3988611481016924
1621335360,0.8758710920735172
1621347240,0.7502240342332154
1621359840,0.8323890931997946
1621375200,0.8576078084931684
1621392120,0.5407578123007735
1621411800,0.35030681842391975
1621432020,0.7745171939881412
1621449060,0.9250522537056967
1621473960,0.0059476184270835595
1621485360,0.42190872422214126
1621507140,0.7938359404304757
1621521780,0.8595376910385237
1621544400,0.6275766680537452
1621556100,0.8032429652408841
1621574640,0.3455521778033126
1621591620,0.12889422338762554
1621611780,0.39711029156276545
1621630080,0.6665880803145767
1621641300,0.8332482873219017
1621653900,0.020935784590474127
1621666140,0.7385263011937079
1621682760,0.7468588421435611
1621693740,0.8045500588595658
1621705920,0.5979580722659594
1621723380,0.7981186813962429
1621734720,0.6459195271871093
1621756680,0.2074595188557085
1621769940,0.8052520413960256
1621782300,0.6917232240809708
1621806120,0.5866365423307576
1621831320,0.15099258625657672
1621852620,0.8982508030114
1621867980,0.7646246707387943
1621888260,0.7681605774766816
1621902540,0.9020619186475418
1621915860,0.8642597804957711
1621939080,0.7854147494454166
1621958940,0.7116876271491738
1621978980,0.7447480348786082
1621995960,0.20232948062769862
1622011740,0.773126087327268
1622035080,0.9030185119358757
1622049900,0.8950657508738012
1622069160,0.9483529908718188
1622093700,0.7887519930158295
1622114880,0.15313907359994927
1622128260,0.8854686168563921
1622149680,0.8957001176213674
1622161140,0.8914594422025488
1622177340,0.8573303841491093
1622194440,0.46668149104777257
1622207460,0.3843761117390776
1622228940,0.9616747953146032
1622244060,0.9665180440793226
1622265420,0.429020743104572
1622277120,0.9561769376063182
1622289300,0.2261095318782116
1622312040,0.9211380423009682
1622329500,0.33350101447169506
1622349000,0.958663841688002
1622368380,0.6139165072338241
1622384520,0.8314419457006922
1622406420,0.9564129540757521
1622428020,0.5852361365388299
1622449500,0.11011593844190598
1622466240,0.24078743427040183
1622483820,0.07112324612120759
1622496960,0.8029645971356849
1622519280,0.6408806052419402
1622537700,0.8560006319238919
1622557200,0.8106455773778609
1622569800,0.8428585530974836
1622589960,0.4559483536707655
1622602920,0.6455781920064088
1622613780,0.8009260077329421
1622626440,0.9475446842387159
1622640540,0.5901671865836511
1622661840,0.055174365323574275
1622676960,0.5612311770644128
1622688000,0.5684285094280234
1622702880,0.40838078431470776
1622717100,0.8179678326969708
1622735460,0.7383361411563335
1622759220,0.796273700938521
1622771040,0.9182000151771834
1622789520,0.8634074633663804
1622804820,0.8034347460783954
1622816940,0.644102715013071
1622835300,0.7123984517145396
1622851800,0.6857127076115904
1622867880,0.7708998682334609
1622881920,0.37187534046233206
1622906580,0.8016006662147344
1622921280,0.6180641810486075
1622935980,0.873498042458186
1622954580,0.8961049059527135
1622968560,0.7944389538285221
1622992860,0.2588299265880711
1623003660,0.7813878620503614
1623016320,0.2847894841168974
1623027180,0.6117077165640237
1623047700,0.15837394987741954
1623066000,0.37173019640431954
1623078840,0.9007677214563607
1623101280,0.5140202042351303
1623114300,0.7218078275665459
1623133020,0.6029536107354996
1623157800,0.6236172572021559
1623180960,0.05093886819543591
1623195120,0.706370731485159
1623210120,0.6965758708964322
1623230460,0.7808103163876975
1623246480,0.7158500096896679
1623271260,0.5447397030121012
1623283740,0.580186300243165
1623303420,0.7871264060454533
1623325200,0.812445661875115
1623341640,0.011779111696457546
1623365460,0.4081116818335116
1623380880,0.08209637568845923
1623396420,0.005844206801656738
1623418680,0.27258237387460865
1623437880,0.4860592389879046
1623459000,0.6723677903279905
1623478260,0.519122638672986
1623499140,0.4824342656751591
1623523020,0.82334419495113
1623543900,0.8919388352442006
1623564420,0.0537763068313383
1623589380,0.8503434962775104
1623607740,0.002768989860868257
1623630720,0.7645173565399582
1623645360,0.9169972031931819
1623657780,0.001819366187409257
1623676740,0.585746419834172
1623688320,0.012630775881344048
1623702060,0.8463235323671496
1623720420,0.0047274491175785735
1623744300,0.7401770212095999
1623769140,0.8561786426157079
1623790380,0.877422604251626
1623807840,0.35766899167652455
1623831360,0.8892495826854037
1623856080,0.8382903478635806
1623875940,0.3645061280833679
1623893220,0.43503146776697915
1623916680,0.9188540585326714
1623935460,0.02004826843047143
1623955320,0.4719901194794865
1623977460,0.8605738315542715
1624001880,0.5045344254895612
1624026960,0.8600205953767848
1624040100,0.9195799675820531
1624058580,0.5938131235948756
1624078380,0.5712924601894191
1624095720,0.8183599336677202
1624118580,0.4873561240278583
1624131300,0.6414254025093201
1624148280,0.6318552567592267
1624168560,0.7731215100679703
1624193340,0.7495668971561557
1624212660,0.24647334785660235
1624231020,0.8431118176264271
1624250880,0.664957074257791
1624271580,0.660507894223129
1624283220,0.5443570433938153
1624299300,0.6206358423534574
1624320000,0.8939145738010259
1624336740,0.16115019985954862
1624357080,0.8332247343579251
1624381620,0.47771117069433766
1624404180,0.416166430190657
1624428180,0.08770576730815617
1624448340,0.9445437905165672
1624469220,0.9054368823153611
1624488720,0.8024230873254652
1624501560,0.5061198984344376
1624523760,0.8127070805594057
1624547700,0.6420549578961793
1624561620,0.44190169886868047
1624581180,0.5403931993386923
1624592220,0.14517944217030573
1624603860,0.7257400378449452
1624625160,0.7798489829831416
1624638180,0.022354805208936304
1624654980,0.8667535237606463
1624675200,0.11014573493033847
1624692180,0.7273877853581157
1624706580,0.6781995177877043
1624719720,0.8245503495608217
1624733520,0.7459756108803166
1624747860,0.6312552193068796
1624767240,0.5792934852804681
1624791900,0.8742445729225015
1624809000,0.8605737613490333
1624829520,0.6900087517216531
1624848840,0.7188288961503162
1624868160,0.6131877037715018
1624890180,0.14831488711269813
1624905660,0.6786857274085721
1624924860,0.8115182618053878
1624940820,0.48539515162000774
1624955640,0.17688765439930088
1624966740,0.5964780416228594
1624981920,0.07626622626719216
1625004960,0.37448241515369823
1625026980,0.8062076602618377
1625037780,0.9306036763618935
1625050620,0.012656425361806738
1625072880,0.9074617618392267
1625092080,0.45286405734583196
1625103840,0.4609893870887459
1625128680,0.8140765724141036
1625141640,0.7913716433887061
1625153160,0.7559466015069922
1625167800,0.8369731492316617
1625186880,0.8332134250182205
1625202060,0.9397623545494201
1625225520,0.9470028279572882
1625238240,0.6424394370191813
1625256120,0.3906011645775781
1625273100,0.588622686455641
1625297760,0.5332675731346355
1625309460,0.6864045917134447
1625334060,0.6489564972835908
1625345820,0.0047740676741683695
1625364960,0.6735290393088228
1625377140,0.3374982369353938
1625388360,0.01805982908563473
1625403720,0.19751442476832307
1625421600,0.0714263030883168
1625433480,0.43723246554882517
1625447580,0.9354207777521553
1625468160,0.21404817993576342
1625480280,0.14109612711042466
1625499420,0.44956435818889356
1625524140,0.7696903124212717
1625547840,0.8789096507855978
1625559600,0.33040369988760887
1625570940,0.8740400798955799
1625590500,0.20146661491303539
1625611020,0.9774683499417091
1625632860,0.8885841030310515
1625645700,0.10666543361995509
1625664360,0.4237716405689791
1625689320,0.9270126744853378
1625702580,0.7087263116505673
1625723580,0.795058073992815
1625737980,0.22405814790344777
1625762580,0.3672694024096572
1625776200,0.6923617399877396
1625800560,0.9400103402450094
1625824020,0.3469230667088097
1625847540,0.9876811236756212
1625867580,0.3891620803835661
1625878560,0.6567822644312349
1625890620,0.9565083010240611
1625902020,0.942247857336652
1625926860,0.7600342153829998
1625937960,0.7332493401811527
1625956440,0.8030587802963958
1625975220,0.9960100713759882
1625997540,0.12511365449164338
1626022680,0.061750517637241896
1626041520,0.6412514693020175
1626054540,0.7372969917779524
1626070200,0.11448998559000277
1626091560,0.2149655912181644
1626109800,0.027542664215244705
1626121620,0.5338709721825164
1626140940,0.16183609183610997
1626154920,0.8757420112458024
1626180120,0.7683146064515608
1626191340,0.7195071226061276
1626206460,0.657286639795472
1626220260,0.658514135029801
1626236460,0.3735707605599673
1626259560,0.6221291129354031
1626280920,0.8331988544186367
1626292680,0.22097406840598385
1626309240,0.7356424868664182
1626321780,0.14377420941255165
1626337440,0.6936123845844547
1626350400,0.24878061458199952
1626369600,0.012123108412380946
1626381540,0.3297187215384906
1626395340,0.4233302146947398
1626411360,0.4532059003802402
1626427440,0.3650651683532935
1626448020,0.22864313593030272
1626466980,0.49022271475805385
1626479220,0.870436247869386
1626501600,0.06511688163758227
1626515520,0.8324539638550916
1626532800,0.8772851918440994
1626553200,0.3226058995347213
1626568380,0.09611687942281566
1626589020,0.7070637385904166
1626607560,0.23914430477818985
1626622740,0.43080888763853964
1626644160,0.40056741532079987
1626659640,0.3238754800088125
1626672780,0.7892845666663367
1626691740,0.1132934456187736
1626705120,0.6341998043158655
1626723960,0.6600188481164613
1626738180,0.29808640294470534
1626759300,0.48970727035590583
1626781080,0.8198137815343413
1626804240,0.19443734427485238
1626824400,0.9170126705932871
1626841800,0.3431349007545256
1626862920,0.8288606053986354
1626878940,0.04136739991909052
1626893820,0.7652271027270576
1626912240,0.3566139243645096
1626925800,0.06670323978325374
1626940860,0.5059710955494966
1626955200,0.06152872811540409
1626976680,0.2964303578458679
1626988440,0.9195977103922386
1627009140,0.5497822316555091
1627032300,0.08967034592853165
1627045980,0.68010907752395
1627056900,0.9230946918899242
1627080120,0.8034253540370913
1627092600,0.03180745692190189
1627116240,0.6537042210367049
1627134660,0.6647220209675744
1627147500,0.7270501120690483
1627163640,0.42510586371105297
1627176480,0.06371135789504913
1627196340,0.3699397706472921
1627220460,0.47025719933425675
1627232940,0.5065182988622625
1627251960,0.7905679640017425
1627274100,0.4502307525745812
1627296480,0.7681046010794416
1627315440,0.11813606097525343
1627340580,0.33452165012485807
1627351740,0.011815808654689708
1627374420,0.5595666270548953
1627386120,0.6691672842232363
1627399320,0.4741264799871385
1627419120,0.7130732880494208
1627432560,0.326268336507182
1627454220,0.7840715473720368
1627469520,0.20232996776391654
1627489980,0.7957535058464448
1627508760,0.2036294204111049
1627532880,0.5839736021579988
1627554780,0.01930691978717133
1627576680,0.6160417107702857
1627593180,0.9112206002404449
1627608720,0.3123240566231392
1627633920,0.29397827933417725
1627654080,0.30668889514571096
1627668960,0.37045096577361925
1627689120,0.6293207066915739
1627707480,0.5653369762000777
1627729920,0.26079092470525833
1627748460,0.8210955036000687
1627767120,0.77661550306096
1627780860,0.6719923304232485
1627798560,0.6798892566897787
1627814640,0.6713499044885146
1627835520,0.5610395751225924
1627858140,0.8300465873210968
1627876740,0.5654886353067372
1627897860,0.690173661782525
1627915500,0.6442310626048195
1627930440,0.47129799852119036
1627944120,0.6420722994967754
1627965840,0.16285390264286456
1627979220,0.8281651443975759
1627996740,0.8848764662526606
1628015820,0.6495647557644685
1628030400,0.8553785002524329
1628047500,0.7378988687350228
1628070060,0.9011398165923403
1628088720,0.6039930966049857
1628101260,0.7661073415171762
1628123340,0.8137981950674608
1628148180,0.6671629409652244
1628161500,0.24073668291729022
1628182080,0.9427468261148635
1628196960,0.10406040319201826
1628221800,0.4799857969986
1628244660,0.8512403340808113
1628265720,0.9078819314595734
1628281200,0.49325033163982995
1628300580,0.5691961757242877
1628316780,0.5654883382489234
1628331600,0.030072432932022865
1628356200,0.6729618781091811
1628379660,0.3472548729760292
1628390640,0.5270649137141553
1628407740,0.7760518152869573
1628424180,0.5430099252058599
1628438820,0.5113196666532807
1628452260,0.3074841415787437
1628473380,0.9071761287461874
1628489940,0.9473461330530415
1628515080,0.5431242210435234
1628535480,0.7963438112378716
1628560140,0.33762513787010545
1628582040,0.013202764301351094
1628600640,0.00246048670060903
1628623800,0.6619272258031736
1628643300,0.8545449084287282
1628663340,0.9069291086789898
1628681820,0.7527902902256625
1628703780,0.8165676769800208
1628725980,0.09766913762079485
1628748900,0.9339974426941189
1628768520,0.2068372245825418
1628792580,0.7893336534268367
1628814600,0.8818428344918028
1628834640,0.7551416565345832
1628855220,0.9792887019336269
1628867040,0.07129855289696008
1628886660,0.7121667656889353
1628908380,0.35641228642017453
1628924880,0.9396318314596135
1628942040,0.7183060665329171
1628961240,0.8827883156312197
1628979900,0.2925929769861222
1628992440,0.912889259061367
1629014820,0.90036387156329
1629030780,0.4957282527814362
1629055620,0.6489308008982042
1629078900,0.5314073546792702
1629099960,0.8243536334663085
1629123960,0.11421121284553878
1629144300,0.7242956003072119
1629161220,0.8402476583189805
1629175380,0.8578009902760425
1629186420,0.9025206034894281
1629199440,0.25711862700063354
1629221220,0.583900467779528
1629235800,0.8087617549752412
1629248100,0.49566887911631813
1629266940,0.8508021296886366
1629286260,0.866107903600384
1629299940,0.8932012005692326
1629314640,0.00957724494245388
1629331740,0.014659577621610758
1629348120,0.7892201770104683
1629360720,0.8956300071456121
1629384300,0.6083633287937513
1629402240,0.18310465808573395
1629418020,0.8697298123770821
1629434580,0.05907298696668276
1629459180,0.8629994313983569
1629481080,0.89270674081084
1629501480,0.8952546046139433
1629520020,0.0764977768703341
1629544680,0.0014238316152527406
1629564360,0.9143298651645575
1629584820,0.8200014902932927
1629601680,0.47797111925919356
1629621840,0.8844614539644645
1629645480,0.7780071095588126
1629664740,0.10656342813869882
1629686100,0.7545024197481496
1629710940,0.32306070392302133
1629722280,0.19765033053167944
1629733200,0.8241752740407875
1629752100,0.6293242355372374
1629764580,0.7049931966214134
1629785160,0.8546827496206894
1629799260,0.9128965738386533
1629821760,0.20318930792984014
1629846240,0.086724150933721
1629869760,0.0144884194930602
1629890400,0.36528751656745134
1629903840,0.6755037067776859
1629919020,0.910492245360548
1629937020,0.6262717168254827
1629959640,0.9098732867142717
1629973920,0.7111884766699954
1629998940,0.8607489368787891
1630012980,0.3898539178750374
1630034520,0.7776202797380907
1630048080,0.7482340749627394
1630063680,0.17915034000827817
1630086840,0.9318579331433663
1630106160,0.06370787401705842
1630119060,0.0967347984148267
1630140840,0.012374535802264783
1630160820,0.8403599619232172
1630172580,0.8422212306160024
1630196520,0.7041303940991241
1630209660,0.7597522397110137
1630223820,0.9143288351711465
1630249020,0.023339046047962844
1630266360,0.7910691406666432
1630277400,0.5452792183614069
1630291200,0.07275188744187365
1630303740,0.26475063100174945
1630321440,0.30114033425639075
1630338840,0.5759211606940502
1630351680,0.7972862407194965
1630371960,0.40248038550139625
1630392600,0.592740423216334
1630406520,0.4856720074166044
1630423140,0.869928911804077
1630448040,0.029350868388012347
1630461360,0.22184919978174847
1630480920,0.7026791552263713
1630505520,0.8553578311942256
1630516800,0.8739940411208994
1630535100,0.7912327111477648
1630559640,0.7280605048774924
1630579440,0.8922472399727854
1630600560,0.7445431280901159
1630618080,0.9072444771699821
1630638720,0.7631864320015745
1630661700,0.7272448991756792
1630681380,0.5984992847414587
1630702380,0.2906153579232609
1630722600,0.4667015423508791
1630735200,0.07270680395697977
1630749960,0.7372930374737908
1630770900,0.01735747046627929
1630792860,0.4104370215081426
1630818000,0.8955393868093205
1630840260,0.7837880879544725
1630853580,0.275182207097486
1630873620,0.6436967628416903
1630889280,0.7269545287481025
1630905420,0.7325268748411281
1630922340,0.7715190957067461
1630938600,0.9788104726324046
1630952700,0.24721603057369881
1630967700,0.8101128342469778
1630979100,0.31402673052948915
1630994880,0.6180354721794357
1631014080,0.059567207660042275
1631030220,0.44183417680782916
1631054400,0.8037736528609685
1631065980,0.7311960138689566
1631085120,0.7425435664857862
1631110140,0.8124652820763092
1631129640,0.8860505559022922
1631149320,0.21010024756456833
1631173020,0.2356892035143406
1631184300,0.5921544579201901
1631206800,0.8046242886813056
1631226900,0.12476020420522166
1631248380,0.8827380140713406
1631259540,0.3573643675838424
1631273580,0.839126643262613
1631289780,0.7349355516107496
1631304600,0.217515741266805
1631315760,0.581293564260928
1631339700,0.810267805161186
1631356080,0.5864712323248922
1631372820,0.8433065221980727
1631392080,0.0032251005387132488
1631405760,0.7180887442229091
1631421840,0.36284965423125454
1631433720,0.4736825066872812
1631454060,0.5828492095988138
1631466960,0.7176321791137339
1631483640,0.09345034421002021
1631497800,0.8123100861453331
1631521560,0.556310432535736
1631545380,0.7022141668177859
1631561400,0.0578405338253529
1631575740,0.9359695105637893
1631599860,0.876515446737792
1631616000,0.7337115326397119
1631641080,0.2886539962260064
1631656260,0.7067267904828328
1631677620,0.41052834717277986
1631693280,0.50013805569837
1631713440,0.6108950678179867
1631735940,0.7267438077667683
1631757120,0.6663636588834483
1631767980,0.7796100980963508
1631781120,0.4084196074966176
1631803440,0.7651734575028613
1631826180,0.46348118709986563
1631849160,0.9458694368130419
1631869500,0.7018604934203534
1631881560,0.2825795213520091
1631893980,0.03991667785344833
1631905680,0.2574930087010743
1631922900,0.18457675478421648
1631940780,0.9334512822424611
1631956080,0.880460386949063
1631976480,0.7527086795429262
1631994660,0.7309418133172769
1632011220,0.7634860345923847
1632025500,0.5376742286897725
1632049560,0.8135622819658812
1632063240,0.9029096963469954
1632075660,0.8628229916565168
1632086580,0.5294568065767368
1632103680,0.050884387313232526
1632124500,0.6796878789471118
1632141120,0.22842805163447824
1632156420,0.8479457142924967
1632177060,0.6946106208449226
1632192540,0.12898409273237085
1632215220,0.0028183099244554356
1632235740,0.9645726952427837
1632254580,0.7335524283512498
1632276420,0.3505186315307013
1632291660,0.31956299844692454
1632308760,0.5661130536546375
1632327600,0.9769119668313979
1632348720,0.003935897805347432
1632361860,0.576033756183101
1632385260,0.8425517978688404
1632399600,0.7232308983160376
1632410460,0.24393863073846828
1632433320,0.3662129379057845
1632451740,0.9024187209424921
1632468840,0.39462226760710684
1632487380,0.6664835720061753
1632500460,0.4870883138043342
1632513840,0.26292834751223465
1632536700,0.005312585442101408
1632551100,0.15651087333543867
1632563100,0.8939403277625735
1632580140,0.19505624118504825
1632604320,0.5228840305008643
1632620100,0.6216595370843789
1632636900,0.8249817952901641
1632659340,0.8678335823613995
1632681180,0.8032994717609978
1632697860,0.7804626484720206
1632721320,0.7312560788696234
1632740340,0.20078201321368974
1632753180,0.32640350515861305
1632768420,0.8201034533425725
1632790320,0.25461527129355677
1632814080,0.5394330115172619
1632829800,0.8875473988869387
1632846180,0.4248535476754644
1632870420,0.17526571202068608
1632882900,0.635908080301888
1632904380,0.5704542666442638
1632929520,0.7098768767136273
1632952440,0.04833573912446907
1632964740,0.17113923914478574
1632980400,0.7727505653937075
1632992340,0.5351795169525819
1633009740,0.7616187016041105
1633034040,0.6573388678131592
1633051200,0.32221330258705383
1633074720,0.7660805254463626
1633088220,0.4363926583050434
1633101720,0.032804221126394126
1633124640,0.872224406173744
1633149600,0.6650165389851087
1633171980,0.8418958218139788
1633191120,0.4837886046412103
1633214100,0.7309936694572787
1633225560,0.8237898485415519
1633239060,0.8843154636446384
1633254960,0.4924830004681139
1633271400,0.6109615233297219
1633286940,0.6396114716261566
1633308120,0.8666703754473858
1633333320,0.4884539158430174
1633345620,0.635794263076317
1633364820,0.40175644900072977
1633387260,0.2570146098789907
1633400820,0.891389633451605
1633416780,0.8550828544509169
1633441500,0.7406097175863058
1633452300,0.5487401220091501
1633467060,0.7800107235102889
1633483140,0.780303479157274
1633504440,0.5538583665452241
1633529220,0.12822953481819976
1633554300,0.7014475378553091
1633570620,0.9012504777947726
1633582320,0.8973508059261308
1633597980,0.6465770640881556
1633610580,0.8072177950021566
1633623060,0.9131628148498595
1633638600,0.8877585614039186
1633655220,0.30198361474680435
1633671120,0.8542327729658834
1633683360,0.8391385987720291
1633707960,0.841903622531987
1633718880,0.30572214815786203
1633742760,0.6257194110920712
1633763400,0.8848320417719038
1633786380,0.8324921416763802
1633804500,0.9042237009327767
1633821360,0.19599297467952015
1633843440,0.30082931342030583
1633868640,0.7335455605641229
1633889940,0.004741300742347783
1633908420,0.03210326989674352
1633924500,0.9195484507436147
1633942680,0.00418778120264703
1633965540,0.6872669875105057
1633983720,0.7312116462171667
1634006340,0.8630247005233139
1634030760,0.838681557394034
1634052060,0.9085735589773292
1634070720,0.8819113316554723
1634081520,0.8917946915259023
1634098560,0.4995448988031365
1634109960,0.8868733817691385
1634125260,0.9536458998466292
1634138880,0.8153660097395917
1634157360,0.33900878179999144
1634172180,0.9069336976522243
1634192100,0.7949454329943607
1634212020,0.89326779558517
1634229540,0.03912104253925914
1634240580,0.817360206332737
1634265180,0.3608687669617051
1634282760,0.7904619439859757
1634293980,0.2911416553660132
1634311620,0.9651034683989528
1634329200,0.874408906547289
1634353980,0.8484187601234858
1634366100,0.8781856986747326
1634387160,0.8405483249132711
1634403540,0.3273870736799011
1634419320,0.7282841499267841
1634443140,0.5976184275166411
1634454720,0.2614254586428617
1634470500,0.8984046138892763
1634486400,0.003252104973503991
1634501580,0.5646871922523748
1634522040,0.1208322401204794
1634539440,0.903378739638252
1634553720,0.009179535317939243
1634571780,0.5206667062445369
1634583240,0.9214473429100095
1634596200,0.7038287713187745
1634607360,0.9643472759386567
1634629320,0.5950395812207093
1634649420,0.560658365923734
1634673360,0.7911897484909594
1634692920,0.8018063851602322
1634715480,0.8349292277892365
1634738880,0.4355346063299326
1634757720,0.7595853716095022
1634779980,0.8356349257346588
1634803860,0.7602495593930076
1634817660,0.28113591176799935
1634830260,0.7113905061752512
1634842140,0.27039270053131736
1634852940,0.17667911043553539
1634875140,0.5517021852599687
1634893080,0.9192987660043858
1634907540,0.8909257191034335
1634920980,0.9237195396925113
1634944080,0.4467214775346704
1634967480,0.7617510178562428
1634986740,0.8275366054314948
1634999220,0.17056558921005277
1635022620,0.12552615447345075
1635047220,0.814283617449071
1635060660,0.759907712468193
1635077520,0.2595283975963163
1635093780,0.886177864245432
1635109740,0.8829062676852115
1635134160,0.9384385316454643
1635148500,0.7828834194344177
1635161040,0.8402210717942511
1635180060,0.9279119589536111
1635198600,0.765841121289665
1635220020,0.19493657312466978
1635237300,0.7703143834626397
1635252840,0.4176160224488287
1635277980,0.4874386977441728
1635290700,0.8967302533485212
1635304380,0.9620720942524041
1635324420,0.5926872228655816
1635345180,0.2570398637905507
1635369420,0.5036354707752666
1635382680,0.9207127761324955
1635405540,0.7374229297782678
1635423240,0.8951713128572509
1635439500,0.9249739794235368
1635458220,0.33175269157957665
1635471780,0.36524193510619785
1635496320,0.7520972906911609
1635518460,0.9308639027567223
1635538740,0.8868936547716525
1635556260,0.44403335781472997
1635574260,0.89696302963601
1635596160,0.5622979341640268
1635611940,0.21245091840493818
1635636180,0.6470644837928925
1635647760,0.26047203792118045
1635660360,0.8819602977332622
1635674760,0.40430074976009145
1635699780,0.9007061687868636
1635715320,0.5679308595462538
1635726540,0.04367235668185065
1635744300,0.6367882929140185
1635765900,0.7442640876258992
1635777180,0.9281379525507922
1635793800,0.7352330242668637
1635808560,0.9430192575745537
1635822120,0.37018524426586363
1635834480,0.9189260220225944
1635859260,0.43257356107638567
1635872640,0.04017619810146694
1635891900,0.004272531477219046
1635906900,0.11018362760104924
1635930180,0.6737546657671097
1635949500,0.9157241558228814
1635969540,0.4191975424831987
1635981780,0.2589298097240037
1635993480,0.7478278615207927
1636011840,0.5288895129968716
1636029780,0.24392711608966108
1636049580,0.24064050269170079
1636064220,0.4853773609446186
1636083720,0.588468125393502
1636094820,0.0032485053696237167
1636111200,0.903035378351748
1636131000,0.2304734965086723
1636146780,0.38464122190410965
1636169940,0.10187758688824959
1636189560,0.9371463262921607
1636213500,0.7175114253806253
1636229280,0.007758584601943423
1636249560,0.16669639593408714
1636260900,0.2533705121838582
1636280040,0.34087121745639143
1636304520,0.8648028949121178
1636315620,0.9447391731368999
1636329720,0.2357856529700339
1636346520,0.9941984547163658
1636359420,0.4829119100717091
1636373340,0.585438869605718
1636386840,0.4077609029183295
1636400940,0.8411491878725235
1636424400,0.019412131249069837
1636442460,0.6054598801185127
1636463100,0.695076187544838
1636483560,0.5918861233089706
1636504680,0.25326356527286387
1636522800,0.8661597080593844
1636547640,0.529770112992204
1636564560,0.7572548308025573
1636578000,0.5303285741759739
1636600740,0.8794913184804997
1636621080,0.8718175188018347
1636642980,0.6865556311141779
1636665420,0.21802828997138363
1636684140,0.501792585665602
1636698960,0.009278461801046183
1636709760,0.8618344535882468
1636733160,0.4896261606125964
1636750680,0.7189630369529061
1636772460,0.37945663191248497
1636787100,0.6644629844930163
1636798860,0.7763990027904166
1636810860,0.5412760759410935
1636829580,0.2204833263786476
1636846740,0.49467315949134555
1636863480,0.5854974383519703
1636876080,0.04847516998708861
1636888620,0.5962757251007904
1636903920,0.955698634128989
1636915140,0.36339924879643803
1636939200,0.6041552933061118
1636953660,0.4210088704445234
1636966740,0.9480515969600515
1636985880,0.6316481833241465
1637003220,0.27946190595110804
1637019480,0.01314370618279069
1637040180,0.49603193409103397
1637051400,0.7253515347240017
1637072640,0.8921847218126008
1637084880,0.07382458445497998
1637101560,0.8455336188304707
1637121060,0.7779205307801298
1637145240,0.9791273810248955
1637169360,0.9074787733165633
1637182560,0.7299383551140877
1637193780,0.9164268313997166
1637214120,0.24352431617216588
1637227860,0.8750943870938757
1637242920,0.42805484345527683
1637266200,0.9552809562288869
1637282580,0.278387260379521
1637303220,0.8417469187594695
1637319000,0.592083578704256
1637340300,0.6611939145556357
1637354100,0.015299312023662158
1637373120,0.4139857494252858
1637388240,0.9042889531255791
1637402760,0.6375125154562881
1637425800,0.30823790894693925
1637444160,0.6084538599595155
1637463540,0.32179792602574564
1637475000,0.04909338240801172
1637492580,0.6089765918362395
1637516520,0.29810225460416995
1637527380,0.9516497647985867
1637543400,0.07131357793279239
1637554800,0.7167350838826336
1637576460,0.5353072513017842
1637595480,0.7135466101010397
1637611860,0.8851572878835243
1637623920,0.8382206630565048
1637648160,0.5624119487979147
1637664000,0.8346501042051202
1637678160,0.13989943389390985
1637700600,0.782906339686082
1637717100,0.15700458928290112
1637734320,0.4829979240764409
1637751480,0.796708297791801
1637772660,0.07176789905956592
1637796240,0.05807460678108459
1637811000,0.7855397576743333
1637828280,0.10517101278206588
1637842800,0.7460149307012669
1637854740,0.9863599629436561
1637878560,0.24627927334503544
1637898840,0.70599650535632
1637912820,0.19503090676803994
1637936640,0.5364529355354484
1637953680,0.05801234693086686
1637976780,0.05736252091616814
1637992140,0.06156501109395732
1638006600,0.8167471290849719
1638017400,0.5305988518514226
1638032280,0.63850446069718
1638054120,0.7850267969603799
1638075540,0.650271368094778
1638091860,0.900526349366829
1638114900,0.840818466263069
1638125700,0.875084444751138
1638140100,0.5465840694337378
1638161400,0.9421215809443855
1638174960,0.6908268128347022
1638195840,0.8216410831422255
1638210720,0.7396515349116639
1638224400,0.01447495258148407
1638237060,0.7077037627873057
1638249000,0.8914182415680625
1638260760,0.2562338838609853
1638282120,0.3629901474892007
1638305040,0.8705133276778537
1638322140,0.6099363712904642
1638338400,0.8299931670202616
1638360420,0.08216036394157909
1638385320,0.48696325045292027
1638400380,0.5733502603619391
1638424380,0.9106985494776483
1638449100,0.41699080385486487
1638462960,0.0036134371369651555
1638477120,0.6480681603353174
1638499380,0.847309146269406
1638517740,0.6400504521928638
1638528840,0.8481393034440505
1638541680,0.28245702845747134
1638556920,0.02703577312929286
1638576420,0.9019779393931967
1638587280,0.27019831204078226
1638608340,0.8965589502020124
1638620520,0.03013215631798315
1638634200,0.8659573946205041
1638649920,0.07089288238574454
1638668340,0.5421729081272515
1638689940,0.11944884162256661
1638705360,0.02386473244867422
1638724500,0.8522167477399646
1638738780,0.8897805915461865
1638760380,0.435302249849792
1638782700,0.6257743727203371
1638804120,0.020458871508285705
1638818580,0.4796785323766241
1638842820,0.7476087525142703
1638863220,0.682392463938294
1638883140,0.4963222853419941
1638903000,0.09211914799146226
1638922980,0.682691385308511
1638947820,0.7425815129944171
1638966060,0.20176803938149956
1638979680,0.6807834151828704
1638995040,0.5911927443554843
1639007580,0.9207403056674317
1639029840,0.20355214840309166
1639051980,0.07138907103266258
1639065540,0.7219478302863307
1639081860,0.8520377814018449
1639099260,0.9162210362347256
1639122120,0.3935775738713544
1639146420,0.6562090759601563
1639161780,0.4174371923982218
1639184760,0.5231421801698048
1639196940,0.08658890130829597
1639209420,0.7292645009623173
1639234200,0.7410201495944586
1639253760,0.7564747823446752
1639276200,0.6684959917841563
1639287420,0.1988102702260659
1639306860,0.28377449386582554
1639320480,0.6518565365603384
1639334280,0.011019544219662624
1639346040,0.5299541088524196
1639361220,0.31034266950229444
1639375620,0.9467216752813378
1639387860,0.0532171962779514
1639402740,0.7790235108509831
1639427220,0.060292502568346736
1639450020,0.8763378846145785
1639475220,0.7928202253930352
1639496640,0.393432811155523
1639511460,0.17469721308871433
1639525680,0.09644423230948379
1639540020,0.7046692948252575
1639561260,0.04844784188850289
1639576500,0.8373462795787995
1639593000,0.8553164817995527
1639605180,0.8237087912030154
1639623360,0.8900590215067625
1639647060,0.7286201256665374
1639670580,0.6864206676429081
1639683060,0.8354318206601773
1639698240,0.6216632475998101
1639717500,0.7917657381258341
1639729620,0.2735311032400355
1639742940,0.045217597957230966
1639768020,0.507232703997404
1639792140,0.24450454236844107
1639806060,0.1712966955053162
1639828140,0.2566902797409749
1639847100,0.5861930079426206
1639869660,0.9601505848804107
1639890780,0.3566471232831559
1639904280,0.626903390976119
1639918920,0.267530989982496
1639935360,0.5478997169781636
1639956960,0.558611373916566
1639972200,0.08316121239571896
1639988520,0.13072362188955244
1640002680,0.38479491754385314
1640025900,0.023765049399829683
1640038620,0.038361661367067715
1640056860,0.5780497627458243
1640078520,0.811509229778776
1640102520,0.958940709145127
1640120460,0.4503593664280024
1640145600,0.5585889342678714
1640169360,0.006827571696726836
1640183820,0.25427135092287656
1640208660,0.4536880554744752
1640223840,0.7313202611630059
1640240160,0.1503251340630077
1640262720,0.45639089431273944
1640275560,0.8073170049737082
1640288700,0.6233239531506839
1640311200,0.7193171345101268
1640330040,0.8276925922189009
1640354220,0.5065683377006016
1640377080,0.3320817369695719
1640394300,0.9068262299494385
1640405820,0.03537324759519032
1640422380,0.7281332341506129
1640436960,0.7473843027843741
1640457720,0.7875554120137598
1640478360,0.5527037672387658
1640494560,0.29822389089232737
1640507220,0.23835820251492873
1640530440,0.8503970188511125
1640555160,0.7175934556679463
1640578140,0.21396463435821542
1640603220,0.8887868013426935
1640624760,0.1404552900186381
1640646300,0.7640202964812379
1640669340,0.30312139176268793
1640681040,0.7575728667045663
1640700720,0.7420846133810666
1640724000,0.7720355144851883
1640747460,0.07449004767920839
1640770740,0.5318991811240725
1640790540,0.7992353131629991
1640801700,0.8410670514080849
1640825880,0.9878929884918131
1640836740,0.25191897864545343
1640861940,0.5724909493735725
1640883600,0.09532832660045137
1640895180,0.5878903552588387
1640909880,0.5418176112728639
1640930160,0.914934878851571
1640949360,0.5864636415021512
1640965260,0.13307505869603403
1640981640,0.8161949712372452
1641003420,0.8108053187732731
1641014520,0.11193223168796795
1641034620,0.8058900883686221
1641051420,0.7902822000601124
1641075360,0.5464584426435799
1641095160,0.4824674343037038
1641115680,0.7593886823572473
1641130380,0.40607329121957525
1641155040,0.8753815220565794
1641166080,0.7537493168119946
1641176940,0.8720334259592357
1641198600,0.896314568063833
1641213900,0.623431404194753
1641228540,0.025923348881903906
1641251760,0.5907478786091871
1641266100,0.723444892805475
1641280680,0.746413111090874
1641294240,0.47255663982894097
1641308760,0.9667245546266042
1641324240,0.8861420480836006
1641337560,0.2418283628039074
1641351300,0.8300300801629855
1641363240,0.2253873273831297
1641385320,0.6586573171500694
1641397380,0.40809366756731213
1641421440,0.4450464929494161
1641439080,0.22851842637630104
1641453360,0.07219947260459329
1641469980,0.052946362554644175
1641493920,0.7785915441049696
1641504900,0.009895761732300997
1641528780,0.7957596344344893
1641550740,0.8716367452157043
1641567660,0.7433275532190647
1641584820,0.5402124272155224
1641601680,0.46056987892103446
1641613500,0.13339013629742466
1641637800,0.8248381449430434
1641653940,0.5186245064622829
1641668940,0.40089439320344533
1641691380,0.7696681215287191
1641712680,0.7567790836089161
1641733620,0.3572470194992055
1641750060,0.2922894217677633
1641769560,0.8550137673313893
1641780540,0.003488519890002111
1641795180,0.8956341989202151
1641810420,0.32264624004683207
1641829560,0.9739111690752608
1641848460,0.8110380674572846
1641868020,0.7094787312992691
1641893160,0.46330480358228876
1641911340,0.8571241403433955
1641930360,0.4147983952224834
1641944340,0.8827757108661428
1641955920,0.8777601353594022
1641967020,0.6858483724686916
1641988380,0.6360082083246072
1642011960,0.6314729180108803
1642034400,0.828501072751074
1642045200,0.37740136049565914
1642066500,0.5946320741501505
1642091700,0.8086034416720407
1642106880,0.7223920656421392
1642118040,0.08662064578334748
1642133520,0.7613370207892649
1642149900,0.6901895395882499
1642161420,0.04418266522149995
1642181280,0.5454074277606247
1642200780,0.6469854826425383
1642219260,0.48195416568993593
1642233060,0.13735370680607054
1642244220,0.08444905689525531
1642257180,0.8837771391219993
1642282140,0.8170532302564685
1642301160,0.7437467090617966
1642325880,0.5977624839902491
1642342500,0.5374903453113266
1642363980,0.2740014062075278
1642379700,0.40110683554658105
1642393560,0.29394804079769904
1642408140,0.7537824446524979
1642425780,0.34080273740722167
1642443180,0.5725131473937625
1642464900,0.35554148446354716
1642487100,0.23015460840473967
1642511340,0.729839469738101
1642528440,0.8468318930291391
1642547040,0.02412817362244228
1642560660,0.6344722331192603
1642576440,0.7960335189051073
1642588620,0.6707837563400361
1642602240,0.2878573481163938
1642624020,0.5806889228083387
1642646160,0.6714896550294853
1642668660,0.8522288250720842
1642682520,0.7270669294218777
1642706700,0.9456564072445527
1642719960,0.835273134178357
1642735260,0.39132253527141586
1642755060,0.6870120056148002
1642773420,0.8070241532434042
1642790880,0.6163564476005244
1642802520,0.5248667845254089
1642818720,0.17084127790887157
1642829520,0.7261152204921157
1642843140,0.7051224072467582
1642854000,0.743788537902068
1642871580,0.766117433154781
1642886460,0.810444427179302
1642897920,0.7986246974212157
1642921440,0.08508807819858531
1642942440,0.9134520197758664
1642965660,0.793582543146691
1642986780,0.5516493198396104
1643002080,0.8302552724740548
1643026920,0.5547037883107669
1643052060,0.040316590784264514
1643068500,0.5067274608041015
1643085900,0.35666052795249326
1643106540,0.8210455980988869
1643126340,0.7372186254093369
1643143920,0.8552705196788568
1643166180,0.3240480706286035
1643190660,0.8930144877859454
1643203200,0.8473347920854786
1643216820,0.697320770412545
1643233020,0.9739227948307893
1643256840,0.7341725319473232
1643268660,0.716807729502984
1643283420,0.8695275419723325
1643294940,0.7709545542897739
1643317140,0.554709857248882
1643331240,0.8893436486235095
1643348940,0.1688950200556912
1643374140,0.649609798142128
1643389860,0.8301309077274096
1643403420,0.13578771584033153
1643418780,0.6979616763277674
1643439420,0.7487246607962207
1643451000,0.5030894767877567
1643463000,0.03324928658741563
1643480100,0.9088505953240689
1643495280,0.7621914702235388
1643519700,0.5753395979316449
1643534040,0.9268274884527391
1643549640,0.1403917972752124
1643565720,0.02078349453134316
1643586300,0.7853659785348226
1643598120,0.8800238518006369
1643612160,0.7106307715946615
1643635860,0.5811820663278355
1643652960,0.02292101608283756
1643665200,0.7885511431392396
1643677860,0.2242150250056943
1643698320,0.8119385296684347
1643709180,0.10946843220405024
1643726400,0.2364712531794873
1643745360,0.13254740496460152
1643762340,0.9126786123962255
1643776020,0.8541112584695023
1643792160,0.8141945090191137
1643805780,0.6179559397105465
1643829360,0.21349588439046596
1643849820,0.8191133829967161
1643872560,0.7314963150242872
1643897700,0.9475551571019859
1643921580,0.10465904329649438
1643936460,0.7068828796837638
1643957580,0.6301166477955589
1643979480,0.32115015187534657
1644004500,0.7610854823802524
1644029520,0.08497246637056705
1644053220,0.039080664890483875
1644074820,0.5940786535638977
1644091920,0.7921459011108936
1644115320,0.5738618397716837
1644137280,0.15391789611070522
1644161220,0.6613578259782036
1644175140,0.9016285113381906
1644197580,0.09468630530370893
1644209520,0.7244082162401532
1644222720,0.007937085336235907
1644233520,0.27470600049416166
1644247620,0.7005418583669145
1644265140,0.8224857590382146
1644289140,0.852863883687176
1644304020,0.8971244544108934
1644324360,0.19097036826732824
1644340800,0.8907107031640127
1644353940,0.6061478538139198
1644375480,0.44519470886184065
1644400500,0.7056505469135208
1644411780,0.34773403758861343
1644427500,0.9053845561168379
1644448740,0.39966846547664536
1644469800,0.7650735727060234
1644486480,0.1673299355869104
1644506820,0.9530316422082564
1644518160,0.007989572400074082
1644542520,0.447796052018016
1644560880,0.6085426884233855
1644574920,0.2779736925525893
1644597240,0.10101619086619837
1644611880,0.6083272764106546
1644625080,0.4875319126231901
1644646320,0.6713452120870576
1644667980,0.6560658875675982
1644686700,0.5482495585068872
1644711300,0.3289307421760685
1644730980,0.083400563304016
1644745140,0.4108365579293747
1644768660,0.8622321108254061
1644793560,0.5849493356286284
1644807060,0.5278859533702531
1644821700,0.5328705518602612
1644836640,0.8901242661865605
1644853140,0.808466496906169
1644876300,0.012104022010006401
1644897480,0.6915510995161535
1644909360,0.8547159619123978
1644922740,0.7342854238673657
1644944700,0.6136277662189824
1644961980,0.5280498353137744
1644984000,0.8124387721565625
1645004820,0.18625679513274943
1645028460,0.4770270756879741
1645044000,0.4290146805785475
1645058940,0.0031293660436019564
1645070940,0.4163024478831186
1645093440,0.3115576631117133
1645109760,0.050925587400869124
1645131480,0.9215159758257931
1645153620,0.7014813561214515
1645167780,0.881024765124294
1645181400,0.41736088244889047
1645197660,0.22950921894921125
1645219860,0.8231202164993963
1645233840,0.7285523849316247
1645252260,0.939911603377076
1645271160,0.9791135535242602
1645284000,0.5681698617188062
1645307940,0.8127497937254128
1645321200,0.44114519357510995
1645342200,0.6689460291396321
1645355820,0.39084868309721166
1645378500,0.7858544223130497
1645400880,0.9538375819220712
1645421460,0.8792673833393438
1645434960,0.6081346175941562
1645451880,0.8908166268951585
1645471500,0.7225330665733772
1645486260,0.23565443309821923
1645509300,0.42141317957651864
1645521480,0.018334090350927732
1645532640,0.8724898843439564
1645554060,0.46361834957362585
1645570080,0.6336428787352008
1645581060,0.5434865199257748
1645592340,0.8426014365515822
1645606500,0.7000335786599314
1645622760,0.8149722530865382
1645634760,0.5867471770010619
1645659240,0.05457202949281838
1645683420,0.8420430355039523
1645703940,0.08049038907643123
1645721160,0.3956555714496742
1645738440,0.7696746603258505
1645753680,0.4635345389625114
1645765320,0.002794157859889995
1645777200,0.5448040198023285
1645799460,0.9039376891887506
1645818840,0.8967490893234789
1645838700,0.42719459703480095
1645851960,0.8275764832283214
1645869840,0.5024908976479103
1645890660,0.8224069056079191
1645913280,0.8614796850299791
1645936140,0.06985182573838872
1645960440,0.8428928833877346
1645974300,0.9027596518086802
1645992960,0.8581596911251442
1646018160,0.757068484744305
1646031600,0.6050399013013152
1646051040,0.1237938697121267
1646070060,0.13677023464575372
1646084940,0.19993010954916127
1646099520,0.5493172795657331
1646115300,0.21366423494407047
1646135820,0.42106882008459534
1646152140,0.7234668055258101
1646170920,0.8758799449915685
1646186220,0.5641136117962671
1646199480,0.9883943282355201
1646212200,0.7126987237401661
1646225400,0.4090920183705621
1646237520,0.3143117569131799
1646251620,0.8665301149468778
1646276040,0.8210970243495093
1646297760,0.7327167675053636
1646310540,0.3625491573927742
1646321940,0.9374023674576437
1646339220,0.7668568482102067
1646356800,0.5348629557991975
1646376720,0.2563497334197993
1646393700,0.4917021253950786
1646413080,0.45499487395417254
1646430360,0.9195927049564105
1646450220,0.41684147459401727
1646461080,0.37673727806906776
1646482080,0.8330226584674205
1646496120,0.33881597651100304
1646511060,0.8980759518754754
1646521980,0.753801042699831
1646538720,0.6002323583877658
1646560440,0.5522124824960133
1646573880,0.782208751871234
1646598480,0.6094083811337512
1646617920,0.9617183396838167
1646641560,0.3658374469229466
1646656680,0.3211448331826905
1646671140,0.8701290436756165
1646693580,0.6279632822100827
1646714580,0.743459439316023
1646730300,0.7400578297477575
1646741820,0.7643593302302192
1646756940,0.4708265365779577
1646774700,0.062156111334001625
1646796240,0.02961383603358504
1646810400,0.7138970078955065
1646833620,0.8279445544797541
1646855580,0.4558095602439276
1646874900,0.8981316538578727
1646889660,0.8254675567541274
1646908800,0.4932584232320516
1646928060,0.883735286024316
1646945400,0.5398761000506828
1646964840,0.24354427068227616
1646980020,0.8164170094192006
1646999640,0.23406823324147388
1647024840,0.9186096273551146
1647049560,0.9182074227915709
1647073320,0.7881430901299922
1647085680,0.6901357621882407
1647104940,0.0607915624099899
1647126480,0.8006072954751249
1647144660,0.25643345581606786
1647166200,0.7882907242459889
1647178740,0.9046703977763239
1647197760,0.7312948991121293
1647222840,0.636663049873297
1647238980,0.5501186996541783
1647259440,0.38282514843550863
1647279720,0.2596981513178216
1647297720,0.7423479291583395
1647312720,0.854464231888197
1647325380,0.9339418843141127
1647337980,0.8710504567440109
1647359280,0.9449305424427464
1647382860,0.6698740900370695
1647406200,0.7651993505493023
1647418500,0.6380822276266545
1647435780,0.06945388774475464
1647457620,0.9560866163282791
1647472440,0.8146836005679235
1647491640,0.5955064303423989
1647505980,0.7385185904132252
1647520680,0.07207985987289481
1647532440,0.22791688485118247
1647543720,0.4545649049855646
1647559800,0.3480236725049263
1647574440,0.8521459318963399
1647586800,0.4166662457854901
1647606180,0.7262806670773252
1647621240,0.765935315866314
1647633660,0.23452299691523298
1647654960,0.5579678261183689
1647668340,0.3119030251850681
1647689460,0.6837875551859864
1647700860,0.03220563672229123
1647713640,0.5811219596768862
1647725160,0.605914851203105
1647745140,0.8473215557755305
1647769620,0.8018916451357476
1647781620,0.029219195190184313
1647801420,0.3177147228099423
1647812340,0.6705078882173858
1647832980,0.7171141624252819
1647850260,0.7719323610325144
1647867120,0.7918366509507574
1647882060,0.9179239755407375
1647896460,0.10627261896700799
1647920100,0.023795486484491944
1647937380,0.675404580312051
1647960240,0.0024522882018409116
1647974820,0.9178000536891023
1647998160,0.35366632573129964
1648008960,0.6795969862526032
1648026420,0.9711125426402135
1648041180,0.11599847586169537
1648063140,0.8025632317027604
1648076220,0.7045720763870047
1648094160,0.9634431319103389
1648108440,0.3603112578725754
1648131600,0.5654823917103555
1648145760,0.928160498422366
1648158000,0.13667500886177789
1648179000,0.5919530783822964
1648197120,0.8932505122819593
1648214520,0.9344566577153385
1648235700,0.896632212867521
1648260360,0.5906910874473009
1648273620,0.2077829662316642
1648296900,0.49106996435790834
1648311720,0.7103650673528451
1648329840,0.5062065018538741
1648342020,0.23011989096997057
1648360080,0.6081854246575122
1648377000,0.882753950320207
1648395540,0.2037032920986249
1648410540,0.9304269065740504
1648424580,0.1498462270675439
1648441800,0.9241727366154144
1648464660,0.7474842099969615
1648482060,0.4259050946543001
1648500180,0.04826082595028947
1648513380,0.6208569996557392
1648537860,0.9017904196486872
1648562460,0.8601218971135678
1648577520,0.27395969469329284
1648600440,0.8744204723518921
1648613460,0.5856426409364959
1648634580,0.6232648151864937
1648646040,0.02184112239983071
1648668840,0.8331159735669208
1648690320,0.9438437695321819
1648706940,0.6889055952226073
1648732080,0.5355293444399812
1648755540,0.7672523279076904
1648779900,0.22354499063208344
1648793820,0.3606812487981669
1648812660,0.001922107080322703
1648823460,0.21902836550966695
1648844820,0.6670513137010761
1648865940,0.41044422165420513
1648880820,0.43360447374985706
1648903080,0.757035127910728
1648922700,0.13379396265646606
1648942260,0.022274730512384582
1648961460,0.03675181828088325
1648980480,0.8401172145574689
1649003280,0.9340425552342555
1649022420,0.0020280179372999807
1649035260,0.3614613265475194
1649046600,0.22380737223855593
1649068680,0.9172550317455294
1649088060,0.9189006898764371
1649110740,0.6558873106721554
1649134800,0.5501050609988825
1649150820,0.6496118725567288
1649161920,0.8458442731364557
1649184300,0.49863428117069447
1649199060,0.35753453678627795
1649218680,0.7740370664303028
1649237400,0.656741630651061
1649261760,0.4640009655653943
1649278620,0.3930703508482792
1649302080,0.9464255050416891
1649323380,0.05263138939718604
1649344560,0.8636376815733566
1649357700,0.7094367064099126
1649375700,0.9562152885502916
1649395860,0.37491265830364334
1649407500,0.739988165394277
1649425980,0.6990825990163407
1649439180,0.9240800260106347
1649461980,0.14503534166725474
1649483340,0.48416062345043115
1649503860,0.11189757398719867
1649520900,0.8010151005279194
1649542200,0.8812636179984116
1649559480,0.4171113686409299
1649574660,0.7308480346718728
1649596020,0.6235101017250521
1649620860,0.5700013500286492
1649641260,0.7912655229390969
1649657520,0.8443741994416414
1649678460,0.8981179702261247
1649698680,0.6519056898079915
1649718480,0.7324269279524644
1649734380,0.7776189191483573
1649755260,0.3471711315794175
1649779080,0.8071203535584925
1649790240,0.9186639250227467
1649812200,0.5680058890394196
1649823120,0.8573900050470584
1649842740,0.8640568194681022
1649856780,0.2941866735770839
1649881860,0.5633878144100969
1649906640,0.22174650102906807
1649925120,0.705212360632937
1649941500,0.6530032402766537
1649957580,0.05726338897974195
1649972400,0.8590422117779928
1649983200,0.8066385958947409
1649998920,0.8032211113935495
1650022380,0.35247247245033153
1650036900,0.20556794416959606
1650061560,0.2683137930155177
1650076740,0.2490578717130223
1650093180,0.7113741467281017
1650105600,0.05267899143293254
1650127020,0.6729472610153222
1650149520,0.5513451763208297
1650169260,0.4219599164227948
1650185760,0.5021455063603734
1650203280,0.8427177329148788
1650227220,0.9294613330978295
1650239880,0.3203322168343666
1650250800,0.700846804450702
1650268800,0.3885539266113217
1650284220,0.3975109516156273
1650305640,0.818033942452226
1650324120,0.15542194577604773
1650348240,0.4454747732076977
1650365160,0.04711805442660226
1650389040,0.49027385654293326
1650413460,0.6346008807376701
1650438300,0.6329652136525341
1650459000,0.7627708191420929
1650474720,0.0638648583426668
1650496260,0.21956177782519437
1650509280,0.6179553986655169
1650521880,0.11555161527908477
1650539700,0.1962216750229284
1650560160,0.5913812733046893
1650579720,0.2421999895900325
1650602100,0.5753296731237696
1650624900,0.6252606596477472
1650644400,0.8256148257821018
1650664200,0.5803341589148657
1650683520,0.39134927423028787
1650697380,0.9003681313394819
1650714600,0.3823766923894562
1650738720,0.11631813585976375
1650757320,0.2795240551997539
1650775860,0.6602745073668794
1650789000,0.8047560721069043
1650809640,0.8318642762519226
1650830820,0.1450706729062578
1650841740,0.4909796978302566
1650853920,0.37599954792020296
1650875700,0.7565581837524739
1650886860,0.4315016096844711
1650905820,0.18103514144831734
1650925620,0.8444407309629726
1650946020,0.9183110010025924
1650968520,0.8747050571501659
1650986460,0.9095788407064412
1651008240,0.520605282992892
1651028940,0.957597809758058
1651041960,0.8378406390295435
1651060020,0.07199988209376086
1651077600,0.9242007914311379
1651102740,0.7193625843535099
1651119720,0.46700521062884526
1651143000,0.5189143731026402
1651158540,0.9506996717951064
1651169520,0.16625448600831044
1651194300,0.8163044049636815
1651211640,0.4329684696856823
1651231560,0.4057315168364762
1651247280,0.31574949653265183
1651262160,0.9229055768374086
1651284900,0.3633057091214355
1651305420,0.45444561275027023
1651321080,0.4208866263481582
1651345680,0.6231493089781979
1651361820,0.7892416334986595
1651385520,0.6383287967908968
1651397580,0.7668232106689853
1651416960,0.7180439098159794
1651440840,0.9610163740693833
1651456740,0.16783057476532726
1651480860,0.8524173203450359
1651495320,0.07048568473007175
1651518540,0.9465961642867725
1651529460,0.4550725200046582
1651543380,0.15755921305911325
1651560600,0.7049963051138725
1651574460,0.4458309960444868
1651587720,0.12975903689426665
1651609920,0.7713701358553527
1651625460,0.6170955209169392
1651642800,0.6776124295447961
1651659480,0.613623445406557
1651684260,0.4177461212551935
1651696020,0.8142672549420304
1651716240,0.2496009551328361
1651727340,0.22968279143019224
1651748580,0.008363484974309332
1651772940,0.8833373715797938
1651797300,0.0034352263540271804
1651809120,0.6011400974728083
1651833360,0.2986647571824717
1651853940,0.1968288335120085
1651875720,0.006026894252508296
1651890900,0.8184751745922778
1651909440,0.006478761538723991
1651928280,0.7468336931825639
1651944000,0.9495096970464951
1651960320,0.18475994161577855
1651976460,0.5351409738045543
1651990980,0.30894128527023645
1652009220,0.029531958368643165
1652029440,0.7434459320850331
1652043300,0.7375992350758522
1652067060,0.7915699492979346
1652084340,0.032297112233834746
1652106360,0.4771898860279186
1652126640,0.8696385969479796
1652145420,0.8932243265033291
1652164140,0.6262338404214054
1652183640,0.20909577541454147
1652201880,0.6367524404148452
1652225040,0.7246853088472465
1652243580,0.5931671146080634
1652268720,0.008936164602386928
1652293200,0.8998119527834062
1652312340,0.8135766463312543
1652333100,0.7890282981676284
1652355540,0.8060338273273873
1652377620,0.9187865630321358
1652392200,0.34716733761035956
1652417220,0.02296929490667
1652441400,0.872105989753548
1652463840,0.1331419828177989
1652486460,0.44767595620923284
1652508060,0.6463315682155542
1652526540,0.04252837336620939
1652550180,0.9468411980569879
1652561400,0.9515255677617073
1652578560,0.6625249423297186
1652594880,0.6758698807013644
1652615040,0.7693156954070436
1652636280,0.5966915933686578
1652651100,0.834180154895008
1652664420,0.022852115966025693
1652688600,0.5610291634777334
1652712000,0.8156690955895092
1652735340,0.8533794044318432
1652750280,0.7398019402845883
1652768340,0.5988116566985359
1652781300,0.8612520537527474
1652802000,0.7833958205844023
1652816940,0.6051253936956532
1652831820,0.8941222356621115
1652847480,0.8910524253400071
1652862900,0.4392263701501053
1652882520,0.9161855916204591
1652903220,0.9299611277241406
1652927460,0.7943069298363862
1652943300,0.1361153736135229
1652961960,0.8292780116262682
1652977560,0.003621630719206038
1652989560,0.8807715819017047
1653011640,0.6535290060590754
1653025440,0.8351714438026825
1653038040,0.8048003672684048
1653050160,0.8664693153433319
1653061740,0.7679108851173049
1653078120,0.9230315011204244
1653099540,0.2126309697800735
1653111300,0.8761003342485904
1653124080,0.6846405133368008
1653146160,0.6720491055215185
1653169200,0.7957166471747281
1653182580,0.3006955941558358
1653199980,0.6993273126125804
1653210960,0.216080198009956
1653228000,0.6426716798935759
1653239520,0.7818924708003289
1653253500,0.7972035375669374
1653264840,0.4185087538984339
1653281340,0.8916714511774264
1653304800,0.4646945450603962
1653324540,0.6656203667476681
1653335880,0.66239267418653
1653357480,0.7588892913920758
1653373980,0.6608839654801963
1653396720,0.36040638049814083
1653420420,0.04199565957328803
1653441840,0.5291324295222086
1653465300,0.646830818514879
1653486300,0.6523598738243925
1653501360,0.10040093278516184
1653514320,0.8909398812630791
1653525300,0.7410036265194936
1653543240,0.8630970361553637
1653567060,0.13349495859957217
1653578940,0.37007305940721263
1653599700,0.07493501501722252
1653623160,0.6520025462701013
1653648000,0.912050908611524
1653669540,0.43853337474973453
1653690960,0.847137179870263
1653703980,0.299649694964816
1653726360,0.2237390170765647
1653749760,0.9708978563253103
1653770040,0.052711839368938335
1653791220,0.7877033438961025
1653808920,0.22289541711787206
1653829260,0.7637346311885952
1653844560,0.9504200724737486
1653857160,0.5764212820560226
1653874200,0.7894877512722215
1653888780,0.8799508466748746
1653911280,0.8983642311383048
1653933180,0.554740710525192
1653958320,0.36263477835181723
1653975660,0.21751118562067298
1653988860,0.20841619243319864
1654006860,0.9400067380143657
1654020540,0.695393042098031
1654041180,0.9868358236058563
1654056780,0.671159744715101
1654081920,0.9206697270119366
1654101360,0.788866855974556
1654126200,0.723808127653846
1654150500,0.7736799801734726
1654170840,0.9815515157196846
1654184040,0.9261288571257908
1654203360,0.36728758272053463
1654214760,0.5827636282446567
1654232940,0.6098148642401782
1654249800,0.9519502613277688
1654261380,0.9831215549084203
1654281600,0.14823082263835907
1654300320,0.5459048818645702
1654318980,0.11875654587951413
1654335180,0.5157650793997849
1654355580,0.5213599217986518
1654372500,0.26911946040392865
1654393200,0.16802907979118056
1654417800,0.2862426299148988
1654438080,0.01945753838144028
1654449300,0.17573059364059285
1654464660,0.2778770494765289
1654479960,0.8606925225947538
1654493100,0.9629080560061544
1654512300,0.054077423732277016
1654527120,0.9284289035366784
1654543320,0.44503347199762966
1654567140,0.9825310078699794
1654585500,0.5571431172780545
1654598400,0.5105398692080203
1654619700,0.7885016565170043
1654632240,0.6164369803296917
1654650060,0.9025650427080206
1654668660,0.8331223596024055
1654680840,0.8033988073409746
1654700700,0.005471520367321263
1654719960,0.5857923343945315
1654739520,0.8349235871233831
1654751160,0.1783563224426179
1654765560,0.6125445135550727
1654781640,0.2217726617629429
1654806780,0.7596624465546171
1654829100,0.8842093492217982
1654848240,0.7122424177980715
1654862880,0.830889781348579
1654875360,0.4557419026546398
1654889640,0.9584840212425672
1654914420,0.6605490350437813
1654928100,0.38253578732765486
1654947960,0.11587778692589967
1654959060,0.7840671816459573
1654981260,0.6865022812692606
1655000880,0.9453059414141262
1655019240,0.9022750350457485
1655032800,0.31919414423536074
1655045760,0.03503789594858551
1655067780,0.7764103190407076
1655092500,0.24040856319509013
1655104320,0.5483625613593022
1655126640,0.2319098420778302
1655139240,0.6918241134693038
1655161320,0.4443702019879554
1655181720,0.629014173267417
1655203380,0.7884670543313728
1655223600,0.5605953943390412
1655246820,0.24559023296094487
1655261940,0.8145318990055279
1655285280,0.8103071020079644
1655298360,0.3891281418879208
1655310300,0.07163242980162339
1655334060,0.015071221821559793
1655348340,0.6946371059224675
1655368620,0.001138981808415367
1655384340,0.7838423374732794
1655402400,0.8783303083951715
1655420580,0.018139793460629258
1655433420,0.1224168519194164
1655453220,0.6170107504113191
1655469120,0.21060064829819325
1655480880,0.7682313806738229
1655501100,0.18192126668867578
1655515200,0.5832491827512635
1655528220,0.9325024450866372
1655551320,0.7899838916813346
1655570700,0.6600349385176665
1655595300,0.4963396833537888
1655619360,0.4701818734713532
1655642220,0.4624172617986839
1655659260,0.04924793061756031
1655670300,0.1331597437955695
1655689320,0.014602659784485755
1655704680,0.14135644197622926
1655721780,0.6443990875964436
1655733060,0.6010430347224047
1655745720,0.45506319214995583
1655761800,0.17109519655456532
1655780940,0.5825046299440998
1655796120,0.005763750254415959
1655808180,0.41839816057253154
1655828460,0.5194653158955302
1655852940,0.25772289166247353
1655876100,0.0655639990248356
1655901120,0.9329747350075336
1655917260,0.951336532188038
1655942160,0.19823345264320458
1655958600,0.8850852564606706
1655982780,0.2476647517785389
1656007740,0.7533913910399301
1656022320,0.21947285603548097
1656045000,0.4018814366740877
1656065040,0.8829652682383717
1656080340,0.1638436086584993
1656102600,0.6921754687118615
1656119580,0.8140959649578663
1656137040,0.704080044452178
1656153660,0.00429057326311456
1656175140,0.24158624067545198
1656187680,0.45245414371756315
1656208200,0.5093704635197207
1656219180,0.020456818689668508
1656231060,0.2820231914590854
1656243900,0.491233278908098
1656255420,0.06731537551196141
1656277680,0.909891092163831
1656302280,0.28074365733290574
1656314520,0.8987119642437461
1656339180,0.3386571533581527
1656359880,0.4952458852895438
1656381720,0.17452996890745168
1656397980,0.05535192433650845
1656416820,0.9023045494634417
1656428100,0.965409276962168
1656451080,0.8284564685228305
1656464580,0.6512160460891603
1656489360,0.8594545151164285
1656508920,0.5845729092564553
1656531240,0.6048601521682782
1656542460,0.012162895520511207
1656563640,0.8947443298114658
1656574980,0.32945721069027845
1656586500,0.10630590301950273
1656600360,0.7902581869025715
1656615000,0.9050045603509138
1656637260,0.0021100422277610963
1656653160,0.4637443639699461
1656670440,0.6342628195824527
1656688260,0.7686649736479163
1656703620,0.7248369337238092
1656718860,0.29134949211219063
1656733920,0.8376089536933439
1656757020,0.2673477991892541
1656769320,0.632588594414866
1656786720,0.9110485539228881
1656803520,0.9765302338087953
1656815100,0.7722241465360029
1656838200,0.743600622694639
1656861420,0.7009971279877228
1656877020,0.7344292930389862
1656888720,0.005970846364740038
1656911520,0.9391507598549202
1656932400,0.4004271921651752
1656947160,0.7443918229531857
1656963300,0.7264319508764006
1656977040,0.6728595045380023
1656993960,0.9364154578841313
1657012920,0.8389086054352229
1657024560,0.1370403510515528
1657040100,0.4102333280300158
1657056240,0.2268875458731979
1657080660,0.7024000748337922
1657095600,0.24898564425595368
1657108380,0.9116470844940223
1657130700,0.2088605306085278
1657155240,0.9099287022983079
1657171320,0.3301516934583536
1657185420,0.7237786836997977
1657209180,0.09545684927940692
1657223280,0.733248005115405
1657246620,0.7261089063768813
1657267980,0.8681092040844369
1657285440,0.5722942354456839
1657306680,0.6035086122583125
1657328700,0.3711893556058124
1657341720,0.06477523873650944
1657362240,0.7734449050171369
1657382220,0.38001510718561277
1657398660,0.5251544015322804
1657410900,0.7310192870489483
1657431000,0.17808970114941414
1657447560,0.8134081087877948
1657464840,0.9481238448948389
1657482660,0.16636679298558238
1657500960,0.9778149256457246
1657514460,0.6373336295847858
1657526760,0.36109634904387733
1657539660,0.8788405982010504
1657551780,0.9683179962876968
1657570800,0.6622459160642598
1657594620,0.8624017292735665
1657618020,0.008474408288249401
1657630980,0.6460458180334048
1657651680,0.9429400754883686
1657675320,0.6494293142953991
1657692900,0.2766365251554287
1657708380,0.6098907124106518
1657732800,0.7220726728378559
1657754040,0.9758524980514305
1657778280,0.8163175436667702
1657795380,0.7625061058183421
1657811160,0.4890400768013255
1657829460,0.5396635972926542
1657853640,0.9177472833689064
1657868280,0.8977765491394523
1657893060,0.8828870645815983
1657908300,0.4349151123086458
1657927320,0.33887823702337366
1657940460,0.10648266306587205
1657958580,0.7557910154900305
1657981500,0.46498193554217276
1657999260,0.3582759903600826
1658010300,0.8514591707304688
1658033760,0.8329160046925465
1658057940,0.47803972871058775
1658073600,0.22790835111201957
1658096460,0.6922593461787401
1658115300,0.741138665635695
1658129940,0.6030326364140658
1658155080,0.6200335929768455
1658168940,0.7159074975231587
1658189460,0.5249689753542577
1658212860,0.8883914000212194
1658234520,0.4912431677011234
1658251920,0.4811650335573305
1658264280,0.786426476547288
1658278380,0.32452693352734086
1658300040,0.5866426533784745
1658319120,0.5420838760838482
1658340540,0.22163877631524775
1658365560,0.46315070016574256
1658387460,0.6322460113951618
1658411580,0.6177834217583249
1658423460,0.27979074063202103
1658442540,0.5731890862018951
1658461740,0.8604715026281656
1658480940,0.8426646176855299
1658503740,0.17648531278324409
1658525760,0.501731141873486
1658548680,0.5536241400633028
1658564640,0.14790563020923744
1658586060,0.818360311822961
1658597400,0.29455776431198255
1658612040,0.7693499589695921
1658630760,0.628584783394897
1658651400,0.03108708960312944
1658663880,0.5662352082739421
1658676660,0.866993284206146
1658691780,0.9117434611595485
1658716260,0.866136274209274
1658731800,0.6359188225891569
1658752980,0.7463022344854284
1658772000,0.8998118466509878
1658789580,0.0019239351788907161
1658801040,0.5780446039304244
1658814840,0.49328470858284934
1658829240,0.7818473297570063
1658847900,0.8181060821627036
1658858820,0.1771556209159836
1658881020,0.5772153961824131
1658904900,0.9225064042267522
1658916000,0.45318823326963104
1658933580,0.008063894071527022
1658955240,0.13272880801942874
1658974560,0.7912478826607255
1658985600,0.7052503586136493
1659003900,0.8591793778638078
1659016560,0.9300932518154121
1659040980,0.3048942958036069
1659063420,0.5105763076717065
1659080340,0.1354759252400168
1659098400,0.8275443775714002
1659120960,0.526988242603061
1659142620,0.908997612748828
1659161940,0.6462339392122152
1659178140,0.3358567769448325
1659199920,0.5608459145493765
1659224820,0.4845238476481302
1659247500,0.7602139650062697
1659262860,0.9890595788775808
1659281760,0.6212297554635223
1659301620,0.8516714535656008
1659319800,0.9315392050574751
1659339300,0.6045319490505177
1659364200,0.9130315677750912
1659379080,0.5457919779261169
1659393180,0.6061387739138816
1659408360,0.9187062472276646
1659427080,0.3853969376042767
1659449160,0.810962096809578
1659474120,0.9551372293103857
1659493860,0.9121905722970728
1659517740,0.5724600096099473
1659534780,0.7195199215954735
1659556680,0.6056616134549273
1659581400,0.7036962576107493
1659600900,0.5470625326546468
1659626040,0.08520662914553279
1659641760,0.19738829410193687
1659665820,0.4256975163429943
1659678180,0.6678783157010706
1659698160,0.18260959149769757
1659723300,0.331027969707655
1659739620,0.8192098360485918
1659762300,0.3612986610685657
1659785160,0.9879065651275769
1659799920,0.693442094093629
1659821400,0.8476873040899404
1659845760,0.009771153704307051
1659861240,0.7383956040179515
1659880920,0.6396190620793859
1659894060,0.9312596724503506
1659906240,0.1912357780337605
1659926820,0.6784191015687273
1659942540,0.9826413883020738
1659956940,0.4539201996200074
1659970560,0.256010402229068
1659993120,0.16165389160963672
1660006740,0.9431089889156226
1660030200,0.9606692293463982
1660045620,0.009719881451326191
1660066020,0.8900316866127174
1660077780,0.19238917016924156
1660095240,0.41544659378965454
1660116240,0.7780035204691498
1660140120,0.049944410746229066
1660159320,0.8510511754417432
1660176300,0.07739866424455637
1660187100,0.1609471959841361
1660200120,0.760118504120654
1660214100,0.3490162093083726
1660234860,0.8072544035639398
1660253460,0.5303949458314188
1660278180,0.8413383224285654
1660295160,0.12712698601364048
1660319580,0.9371046125340105
1660336680,0.2810050178070095
1660360140,0.0197264914628072
1660373040,0.6831618865770315
1660390500,0.22035570845126534
1660412700,0.012508528879588981
1660430880,0.0130177773047942
1660445340,0.7561484158980806
1660465920,0.8109977548612821
1660481160,0.5014535503513268
1660500120,0.5989656634088409
1660521000,0.18227421509985053
1660545900,0.8092542415692524
1660560180,0.7927505097300842
1660581360,0.5877971980591579
1660601220,0.04557961109465349
1660624980,0.10905059231978456
1660644300,0.8951213467679211
1660664460,0.7962979329838004
1660687020,0.6653051911922391
1660698780,0.5579000340873328
1660712760,0.4251284276426661
1660724760,0.5266956303371664
1660747560,0.7189548854928345
1660762080,0.24744144631877033
1660784640,0.4608566349859249
1660804500,0.5425676402460404
1660829160,0.004895268338697763
1660853520,0.813361866402293
1660878660,0.3712030720699141
1660903140,0.7227623069392892
1660923120,0.559417685834177
1660943040,0.9479879954706397
1660963140,0.8497988557839191
1660978020,0.745491992060765
1660997880,0.5896412746555798
1661019240,0.6551396594957893
1661033760,0.47453312776256396
1661046900,0.9619789823878894
1661065680,0.8312743441239375
1661080680,0.1770377513661335
1661099040,0.3090302301415915
1661120640,0.7947340583880321
1661145780,0.7460922969869153
1661168340,0.770030963320605
1661193000,0.0847032766096249
1661204100,0.6981929287162909
1661215620,0.8607961703766669
1661236380,0.04227331335607801
1661259720,0.3863645182851464
1661275620,0.13395064596786666
1661295660,0.19353794269353453
1661310300,0.8266515123363481
1661330280,0.04939001208941655
1661341200,0.30616189914754316
1661358840,0.06612072540967959
1661373900,0.14228548839545915
1661398320,0.8692190541570529
1661419140,0.7446172310323156
1661441820,0.7606950017411248
1661463300,0.32818258980837334
1661476260,0.763363910601173
1661498760,0.8467324614127953
1661514840,0.8584477447061472
1661536680,0.9835617145931975
1661551320,0.95512111489623
1661563140,0.10286352575839693
1661577300,0.9355188576488146
1661600820,0.9846068186380125
1661614740,0.3372035987474418
1661637240,0.7372001160426876
1661658300,0.8467648795239947
1661677680,0.8744636253345607
1661694120,0.7234147865313014
1661713020,0.8222692071449993
1661727600,0.9154240323796933
1661742060,0.6331067860355711
1661757840,0.0956580142376605
1661777400,0.582738431088096
1661801160,0.8874169024720785
1661812680,0.43386969123256075
1661825700,0.8564395640908151
1661849460,0.9188252172781466
1661873580,0.36562150650651365
1661888640,0.42086046171816904
1661908620,0.23351996015879548
1661927400,0.626269500522007
1661945520,0.6540857752918636
1661958780,0.5149708184708737
1661969700,0.1297808693596199
1661981220,0.6110039030941612
1662004740,0.6971809523577117
1662029040,0.12761510855733454
1662049320,0.12744762541732088
1662069180,0.20853559516941303
1662088140,0.06464438510408572
1662105540,0.5977227802973262
1662125700,0.43277567708789816
1662142500,0.8814432637397744
1662153720,0.9014046173190833
1662164880,0.3109715329329934
1662178500,0.8430414743368827
1662201240,0.7866724977676939
1662217200,0.6369099130070134
1662229560,0.5149845664854859
1662244800,0.4948944637193003
1662267240,0.693340097565162
1662284820,0.6544898093503767
1662304080,0.8861231610063556
1662317220,0.37040545491100274
1662340920,0.6791107807343217
1662352740,0.16978690293789583
1662377100,0.7581910364671705
1662400320,0.957531475814546
1662420060,0.03628899432518368
1662433200,0.4616832245743409
1662454140,0.9014202114898536
1662475260,0.007780283999132102
1662489420,0.9097590981436141
1662506400,0.8327579250431734
1662518760,0.29270059835830375
1662541680,0.8944114813181236
1662563760,0.6143615470816056
1662588660,0.20035040933800397
1662612840,0.3950777252517709
1662636480,0.6864672860687562
1662650580,0.8014489033740915
1662665100,0.8777467121543818
1662688860,0.001790708523980136
1662702420,0.8454108188164364
1662719640,0.7513657193789436
1662741300,0.3407917854923284
1662761040,0.11155484981524214
1662775140,0.38157154097243046
1662799440,0.6822173442022537
1662814260,0.5078391416378859
1662838860,0.73917830465915
1662854340,0.8245425646942953
1662877620,0.6537939727077934
1662896040,0.7786962830360682
1662919500,0.8126397876563973
1662934980,0.8430494522749561
1662956460,0.22898321624476375
1662979800,0.9420009472267913
1663003320,0.8933206483962314
1663015560,0.08493492355956397
1663038840,0.7828538702492802
1663053600,0.3786907558435877
1663068420,0.8997828773873481
1663089360,0.06302729927139038
1663108980,0.8820784990477539
1663133520,0.7761464319349668
1663145100,0.5004721377427481
1663167240,0.9158834286948175
1663181100,0.1727457238668837
1663192620,0.9674153613511894
1663217820,0.8422731701671553
1663235460,0.8138193928566527
1663248960,0.5844442871871872
1663271280,0.30011747481997075
1663288260,0.6308929458220229
1663305060,0.46256245606576235
1663318980,0.4992765445065756
1663330260,0.9283966002068917
1663344600,0.9720659569508676
1663357080,0.017615613105173403
1663374180,0.8246297111468852
1663393320,0.49676168509429686
1663405500,0.37677117687516265
1663427640,0.8947589809797922
1663451040,0.022344688295524818
1663465200,0.5214755655740875
1663489560,0.7021662618668219
1663502640,0.9352410545462436
1663522200,0.09734217043037868
1663540020,0.5875238823534892
1663562760,0.7386917039107501
1663580820,0.9161818225068303
1663597800,0.9525252810907628
1663620420,0.5711824538555101
1663633680,0.8287628553691132
1663657560,0.9752323416616407
1663679340,0.7121420578711761
1663698900,0.8484021930551222
1663716420,0.6537593415129533
1663729200,0.20637824589407466
1663746300,0.01363621477766474
1663767600,0.2931747113665297
1663785000,0.3270541219302303
1663799520,0.3220658156121825
1663820820,0.39302559864165976
1663840020,0.38939473728019247
1663853100,0.6330743965128649
1663871100,0.34681633846054716
1663892340,0.8074779177407352
1663915320,0.4492048955277988
1663929420,0.012342701798252012
1663941780,0.6714491887865736
1663966980,0.851196409099443
1663980780,0.3913071672226589
1664003340,0.6531588302584914
1664023320,0.5148071928150011
1664042700,0.7301749195271645
1664054820,0.9382130256239606
1664067300,0.8431190393357619
1664088300,0.29545666658446323
1664102280,0.8805865885043316
1664116200,0.5956939307642719
1664133780,0.342820901495918
1664150520,0.28679368226646584
1664172240,0.6215879297336709
1664196120,0.8111057839203829
1664214120,0.19396104698619354
1664237160,0.5559646893542993
1664261640,0.12622182102436666
1664284080,0.7479514730544465
1664303400,0.4228654445157838
1664317680,0.9217425505007859
1664332440,0.7801275626143459
1664354640,0.8878389381637528
1664368560,0.9049580658524861
1664381520,0.9479324401252947
1664393280,0.61036462947556
1664417280,0.8569924954673369
1664440560,0.7635955659358944
1664462160,0.9297553680134062
1664486580,0.201900867198151
1664497860,0.7077791855205084
1664521500,0.7522024379312724
1664536200,0.22163106758610146
1664560680,0.768766002192774
1664577480,0.9531225595937783
1664601120,0.45207096696570864
1664619480,0.6492131719231025
1664636400,0.041580916336108914
1664653260,0.8371901012106222
1664676780,0.7547730016094835
1664696700,0.21683388791597405
1664710140,0.7715395602569137
1664735220,0.648807624531047
1664757960,0.48019701591198366
1664771760,0.06998370505769673
1664787720,0.004746633436602057
1664804880,0.5147368632483387
1664826660,0.01848141288041525
1664838180,0.9324192790338773
1664851080,0.4959019574662059
1664863680,0.059887256446978676
1664874900,0.07056481094184737
1664899860,0.5725750040598815
1664912940,0.7717929760220021
1664926380,0.4353569857297777
1664950740,0.5804885669764934
1664965920,0.41206346180673453
1664981280,0.24161418534280607
1665003240,0.8966352254361173
1665026340,0.9615013276063475
1665047940,0.9068186122623141
1665064620,0.45580655873045617
1665078360,0.601522772716319
1665102240,0.9587678182487461
1665118200,0.1842805176754956
1665137100,0.009113674730003686
1665151620,0.7625689976286473
1665166740,0.8265031310224604
1665179280,0.7647912445966929
1665193620,0.2144504495096112
1665209520,0.46246767287546775
1665230340,0.5161403138904553
1665251820,0.1823507467624724
1665264120,0.7396326114381196
1665282660,0.6710650889731817
1665295740,0.8107749441362699
1665314820,0.7253433452967469
1665338220,0.9607945360584874
1665356160,0.6506982176882865
1665375540,0.7786559520101358
1665396060,0.22520259447558136
1665412560,0.31135684152501975
1665431940,0.8010326651196453
1665443640,0.05395718724652112
1665456720,0.8188422168634588
1665472920,0.9066381288272852
1665485220,0.7982360990595774
1665497880,0.7670275779584635
1665513780,0.9069470432791358
1665530340,0.33922472125603853
1665551940,0.14049860508049744
1665569280,0.02165925577048695
1665592320,0.8779118552015723
1665610260,0.6788936294029948
1665629100,0.7459439088798516
1665642360,0.06568917110380004
1665666360,0.5146343355304936
1665688620,0.49438821314850084
1665709560,0.7782538817666788
1665732840,0.029122522547440757
1665753360,0.14910400378154615
1665773820,0.7898554542907494
1665797700,0.9351708148751395
1665822060,0.012096093289154146
1665837240,0.8657461320154447
1665852840,0.16490860299699425
1665871260,0.5107732646422768
1665885840,0.7356965265742197
1665907800,0.5097928285240484
1665928320,0.6822330177382915
1665947640,0.35721822759559485
1665968220,0.2133108610184467
1665985200,0.8534360953858432
1666004460,0.7877868060214908
1666027680,0.13157159801577645
1666042200,0.121073365302369
1666054680,0.1247933730635887
1666076940,0.7994819336839922
1666092300,0.820577045937234
1666113120,0.6367606495067442
1666123920,0.8785075446588683
1666141740,0.5471010646435506
1666161420,0.22566221369617875
1666180740,0.8587343764469254
1666200720,0.5657394688999633
1666216020,0.1450453807011052
1666232760,0.5118140972758533
1666249500,0.5894339938409106
1666272300,0.07278217925361019
1666288380,0.5165273341563699
1666301340,0.8171360729998671
1666317540,0.6615151102359176
1666335840,0.6933978237006391
1666348980,0.7850405146412227
1666369080,0.2436892822288868
1666390380,0.4924244118682006
1666408860,0.8409679878709502
1666423260,0.49264226841726333
1666441080,0.45284174659789045
1666453380,0.29813822485848307
1666478220,0.7283869067380284
1666501260,0.3388562186158792
1666525860,0.8162837071948263
1666537620,0.6994033813385998
1666556100,0.8950524001883731
1666572420,0.23300242311696603
1666584840,0.7313871902048135
1666601700,0.5626798143516298
1666621200,0.5951301112443754
1666634580,0.48422806249195033
1666648980,0.6759601668197961
1666673400,0.6748951600018246
1666696860,0.03473337460898331
1666718820,0.9316975367878849
1666729920,0.9147463749202762
1666749720,0.27777917595009155
1666761060,0.005212906379694764
1666776240,0.7233628174531798
1666787940,0.056566274518956794
1666804680,0.8508410399194184
1666819020,0.7267374635759067
1666838760,0.38066791588783083
1666852200,0.8695231156716319
1666866060,0.8195471692826496
1666884060,0.6746409689533319
1666895280,0.02161983561409127
1666908000,0.625917200618171
1666931700,0.714225143808946
1666943100,0.8207760691793577
1666965840,0.04743501568081066
1666983540,0.776422269294939
1667007960,0.4237374121754093
1667025900,0.40845020437032714
1667037840,0.6112223456785078
1667051940,0.5557391139406239
1667068020,0.7304236172846479
1667091120,0.08904603351698874
1667104980,0.9073513661293264
1667117340,0.19359019161860389
1667130300,0.5389924264920936
1667149260,0.6485710607323723
1667168580,0.8665299757108395
1667187360,0.5727362238548076
1667204820,0.8835723163044626
1667221380,0.8820150593653729
1667236980,0.2875276920388772
1667262120,0.6907360639442985
1667280480,0.9708131621218655
1667298120,0.6473385461557598
1667316300,0.02803179028540008
1667339460,0.684019908864389
1667350860,0.6672421639103705
1667368680,0.8887360813580609
1667380680,0.8920543407454008
1667394300,0.9326073749099717
1667411460,0.8601855232188956
1667432520,0.42649438864552563
1667454120,0.37908008794977693
1667474400,0.8903337173790108
1667497620,0.09515875783259035
1667509200,0.31316666404385474
1667526120,0.7365796675472116
1667546640,0.8379122861669882
1667557680,0.8992347410093489
1667581740,0.877852934406959
1667601900,0.9428164024590266
1667613120,0.682761513946604
1667628000,0.3603519545147116
1667644200,0.9689942357877928
1667664000,0.1448237294946684
1667679480,0.01578432234604593
1667697660,0.8955575877655343
1667721060,0.9512714922847549
1667735880,0.8243407124370931
1667749020,0.9695052612844427
1667769180,0.6648861053276072
1667781420,0.8012871330916193
1667794740,0.7209940250774365
1667818260,0.32876625151165084
1667840700,0.7171294292220307
1667851920,0.6839077646035513
1667863200,0.7982573401455925
1667883060,0.12097760448364618
1667894340,0.008963363771481467
1667917080,0.18204953279460617
1667932800,0.8849372883737117
1667957880,0.5701988579438847
1667980920,0.27784366020293
1668001920,0.4803240526455525
1668025800,0.5665544603551361
1668048480,0.14825205536736746
1668073320,0.6659880895935627
1668092580,0.7640974881946359
1668109620,0.9181241683932265
1668127800,0.7449493423721572
1668152640,0.7728387021256165
1668167280,0.48405595399830464
1668183900,0.29897247216767164
1668198180,0.8781822438207765
1668216840,0.9113664864470885
1668233460,0.7516139502859268
1668247260,0.39856741956295216
1668271140,0.8694542077507751
1668291600,0.3261492154014139
1668314580,0.6406193033901834
1668329400,0.6981676590919665
1668343800,0.8930486560773826
1668368040,0.7291088039955276
1668382440,0.34924652609406864
1668398160,0.6274238158670207
1668417480,0.6442218950176666
1668442260,0.47253356994261814
1668466260,0.7479665014581208
1668485520,0.5299512698327552
1668498540,0.06746990508018948
1668515160,0.11998100544658104
1668535740,0.928613734184419
1668556500,0.7468704079544606
1668574560,0.45081088913096895
1668588900,0.8346367753839146
1668609660,0.03137964317072252
1668627960,0.6637456436614421
1668648960,0.2487959959472518
1668666600,0.7631860745147339
1668681960,0.8626783944753053
1668696540,0.6638086743638243
1668716700,0.8689638625095407
1668727920,0.746199140872636
1668740880,0.808171695490776
1668753720,0.8885329659939063
1668769260,0.9259555971103465
1668792360,0.39415504991499056
1668809280,0.831611911549496
1668820320,0.8286941605185588
1668836280,0.8335666881980079
1668852180,0.7083955407146726
1668869400,0.9134646980007255
1668883320,0.6118170568574998
1668895380,0.01204089746271025
1668907560,0.7013105114165246
1668925860,0.890628443705206
1668944400,0.4671008631882485
1668958440,0.6372380889110056
1668982740,0.8777783482370369
1669004340,0.976943578210305
1669021800,0.9264315782238638
1669034340,0.004315551163149236
1669057200,0.8157935163853591
1669072020,0.6738752319116779
1669085400,0.9248086844833371
1669108560,0.7529394116623163
1669129740,0.6326547625941443
1669140840,0.01480190008502517
1669161900,0.6576587923839314
1669175340,0.07807896260110923
1669195980,0.24393276973191472
1669218120,0.9889101478929025
1669234080,0.5865270211433409
1669245540,0.6886203350489944
1669268280,0.4241076704514575
1669286460,0.6065777816478352
1669300080,0.5039739471247371
1669318260,0.6381658268495828
1669342500,0.6963605641268984
1669365600,0.11046954414087425
1669388460,0.7763578447081463
1669408920,0.8529858660658379
1669419780,0.5195792963461585
1669441980,0.27267155399479615
1669461660,0.7713035675976263
1669473480,0.7374730751669244
1669491300,0.7797562841055868
1669504620,0.9057709128845678
1669524240,0.7731806988184138
1669544100,0.09750105110542076
1669562760,0.2676787049974243
1669586040,0.8850752029727451
1669610880,0.9069331785491647
1669627560,0.875980068053215
1669652220,0.6095310904218229
1669675620,0.6457657316217167
1669691100,0.6738668784358575
1669713900,0.832590027266179
1669737000,0.8403862563076989
1669751880,0.7082798734349981
1669768320,0.6254005002124271
1669788000,0.8875185351059367
1669806540,0.5881699602426479
1669831740,0.8585526860598985
1669852860,0.8953079242366825
1669869780,0.9062715330652178
1669884840,0.07118744662837513
1669905000,0.7638427996812841
1669922460,0.5600230167594058
1669935660,0.06513978489878984
1669950060,0.7911445138928173
1669974780,0.8186614264653511
1669997160,0.7407182465192702
1670019960,0.3391096055097838
1670031120,0.7402822574704759
1670055660,0.47602123073017727
1670079060,0.6252321391767932
1670099340,0.5136699957646691
1670122920,0.3006716474600333
1670134020,0.19074735033579066
1670146440,0.9247448144159454
1670167740,0.008705838579905966
1670191440,0.15677412237372834
1670214780,0.6424558671786591
1670228280,0.7512785476585422
1670250600,0.736623294504555
1670271420,0.4730054268349229
1670283000,0.7310376109977927
1670294700,0.8059794625808219
1670311080,0.20587383677268725
1670326200,0.1457912807513242
1670339280,0.34118102319602334
1670358900,0.5753137703830956
1670377800,0.8238226953041365
1670391660,0.7325701263556895
1670412180,0.74705128122714
1670434560,0.847185361659077
1670448180,0.9206403265998474
1670461380,0.44347361812065283
1670472900,0.5539639474772363
1670488140,0.7612013334540065
1670511300,0.9548187750785337
1670528220,0.017166817741557545
1670542980,0.40512033487653454
1670565120,0.13521742682472931
1670582880,0.365444541965347
1670606220,0.9309252742426962
1670627880,0.6751925626682302
1670649300,0.8570073721346898
1670667540,0.9126544878940065
1670681280,0.8377022379328807
1670705760,0.2781996377029933
1670724360,0.1900414833081734
1670743680,0.9446042758222588
1670755860,0.07835424663413054
1670771700,0.07554172535853718
1670785740,0.6860351284940553
1670805540,0.6896168217956817
1670824140,0.5755928645048787
1670841420,0.8688393240627367
1670857500,0.9147232881249301
1670868660,0.6732945486478388
1670887680,0.9038760071492756
1670912820,0.27063033365408595
1670933040,0.7332240257323828
1670949360,0.4971385851727362
1670967240,0.8648674583765203
1670984760,0.02814805067912816
1671002880,0.9186232450598257
1671025500,0.48451594824685756
1671044520,0.9016143094350597
1671065820,0.7218603163054225
1671081180,0.2656042460261306
1671099960,0.9066600813842391
1671111600,0.8165854756258226
1671125400,0.9863598583885296
1671148080,0.7638373526494731
1671164700,0.7123834425476153
1671179460,0.7603608971702562
1671200280,0.8205187729624537
1671223680,0.7527108708557624
1671237120,0.9908857301139201
1671257640,0.6196747866002457
1671278700,0.9366560151768838
1671303420,0.15866531182563848
1671315900,0.45828157312448053
1671331920,0.2726324501948041
1671348600,0.0016339868318250783
1671364560,0.7941593817694481
1671378360,0.931713053339442
1671399420,0.9281803863232138
1671421080,0.158213902907615
1671439740,0.5178971682132355
1671450660,0.9331238235233659
1671475860,0.40002337704942326
1671494700,0.6240177565272484
1671511800,0.8246077415583755
1671527940,0.9714130644971795
1671551160,0.8800501316443095
1671563340,0.43174537923404926
1671578040,0.4937926238844772
1671597780,0.9063822935929235
1671613020,0.4042088913047233
1671637140,0.43950524048452966
1671656940,0.0029453877078510987
1671670020,0.44513733285887813
1671689400,0.7557882846214069
1671703920,0.3297339400188245
1671718500,0.4039441395236374
1671731760,0.6725271016936876
1671743460,0.9206096085417945
1671761400,0.5507701899937152
1671773100,0.5785139828518611
1671793200,0.7771417280369333
1671809460,0.738344806978107
1671833040,0.6462317307702049
1671849240,0.3053779422120164
1671864480,0.9627018302241458
1671881880,0.3368601703468628
1671897840,0.27229310170779525
1671915660,0.3554108580482707
1671936720,0.17337282222742234
1671952620,0.38002391692442133
1671972780,0.5078180926547883
1671986580,0.25028084624077784
1672003740,0.8870357517340248
1672018080,0.03645179925631882
1672028940,0.957726634881839
1672047360,0.824949530923739
1672068240,0.27825021001028954
1672091880,0.9436168737268
1672116660,0.7885777612000788
1672138620,0.22479168049504689
1672153920,0.867755583990163
1672166880,0.5991079739695433
1672182600,0.18015215931931394
1672207320,0.1693880013133068
1672221780,0.9816423904382553
1672239120,0.42346266746783556
1672263120,0.5346996838197053
1672285320,0.27542057497286504
1672307160,0.8752510989778473
1672326360,0.6610670638552272
1672347720,0.3146707912851263
1672360620,0.7412366983822654
1672381680,0.6840524124267438
1672392780,0.23095661188060695
1672414620,0.9594565389828703
1672431540,0.010805056112835327
1672456260,0.0316004701214036
1672468200,0.12758677054787662
1672484580,0.9509064939150563
1672502640,0.14808834068148646
1672526220,0.35583262839480884
1672546140,0.3172432521936783
1672569420,0.6231881051301897
1672588860,0.3325952088157007
1672606500,0.009629724170186949
1672626180,0.002314734748914516
1672648320,0.13888100375128556
1672667220,0.6948403570128521
1672689480,0.7145402387313546
1672704360,0.901142009309814
1672725540,0.9338988626563789
1672740120,0.005954149200548358
1672759320,0.8663801814682383
1672774320,0.19078408221879148
1672795020,0.78892380744622
1672812000,0.22317229103101902
1672835760,0.9017157544900762
1672849200,0.007754508511371379
1672863180,0.9234719641436643
1672874700,0.27417126293130234
1672885980,0.4024333780598106
1672905600,0.1868172666225532
1672927380,0.8282898240636273
1672947540,0.8212656424182747
1672960620,0.9683051613359418
1672983480,0.07475883354735077
1673005800,0.7826326924084802
1673021220,0.76289065500248
1673038500,0.570641134693608
1673057880,0.7158937385421474
1673083080,0.7463196919197905
1673103180,0.013401202296609063
1673124060,0.9087467370614759
1673135280,0.06045344321713599
1673151000,0.5422929206530647
1673165160,0.33558232304507757
1673178180,0.6288110676009766
1673195520,0.26226358951822804
1673206980,0.6810537214390315
1673230620,0.6381523796963023
1673242620,0.476473212772479
1673258880,0.7276868476937586
1673276400,0.5081125490738001
1673295300,0.18962549799447403
1673317080,0.14656736099120457
1673329200,0.7032333192916003
1673341740,0.9346450261467327
1673363880,0.9951184100499696
1673375640,0.008720971989707435
1673394540,0.18054950229092664
1673414220,0.6062225968965406
1673435820,0.808146071072758
1673455560,0.6140375085826646
1673467200,0.48103386903759776
1673486340,0.5246904272299356
1673506140,0.24984992520540356
1673525880,0.8581635295163001
1673537700,0.7136195578508808
1673557140,0.9241432174451947
1673570400,0.07754743486038297
1673585160,0.44583792644203935
1673609580,0.7178496571279098
1673633280,0.002269272068345765
1673648700,0.8270027658698283
1673671020,0.6892975893097996
1673692020,0.7789620800094992
1673709480,0.4456520442761707
1673725200,0.3498696686718259
1673736720,0.6323986282063315
1673750580,0.7621335579530462
1673771460,0.9182630898214278
1673788860,0.8319985513185109
1673802840,0.15139411013022153
1673822460,0.09692291532405904
1673844240,0.7752032561769601
1673869200,0.6154846101979716
1673880180,0.008421675502698928
1673899800,0.03270939118562115
1673922480,0.3574493331251065
1673935500,0.4958386523133242
1673949120,0.8092296286961913
1673959920,0.8755906124997752
1673985060,0.0738381645228819
1674003780,0.5714058708274357
1674020340,0.31617361782709763
1674032520,0.8935500664235081
1674049680,0.4633563654021158
1674065520,0.7822136617133002
1674077580,0.9202803309216353
1674089640,0.9504378943474507
1674112140,0.22322015406451576
1674123720,0.6076021821796409
1674143940,0.866003194911263
1674166680,0.8483932193828713
1674185820,0.5895316085534767
1674205320,0.17397072980745343
1674222420,0.9846672524165256
1674242520,0.9060498635659093
1674263160,0.6000408182546084
1674287700,0.1705925664350617
1674311520,0.013365527822459788
1674331440,0.8962780880858257
1674342540,0.8257882576899799
1674361500,0.7670438324637638
1674386460,0.6803941631873089
1674398640,0.721991276945801
1674420780,0.5567006096355234
1674445680,0.7540898999467905
1674465960,0.8083294725631941
1674489000,0.9270996222684545
1674509100,0.1438210893443077
1674526680,0.9159017440349262
1674550320,0.502567029614621
1674561540,0.6351663772197649
1674581580,0.16413063233179828
1674605820,0.49666643543569683
1674629640,0.889072710155358
1674651660,0.2690102421253414
1674667800,0.6555421754403571
1674683820,0.9343923620053002
1674697440,0.8649186201199871
1674710040,0.929425348854161
1674730260,0.47788060819382006
1674747960,0.891084671357365
1674770040,0.9894852826391948
1674791340,0.6029821669670006
1674810600,0.044926534937780205
1674834480,0.19652131519160096
1674849060,0.6014987773769267
1674869160,0.6120553179564248
1674884340,0.01566347377461799
1674907680,0.22731189082965172
1674922020,0.5876600697847842
1674943860,0.2801844039136967
1674968400,0.18877461228818723
1674988380,0.5054808760635545
1674999300,0.4626791457273459
1675020960,0.36474933505771784
1675039500,0.426529505899018
1675052400,0.292602694049648
1675073160,0.9616108554889571
1675089060,0.5875557539661502
1675112340,0.5062928028662103
1675132020,0.6346294964057512
1675145040,0.40649784590003496
1675159260,0.5088285430325941
1675170240,0.042490318359466116
1675185300,0.7226225951008483
1675197180,0.7464650830363837
1675208700,0.8770527796620426
1675230720,0.8252301174516548
1675241580,0.6354352251455958
1675256340,0.6481897029009556
1675268220,0.8593189256059528
1675279860,0.7058661526524284
1675294740,0.6078848188960533
1675307340,0.711489209424281
1675328520,0.6789918054970072
1675349460,0.8015271602464825
1675369140,0.6321047149382991
1675388520,0.9588586301271926
1675410660,0.7240573856272713
1675423380,0.16915989723395547
1675445940,0.6437379123497544
1675465080,0.8953641951390925
1675484880,0.2555359472821327
1675505460,0.57152408666859
1675529520,0.36559156170962814
1675541640,0.3557678124273625
1675553640,0.5677102867549514
1675576020,0.7265359678080756
1675595340,0.8129239565013757
1675608960,0.7805994452372311
1675626840,0.31037304747743816
1675639260,0.901875133151871
1675659420,0.8113120809336418
1675682820,0.10917162409900515
1675693800,0.4731979413575985
1675711380,0.5892104465175834
1675729920,0.8212892461505695
1675742580,0.7564527720032254
1675767420,0.13653106946718513
1675788720,0.11877932545808541
1675809300,0.5765069603938853
1675823340,0.8150559798289418
1675846560,0.34673040895467744
1675865520,0.6852616537131643
1675878360,0.915074288492305
1675890720,0.08704336632353686
1675903320,0.9817580265343596
1675924740,0.3000516449415783
1675936080,0.8711695160586834
1675956600,0.49966176660322903
1675976340,0.4065806803517969
1675992180,0.7623966766461086
1676012820,0.09570127776745997
1676024880,0.55085497129649
1676039820,0.5372173676231149
1676060940,0.31463010389324936
1676076300,0.9242928015205719
1676098020,0.941588833997237
1676121960,0.5247180035543215
1676140560,0.513043613478408
1676163120,0.8000669965095231
1676175000,0.5641720461984386
1676185980,0.8030708867608652
1676197740,0.5848295493960856
1676210100,0.21173500570082582
1676221500,0.2179310808308264
1676237460,0.25142174336244677
1676248440,0.5397532467580284
1676270940,0.8950930862999765
1676281920,0.5205862118768381
1676293740,0.8691635857862884
1676310060,0.6173264087769061
1676325360,0.0025122129831487362
1676344380,0.46423204147318886
1676366700,0.7646696304556415
1676385960,0.8569734433474813
1676406480,0.9286991086794316
1676424300,0.8594887174550951
1676445960,0.07216687928038555
1676464140,0.7655848640168798
1676479860,0.8891489737186673
1676491500,0.9364992198478127
1676507220,0.7421317269228439
1676532120,0.866531762273265
1676546040,0.05920254988932679
1676569920,0.8083033113624897
1676581140,0.8501065668261046
1676598840,0.4769932267555712
1676618040,0.3639682040061598
1676640420,0.2098602948772016
1676653440,0.8170081497399897
1676673840,0.06772324809849106
1676697360,0.4526048057758768
1676711340,0.5090926814154162
1676723400,0.0914586294460329
1676737200,0.3478984308653246
1676756820,0.1312043908682629
1676771940,0.40328447881631213
1676788740,0.8154099718440726
1676801160,0.8943394405587723
1676812740,0.8072438356424777
1676830260,0.7367185611421324
1676850120,0.008970446716297724
1676873340,0.5059562853414057
1676885160,0.8852125650170541
1676897340,0.46974842071490563
1676914860,0.8241919198177234
1676935920,0.2586950437890867
1676947260,0.9512358764039816
1676958600,0.2198962260071411
1676974200,0.6466448352097385
1676988720,0.7449624578503191
1677003840,0.6445144833314842
1677020040,0.8767652718052159
1677042660,0.8708400753251186
1677060420,0.8400333883680382
1677071580,0.6402906276381354
1677093360,0.6117986717305715
1677110880,0.6616155395149194
1677130200,0.7972774978231941
1677146880,0.7902956004189081
1677158940,0.9654190385221184
1677173940,0.8041294014300576
1677197760,0.899702030227098
1677210960,0.6978705691502785
1677234000,0.6648744214231829
1677248220,0.14720534971204463
1677266580,0.17432864930708944
1677286080,0.6883638945017434
1677300900,0.5335184856149993
1677324780,0.7676132601704986
1677349260,0.6721703527129219
1677373920,0.10991278822005864
1677390420,0.8454122974181412
1677410640,0.8829006385081192
1677422280,0.8141677119111461
1677439920,0.8709492732068136
1677455160,0.36734264927827304
1677479880,0.8772560466540764
1677501660,0.6117549594322892
1677521460,0.8632553414333022
1677537780,0.9492131152931168
1677558120,0.27249147249914973
1677575220,0.30512911028160117
1677587220,0.13456298054894703
1677601080,0.9735243029617785
1677623760,0.266282092954131
1677647820,0.9112663137349899
1677672720,0.3437355630591723
1677693540,0.5894831791525428
1677714780,0.7948607509357327
1677732420,0.9118226073372914
1677753840,0.5715080532531762
1677771960,0.6335893525628818
1677796740,0.7639437985969708
1677808380,0.07073446090822871
1677828540,0.7095822745187306
1677846360,0.8615733566542918
1677861240,0.8613471235021327
1677885540,0.6064747866960225
1677910140,0.7195814685688826
1677930120,0.1624172604053954
1677954120,0.3869878411469093
1677975240,0.2950363613697493
1677988740,0.15820846330577557
1678004760,0.900203439070625
1678024320,0.6738307835619037
1678042020,0.39460944976283896
1678065660,0.3479756269332809
1678086780,0.6796179706926193
1678105020,0.9640046390858528
1678129080,0.1119146342288827
1678143960,0.9905619593241318
1678156920,0.9305810770932464
1678170000,0.8076018080732006
1678190640,0.7796595114824696
1678206300,0.937972000957743
1678225620,0.6496120826435021
1678242120,0.07031045654959213
1678255680,0.9276777128017981
1678275840,0.2955500014122333
1678294140,0.8061539902687165
1678307400,0.5983489971028181
1678326960,0.011217652537253464
1678350600,0.37595994848733616
1678364640,0.7676241921883672
1678375620,0.3910887379296082
1678395780,0.20055563426258385
1678420020,0.18828809726308576
1678440900,0.835270014000707
1678454460,0.34488490301159347
1678476480,0.7529242339179384
1678498200,0.9361581712685457
1678521360,0.04459484923541293
1678538820,0.9794733219158752
1678560240,0.5836909648658508
1678581600,0.7853814558264591
1678594440,0.6333111050936365
1678605780,0.4440937421093629
1678622280,0.7922193754641973
1678641360,0.9139988360963135
1678653420,0.11384000495414413
1678676580,0.16736127948672536
1678697460,0.3869149815641643
1678712880,0.6858530655697461
1678728360,0.6983141762814795
1678748040,0.7279400964811157
1678761960,0.543444484018037
1678786020,0.7442863768040535
1678806360,0.6844919892879116
1678827120,0.9945589363282622
1678838280,0.7547607728705472
1678863300,0.08439333922378692
1678880220,0.8326262520801868
1678898100,0.7273290726954647
1678922640,0.16801298397415126
1678946340,0.0013083433328110162
1678970340,0.7969875655483025
1678990380,0.6762422545466464
1679014080,0.7277893273425289
1679029980,0.49274537370977434
1679046480,0.8636406981132942
1679063400,0.29202814631355256
1679075460,0.2581810878059335
1679097000,0.4602663864092857
1679115420,0.7347460928233688
1679127900,0.7528756684970259
1679141820,0.7765651471896959
1679162640,0.22884043330697515
1679186520,0.7367759416867428
1679205240,0.8375768128287464
1679228760,0.42465671767985635
1679245920,0.135061779840292
1679259120,0.7978359052631276
1679271300,0.8723343869152107
1679289540,0.6045764914187238
1679310300,0.7982152576098231
1679322120,0.06802001172625355
1679333580,0.10808959651574564
1679347020,0.324218765730501
1679367120,0.584167174267338
1679379000,0.9039506864312358
1679390460,0.45035353005079226
1679415000,0.4285401586176163
1679440020,0.5084425709746541
1679463720,0.8785739107182594
1679482080,0.4005730619827701
1679503080,0.8879220922048927
1679519100,0.8974671918607512
1679533020,0.9123499256654292
1679546100,0.8988681405624623
1679569560,0.3616919652572594
1679594100,0.7378175789651583
1679613840,0.2794249865716394
1679627520,0.28959851221010213
1679645100,0.7804453838257046
1679666160,0.3550795179295456
1679680740,0.5007209471724962
1679698920,0.11646928758088201
1679715180,0.4497370402564796
1679728260,0.5951495962384037
1679747460,0.10971997249569146
1679760300,0.38241031541576676
1679775120,0.8213791033261598
1679788680,0.5496884325225061
1679804280,0.21867393206493416
1679816040,0.4810668224005537
1679831100,0.9466105578523833
1679854680,0.2486292965130115
1679869140,0.031189860005301454
1679888820,0.0668093062901318
1679906760,0.9323541092331962
1679921520,0.7803163515478809
1679941920,0.7483989461256445
1679960580,0.9056913740523149
1679985420,0.9579256457352046
1679998860,0.5299998571394593
1680019380,0.09059255874145848
1680040080,0.9550822577022892
1680054720,0.8892833395264417
1680070020,0.9472348034401818
1680088020,0.6097751688075219
1680099180,0.8681454586490096
1680117480,0.8624414188924994
1680130500,0.7807482476149247
1680154260,0.3360141231523685
1680171720,0.3384264796244307
1680183540,0.010702882935783871
1680195420,0.43715182829134014
1680207960,0.010050172564738053
1680220080,0.41911581775077017
1680241140,0.8676286278962129
1680257520,0.847256133998754
1680272340,0.04727061201351709
1680292500,0.9276128757428198
1680317340,0.09689754424902768
1680331740,0.5558861150842533
1680352140,0.8018825451358242
1680373200,0.7301452929663039
1680393120,0.2515523092410422
1680415140,0.19923673696084446
1680437040,0.8524595456699169
1680452400,0.7649915921004563
1680471000,0.6077406406546509
1680486900,0.8843246326927833
1680501780,0.4193378585402042
1680520980,0.6340302821290261
1680540540,0.010019434125127626
1680565620,0.4855092138184275
1680578940,0.48901700526729486
1680601980,0.9025555393242505
1680624240,0.9020011716155978
1680646680,0.7159877226079061
1680663120,0.5937190589005598
1680687240,0.2606617398095972
1680709560,0.040301766027215975
1680727980,0.45296642644319457
1680747360,0.15093928124603287
1680763680,0.654108652517494
1680782100,0.7197864666687259
1680799620,0.20446557690104156
1680819240,0.08834472344995191
1680841320,0.1806003840135522
1680861300,0.9098641792049071
1680878640,0.4433910239366037
1680902040,0.6151259006887213
1680914280,0.0024117291226910267
1680926220,0.9544454936715288
1680950400,0.9622386596495267
1680966540,0.8137386912505269
1680979260,0.12410064041482755
1681000800,0.7098419136577979
1681017420,0.4956442213303847
1681040400,0.5425499749418762
1681054140,0.4632447753495013
1681072140,0.6485215319646174
1681096920,0.07813422113558527
1681121280,0.5843125729660448
1681134420,0.9519942065263778
1681145580,0.5120189937078812
1681161000,0.8550136827780084
1681182720,0.8681916020005314
1681194900,0.3864709074893091
1681215720,0.7448391687819075
1681229040,0.27970966180810347
1681251540,0.5012915998060326
1681269000,0.849608883473449
1681282020,0.8326919250797422
1681293780,0.7327865689740349
1681315920,0.6636451630165482
1681337580,0.6790280132090583
1681358220,0.23710400030174858
1681375800,0.01618255343292306
1681388520,0.0024158598563635944
1681405500,0.9172653091488893
1681430460,0.6937279448462345
1681447680,0.8503075475847186
1681467660,0.7497144321267293
1681483080,0.013063775776230213
1681505700,0.5625418162831305
1681529220,0.6033571875990567
1681548300,0.548669942486318
1681561680,0.7036945681256739
1681577280,0.462274803179366
1681599000,0.15651392265069686
1681610280,0.42728683968825415
1681622940,0.290690438332335
1681642140,0.7630905353470394
1681664100,0.731630930777853
1681688160,0.5441452798445381
1681704480,0.42661885949207323
1681717680,0.3603736984087534
1681742340,0.9777431750514674
1681765200,0.5075554709045468
1681784880,0.028231531270679806
1681796820,0.6313234991154019
1681818480,0.0925451913896818
1681841280,0.9199209116107339
1681862220,0.837271330838975
1681878360,0.7740477658523263
1681898940,0.5641212253356536
1681912920,0.6587926233724465
1681937760,0.7715974540702345
1681949700,0.004233713273614548
1681966320,0.8194641742977457
1681990560,0.6088938112329834
1682004420,0.9870996849232041
1682016240,0.9422827239785518
1682029620,0.5170538252511181
1682053380,0.8324393463943741
1682067660,0.706809653650819
1682079900,0.6382277338666178
1682099880,0.7338227693866575
1682116680,0.006136320612665711
1682135640,0.4995500188971535
1682151600,0.007201675564066147
1682172720,0.5388774574787301
1682189040,0.8093362088383044
1682205960,0.8701504590035309
1682227620,0.830493929590021
1682245380,0.7351097229779984
1682268900,0.8236965180346494
1682285820,0.8016852852463099
1682304780,0.5980315976556996
1682324880,0.8543706808856688
1682344740,0.5656469502455537
1682366220,0.6997740184028721
1682382180,0.8486029156004131
1682397840,0.6822864863468702
1682421960,0.022288136737727157
1682446200,0.7947149732180238
1682459160,0.42491431608199814
1682476200,0.5124269255095912
1682495700,0.6399875039945518
1682510700,0.4495668036344304
1682531700,0.18953092212323858
1682551020,0.7639094663692894
1682574900,0.6070199218760459
1682593980,0.9396531451141913
1682616060,0.7411217710277203
1682639100,0.7595095406335289
1682661960,0.9267261711635355
1682685360,0.9074700991935418
1682696580,0.7250831201504397
1682716380,0.6959413595537205
1682734680,0.7911592414887453
1682751180,0.04382771229780053
1682775660,0.7711904307943778
1682792340,0.6525427831036594
1682812620,0.8290171974686642
1682834640,0.7130365442724536
1682852700,0.36454846874646085
1682865300,0.7736681985322236
1682877480,0.5988891967947687
1682889780,0.5912430658924069
1682902380,0.4142617877835747
1682915160,0.9072434445892605
1682938980,0.6862448071090921
1682953500,0.24923961528132624
1682968500,0.6533663612530807
1682989440,0.009487208019454614
1683004260,0.6566985162157806
1683025800,0.8671551185031569
1683041820,0.32031068819954767
1683054540,0.5958255394893941
1683065400,0.36496836917923936
1683090420,0.8285743400581947
1683101400,0.7632960850180468
1683123660,0.9076737806799342
1683140880,0.5580285421587853
1683165300,0.7313537917522058
1683178020,0.871913214149934
1683197160,0.7826669905949186
1683215520,0.838016416126267
1683235020,0.8311897375454285
1683246900,0.06429878193403032
1683260160,0.708559851540166
1683284100,0.5144928244390279
1683300960,0.7998670354984797
1683317100,0.23827994437558006
1683337980,0.14041343083470095
1683350940,0.7897676744773969
1683375720,0.766103462751399
1683398040,0.2727499334337372
1683410700,0.41785778205574164
1683424260,0.7477782148205383
1683437580,0.6134435251211876
1683460800,0.9047244453070651
1683483840,0.7866536981134549
1683508740,0.8165884961658907
1683533700,0.5808298495314277
1683547200,0.6928631421916781
1683569340,0.6295939977211775
1683594420,0.9765739515497321
1683608820,0.7354119092348838
1683633240,0.9175965544731524
1683648240,0.5564660090925151
1683670980,0.1798408607700104
1683687420,0.6283464836844835
1683698460,0.6143239211163275
1683723000,0.7435930470507587
1683747120,0.08879002434660019
1683758100,0.3835243715531951
1683782820,0.32309845442241714
1683797460,0.1597483762535653
1683809880,0.8055616096903783
1683828780,0.27136276654303093
1683853500,0.902749960693862
1683876480,0.6116133922697181
1683899940,0.29722743482453784
1683923880,0.013171001099154695
1683937620,0.8904298264593681
1683962400,0.7735477803762306
1683976500,0.6739493703971093
1683994800,0.7343366947057007
1684011780,0.2022149953232752
1684029960,0.8702666171905036
1684050540,0.7710287907908131
1684066200,0.9429739318909679
1684087800,0.5230113806893828
1684103220,0.4220597645032289
1684121580,0.5941452989360224
1684137840,0.9016913789863581
1684155240,0.8611963985365636
1684176600,0.9800933514499105
1684192020,0.42461835044503016
1684213920,0.9294444582979763
1684225920,0.8163243276434409
1684249920,0.9657940946659848
1684267260,0.7099080947704822
1684280340,0.0019413545267407094
1684293660,0.6924766030450492
1684307880,0.35586991191405937
1684320480,0.8409858342894859
1684335180,0.7426640648612091
1684351260,0.6740503414111583
1684374540,0.7781228784390091
1684393140,0.7613981011150037
1684418220,0.6916355607475011
1684438140,0.7393635154740297
1684456740,0.9817312981932316
1684479960,0.7966797387453729
1684502040,0.3328313481591706
1684524360,0.606249599419556
1684536240,0.04750064870404434
1684549800,0.5920298830216368
1684570920,0.33535207283224605
1684593660,0.9008268523541026
1684611120,0.7697010029608686
1684629120,0.07609876111095212
1684643640,0.5573612368574707
1684656240,0.9290276578271498
1684678980,0.4197889586969791
1684695000,0.24631571336589866
1684716780,0.7840712174821097
1684730520,0.7358188669608925
1684746660,0.8324419795902447
1684769280,0.7413851507788973
1684789320,0.7973970935725007
1684814040,0.8898556522614443
1684825920,0.8694325062992474
1684850100,0.8337228807503785
1684872240,0.0243789932334071
1684888140,0.6943041424019878
1684907520,0.7975784990579436
1684918920,0.8583848712745257
1684942500,0.9287541950274277
1684962600,0.7550878265434803
1684977420,0.032323471897733276
1684996320,0.8042104518281699
1685018400,0.7903122865912799
1685033460,0.8737752559454145
1685058300,0.8842958673700408
1685082120,0.6799154223976525
1685096220,0.28405750789461764
1685111100,0.23051426652422635
1685133660,0.12109487056895582
1685152320,0.8899111514523658
1685169060,0.5947887190195814
1685181360,0.7558803652974347
1685204580,0.07106846234733437
1685219700,0.8174901166741949
1685238660,0.04557654649209562
1685261640,0.4848651954273213
1685272500,0.05563101579983481
1685286540,0.10976905658664261
1685297880,0.707282475220389
1685318340,0.45753519686070715
1685341800,0.7155326505339119
1685361420,0.9901355944373906
1685376600,0.12116949088657482
1685390400,0.0590941605621143
1685412300,0.836926463948747
1685423160,0.15026509168500723
1685442840,0.7267062379324375
1685460840,0.7409407879658534
1685485800,0.15368549689004948
1685499120,0.7239885270682793
1685519940,0.8662063072179833
1685534160,0.878657956902123
1685559000,0.8023332109374519
1685583360,0.83560893442281
1685605320,0.6095852276845132
1685619840,0.7809760815795425
1685636340,0.4972305883334883
1685657280,0.733922515381238
1685681760,0.11490039360220634
1685702880,0.8502757245694463
1685723520,0.7296429507632762
1685742000,0.7324589970454283
1685764620,0.7896493709684338
1685785080,0.5184902543590189
1685798880,0.6343032210403492
1685812500,0.5265076173278748
1685836080,0.8528774605175407
1685855220,0.09705744546205443
1685870040,0.896532656603641
1685887800,0.6096068668184151
1685910720,0.7595472017518099
1685935380,0.0188024939068489
1685957880,0.6179135969763828
1685973540,0.17928709375657267
1685996880,0.6880752525693317
1686013620,0.7773162938970442
1686026340,0.961562222090241
1686040920,0.8411857941288783
1686052860,0.26603348712853975
1686077460,0.9116548025096397
1686099840,0.9665266609404211
1686117000,0.6231408448874043
1686137460,0.8427109486726038
1686162540,0.7043283615094712
1686179700,0.0022242323258276843
1686191400,0.8607989351850619
1686208740,0.07967747132910025
1686232440,0.7394715702488963
1686255720,0.844525146907483
1686276660,0.7036995255095397
1686301440,0.7434761904183831
1686319200,0.24563583064053035
1686334920,0.8140806039467336
1686356520,0.8515786811308405
1686372360,0.7124791604850678
1686387600,0.6538405347355611
1686407040,0.5136374249118454
1686423720,0.7568608384194815
1686438960,0.6123702123931083
1686458940,0.15142209845616783
1686479520,0.4774652155469212
1686504480,0.2694373585957346
1686527640,0.7968501336501094
1686550320,0.4035196149472232
1686570180,0.039982856994804854
1686583800,0.9079873815175429
1686597180,0.7681821610041477
1686616620,0.6565209974106374
1686638220,0.5916694034246905
1686656040,0.49071691745969354
1686680760,0.7081569879532346
1686692280,0.18002526553114045
1686715800,0.9134027450215867
1686728220,0.09476881023409486
1686749460,0.6102381795149214
1686767040,0.282948362534734
1686784620,0.54184659819507
1686801000,0.00494617454215487
1686813060,0.7596966878039823
1686825900,0.23949436156171153
1686846720,0.7833798905207711
1686864060,0.2958903491876278
1686879780,0.2581536578666427
1686893880,0.1274672618354189
1686905460,0.5572990735970818
1686924960,0.43383872309821203
1686936660,0.8959139349009527
1686960000,0.8685291878796837
1686977880,0.7698184436533018
1686994560,0.26738409651925005
1687007340,0.8603102884497941
1687019160,0.7937611755349383
1687037700,0.33622498463574135
1687056660,0.3789101339887593
1687074780,0.5243331187885378
1687095960,0.8704049500975954
1687106880,0.5165547087909934
1687120800,0.9051045142904999
1687133700,0.8922657775938717
1687155600,0.7915461221288689
1687174380,0.39829168051698915
1687192260,0.3263801330604305
1687212900,0.4082060453881009
1687224540,0.5615346108190596
1687235880,0.284991617682295
1687247640,0.6359177869464162
1687261440,0.34385855059599035
1687276080,0.7987695595775716
1687292460,0.6098087331602209
1687305180,0.024489959929321365
1687322520,0.7936350968008633
1687343580,0.6894871074476654
1687360200,0.053635551198781585
1687378980,0.6398615299106626
1687399200,0.9451488111568839
1687412520,0.2135538432258477
1687425120,0.3824383515885691
1687444980,0.16788585856220076
1687459380,0.5938939066688372
1687480980,0.5451725543735928
1687501500,0.2783025264745345
1687525500,0.594800752138918
1687536540,0.8837699579275181
1687551600,0.807122935750485
1687568280,0.21860156759318206
1687587300,0.6163195955626083
1687602780,0.5331207871230562
1687619940,0.007577628338332661
1687644360,0.9163684294698673
1687666920,0.9705665155344175
1687682760,0.16398864424176487
1687700520,0.7219089233902556
1687725000,0.937097297971834
1687749840,0.2998039798568807
1687764420,0.4789363725886913
1687785540,0.825533674763405
1687798680,0.917260364122174
1687811640,0.7918194573039923
1687825500,0.7015500313444263
1687847640,0.495143545179329
1687866360,0.851461516946696
1687884240,0.5788215918232147
1687897080,0.2414773039573247
1687922040,0.2030115872284084
1687935360,0.6247397021366784
1687960260,0.011439267246307042
1687977000,0.008005758382124207
1688002080,0.9431306851588801
1688014020,0.8431720163758866
1688025720,0.08039078469034787
1688038260,0.9744152042072903
1688060040,0.8453420579588231
1688071800,0.8703971768009726
1688094720,0.8364345385526935
1688111760,0.7555446134763913
1688124300,0.4421626385639249
1688144520,0.8172461020302036
1688168040,0.8571675920696504
1688184240,0.8842773943090947
1688205240,0.8357193485917279
1688224680,0.0074461150194677535
1688244720,0.48536232462003404
1688263560,0.7946406122208662
1688275440,0.8505960588173265
1688297700,0.8907612074047961
1688309100,0.764761976725387
1688321220,0.7106972290295966
1688338260,0.20410646817057285
1688352840,0.7968663259909153
1688366100,0.9747290811979593
1688388360,0.050562612205016656
1688407620,0.7282819123845296
1688420940,0.5053984597526653
1688439300,0.4125945086992554
1688462160,0.8454606747451484
1688478240,0.8650784669224684
1688501880,0.040965085731446846
1688526120,0.49252033222656333
1688547660,0.7659156571732408
1688561820,0.8893239625268886
1688579940,0.450185753627971
1688601960,0.3762012952905278
1688620800,0.8403862420129885
1688645400,0.8997439554167268
1688662800,0.523153437999265
1688687100,0.8042832580715449
1688699580,0.008350906579959197
1688717460,0.5684082636893413
1688734860,0.11163657611977673
1688749980,0.723720889039013
1688764860,0.7988669319616244
1688784240,0.8747128092749002
1688804280,0.4606081151819269
1688815860,0.2660145874516612
1688832660,0.4898153124938616
1688847060,0.4029179162648377
1688860680,0.5429492762535884
1688876340,0.6613386164258852
1688887740,0.057751013402774644
1688900580,0.9313569192395523
1688919600,0.7080810511008141
1688941260,0.7741490504036577
1688955840,0.01902103224752305
1688979780,0.8427257507586394
1688990580,0.9374419397658591
1689008400,0.003031158227736489
1689027840,0.15855326753869636
1689044820,0.898287590028746
1689069840,0.8716309773230646
1689090840,0.6324360386326364
1689110400,0.6788634501799096
1689121860,0.8169778419602622
1689137520,0.5880072176506967
1689160860,0.7667074294583558
1689178200,0.753440255343031
1689190200,0.4341052617925512
1689202980,0.8932431230585319
1689219600,0.7716476856976844
1689236340,0.8659782646605483
1689260580,0.9599850362000952
1689276360,0.011134378172163832
1689291000,0.42358761395775474
1689309840,0.2104017727846197
1689327960,0.59427315680643
1689346380,0.03331804192670188
1689365220,0.8425855913922684
1689385080,0.8212223300353805
1689406320,0.08923873408233846
1689427560,0.6344523240007361
1689445200,0.18231583551554642
1689464880,0.883290691580121
1689488820,0.8047142191069135
1689510120,0.9632679424474039
1689520980,0.7241420921949363
1689534840,0.5244117614167801
1689555360,0.47676677421351576
1689577200,0.8710693232528219
1689594360,0.46909586079477134
1689615480,0.5428843924137549
1689628740,0.713179601584341
1689642000,0.5311090078689782
1689663960,0.6657419171537872
1689685680,0.9210330738958122
1689709980,0.002516330952287227
1689731880,0.22315235040983225
1689744300,0.6862907967045732
1689756840,0.06618203468738482
1689772500,0.4837959628670002
1689795180,0.8900402979672404
1689812640,0.993132670269893
1689836040,0.9128994677434003
1689851820,0.930488136237862
1689874020,0.0032554343893534403
1689889920,0.6929548873973339
1689901800,0.8591659748965451
1689925920,0.8275806948579478
1689940380,0.7230164730560376
1689963900,0.8271726784740796
1689979080,0.5773214454877365
1689993480,0.7665375188350263
1690016520,0.020920021481736585
1690027680,0.5277015902223656
1690051500,0.8569403558470832
1690062540,0.7237917634325722
1690073700,0.004225549160218364
1690087620,0.5805320202452919
1690106880,0.9206478945545858
1690125900,0.9169490054263558
1690141620,0.6743514876776177
1690158720,0.9331841930832205
1690172700,0.6870202967071082
1690195200,0.5976415782168194
1690211880,0.24173078867834805
1690236480,0.8280155730905643
1690258500,0.3681516356149941
1690280580,0.8241993985988172
1690302600,0.8417523868009797
1690320060,0.448645377231786
1690330860,0.6994518010717118
1690352640,0.8885928215069276
1690369260,0.8231275215873451
1690391460,0.0024960932919370583
1690405200,0.27516143293920814
1690426320,0.756705595328695
1690437120,0.41197815522055925
1690461180,0.019043382088930885
1690483080,0.96946919237992
1690494420,0.890690956126806
1690514160,0.8835236099832485
1690538160,0.7460998863173095
1690561380,0.2689749579377125
1690583700,0.9296376492552104
1690597560,0.04652316795612741
1690618920,0.8628350946717266
1690634400,0.6670107244905399
1690658460,0.7084350162005624
1690679580,0.8693510816672761
1690692180,0.2143989898301965
1690711620,0.6867447246695167
1690723500,0.0037900386731664288
1690747260,0.32832786036529726
1690766040,0.13793402879667352
1690783140,0.8130245547418453
1690795500,0.004689783379764181
1690817580,0.5538358606584826
1690840860,0.8687812936724005
1690852320,0.8733408248657226
1690865580,0.9028786079381302
1690882020,0.42610861189127525
1690898760,0.775660481689394
1690917120,0.4724734187330174
1690941840,0.7180613983414834
1690956180,0.5711480997921102
1690969200,0.9394670222711042
1690994280,0.732609111073836
1691013900,0.9205716481942586
1691035500,0.9895014667896587
1691059620,0.6539208131785339
1691076960,0.045076335496860645
1691101620,0.708922116811004
1691119920,0.2514738562060659
1691134080,0.7814374121900272
1691156220,0.09535454997471803
1691180100,0.9858763088957664
1691205240,0.025564975891485667
1691227080,0.7420579402327583
1691246820,0.7321829345568761
1691258880,0.8702539576706945
1691274300,0.9693242503286064
1691286600,0.27807197583253385
1691311140,0.9222361914389786
1691323380,0.24216414082907625
1691335740,0.7432000859879353
1691356860,0.7791840319457062
1691367720,0.6682513499712509
1691380380,0.9201884342560213
1691395500,0.6226687190991125
1691411160,0.893167325183785
1691435400,0.3245485117941503
1691449080,0.1562451588852533
1691461440,0.4964248759016489
1691473440,0.10373378568042955
1691487780,0.7217153558283704
1691502660,0.6683786919034924
1691517600,0.8324870807518345
1691530800,0.07154021751820953
1691546040,0.598929163807617
1691571000,0.9846137994746095
1691586000,0.1669999659982773
1691611140,0.6140452299990277
1691635860,0.9153487076126825
1691648580,0.6591560656756829
1691670660,0.26037333429789866
1691684460,0.9397161388120628
1691699760,0.10506960907341631
1691724840,0.5443245672870488
1691736180,0.035236759266327806
1691752140,0.0057747395900982915
1691776860,0.02791234561375546
1691791800,0.6991767856869114
1691814660,0.9349640891672564
1691837940,0.07115875498324523
1691860500,0.37122564360192545
1691877420,0.5394205224800402
1691896500,0.19571428243298084
1691919300,0.0062938127000052605
1691930160,0.0813622053688437
1691953500,0.033613939990913506
1691970180,0.632633697515928
1691982000,0.8241010266113395
1692000720,0.8988366266394167
1692020100,0.0035543855959501536
1692031800,0.9048223938366429
1692047760,0.5034114685302358
1692068400,0.6795471643212837
1692090180,0.7803711162660711
1692101100,0.01795423824098412
1692119580,0.8528204981048193
1692140460,0.2881958810050956
1692157980,0.8167692811896126
1692181800,0.02612397942091243
1692193320,0.953402950720186
1692217320,0.4918714741369836
1692240780,0.8991750318272242
1692255540,0.5895225474611792
1692280140,0.6426117187226098
1692302760,0.24682930603517128
1692316680,0.9069015301963063
1692328500,0.6306138502067882
1692344400,0.18992950765597205
1692360840,0.39916431289481286
1692385620,0.0965194590937484
1692404940,0.7481643621172712
1692424080,0.013356257873040693
1692444780,0.8903697642799081
1692456420,0.7788440401269145
1692474540,0.42073258282687015
1692499080,0.2806087219037729
1692516120,0.23079641361980757
1692533580,0.7616861226959148
1692552240,0.81632620518839
1692573600,0.2476508090791701
1692596160,0.21883318965534715
1692606960,0.48812764918380874
1692626340,0.920876311889179
1692638580,0.4212071066624495
1692656760,0.1330634674227033
1692678480,0.08544358932154598
1692692760,0.2779859945304556
1692710340,0.023790845418406245
1692722700,0.607051561653014
1692740400,0.06930310182456756
1692752400,0.8857985424899182
1692773640,0.6104748676438434
1692785100,0.7290164318502141
1692799740,0.30427792605347
1692811560,0.4138526140475228
1692829200,0.5925611099896859
1692846000,0.9054486948952337
1692866160,0.6087880992519699
1692883320,0.817289760339596
1692902040,0.8126298884208862
1692921000,0.04466694394452118
1692941280,0.4611491565538039
1692955740,0.7552808139293328
1692968580,0.9227940607106468
1692990540,0.10205949604674412
1693015320,0.788496982159044
1693033080,0.757018423470166
1693056840,0.9282212120312506
1693080360,0.5114195782726065
1693104720,0.9023311766223224
1693120440,0.8894637544247941
1693140480,0.8295944657911685
1693152240,0.4463560414482186
1693169520,0.5363453924964396
1693181280,0.5871902870914194
1693202580,0.8760814735941593
1693222440,0.668410824526534
1693246320,0.6236449457151403
1693267500,0.5502481552189936
1693279200,0.6381189060544032
1693290600,0.7847724460624611
1693302240,0.6757515806912993
1693325820,0.24256716541382062
1693338240,0.8325552616481685
1693358940,0.7798686329355997
1693371060,0.8723107265669989
1693386180,0.03989953452180902
1693407600,0.9106076386463012
1693431660,0.3083367271055427
1693442460,0.19129393711811102
1693457940,0.5048013492546964
1693480860,0.6559571602169557
1693496520,0.6288286763027456
1693516620,0.2827727786269548
1693536420,0.02464437815178135
1693557180,0.7453403958583287
1693574160,0.5981321651710416
1693593900,0.10936441143192555
1693608480,0.6556330621965034
1693620000,0.6303852698335322
1693633260,0.13322085515514404
1693656180,0.948122639181474
1693673340,0.7210168047094683
1693684260,0.8427507639053456
1693703280,0.7660596595205631
1693721640,0.09176456187419843
1693740600,0.6918855669834718
1693752720,0.5666538392084655
1693767840,0.6973973063798151
1693780620,0.4428254773332163
1693794780,0.8195907887337754
1693818240,0.5201338176305461
1693830480,0.9497589422012039
1693848120,0.8058809350765641
1693863420,0.9209625666606469
1693879080,0.883112014514332
1693894980,0.8881582231247014
1693917240,0.8855281655812234
1693939260,0.7835518495504457
1693951560,0.8581249028112867
1693966440,0.09483406283995813
1693981560,0.5276705846466128
1693996920,0.8898898853248197
1694015820,0.6936851577096693
1694036040,0.5953382346290788
1694052300,0.7953960904181545
1694066040,0.9491358273769327
1694084040,0.1291226532218998
1694102760,0.9227177454403285
1694122920,0.6928447076230262
1694143500,0.402895558438648
1694156640,0.6050822243004803
1694181060,0.8009748046165461
1694202480,0.018161371011355766
1694220480,0.2803517538010699
1694235420,0.9065294347750326
1694250960,0.5684289319602227
1694268960,0.827048426207014
1694284080,0.011659404624572723
1694307180,0.8267099608584136
1694327760,0.5363643753195954
1694343180,0.9246244419642298
1694366880,0.5404706764318169
1694380500,0.8120844193372703
1694397840,0.950477187361368
1694417100,0.881384825445718
1694437860,0.8496721734794652
1694454660,0.4466438147026546
1694478960,0.8351447176345785
1694496480,0.04690302837525345
1694520900,0.8840061830938641
1694542200,0.04771386620208007
1694553480,0.10086476977213119
1694576160,0.036813070828208186
1694589960,0.170186845791518
1694613540,0.22283207996802692
1694625660,0.5070498502940497
1694641140,0.4963770415973512
1694665140,0.24274367578531159
1694681940,0.9841191954582122
1694698080,0.25868790518333373
1694719380,0.5354536941996876
1694740140,0.7240661926146036
1694760480,0.6445157267864723
1694784060,0.19417205277780994
1694805720,0.42003194158437573
1694823180,0.5472853442900794
1694845440,0.7520875610040272
1694865060,0.844604476475225
1694887860,0.9369325838033464
1694903220,0.85389636348007
1694917920,0.3579181786194414
1694940060,0.07853351110765018
1694954340,0.9738655127406506
1694972940,0.6414388269486222
1694995980,0.7219694218801367
1695011280,0.9045024319288942
1695026580,0.8876642594802884
1695043020,0.9181066208140838
1695059820,0.8682128309965402
1695076620,0.7257149603258471
1695095220,0.361966763445407
1695112080,0.778623153121349
1695134640,0.40004141719400554
1695156660,0.19123096629672173
1695173940,0.35431710575085923
1695196500,0.03288965241086348
1695219720,0.7085700323333477
1695232620,0.6460838879251668
1695250140,0.008820683790010816
1695271620,0.15039398485416516
1695283260,0.1103489949781309
1695300300,0.30531372790412536
1695322320,0.770306427338989
1695341580,0.42018950623246265
1695366780,0.2597398305837259
1695381300,0.69850821483015
1695399720,0.39252190539346987
1695417780,0.43339473795061917
1695436380,0.23824060051812143
1695458580,0.11901899551180206
1695475560,0.23620259391730533
1695489720,0.8584259878144651
1695506700,0.807153310935135
1695521040,0.7548705766261914
1695545580,0.9571713457201332
1695557220,0.7363749083230537
1695572280,0.6913662665949861
1695589200,0.8688057193545989
1695604500,0.4937553293989776
1695622380,0.5323147824128809
1695635700,0.784972689217958
1695654000,0.6505390872512462
1695676800,0.8028047598724615
1695689100,0.8340301521954867
1695700860,0.7275998554784365
1695717660,0.8556520349935147
1695742380,0.8525027700329594
1695759000,0.8625287858336326
1695774120,0.45548208608975044
1695786060,0.7933689484512091
1695797640,0.8958987320939423
1695810360,0.8028480141372952
1695830520,0.3965145549329191
1695853440,0.12261576935205644
1695876900,0.005229210043741629
1695887940,0.8416592301225913
1695907860,0.9206585987941444
1695921120,0.7049595048471364
1695938460,0.8429411564326916
1695957120,0.4074583133018582
1695969120,0.13943520426053543
1695987120,0.9479543617351993
1696002360,0.8014184076656264
1696017180,0.9108999336891493
1696041720,0.3501431098403154
1696059300,0.37976021037517377
1696073940,0.8854632297963879
1696096800,0.4700496717218658
1696120140,0.8208260055118934
1696136100,0.9458025936859026
1696160940,0.6023404633474252
1696180440,0.1395182050622305
1696199520,0.013329239473023521
1696217640,0.7602180698282538
1696234500,0.033543093353645886
1696255740,0.7908860144271519
1696271280,0.45360921206947824
1696296360,0.8625429209969152
1696317240,0.9204239240273753
1696334820,0.8584315808812301
1696356840,0.6819649618522268
1696376940,0.844910817021669
1696390740,0.7631488635103201
1696410120,0.024195285427105532
1696423380,0.7586272970285932
1696434420,0.3782787230696347
1696453380,0.6993615587592772
1696469880,0.7947716268508396
1696481160,0.8898950038184669
1696503600,0.6558455316471221
1696522020,0.921325040634732
1696533780,0.7216078793711458
1696553160,0.822038779394197
1696565820,0.8665761370890502
1696579260,0.6592414218277725
1696594140,0.3759168508151256
1696608180,0.8994679794708673
1696624440,0.9175226698278669
1696640400,0.08569982069785799
1696653060,0.3826367614268346
1696676400,0.7054817808986575
1696694280,0.2854905784043441
1696718340,0.4664345661183084
1696738860,0.6898771215424648
1696750140,0.3817088734465986
1696765380,0.0018311166593960558
1696783020,0.6530925366502406
1696804800,0.408437820204087
1696820580,0.8881671482917428
1696841520,0.8701239854201828
1696855320,0.12273716979957298
1696874340,0.7851617442108916
1696896300,0.15931225456088882
1696915320,0.027243603821575556
1696927980,0.9547552899840834
1696940760,0.750678397234204
1696958580,0.6845958681811732
1696974180,0.648070843715743
1696986420,0.7344344840485038
1697003640,0.5868252060815118
1697018700,0.5842068669841323
1697030760,0.5023109097312893
1697054760,0.29341408979782246
1697073480,0.417689115136455
1697089860,0.729623130017753
1697100960,0.25110755704206006
1697121060,0.8076395973712264
1697141160,0.8271214488811391
1697157420,0.5433156514267365
1697180700,0.9916920059575
1697197320,0.9914785223664487
1697213940,0.8113063137154444
1697235900,0.7236876566663721
1697255220,0.9116145295556858
1697279640,0.8752534052418339
1697295000,0.4618951669492184
1697311500,0.3227763459853119
1697326260,0.48407636512802554
1697338860,0.846399219575296
1697351580,0.7277839381794547
1697366580,0.5139529991617033
1697385240,0.7860105152794941
1697405460,0.8600246969738551
1697419440,0.2879860813050108
1697443140,0.35135885796688654
1697468340,0.8991744101082498
1697482140,0.8237547757510819
1697505780,0.9809733501680599
1697517720,0.4144410651234025
1697528760,0.09247316635986477
1697547120,0.0804490489887224
1697571360,0.35114009027077897
1697591880,0.8365345136876865
1697611560,0.8997128338172986
1697632620,0.8059875934785352
1697653920,0.5581732098589419
1697676360,0.6514030528996453
1697689800,0.6300180237768043
1697714220,0.2554377265431427
1697735880,0.9851767932654077
1697760840,0.3848132216920184
1697785080,0.40205047949358363
1697808240,0.5265898798000285
1697822400,0.57131994682232
1697833200,0.42665053061083547
1697851020,0.6708778375703773
1697869800,0.8165223030873036
1697888400,0.0429944602864996
1697910120,0.9219179066994948
1697923140,0.1111549783591149
1697948220,0.6422831749506186
1697961240,0.8480659797320128
1697976600,0.0377315166584676
1697996100,0.4386726911168695
1698009000,0.41143229988528374
1698024960,0.06081051430756301
1698039720,0.8677511362151851
1698061260,0.33672989765395
1698073800,0.8331219381336719
1698096420,0.05541981091901108
1698109740,0.4836086336582601
1698130020,0.962144931183565
1698154080,0.8600124490149363
1698169380,0.8071876116599532
1698193860,0.9427185825412865
1698206160,0.16825272507755143
1698229380,0.021820302443033554
1698242340,0.19700029695618976
1698256080,0.4198060023974182
1698277980,0.0985357679162494
1698298860,0.8384779235819266
1698311280,0.48966293288843693
1698335760,0.016627106010978877
1698359700,0.8362851634393913
1698373560,0.2658696159479159
1698390840,0.13450394183487283
1698403680,0.020287674994373648
1698418320,0.6874077886965668
1698438540,0.08033889387695187
1698450660,0.23349548967453643
1698463500,0.6929351368246942
1698484200,0.40053446348889515
1698499380,0.5808817149594632
1698519840,0.0308506097119939
1698537480,0.8090981730311436
1698552360,0.3124765324591797
1698565380,0.694053048533194
1698578820,0.149672263402387
1698591000,0.7053315056787156
1698602760,0.831580905578728
1698624540,0.6626698074538402
1698638100,0.8298947725430769
1698656160,0.3788400517595233
1698674160,0.873204284928254
1698698220,0.008152344849138357
1698709260,0.781632684288089
1698729780,0.6824316356601932
1698741780,0.6724464594585644
1698759120,0.1377636126828585
1698781200,0.15782580018809098
1698796200,0.5781130486336782
1698813420,0.0038469460866936357
1698829500,0.05265805674206582
1698853920,0.5322241085679367
1698868680,0.4568619418775963
1698884640,0.5546027985674467
1698905160,0.3347661986771176
1698921780,0.3906100543744448
1698935040,0.5668165959660622
1698960060,0.8702461618380104
1698979860,0.8424856741434265
1698990840,0.6834857516173831
1699005180,0.7546696641990609
1699029840,0.6033963090204719
1699044720,0.8536981201327553
1699056900,0.03375093612965221
1699071420,0.7918571404193386
1699082340,0.8060945002835337
1699098540,0.15360158698776674
1699120440,0.8398282180845906
1699138440,0.8252100847356654
1699154040,0.46240308078684444
1699176540,0.33864418208630515
1699198740,0.2791198911878189
1699222860,0.5723258629431371
1699242900,0.597867071031934
1699253760,0.8616386561602893
1699266900,0.023942875147290463
1699280820,0.3530681652451835
1699295340,0.7318845463971235
1699312260,0.04786147492831311
1699332660,0.8093964347764041
1699345560,0.9059762852280846
1699370400,0.6356593429824624
1699390920,0.5731745873143763
1699412640,0.005438910363668972
1699429860,0.9298877131287488
1699454640,0.029688213494900806
1699469640,0.6733819289793175
1699484160,0.9115795564902116
1699507440,0.9119143835336826
1699523040,0.5026098543764279
1699535880,0.8554826749140405
1699560960,0.3649500038505834
1699582320,0.4016285642936803
1699603260,0.78503286638261
1699615020,0.9860350434784725
1699639020,0.5700367212382484
1699652220,0.6514745081062792
1699675560,0.5923594179581001
1699686720,0.7612612592192692
1699698780,0.5153937657278669
1699711380,0.4924454994346626
1699734720,0.8946371686343411
1699756980,0.07818044469765226
1699779360,0.9191072163676611
1699793280,0.8198637360638816
1699818480,0.46233353703773195
1699837380,0.9121920564272369
1699861320,0.8192804874270018
1699874580,0.8599618721083476
1699886160,0.7749861032057587
1699905900,0.8164802214745829
1699929720,0.1900398862503222
1699954680,0.1831585121051985
1699970520,0.42296590348973273
1699992600,0.9301170149253546
1700005740,0.6302992881169782
1700021160,0.33651490506061255
1700043900,0.6180758584563649
1700056200,0.7836616808765606
1700068380,0.9306838440580124
1700091360,0.6579560005312161
1700107560,0.7944063033175401
1700132040,0.9170978263901032
1700153880,0.7323491032853184
1700172060,0.9360605364685591
1700192640,0.29118517191965226
1700208960,0.7690757370581854
1700231700,0.5283766610030267
1700250120,0.9758730202658314
1700273580,0.1938245098083088
1700297460,0.252660861555977
1700318400,0.31789991063966216
1700332140,0.3493119360578035
1700342940,0.8634427053330157
1700355300,0.49409813238056205
1700374080,0.8490913657733342
1700386680,0.6734144011143427
1700402940,0.2154486700759643
1700419140,0.7938586319029327
1700439060,0.49303402605072055
1700463840,0.9092134592271964
1700484240,0.7590255539023684
1700496240,0.10693612718438826
1700513100,0.7991738889329243
1700526000,0.8421812082290647
1700549880,0.900879133049921
1700562600,0.8468766930878172
1700575920,0.8867185881307236
1700599080,0.5970119835150245
1700612700,0.8538928005521464
1700629200,0.7392021242224557
1700649600,0.6976396110271752
1700674500,0.8633374301571567
1700688720,0.32633187776416106
1700702040,0.5518860850972135
1700713560,0.6873732040699326
1700734440,0.2181587128645808
1700747580,0.9007428073645283
1700770080,0.29289587703988207
1700784300,0.6957980564486355
1700800320,0.7363836037566688
1700825280,0.9531393369503549
1700849400,0.7878602353992109
1700869740,0.5559630467703178
1700881260,0.2717591275626521
1700900160,0.11418863254273269
1700911860,0.12878963796653087
1700924880,0.18765814543728213
1700943120,0.2704557173622014
1700961480,0.8558106265362179
1700976720,0.8357737642340126
1700994600,0.015906478049451164
1701011820,0.0845991546911444
1701023340,0.38711533133841325
1701042720,0.5845123173955484
1701053520,0.6697510182135158
1701075240,0.747068857309982
1701090360,0.4950742424470663
1701113400,0.6267508091933545
1701127680,0.8587745018420742
1701152280,0.11226534177307787
1701173280,0.7440404223050133
1701187080,0.5708111878372224
1701202320,0.19537265317417674
1701216300,0.006213811973822528
1701234420,0.9733481336013143
1701257460,0.6331460680662105
1701268260,0.729312024896589
1701283140,0.6088896382758873
1701308160,0.5791686860793862
1701321780,0.21438546592882224
1701346500,0.5480511007234921
1701358020,0.11755328747219132
1701376560,0.8875373815274715
1701395100,0.6102650817447114
1701408240,0.1817402824575223
1701426960,0.8418249953893722
1701442260,0.5283452995072175
1701456060,0.8295748331542181
1701479820,0.8793742976508732
1701496200,0.6594336736216826
1701508980,0.8386315938782335
1701533460,0.790790213222927
1701548880,0.16300062253416958
1701561000,0.7445787062816656
1701574440,0.8255036995299635
1701590340,0.8191082944339422
1701606600,0.8007482679993126
1701626580,0.4713981341066815
1701651180,0.0018924183482126717
1701671340,0.7469823775665076
1701696060,0.6249098803926336
1701716220,0.4864293145833203
1701728880,0.3023659872897233
1701746880,0.31731521968067056
1701762300,0.17747242659938756
1701780540,0.7858009250405249
1701791700,0.3086634946896851
1701811500,0.15750666140723785
1701832020,0.5563616451951443
1701856740,0.586594880805615
1701876840,0.7796404090499567
1701897060,0.4155936760713208
1701919080,0.15601333074535204
1701941820,0.917757193818721
1701959760,0.9245117731216083
1701984240,0.6865667616558606
1701997440,0.6582344399373761
1702012620,0.3238812166375756
1702035000,0.2004192359045516
1702050840,0.9035041130722975
1702065840,0.643419504423641
1702088100,0.32765531280096083
1702104960,0.4017884048378951
1702126500,0.4292697711423377
1702140000,0.9665509830727906
1702163280,0.2393782988389482
1702183020,0.41890182739005105
1702201980,0.71842460435007
1702217400,0.5252025539995984
1702233780,0.43391631341205206
1702244820,0.8088895164009782
1702268220,0.9303787396229092
1702282200,0.8926608952260697
1702297740,0.774473569709464
1702322820,0.5457400985750969
1702347360,0.232362796531017
1702367040,0.5738120634179198
1702387140,0.4801524365904734
1702399620,0.46324929569017786
1702414860,0.9872086546716605
1702434240,0.5866729403297285
1702447020,0.745357900575579
1702463280,0.3866553284596669
1702481400,0.7445663430609455
1702504440,0.2421411530170643
1702519920,0.08370704802060426
1702543020,0.5642076035346908
1702557180,0.44029481940626647
1702578780,0.5483847027176378
1702590600,0.33683880543571454
1702614600,0.036629525061337626
1702626780,0.7591344929248046
1702648380,0.8241835643069569
1702673280,0.9914465770612113
1702693140,0.601231474270806
1702704660,0.9058165431895261
1702726380,0.5985314360859282
1702747140,0.09111030856886983
1702762740,0.09351450401080748
1702787700,0.708055048646481
1702799040,0.10127964264808618
1702815300,0.7976763361730412
1702838760,0.5119506396714892
1702860900,0.4530322313238171
1702878180,0.8397187063033664
1702897980,0.5703115083225418
1702922160,0.48311893404403783
1702942440,0.8060916794945684
1702960440,0.8011617993732727
1702985580,0.19132046101303513
1703004300,0.6138867103402175
1703022180,0.490322931931146
1703035440,0.7314234340189367
1703057700,0.8048173461681343
1703079240,0.8216060379633103
1703104200,0.14406044220079958
1703121660,0.18689924639152952
1703141940,0.8983556181961188
1703152800,0.5271353328666484
1703172960,0.8056520572564845
1703190480,0.901691419252439
1703201400,0.8297982873087251
1703217660,0.9218857860315834
1703231700,0.6623950173734865
1703253900,0.022053816911404713
1703272620,0.8201637679260642
1703287440,0.9152084032321322
1703307300,0.6651091947257073
1703332080,0.40201444206202264
1703353620,0.2602328280546813
1703378100,0.9049915703140808
1703390940,0.6311065359551555
1703413080,0.7195827072368789
1703426760,0.6207547650259495
1703441460,0.24634270041879436
1703466420,0.5882839068880408
1703490060,0.2452232614104202
1703506980,0.8506554038229543
1703525760,0.5660642895120258
1703548380,0.7190850573043129
1703569500,0.21023423162082033
1703583360,0.19988297293726365
1703596080,0.003353392593769062
1703617140,0.0383460115461712
1703634000,0.2285455512276705
1703652000,0.4880473388544142
1703667240,0.2554079968649142
1703685720,0.8520129267324991
1703699220,0.4844201799068867
1703711220,0.8755038951803056
1703722740,0.4960134764792212
1703736300,0.1848061280783777
1703752260,0.5692588049754816
1703770740,0.8473109227133073
1703792760,0.9378602396452791
1703803860,0.8554763860683127
1703814900,0.9198945829992264
1703835060,0.015915744624396395
1703850420,0.6458514388970733
1703871960,0.5818543943976835
1703883240,0.8027246057772106
1703895420,0.8833985831095871
1703914260,0.692777383390131
1703937660,0.5821481475557224
1703960400,0.7990604654645358
1703981580,0.7638188479319068
1703992380,0.7816732189524145
1704013620,0.7534620834984476
1704037440,0.8191237960669786
1704061980,0.549415596560556
1704081420,0.020030652095219394
1704101580,0.5232859737136026
1704114660,0.4657157666531468
1704127980,0.6932461047720491
1704139680,0.8080385213197596
1704159240,0.942484368840137
1704174540,0.47990542034332817
1704191520,0.17931684363152936
1704207300,0.7890349670334357
1704223260,0.6765176182314414
1704244080,0.6531358601366889
1704266580,0.5971264283538666
1704282900,0.24892145890422035
1704293760,0.709684982533592
1704305700,0.9096758468104961
1704327780,0.9797426290452554
1704343740,0.20592512234118251
1704354660,0.26688440001220604
1704370800,0.4145662164615001
1704383100,0.22309203470840622
1704394740,0.537368058428529
1704409500,0.10681251911593405
1704426780,0.7715006023331726
1704448440,0.7434080559724104
1704462780,0.6572462723214619
1704476760,0.8851330711415019
1704497700,0.1884391515933984
1704511920,0.6482356002128564
1704529200,0.5399383730344285
1704551760,0.7317100920339665
1704573540,0.7585248861851271
1704590280,0.014923652269591489
1704603900,0.11362584358329651
1704616020,0.6584343938294491
1704628500,0.7170282100837023
1704642600,0.8276150897805922
1704657480,0.4696280548315398
1704677160,0.3690352687606075
1704694200,0.34972004449003236
1704713040,0.036913046719470814
1704735780,0.4827285468309068
1704755100,0.7475543162206296
1704767880,0.8719058538507942
1704786780,0.5436675046887578
1704811020,0.9762533417884421
1704826380,0.8990804250901288
1704850140,0.10360709007530869
1704870420,0.9813401431835274
1704894360,0.4151917140406258
1704915360,0.4380286694599356
1704926880,0.7385455986263249
1704941580,0.7262180196924503
1704962460,0.33530810647491577
1704982980,0.9743120673154985
1704994560,0.007870208249501074
1705016340,0.037421838493821996
1705041480,0.30080350695668007
1705056480,0.9059137107481654
1705069500,0.7987885392795798
1705082640,0.8670613281896038
1705099860,0.10311443080016959
1705122360,0.8590585081812938
1705138440,0.5576511969532844
1705153080,0.5760553635736434
1705165260,0.6187057783472019
1705178280,0.09788778110812259
1705196340,0.02096430220504322
1705219080,0.7148031809621558
1705238760,0.44094230820603375
1705258440,0.7380077847947142
1705271340,0.655193466541498
1705283940,0.552562979184615
1705296240,0.9126332894659149
1705307820,0.7028339313025421
1705319280,0.4857186953404695
1705337160,0.25405645297511115
1705352940,0.936908250416199
1705364640,0.7769682139499274
1705389120,0.7006478340335323
1705400640,0.3562698170589844
1705413900,0.5842847201603961
1705429200,0.5636495736145208
1705447440,0.5966946298069387
1705463040,0.18822968153151753
1705481820,0.5815889161159935
1705503900,0.18936437789865224
1705520940,0.830383204690847
1705545720,0.8640746324003791
1705570140,0.5490511818295786
1705586340,0.7703364995064967
1705604700,0.7748749814756146
1705620600,0.2631599391338011
1705643640,0.8564440955468239
1705655880,0.49888143835849524
1705667940,0.09923543050569603
1705683540,0.8092737344585277
1705705740,0.745985122130299
1705717800,0.5998825744156442
1705738200,0.8947763901828776
1705750140,0.7148559971720733
1705770420,0.7936061492546722
1705791180,0.8045015949932435
1705809900,0.7806957728137882
1705828320,0.8992952523548357
1705845480,0.42895024921259406
1705863300,0.7309971664400738
1705877760,0.6367358591507891
1705897020,0.6033770598208505
1705916940,0.588715550499545
1705937100,0.16467819502935255
1705953720,0.8503652136317468
1705975200,0.294587541916697
1705995840,0.4383779398961899
1706011080,0.6462350534997818
1706033340,0.011761218203050466
1706049960,0.6538877886522014
1706070120,0.6841907024812829
1706085600,0.8479339126763421
1706104800,0.018394721797946767
1706122320,0.6793695128484998
1706134200,0.6654047254806952
1706155620,0.7089596547339807
1706173140,0.34748060283857596
1706188560,0.9488061730508699
1706205900,0.015848308674658
1706218680,0.198124842144352
1706234040,0.17483469509733307
1706256360,0.1487813259822944
1706272860,0.202208002415834
1706287320,0.6129815077790477
1706304180,0.8316705156278317
1706325300,0.39156811161491195
1706345220,0.6842699137969812
1706365620,0.8411018981016772
1706387100,0.17304936724248265
1706406300,0.48315264443118705
1706428080,0.6279167895043283
1706450400,0.12615240580337583
1706471280,0.9395171257112158
1706483160,0.8794005868546417
1706494560,0.31308038078479933
1706515200,0.6229201750968054
1706539260,0.13091378033230786
1706552820,0.8197161164074023
1706575200,0.4761117706701996
1706600400,0.0589380554974779
1706614500,0.6934048838976219
1706626020,0.6197441571296878
1706650800,0.5530980649822279
1706675280,0.8910431209370161
1706699040,0.32378111558108497
1706711700,0.9292373589742934
1706725200,0.2717898230786461
1706747040,0.5324917217746385
1706759040,0.7384595745336904
1706772900,0.883861059360415
1706784660,0.9072433056857255
1706809320,0.7400278396725295
1706832960,0.25645123567551215
1706850660,0.32845488868989614
1706862240,0.9761665187601434
1706876400,0.533811040044319
1706899320,0.7226139617309971
1706922060,0.11902653652563855
1706939400,0.7581311190945764
1706956860,0.7292508935090829
1706974740,0.6056965296373659
1706990040,0.6739248317697708
1707001980,0.06502433683292665
1707023100,0.8448468008545077
1707038280,0.7529345977033228
1707054060,0.5075913762622374
1707073920,0.17091185857953908
1707096240,0.47651154470339646
1707113760,0.8604941742849526
1707135360,0.48322260535864175
1707153720,0.20773041022941305
1707177360,0.918857532884702
1707196320,0.17902214317676857
1707220920,0.3472224440055144
1707239820,0.7411945520298562
1707256980,0.32368905870731346
1707272640,0.6137321899355714
1707293280,0.686191805603507
1707315180,0.0924492526223932
1707331620,0.9414493806627535
1707349740,0.9801993248581574
1707361440,0.6622995632859363
1707377100,0.7265730073414975
1707388560,0.5436347199242029
1707406920,0.11492448485769524
1707418500,0.6445562470445263
1707440340,0.8897452142057589
1707463320,0.46198373955630084
1707484440,0.8609337313646517
1707505380,0.8749399080373396
1707523140,0.04519680800753089
1707546300,0.8380696135099333
1707570480,0.6689146674606877
1707582660,0.9223311167542307
1707602940,0.005047431433811748
1707621120,0.02614569125087872
1707637140,0.7587988879032481
1707659400,0.7925452406802562
1707671580,0.6835534670340632
1707696540,0.6763705605548556
1707712200,0.5890409398261196
1707730140,0.8403085584605693
1707753180,0.38943422873195355
1707775740,0.9523635790281813
1707799440,0.08794766356575458
1707818940,0.857358340625021
1707836280,0.5394292478727258
1707847860,0.42566295637838647
1707868260,0.7336311402732867
1707893220,0.20491001227061867
1707916440,0.05071323576945694
1707930540,0.016565183630874593
1707944940,0.5868478162406857
1707955920,0.8885475840978827
1707976440,0.7685792608812057
1708001220,0.856238709693155
1708014060,0.32768238165032904
1708036980,0.039968094572519305
1708059360,0.9765951983092046
1708081080,0.45905782667353634
1708092240,0.813816153269903
1708108260,0.850744483326772
1708126980,0.3941120353801113
1708147020,0.3141175583226964
1708163880,0.18482166358174565
1708184280,0.8312687338065905
1708209480,0.05009933659199071
1708228620,0.813755238856416
1708244280,0.5872506890866533
1708262580,0.40829417949507313
1708280880,0.6690676160832207
1708294620,0.8211662785272649
1708319340,0.01138835595768967
1708339860,0.6909176230304428
1708363500,0.6862962740575438
1708388220,0.23620904511625632
1708407420,0.6982714782509023
1708430760,0.8559457845395413
1708444500,0.654327727278498
1708464960,0.38504758625713253
1708477260,0.2255803953368917
1708501140,0.8784662365946505
1708522860,0.7294704183585093
1708547220,0.8226268472786108
1708567680,0.8602604418397083
1708578840,0.7418325232756455
1708600980,0.8966927670828162
1708617060,0.8006526710791545
1708636560,0.31511756479544734
1708655520,0.6750607159982002
1708679220,0.7860629721234643
1708693560,0.97046922134228
1708716240,0.6908123848831234
1708727940,0.6380648099000039
1708738980,0.005626282750348772
1708759980,0.23405828131279152
1708778280,0.3225422929702537
1708802880,0.752899990499007
1708819980,0.842435634163492
1708833240,0.7931761621810163
1708852320,0.8322349635100901
1708869420,0.5933689883531539
1708891080,0.9940662149636522
1708916160,0.993359151996462
1708940220,0.34140614867537544
1708952820,0.6087135699619672
1708976100,0.7993251441779395
1708990800,0.7643215160684897
1709014380,0.00213206605154506
1709025840,0.005985054478552161
1709039520,0.27562316931101716
1709055240,0.8481550949974676
1709071740,0.35294550012309217
1709084040,0.7291957872187957
1709101200,0.14382548310911974
1709118240,0.8504232134522294
1709138760,0.8868327307863215
1709155740,0.6771125359311987
1709173920,0.014557666076306595
1709198520,0.7518567848142779
1709216940,0.35326322061099513
1709230560,0.07504324531988796
1709249040,0.20841272233760497
1709265240,0.2397913617705924
1709289120,0.7645602189111328
1709302860,0.8141917431704695
1709328000,0.8610532750189723
1709348880,0.13993019099329024
1709368980,0.7512443952625683
1709381940,0.9415516354370261
1709395740,0.7520000520166155
1709414580,0.3653182473816423
1709433000,0.9036688521491905
1709451120,0.4043331725012649
1709470140,0.42380131839694635
1709494620,0.041804156084120386
1709514300,0.5219571992793857
1709537280,0.6158158126308264
1709558340,0.8016269071285553
1709575680,0.4921063578058352
1709591220,0.7599175810620711
1709602500,0.8655586070030771
1709613720,0.5318723189117833
1709634720,0.015209975047774427
1709651220,0.3281771727127776
1709666340,0.7413396800569887
1709677320,0.01305776964375086
1709701080,0.6297811406935678
1709718000,0.8401127762678695
1709734140,0.9095783665967102
1709752200,0.692181563135469
1709765520,0.3191687783990356
1709784240,0.5846129573630979
1709802840,0.613193803523149
1709823660,0.6962614662832104
1709838300,0.7326956812540069
1709862240,0.07377173608531189
1709886000,0.9309761025385778
1709910660,0.8149284362176744
1709921580,0.332619435995537
1709942520,0.07125646081378827
1709961720,0.8716951518555988
1709973960,0.07835296819261663
1709989980,0.017852988547884776
1710006360,0.247153948086648
1710017700,0.6127414863477991
1710041220,0.1103087494912154
1710058560,0.6805699918400944
1710071880,0.5736178445781643
1710093000,0.7303773421310611
1710108420,0.9128826716741049
1710133500,0.03136409362159877
1710145680,0.8892590001301874
1710164340,0.29342833227867116
1710185340,0.139741981167506
1710202500,0.6280538801784322
1710222600,0.9220533079467499
1710234840,0.5722626528896548
1710257160,0.7528832306751008
1710280020,0.3123575342152157
1710292620,0.8771597875523083
1710307860,0.5751450041263511
1710321900,0.9164491181140769
1710334560,0.9405943844657182
1710355740,0.7078904990121536
1710371520,0.5647528162962421
1710390360,0.9154352698856406
1710406320,0.6109471872147666
1710428760,0.16968954514276577
1710440700,0.676801759220532
1710463440,0.5210375452224862
1710488280,0.46190047360820735
1710508860,0.25761810707015315
1710525660,0.6598739375626306
1710542100,0.17401466204139485
1710554520,0.16103085444500614
1710578460,0.8850280968068155
1710597780,0.7409539603227604
1710614160,0.36758914901467926
1710630720,0.5825461441284683
1710647580,0.6224210677251705
1710660300,0.945739955728
1710676620,0.40011654373570804
1710700860,0.8694741309506766
1710712200,0.9448576956707825
1710723240,0.2924206695213539
1710743700,0.658432951464356
1710758220,0.772885067335889
1710776640,0.5279920116801796
1710796920,0.3496904684191623
1710808020,0.05882210357910201
1710826560,0.839728061705352
1710841620,0.7114277127425979
1710864660,0.2373747725321875
1710889740,0.4964049279738413
1710911460,0.31166006148647296
1710924960,0.29195891311761923
1710941700,0.7892332101737207
1710958860,0.8511590136984764
1710972420,0.37215156374402836
1710992820,0.3882144858937883
1711018020,0.8668958214628033
1711036320,0.0842802644252394
1711051260,0.5148135325638866
1711072680,0.12710440605347745
1711093320,0.8807817337862871
1711109280,0.40271103414616993
1711123800,0.27508307915928243
1711137180,0.669981147493476
1711150560,0.21218590487813485
1711172940,0.2229745557886107
1711187700,0.4166029825992328
1711202700,0.6602655959797692
1711221180,0.13946624264873403
1711245300,0.3544232899193118
1711259460,0.0014234020876089575
1711271160,0.13236930031162164
1711294020,0.3090804530549047
1711309260,0.8734408819140914
1711332360,0.9361013825772515
1711354860,0.5656169300963667
1711366680,0.5851474352213586
1711379580,0.7519183202748849
1711404000,0.014376961573970032
1711418520,0.6142043895384754
1711435380,0.48862841709203597
1711457940,0.7072612886030207
1711472340,0.29734839656525913
1711491180,0.7480389075833095
1711503000,0.014642643228795191
1711526040,0.8024718161334544
1711543620,0.7544523209086231
1711567500,0.5965929571712282
1711591200,0.5071415369644963
1711609680,0.22368399756288926
1711632600,0.7390245921230059
1711645320,0.01480456416506572
1711661280,0.8865448358075934
1711682760,0.8879353155072027
1711706400,0.7829852583622467
1711721880,0.8783032431483102
1711745280,0.857258504525112
1711767600,0.2095775335931839
1711787220,0.5424987843725713
1711799460,0.7832222947519879
1711819260,0.6522180329139111
1711838400,0.7220432571601604
1711851840,0.7332607317545076
1711866960,0.706507098297672
1711877820,0.768739785631848
1711891020,0.5331608019494636
1711904040,0.15618711322753248
1711915140,0.6651736932943584
1711933440,0.9521065745911118
1711952820,0.762840944863602
1711964520,0.8649610960930383
1711975800,0.9775370951126964
1711987140,0.8228001158322227
1712012220,0.13928057896541526
1712036520,0.042892846507012604
1712049600,0.5686001830444198
1712067780,0.6602849068416208
1712079600,0.8145601413230484
1712092980,0.16814044453169028
1712104320,0.7095974811037864
1712124360,0.8413122466930544
1712148480,0.0659927013274505
1712168940,0.6517699199067104
1712182260,0.2731210172128047
1712206440,0.4983811129557866
1712226060,0.8055152786245705
1712240640,0.5143097988072274
1712255820,0.5135902335895319
1712275020,0.7106662461704463
1712292060,0.7891083146932832
1712316840,0.20918078553003502
1712333580,0.9527569291989137
1712355600,0.7335560946969425
1712373540,0.8980972416525386
1712397120,0.7776144492811665
1712421960,0.8492205903379635
1712442180,0.6320380754012745
1712453700,0.6616174273087748
1712474040,0.5808584059873584
1712495040,0.7769840784128657
1712511840,0.5463137877068874
1712527140,0.8754839970452066
1712551500,0.6607573537033493
1712563680,0.22601101077734653
1712585160,0.5690539645425408
1712598540,0.7760405796358919
1712618580,0.7470390264447302
1712636460,0.5766590691101772
1712648640,0.8609383711827864
1712667480,0.8282936728720836
1712690640,0.18459397400867125
1712705400,0.7457184714834868
1712729040,0.8289913383455675
1712750100,0.7263907709426787
1712769960,0.9868607944735733
1712781000,0.8978830870184527
1712796480,0.7906615852943908
1712811120,0.27231281821897324
1712830260,0.3006467645914134
1712844480,0.531465807291231
1712859000,0.7866444461946084
1712882880,0.6717969622651342
1712904660,0.7080870511274922
1712921460,0.8050007883607088
1712941200,0.868452833770716
1712959680,0.9422552991204555
1712978700,0.4371144241089063
1712997300,0.8093123630973684
1713017940,0.4241273795345342
1713030420,0.5607275352542014
1713053400,0.5865808352958188
1713078420,0.6997337056366096
1713102900,0.13765050965269637
1713115200,0.7994760577596535
1713128520,0.5416179904773366
1713144960,0.9622340332030594
1713157020,0.7786108580184359
1713173160,0.5313255544530282
1713184200,0.1980267762380767
1713203820,0.5502745780136051
1713217620,0.4016923217100281
1713240240,0.39693659322189034
1713262740,0.2396299496545896
1713277380,0.01938125991834754
1713301800,0.832652711209132
1713317760,0.6727561279379353
1713338460,0.8599895598787537
1713358200,0.6446262486139357
1713369300,0.8725951693922005
1713392100,0.7794976317512583
1713403920,0.9266134762686057
1713422700,0.114603301192272
1713435240,0.19885653165212455
1713460260,0.25822543586384705
1713473640,0.8012412304018812
1713491940,0.7555072103642637
1713513960,0.0021235900367080744
1713531540,0.7762072681101153
1713551280,0.9034363396581999
1713569700,0.7462615949042031
1713585000,0.022247484982271283
1713599040,0.7249688078998509
1713619500,0.4374267262553665
1713631080,0.1344249836360285
1713645180,0.82608977679249
1713664920,0.06331406435992902
1713683820,0.8662965526807092
1713706680,0.9057059380446938
1713722220,0.850691692086808
1713740820,0.8349583634191338
1713757440,0.8338535276376072
1713770400,0.8154919150841919
1713787380,0.36798165066801364
1713810480,0.7397536483321376
1713823680,0.6190510085228564
1713847080,0.9072215663780097
1713859860,0.7747628081095247
1713883200,0.5777652205510145
1713906720,0.30870823705763517
1713925800,0.007430817279184517
1713937380,0.5132791228715257
1713960300,0.8163367878700851
1713974880,0.1924333774315004
1713995160,0.7777903819226121
1714011000,0.8396017359563506
1714022880,0.16197017815159515
1714045560,0.5949106972565044
1714056840,0.646895426207329
1714080360,0.4868682363577228
1714096440,0.8446911047123432
1714120440,0.7166045466953272
1714138860,0.8895708135753185
1714160340,0.6678237609490447
1714183860,0.3103412834651671
1714207020,0.44873722824766715
1714226400,0.2716461330717612
1714244100,0.0063831734019640625
1714267860,0.8878779211320289
1714282920,0.7395119177670695
1714300440,0.25145238676587633
1714317960,0.5179695592187015
1714336320,0.11844498586915793
1714355640,0.4165180227147598
1714372200,0.0031187208481839967
1714386240,0.6652315729173879
1714403220,0.5390209973814604
1714417800,0.8263276264774249
1714430160,0.8209309396432956
1714441860,0.7655775193661367
1714462800,0.8969580873021792
1714480680,0.08777641932331136
1714505160,0.8798506342632177
1714528440,0.4406563379314098
1714545120,0.4220667334088454
1714565100,0.8818273455701946
1714587600,0.832058971038707
1714601820,0.7874792298609454
1714624440,0.46946391219809985
1714642320,0.318759961940164
1714665120,0.21609058314624285
1714688400,0.6040813107312114
1714704480,0.5661378926503515
1714722180,0.6249538090727034
1714733580,0.7072151510002105
1714745700,0.23325872974216555
1714767480,0.7434008265671791
1714781280,0.3062784677623618
1714801440,0.9096548126383687
1714812600,0.4191388926215169
1714835040,0.15234568970072565
1714848240,0.8818018484438078
1714859640,0.41551874439596487
1714883040,0.115500212199616
1714895160,0.10415490468993524
1714906200,0.7453107747109361
1714919520,0.7949419550262035
1714936860,0.5805784157479759
1714954320,0.1360424063842975
1714971900,0.8005229312239452
1714989900,0.4966217428809121
1715007120,0.7133671071881502
1715027160,0.155055454154501
1715046180,0.2043024931325873
1715071020,0.9053904540709575
1715092860,0.8666106710065933
1715117880,0.9060048855320595
1715140980,0.0024846793028157257
1715157000,0.7472454945763762
1715178960,0.7243922347700342
1715194140,0.8098642621417851
1715218080,0.2648979974934365
1715235120,0.7884890311096163
1715248440,0.9667122059751936
1715266380,0.08735764819289514
1715278980,0.42266335969180946
1715299560,0.9172793383065754
1715311920,0.8490030631429498
1715336580,0.6639448636987664
1715353800,0.049518552972309206
1715376960,0.9696339326763208
1715401560,0.4753592372463469
1715422140,0.5207696188310917
1715438880,0.0642920146693243
1715452320,0.9475582103188581
1715464800,0.6396430086446236
1715477280,0.695063197890474
1715501280,0.6550090761343506
1715526180,0.0181632101589405
1715547180,0.034993417485842684
1715570400,0.9363760393342042
1715590740,0.882511054927489
1715607420,0.9133751617386838
1715620080,0.7044191741395804
1715640780,0.6096843462389854
1715656560,0.3202037775320642
1715671620,0.9097824561226504
1715682780,0.8470371319809556
1715705340,0.8098504638049143
1715726700,0.8616676411309039
1715744220,0.719637004830538
1715755740,0.48573779401293976
1715780340,0.6453297257760795
1715791320,0.09480346937653825
1715816460,0.42457469715460805
1715830800,0.861738433863648
1715852400,0.749430341720613
1715869920,0.6255510842697855
1715887920,0.8764241495847864
1715900820,0.8667158525286759
1715924040,0.6561097262422377
1715935080,0.005941125245423465
1715954580,0.70032755632813
1715970900,0.018093288243735385
1715992620,0.8926097946405624
1716009540,0.8507831023419051
1716032280,0.8967666477913007
1716046080,0.783153335274392
1716064260,0.2881313324115458
1716087300,0.5433952194712768
1716103080,0.7473097896414528
1716117240,0.6271754597081305
1716138240,0.7353630492914045
1716160920,0.8121344974881435
1716180780,0.06541522948523298
1716197760,0.03230641111554639
1716218220,0.7477723981336548
1716229620,0.03588908282348989
1716242640,0.007981225982306382
1716261600,0.31953385393216427
1716280860,0.12057014547803245
1716296880,0.9543507300143784
1716309660,0.8443316250045398
1716329340,0.8781151293604761
1716346380,0.6651584138298686
1716359460,0.9088296780636405
1716384360,0.7366378895393463
1716401700,0.6367918742250752
1716413880,0.8946100256333155
1716435480,0.8753653536464494
1716448560,0.7667558255223896
1716463020,0.9789734514713451
1716477120,0.8515068452332126
1716493740,0.11396334330117198
1716506160,0.20377230719731626
1716519360,0.5515164050375433
1716539700,0.6004931781369041
1716553560,0.5303066183645468
1716565320,0.3525651689998986
1716581760,0.4699095575934746
1716606240,0.8236274722850254
1716621840,0.5306597927905088
1716644220,0.8689509941862732
1716668520,0.7601682304942927
1716681660,0.28596116925490056
1716703740,0.5277448802676858
1716723780,0.09318284959933544
1716745560,0.1894014009875928
1716765120,0.2957865635148793
1716783660,0.8404133462862199
1716803760,0.5057195795850097
1716827340,0.0013014464096307995
1716848340,0.004841736331535565
1716860940,0.5058462274438152
1716878340,0.5263150424143663
1716893700,0.8339558629297747
1716909960,0.464684401152332
1716928020,0.4822848598624787
1716944400,0.6072738752835026
1716957840,0.915740070301744
1716970980,0.5460082582218435
1716992340,0.4878487316366632
1717015200,0.769068148722479
1717030380,0.7920139686366415
1717045860,0.5601715827616414
1717056780,0.8884696890364212
1717067640,0.8523628763266226
1717081800,0.6255455684203084
1717104120,0.8246670813666386
1717123020,0.6740688327932673
1717140600,0.8652345783955624
1717165140,0.7606997225757971
1717181280,0.8159629520972855
1717200900,0.48442309860440314
1717222680,0.7682371549612182
1717240140,0.3212693542593024
1717257180,0.7651722138652846
1717280760,0.49389750322053616
1717293720,0.8511452726676495
1717317000,0.6770762921858509
1717342200,0.7289150803644153
1717358340,0.1865915313579802
1717375320,0.6919362042494939
1717397220,0.47554923170686586
1717408380,0.2788270814013333
1717432980,0.34970962157565855
1717444080,0.7936079266125361
1717464480,0.9033721836658044
1717481580,0.7414909648140591
1717506720,0.26467239147764243
1717523220,0.02363502990651256
1717542300,0.42350660583209565
1717558740,0.3518196998267365
1717580160,0.07960642993754491
1717596600,0.5056236825023499
1717615080,0.4715929675628738
1717625940,0.011077633726850724
1717647720,0.7117286964169354
1717671960,0.40850000362061867
1717685220,0.931563227287373
1717702620,0.8620732201497522
1717716480,0.4092388151356172
1717737540,0.45123999747271154
1717752960,0.8055002678170433
1717766280,0.06926535703621924
1717783380,0.14261781436031892
1717800720,0.9098731865481249
1717819080,0.7431076441777238
1717842780,0.5234048410487756
1717862940,0.1387074312652095
1717885740,0.6064820812396308
1717908420,0.7607947875759862
1717920720,0.7855514819729628
1717941900,0.8459818648272074
1717964520,0.7764417720745869
1717981860,0.11984567788633638
1718000100,0.5698978181366454
1718021040,0.037485689485761794
1718043900,0.8970314429135546
1718067420,0.0029577064995479235
1718082300,0.8311600054160949
1718096280,0.6859027259611111
1718108580,0.7806511452694023
1718123460,0.3416064899744058
1718147880,0.6088876411169828
1718170620,0.03605879146686932
1718188260,0.5554163277517117
1718204040,0.9359540416761964
1718225940,0.7524085367370315
1718238960,0.47701711289637466
1718258760,0.7679204175641269
1718277420,0.6818580091695936
1718294280,0.7981907412870626
1718319120,0.9221159694473621
1718338920,0.8819773247407883
1718350620,0.6398534906055099
1718364840,0.5747179195333944
1718389380,0.32031600864807885
1718409900,0.7503499527172561
1718429880,0.7224130791538084
1718451420,0.6882486857458415
1718468580,0.5013253953686636
1718488920,0.8294820742970029
1718505720,0.09214079910640718
1718516760,0.21072493622245833
1718540460,0.6178183514019591
1718557560,0.45509584949324505
1718580120,0.4190267679165818
1718598660,0.581470003108002
1718618820,0.8934522431434471
1718636340,0.6725588036546335
1718661180,0.7493739721944895
1718675160,0.48757778798677975
1718700180,0.7892680442725876
1718716380,0.4385154489948426
1718740920,0.37274607238323193
1718755800,0.7897615269277121
1718771520,0.9899618568059932
1718790600,0.7958094652872924
1718814840,0.8469739842526218
1718833620,0.6154470087928737
1718848440,0.7947419964157725
1718869920,0.5027471058882573
1718881980,0.3331977564071138
1718902140,0.8369686391371389
1718926080,0.7042881754516193
1718944980,0.2704085637907101
1718959740,0.9139485897307462
1718972280,0.35537132999847537
1718993160,0.6994164448064577
1719017040,0.8802316417908566
1719028740,0.32441111332354594
1719043080,0.8872142125470637
1719065520,0.6962112105576534
1719089400,0.9755954385727768
1719106080,0.34653477550465717
1719130560,0.874091452303809
1719152460,0.9219084579674339
1719167520,0.8716016943649602
1719180840,0.9715966610415875
1719196920,0.3180666607393129
1719218700,0.0785622640307522
1719232920,0.22543536917505402
1719247740,0.8931981583820819
1719270780,0.735283601727286
1719283800,0.6963826054309262
1719296340,0.7252683613380546
1719315180,0.05689024338008191
1719340380,0.9719806298573661
1719358500,0.8283564961956515
1719379440,0.2527487472936788
1719399600,0.5582575513971298
1719414540,0.920453941924916
1719427500,0.9379410582587098
1719448260,0.44276953018307674
1719464400,0.6345288380301709
1719489540,0.5417754905770543
1719504360,0.9023268537806979
1719515220,0.8978442842557917
1719533520,0.184358380673926
1719546060,0.8641641835154921
1719570180,0.8251761473105381
1719586260,0.6828519369682416
1719602100,0.5650772440111229
1719619020,0.5793325726060008
1719638040,0.8391050480178762
1719654060,0.6415347339020325
1719675240,0.5597193792632665
1719699720,0.8683760980203654
1719713820,0.2225376060879601
1719737160,0.5255554754781218
1719754980,0.8232923169639421
1719770040,0.6239958617207106
1719795120,0.021676457326942934
1719816600,0.9014266326440775
1719841620,0.9261992837364775
1719854220,0.5183666084722004
1719874380,0.07894977836380597
1719892320,0.7829977238861896
1719907140,0.0018543860063599507
1719929340,0.7640536517951673
1719945240,0.4749538785201359
1719963840,0.6230221394334936
1719982560,0.5715889901749396
1720001460,0.27148547268692935
1720020540,0.2634349408700556
1720038300,0.21754815485372972
1720052220,0.4137610784114837
1720073160,0.9273971774167952
1720084680,0.0942426303098188
1720108380,0.01263630772329358
1720119900,0.8076799031063259
1720144320,0.20309919941932808
1720164240,0.6167848155039772
1720185720,0.8382566677465557
1720203540,0.010933029097662412
1720220160,0.31551771679866714
1720238220,0.8579674731171579
1720249740,0.34371715114587253
1720273320,0.8271044713006843
1720289820,0.46655242170993155
1720307700,0.5600297650324078
1720327620,0.6779772380210511
1720346580,0.7126677100144863
1720359540,0.6549104907296099
1720382760,0.1565808774723159
1720398780,0.8909753867829117
1720414500,0.010657998018985197
1720435560,0.22032089805744334
1720457100,0.9260291794570414
1720478880,0.6240414753435368
1720494420,0.705844231852629
1720505880,0.6706052853889486
1720530180,0.01700499761806804
1720553460,0.032775147968537345
1720575240,0.752973355817568
1720593240,0.5962257004917748
1720614480,0.7084807175658361
1720635720,0.30030954438432783
1720650300,0.25984111211556543
1720665060,0.5235109899757195
1720682880,0.7378160496082542
1720695000,0.7492886986093961
1720712280,0.9135844531909489
1720728720,0.9390965685859101
1720740420,0.5891070595230145
1720763040,0.8089778086878737
1720787340,0.16715709100549236
1720802580,0.49508411489031323
1720818480,0.7832450931888295
1720832280,0.23509077502015352
1720847640,0.7684706504273963
1720859220,0.6464585417249004
1720880940,0.7933221715773173
1720899600,0.8209655267634373
1720920540,0.6081811957233894
1720942200,0.7737119261261798
1720955580,0.19480449114255044
1720972560,0.4501677329129898
1720995120,0.044719793901745096
1721015460,0.6500546909884172
1721035020,0.11733567245748261
1721049360,0.024784777847234984
1721062260,0.49738045463058184
1721074800,0.9312673629163685
1721087760,0.7586625788542078
1721104380,0.39966845698272685
1721128500,0.31435212522785083
1721149560,0.1250959940552907
1721165880,0.5513724964998569
1721189580,0.657964180130214
1721209080,0.374518297608076
1721220120,0.9017199204764207
1721242320,0.14245514364418096
1721266680,0.16453392758529484
1721288340,0.2162178565569184
1721306700,0.7385194378061708
1721324220,0.5740895395210406
1721347740,0.7453864483019899
1721362860,0.12959625681139425
1721377020,0.05620453816773838
1721388900,0.5384077105965026
1721405220,0.09741386786529334
1721422260,0.8954792307129199
1721443800,0.17978217713983213
1721456040,0.8609845519465251
1721469180,0.21255187029758674
1721485620,0.5633643945560944
1721505660,0.1855500357701533
1721522820,0.47996771064657806
1721534520,0.3936815783191301
1721558100,0.42209865683830183
1721578200,0.6809751008886973
1721602800,0.20427429279670106
1721614620,0.8747043996097293
1721626080,0.6941824460827539
1721637600,0.8741957592836908
1721654460,0.7916641101714357
1721669040,0.20388545783415973
1721689140,0.9347503051359746
1721705280,0.6134086192984292
1721730300,0.8019536403544862
1721749980,0.8481867087089521
1721770500,0.34126779958655873
1721789940,0.019302890679293687
1721809680,0.9507947072351282
1721824920,0.5180926868565163
1721838660,0.6253019925409757
1721860800,0.25142173490025016
1721880900,0.012722381209171069
1721900880,0.4824354737269019
1721917920,0.9633840205780095
1721929980,0.9199867621082537
1721952720,0.8483542665756939
1721973060,0.9655625753484547
1721993880,0.8358560641320489
1722007320,0.7464551690144355
1722023520,0.8392543566543673
1722046440,0.9498930926378465
1722059580,0.7471385601662163
1722081540,0.8479059144639242
1722092760,0.013978678725416534
1722117540,0.46414678921495384
1722135660,0.30352238128008785
1722156180,0.2880044686173941
1722173340,0.7854105848141102
1722184920,0.3148009496499394
1722204660,0.8920209254673164
1722228780,0.6274238921065511
1722253140,0.8643598117816007
1722275340,0.34009949031220715
1722299220,0.06783905870233736
1722322980,0.7172631208454943
1722337620,0.5580477966185671
1722354840,0.15153417109257852
1722366840,0.10303695410264115
1722387180,0.9709566330353031
1722407160,0.6231614426484915
1722426000,0.802000413581664
1722451080,0.7126560949232736
1722476220,0.718029283380184
1722496980,0.6933792899610263
1722517560,0.0035010286721993637
1722535140,0.8556560468002337
1722546240,0.017262029771936752
1722558000,0.8060498908903303
1722575100,0.6923293486400737
1722588480,0.15241210578502964
1722603720,0.9196446835616415
1722618660,0.43601819794430013
1722637980,0.38436326763753104
1722655800,0.23067003062907074
1722680280,0.9084967088459325
1722692820,0.818918665934859
1722714420,0.10714624993037683
1722734460,0.014694367052322056
1722746820,0.921815744551159
1722771120,0.7685372074583269
1722792780,0.22988921866136747
1722807060,0.8326624834683239
1722817980,0.9583371833487627
1722831600,0.03900909184071273
1722845760,0.6451161464330938
1722862380,0.8802045689754184
1722874860,0.11020335762997505
1722891060,0.8684022723546236
1722905220,0.6902182382398745
1722928620,0.8358421914891692
1722944340,0.8606108243818784
1722966600,0.3304646580939275
1722977400,0.6321668101574083
1722993480,0.13378726271603053
1723007580,0.5623160499330655
1723021080,0.2510989120615393
1723038480,0.8568713550674517
1723056480,0.09568348530140254
1723076220,0.6390033920474223
1723090740,0.12384242732285876
1723102320,0.07631517264832184
1723118160,0.825123563627452
1723142400,0.8944958835609197
1723161660,0.8852782117320461
1723178760,0.8492509215314396
1723190880,0.7927946845972192
1723215240,0.7869911638763301
1723228920,0.5599185567399232
1723250880,0.5363637645375174
1723262580,0.5316092105220659
1723279920,0.0025649423238291403
1723291320,0.40570221132118206
1723312020,0.738024658012005
1723329720,0.8800565136015922
1723353060,0.023781132956184507
1723367160,0.6066416899705043
1723390320,0.02541996969860287
1723411800,0.4895763137360055
1723435080,0.7119325717190527
1723459140,0.8954673518469392
1723476660,0.9619466631505974
1723499400,0.5283235520663113
1723519860,0.13343716117655602
1723530900,0.8925074259521719
1723553640,0.6069089576325728
1723575240,0.2296869306260786
1723595820,0.8522181919561511
1723618320,0.5480072198971995
1723638120,0.5598014169134347
1723650540,0.8652511602552057
1723663380,0.5883345833982434
1723681380,0.7763767280592534
1723704060,0.6653082401603793
1723718040,0.8440483649114529
1723743120,0.7329103944954283
1723761180,0.47105808214989003
1723781220,0.0040872235888805425
1723794720,0.5803935348456097
1723815180,0.23953036153398735
1723836840,0.9522358100363219
1723860780,0.9690841468313008
1723879260,0.5411143025266445
1723902840,0.20123085461791831
1723925460,0.22313625076338117
1723948200,0.901072048182095
1723969020,0.8464145142851377
1723986600,0.4876199258695568
1724000700,0.41390385898734694
1724024460,0.9910489912325706
1724039700,0.8930834421092188
1724055840,0.8332025391785047
1724073120,0.8397809095068197
1724086140,0.2652045692389613
1724097240,0.04092037349638257
1724116080,0.40764229902013605
1724127600,0.6719126746195347
1724143980,0.4864014355964334
1724156940,0.9361527315149998
1724168820,0.5042560549004702
1724186160,0.22500259619117327
1724209560,0.689981488620292
1724233920,0.9180991152291406
1724252820,0.8306041200363039
1724265180,0.7026333605329868
1724282160,0.9447824552852074
1724294040,0.44665220405697387
1724318880,0.917421508933471
1724335860,0.4252894098711005
1724356260,0.40140729795111896
1724375160,0.8252733849152241
1724387640,0.5339042880580247
1724399040,0.1546508213244383
1724415720,0.3450738943446586
1724434860,0.3681459541254314
1724454300,0.008684896232424234
1724472480,0.2233377410618605
1724484420,0.6362195613785755
1724498160,0.7780677248291612
1724515500,0.7066271469828878
1724529540,0.4290920170606586
1724553060,0.6525418019042307
1724571060,0.1913491458727409
1724594820,0.1441971548119605
1724617560,0.9305933367704258
1724632620,0.05625602537423023
1724653680,0.014607242988187958
1724677800,0.818110307976332
1724700060,0.8693604293219828
1724711400,0.15109882671913766
1724732640,0.12086079282268057
1724744220,0.7888807891619026
1724768520,0.05596038029866916
1724791680,0.6071522682552145
1724804340,0.34950686978249657
1724815680,0.7187770148239707
1724835240,0.965785312346381
1724848560,0.07329489364088497
1724862780,0.5104023790376802
1724881380,0.021217665298240655
1724901840,0.22859340540104237
1724913420,0.6328262718016663
1724932260,0.8438235665338433
1724954760,0.892916031174865
1724977320,0.08945565938492898
1724997480,0.12193100686155642
1725015120,0.3058684696169608
1725035100,0.3985296418967591
1725058440,0.044722920354712495
1725075300,0.6253519758099642
1725096660,0.8860470688296289
1725116160,0.43524480569233387
1725131880,0.277107021688103
1725147180,0.9430999921951593
1725161340,0.5355868524529347
1725181020,0.8374130184273727
1725199920,0.49537362953639313
1725217980,0.8619235268010111
1725238260,0.05909852488555811
1725252420,0.35774789578490596
1725271320,0.795214340805737
1725294060,0.7408363865450859
1725309840,0.8342899131550013
1725334380,0.10674203856576149
1725347520,0.926343662119169
1725359220,0.923164745512049
1725380700,0.7802383554126486
1725400920,0.24772278452250876
1725411960,0.20725532366720537
1725431460,0.6238765760497312
1725445380,0.91506745971702
1725465300,0.13763401473996695
1725489540,0.86768042732134
1725510900,0.592656410168082
1725533700,0.5672813957872853
1725548100,0.6657900573600056
1725560940,0.5565211483471484
1725585540,0.300327507420597
1725608040,0.8053407696740171
1725631740,0.5181499903244865
1725644760,0.9410159044326057
1725656760,0.7010079053552811
1725680640,0.4808666533525554
1725700080,0.8619192382485115
1725712740,0.9327558674386733
1725736320,0.7744151461893929
1725760680,0.775779240629843
1725785280,0.597617273313071
1725801180,0.11031362305191973
1725815760,0.5151701463585343
1725827820,0.8725288484393583
1725841080,0.08585223446497721
1725858360,0.270551080390398
1725879720,0.031416347135347085
1725900540,0.00853841271634153
1725922680,0.7810448049296829
1725940200,0.8975549757748453
1725963180,0.8208979975392652
1725987840,0.2961537194387889
1726011840,0.13291062374490337
1726024260,0.13690010127794702
1726037280,0.017391967389288485
1726061280,0.4520285184094541
1726079040,0.6261583239630447
1726098540,0.506715789725001
1726110240,0.7556066805224259
1726125180,0.38029511055856957
1726149420,0.9044561713273228
1726174440,0.05774096556563823
1726194780,0.009196006627640719
1726217160,0.4229099405286849
1726233840,0.1989144517144243
1726256460,0.8419496768993001
1726276860,0.45844447809771627
1726301640,0.8348189598128916
1726323300,0.8576227029469683
1726345980,0.7336550900022912
1726361100,0.3585366029194315
1726372440,0.1571749929358532
1726384620,0.09371154227102614
1726407720,0.718921462072151
1726431180,0.8934571864984001
1726449180,0.7105570807831902
1726462320,0.8891527357870791
1726478700,0.7054569295832477
1726491180,0.19932890696792535
1726504740,0.7464089632303278
1726516920,0.6652516774102739
1726538160,0.6304141927024354
1726550520,0.3987890718175315
1726572660,0.14372212616651578
1726595700,0.3195408456270379
1726607880,0.4099015991416799
1726632120,0.21042249091507004
1726643940,0.2365298176142272
1726656000,0.7963942973319381
1726667760,0.9411428506856192
1726690020,0.44557207046781044
1726713720,0.8324103729556429
1726738860,0.5919340842747809
1726756020,0.8653712361437624
1726776720,0.340311266191214
1726790340,0.5788411738751182
1726807740,0.8766657914940392
1726826460,0.7789482842885207
1726840860,0.4355141385957781
1726852620,0.9798867456039345
1726871940,0.015887262477260203
1726888380,0.870478007318345
1726909440,0.58713090799279
1726930440,0.6217991790472319
1726946700,0.7775611535457199
1726963260,0.3439812262958423
1726976640,0.05730310013135536
1726992720,0.2210386297334014
1727003640,0.8823381750971748
1727026860,0.047190143297224985
1727039820,0.7512620180868712
1727052780,0.12401169538183321
1727076240,0.6870789382534774
1727087340,0.7577060944172267
1727103360,0.7180740882005203
1727127960,0.40990636796237867
1727145660,0.7632633097708353
1727163180,0.5008725754715373
1727187900,0.6710201425347198
1727207580,0.307878414159605
1727218620,0.9608009249075917
1727240100,0.5214092257563284
1727255580,0.6231890853836548
1727266500,0.8096972516737136
1727284320,0.329756128890223
1727295960,0.8100232685017628
1727313360,0.9059531236069726
1727336520,0.5518387067141164
1727347380,0.6455343773675465
1727369040,0.08635482042999838
1727394120,0.4861932973010524
1727416140,0.5265697698443587
1727430060,0.5871637211858842
1727449320,0.4263313847461857
1727470080,0.19337658468796182
1727482860,0.08174012514351499
1727494440,0.9187105492278755
1727507460,0.03159979390252432
1727523540,0.43241721524747456
1727545080,0.8098047860235562
1727556300,0.6271412103440295
1727574300,0.5458585808371773
1727597520,0.8281228797322919
1727621220,0.25106310868210224
1727633040,0.3134200344957849
1727644920,0.8854542661930914
1727659260,0.4603394591479351
1727679420,0.8968576598221574
1727692320,0.004283475054947066
1727704740,0.316364482997483
1727719920,0.8023054017876564
1727733060,0.5360502413923517
1727758260,0.9060737453354325
1727772180,0.9159835183984847
1727794080,0.10071241472058441
1727815140,0.1472256688495712
1727833020,0.792551933014112
1727856180,0.5982812743140009
1727870160,0.977172275420158
1727883240,0.677989872831787
1727905380,0.5000449198212302
1727919360,0.7691696939588124
1727943780,0.0826265717349588
1727966100,0.6089599635725242
1727977080,0.774735328622203
1727999640,0.49607392721727844
1728018660,0.27118843089747735
1728039360,0.7923369730465917
1728057360,0.1472362965616811
1728073680,0.8577805668279709
1728098580,0.07076234664786712
1728111360,0.03265579572950236
1728133260,0.823451896600845
1728153000,0.7206200539976932
1728169020,0.24790412987465885
1728189480,0.8106673539562151
1728208800,0.7882698515116728
1728220020,0.3640556430868238
1728244920,0.07117171772207569
1728265140,0.6063379515262375
1728279600,0.008856603352077613
1728292140,0.9208271400928559
1728309960,0.8949206416510115
1728325860,0.07598164254261557
1728349740,0.6330970449551443
1728363360,0.07697161525964598
1728377880,0.03540940378550016
1728393960,0.9856952528558466
1728415320,0.2720784846928237
1728432180,0.8936551769546901
1728443760,0.45454131171672746
1728457980,0.31144664406062395
1728469920,0.60516394221783
1728486360,0.3117107623342841
1728507480,0.3355926565679088
1728520980,0.7378030994895216
1728538620,0.672476571481136
1728561300,0.36950664427661123
1728576840,0.04792580557501005
1728594840,0.6538061878385155
1728608880,0.7391458890193201
1728622440,0.3186526503763284
1728638400,0.6458636730157217
1728663240,0.7257300834658821
1728680280,0.7562907140338868
1728702180,0.00754295491521847
1728717240,0.5686732154624924
1728730500,0.8522202565070924
1728744960,0.7182706923502832
1728759480,0.35934374280878545
1728777840,0.864135705282657
1728795240,0.7957493813297554
1728808680,0.4477840153267879
1728832980,0.908723402743263
1728844500,0.8103585102466001
1728856020,0.9654463078870564
1728872760,0.8075160499385803
1728892080,0.5922994122998213
1728916320,0.8506519390205446
1728941280,0.006842091000591537
1728963900,0.15914089165721762
1728980160,0.9194232517857275
1728990960,0.36080911063180954
1729008960,0.7721720270248137
1729022460,0.8533057916428413
1729047000,0.552677423322477
1729065180,0.03759919505760425
1729076520,0.7657280846764015
1729095720,0.6870678755703077
1729115820,0.03997787231719293
1729136640,0.2639178479178181
1729157940,0.46454668296902085
1729172280,0.4095553363477329
1729187040,0.6340980317051674
1729207620,0.7628379374287213
1729218720,0.6538016581730238
1729232820,0.41865062019261046
1729246500,0.5590998730586767
1729257840,0.4986183066359489
1729271220,0.6985946269903733
1729290240,0.9500668790849257
1729301640,0.643256616431121
1729323060,0.1964596386440538
1729341180,0.8348683411240785
1729357200,0.1111042009900504
1729376880,0.837061065007903
1729399380,0.3056956833863993
1729412880,0.9169096554495528
1729432380,0.967259640665729
1729449720,0.8658341212692687
1729467780,0.9908516988092448
1729489980,0.6613861948422453
1729501320,0.7470015078960554
1729521840,0.4661564836856307
1729534800,0.8658897200692182
1729550100,0.4945382465991683
1729569540,0.6493206874246096
1729587300,0.8021960720256633
1729606500,0.8819673868120361
1729623120,0.6430382706808226
1729635900,0.4870517160638062
1729649940,0.891397592159035
1729669620,0.7564596888363164
1729690560,0.7234232246920793
1729709640,0.9330467758972953
1729730880,0.7689840944935393
1729745880,0.4382422584051067
1729768080,0.9133221544147885
1729782000,0.739451127940042
1729801500,0.5317495823629018
1729819080,0.7562946250004604
1729841460,0.90945373459504
1729862220,0.3230971198252373
1729875240,0.38422109683990896
1729887660,0.42182908674377273
1729900680,0.9614771175841814
1729925460,0.893796053490657
1729936620,0.031084425235109864
1729954380,0.6622288152165595
1729978320,0.8561617664020503
1729993920,0.9697451872814146
1730014200,0.7288060609154016
1730031000,0.2005937895581428
1730044020,0.8757495989112005
1730056920,0.4866633835242336
1730073480,0.26492505384221166
1730089740,0.25267533518853214
1730101560,0.12294344449185032
1730121720,0.25133920516520186
1730138100,0.026026493339950517
1730156280,0.4438241049452388
1730177820,0.9134963902822633
1730197740,0.5119190341347515
1730217180,0.8076579571212763
1730228220,0.7288390171417785
1730243220,0.3646742366802758
1730264100,0.7184301855161314
1730287560,0.04749649868842377
1730298600,0.7715180887379149
1730314320,0.7406081166589371
1730326560,0.40000488063039774
1730349360,0.8419555212351836
1730368140,0.1604572019549711
1730383260,0.9208863746177639
1730402400,0.30964156933328235
1730415300,0.9745156320525865
1730435940,0.9126450867050635
1730461020,0.5247146437552898
1730475300,0.7040875636057771
1730488560,0.0801178863808666
1730502480,0.8252692859607478
1730518260,0.6679582519858159
1730532120,0.44994309202892274
1730556600,0.06612454336146883
1730581440,0.08577242461913791
1730593980,0.6974717719166957
1730614620,0.8162842411609277
1730638860,0.9447506998987572
1730660040,0.9151829491116716
1730676000,0.18762013623836293
1730693460,0.7571355952766468
1730705820,0.8168570222363337
1730724960,0.12066304208082305
1730742000,0.2512720953590193
1730755860,0.6411646046030224
1730772780,0.8192120233394022
1730797080,0.08663700265252969
1730809380,0.2592724102164148
1730833500,0.576482045363409
1730854860,0.771448140927923
1730872920,0.6158270309643639
1730890440,0.13115788698517686
1730910300,0.015149914057284681
1730935200,0.8931183709844362
1730953080,0.3566453387541839
1730969400,0.009031197228269701
1730993700,0.1218539144662433
1731018060,0.021641634749933542
1731032880,0.34779223180198426
1731045300,0.658507260679983
1731056820,0.7338286504322522
1731077460,0.6339503662085897
1731090840,0.1317226384440457
1731109020,0.3471760696072015
1731134220,0.39564236563788013
1731159060,0.890025539836178
1731179880,0.46514594587422387
1731204840,0.8759169860544151
1731216300,0.7524577738151617
1731240960,0.7593450730336675
1731253200,0.14208790476837035
1731276480,0.6008663764593581
1731290040,0.7105987890816937
1731302640,0.5700534520611376
1731323640,0.4719727501515809
1731340800,0.9054107843072181
1731364020,0.6850031867095866
1731380460,0.8860193425693293
1731402000,0.9294358244958045
1731414120,0.9330670560671622
1731438240,0.32083417332755815
1731459780,0.7608779909332264
1731479880,0.7207756352358206
1731496260,0.3763488268379386
1731515520,0.09521090736169037
1731537360,0.5382466165981852
1731557340,0.19228772903084154
1731573480,0.07845230157162532
1731597840,0.09318570962752416
1731611880,0.6065968221674884
1731629760,0.003154339341714504
1731654480,0.823166229527022
1731670380,0.24138891534273743
1731688380,0.6757361073824135
1731705360,0.39880895888081813
1731718860,0.7697904754028165
1731735540,0.0312710368766381
1731750480,0.9149152612707151
1731773640,0.4930997810050653
1731788100,0.6316279038887503
1731808920,0.0035437855011570766
1731833880,0.8821017362268105
1731850260,0.6979946415559278
1731865380,0.22425224076516656
1731885540,0.14329644779158993
1731902220,0.9178107987252169
1731920760,0.8589042804819422
1731944460,0.8256968436013323
1731961800,0.4490287322376703
1731977580,0.9076933863250887
1731990540,0.025208923923101874
1732009320,0.985088808390005
1732030260,0.667434019410354
1732046100,0.36244544326672734
1732063020,0.6245757590751996
1732074720,0.7776947913611455
1732086420,0.8850016017982801
1732100280,0.10809874513559437
1732116000,0.907841865832353
1732140720,0.009671845248718778
1732155900,0.019441602336011523
1732180020,0.5349359822395425
1732201500,0.6602402412849021
1732212360,0.7765902497249719
1732234020,0.7457585980616104
1732252800,0.8873289198090897
1732268340,0.014487824220369032
1732282860,0.10657772141588254
1732299960,0.7786634503000885
1732313340,0.6442393657024552
1732327920,0.5594096081250967
1732339440,0.013080803451511377
1732356420,0.029564509203029138
1732376520,0.901524205392829
1732391760,0.8194100843661722
1732411980,0.05599134478631741
1732427460,0.3094425074440072
1732439820,0.8166512038416479
1732461180,0.02586824236171046
1732478460,0.8683017700438767
1732490520,0.7996562345356996
1732512120,0.8976270991012524
1732531320,0.8385398614063344
1732551960,0.6966552144823974
1732573020,0.8711291082433766
1732594440,0.9280632023384456
1732613160,0.6933453070997797
1732630800,0.797720459550735
1732646520,0.7746764889496474
1732660080,0.00440824794125357
1732682460,0.6219756163377548
1732695120,0.8560025408441375
1732715820,0.6943751874243944
1732728480,0.3345509757123831
1732745940,0.8558827394064603
1732757160,0.006672153383053166
1732770660,0.9437951292005397
1732793160,0.49038348528219
1732814880,0.010681416219492439
1732830420,0.8820985091369474
1732846020,0.33425929211059424
1732862400,0.3354054615935754
1732881840,0.7999910905760494
1732895940,0.04046257187135227
1732910220,0.8050017833348346
1732931340,0.5739169328847183
1732942260,0.7577539148718979
1732956000,0.8936088567517995
1732972680,0.2293558291736668
1732990680,0.6818096295029985
1733006100,0.9214674022111137
1733022660,0.6775585100796941
1733043900,0.7358001071539122
1733054940,0.5297961141951859
1733075940,0.6370404833728485
1733088900,0.7703219247916604
1733108100,0.8405599618378105
1733119140,0.7915887578320092
1733142120,0.732651388876155
1733164980,0.005091676847061352
1733182620,0.1940750252406512
1733203800,0.11296637813955465
1733214720,0.17612219384308572
1733229960,0.7728418849445073
1733241780,0.6951620598090024
1733252760,0.22579555179923333
1733271840,0.09239602649757736
1733294400,0.7451981938235204
1733317140,0.010221733401821795
1733332500,0.921232390894155
1733348400,0.43590053673970053
1733372220,0.05522455377184865
1733389620,0.7854222809214716
1733402520,0.6936936488715265
1733415120,0.23485806691464592
1733435700,0.8123303640732266
1733454780,0.05516180901215632
1733465640,0.9124229830105213
1733477340,0.7721517462377353
1733491320,0.6671294825874345
1733515140,0.583237175939668
1733536500,0.10721394966092065
1733555940,0.7319122349530902
1733580540,0.6786476828003951
1733600520,0.003469617896409852
1733617080,0.30532606897824033
1733640960,0.7744313345616995
1733660460,0.6027110623838237
1733671440,0.0024158405926413187
1733689800,0.9783684737292061
1733714400,0.09624515713908845
1733732880,0.6340160593631016
1733748960,0.3859091930679362
1733771400,0.08136040243358288
1733788800,0.31327730605645515
1733805480,0.5107113028946226
1733820960,0.7300069480905598
1733837340,0.6563736522404023
1733852820,0.5649530030001408
1733871900,0.8982650219775582
1733896680,0.7917437335711892
1733918880,0.8108805555158104
1733938200,0.009102107945117292
1733952540,0.888998547355577
1733964900,0.39052944451717514
1733977140,0.8074420594956321
1733992320,0.6992773142507878
1734016800,0.9857549255215784
1734030180,0.7148117502252813
1734047160,0.7111650437278694
1734069540,0.7529078193253091
1734087600,0.9904988149438618
1734100980,0.7425214305746082
1734119880,0.8953893141057544
1734143520,0.6650401079600398
1734167340,0.6601764050229307
1734186960,0.002397451946468665
1734201240,0.07659544438277108
1734217200,0.4232660442691822
1734236640,0.6673071237475781
1734260280,0.7138760305072478
1734276540,0.6332204122709482
1734299880,0.26549381949267536
1734314040,0.6144940795569114
1734334440,0.8416632467282439
1734353160,0.47242141460230924
1734373740,0.03855695220196711
1734387540,0.8584138158005098
1734398400,0.18297813231483329
1734418020,0.5383564160508256
1734429120,0.21128659955094342
1734441540,0.6714456527356107
1734460680,0.7815788046452118
1734482640,0.590066979904524
1734505500,0.06958435039560551
1734517020,0.6282804846581141
1734535980,0.8632758848848897
1734556260,0.42541895604621205
1734578580,0.9548946654501334
1734592440,0.9179764503044566
1734610140,0.8379325088689797
1734622620,0.7129188762273815
1734634140,0.3623589482343289
1734648000,0.8303039756290165
1734663000,0.007513205568458975
1734687000,0.6846869959154425
1734702720,0.002449679922458391
1734719280,0.8711241855292369
1734732600,0.37751187796113617
1734744840,0.2960842579519326
1734756180,0.548475623320986
1734776040,0.16404625195165157
1734797220,0.03562405322243692
1734822240,0.8937610993435601
1734835680,0.9132176588310256
1734859800,0.04827959464169548
1734876060,0.6087202995365795
1734887580,0.34032882361211103
1734910740,0.8247550574160775
1734929040,0.8115771706302325
1734941340,0.3050270346347061
1734959760,0.7048968326947802
1734984120,0.22841690388586436
1734996660,0.4988075965359504
1735021560,0.36668442056372436
1735044840,0.38145137557604425
1735057440,0.08546104143526266
1735076460,0.7254490414332129
1735094460,0.5499964249553791
1735114740,0.4793732438963651
1735134060,0.13556462123049792
1735158360,0.7424389994677086
1735182120,0.027983458051685242
1735201260,0.9809006587842021
1735216560,0.48163118836093716
1735230960,0.584750936468183
1735242360,0.347522922867491
1735255440,0.4280358990737228
1735273920,0.3993965638367512
1735289940,0.8288909013474001
1735303500,0.8994071850081756
1735317060,0.8137687894031131
1735334940,0.0024095441826947057
1735355460,0.8322989420671346
1735377660,0.8595345429315873
1735397340,0.29288486318956386
1735421280,0.7581726811252956
1735436400,0.15919463736243167
1735452420,0.059147361866997566
1735475460,0.7209199956727246
1735490880,0.3686016399857357
1735512780,0.8981714462460963
1735536480,0.5832034342320858
1735551360,0.5329755391188636
1735573560,0.7907415421286637
1735595280,0.5331487634874794
1735615320,0.627659948638553
1735631880,0.8992078120175534
1735654320,0.33363438710693455
1735672200,0.7191835675345843
1735684260,0.1840135974083017
1735705380,0.9013892218055478
1735719780,0.5116105270127363
1735731960,0.9000347002186337
1735754040,0.2678664665002043
1735770840,0.520631078797413
1735783200,0.9001429037542308
1735803300,0.7216864409671705
1735819980,0.1681032684669356
1735844520,0.0037736097309249875
1735861620,0.6485721330604658
1735877520,0.7931175919787548
1735898520,0.8836282947797726
1735911300,0.8524879297156293
1735930440,0.35275504023891197
1735951740,0.08909241405078387
1735967940,0.1975074466059454
1735992660,0.5743538914860946
1736005080,0.7841522061398821
1736017740,0.04737621348778037
1736036220,0.7374517958727936
1736048160,0.01883447858544379
1736068800,0.5626436768267614
1736082960,0.7348232391067264
1736103120,0.012557985613901756
1736115420,0.6611796495098472
1736131020,0.6038430741619547
1736147220,0.26940602301446454
1736160240,0.8579448052250496
1736172420,0.9030517342244471
1736194380,0.6021986184809585
1736208180,0.9411775495603019
1736224020,0.618405015228358
1736237940,0.9283743067509845
1736258220,0.6995647578988511
1736272680,0.9107171424214626
1736293260,0.4120383451105132
1736317800,0.7876169806556813
1736332740,0.9059811604981822
1736357700,0.9284400854848438
1736372820,0.6465600165802678
1736386680,0.9038729905685493
1736398560,0.6108774912209132
1736417340,0.5440558463847369
1736436900,0.22003142807121814
1736452920,0.8030333907680801
1736465880,0.42925732943764194
1736480160,0.7000032373741735
1736499180,0.9352677104403574
1736510520,0.40945789387747716
1736527800,0.08185296408198538
1736551260,0.5177586571689772
1736564760,0.48757250525465584
1736588520,0.5882501698170162
1736609520,0.8646059624164786
1736629800,0.7995689722459222
1736654400,0.8914565035038757
1736668500,0.886667825766988
1736688660,0.8715200755029366
1736709960,0.6698680561855328
1736731260,0.7924396379113936
1736744880,0.9528147292838008
1736769480,0.5546421992551761
1736788620,0.6875328832049229
1736803500,0.9044878078281904
1736826120,0.8850895681947716
1736850420,0.8641235606835147
1736868300,0.8969409469542858
1736883540,0.12721636022374458
1736903100,0.8830949377807136
1736921760,0.7632648708615706
1736938080,0.5211621321199325
1736959260,0.8996000630431176
1736976960,0.8314874958869755
1736998560,0.06336007585996484
1737010560,0.2722397054069355
1737035100,0.8750253504740655
1737047580,0.8018463200581176
1737060420,0.04828901424962077
1737083160,0.956560649237723
1737101940,0.0021589094620272863
1737119580,0.2812251494913833
1737140280,0.2901543533107254
1737157680,0.8211006635842117
1737173940,0.4449703402885836
1737197580,0.784745750447631
1737218160,0.6877545781579004
1737234480,0.8928323916409022
1737258960,0.7420331175701191
1737274380,0.31759615868980273
1737299160,0.5183966293441022
1737321480,0.6795138652760011
1737337920,0.7089336058722091
1737362700,0.10339216654400958
1737387180,0.46461290466389915
1737398700,0.7421242200520828
1737420120,0.01880721195543043
1737436740,0.9574946566356827
1737452820,0.06001362704801617
1737469020,0.9223939093463909
1737481020,0.02749257950322177
1737505800,0.8825123459932955
1737525480,0.025903405684354983
1737540120,0.8952269197748783
1737555720,0.8247717986272172
1737578040,0.8227788086339182
1737603060,0.7778495361111821
1737622560,0.3252678060556219
1737642300,0.872345971588359
1737659520,0.4413720665818979
1737671820,0.21837182061432034
1737691740,0.6918525067937982
1737716700,0.8971246188874237
1737732540,0.25754702327529766
1737757740,0.8351413150735131
1737771780,0.6480307377792441
1737795000,0.895684997478517
1737813660,0.12861420291388986
1737832980,0.5080622442336254
1737854340,0.790704935271691
1737878580,0.42827770850283
1737902040,0.836167645095827
1737923940,0.8180907806514494
1737939780,0.5749511223564628
1737960540,0.008581947034015835
1737985080,0.8640293971712897
1737999900,0.5750820480216409
1738022820,0.910299621512245
1738036860,0.8003245585654521
1738048560,0.13391983774911284
1738071420,0.8348053137104896
1738091040,0.03869179480112108
1738110180,0.8541387895936801
1738131060,0.9274761152495049
1738151580,0.9072578759218993
1738168080,0.25789703348358983
1738191120,0.9264524667041524
1738206720,0.6022454951834609
1738221420,0.6556704502953654
1738243320,0.5174591177019991
1738258560,0.24683233622549672
1738281900,0.8983335974695883
1738301340,0.0408552079717452
1738318920,0.8975988654814926
1738334700,0.8760387348401558
1738350060,0.4766091895416844
1738368900,0.5828664563069658
1738389660,0.22751691213386607
1738407000,0.3090628698369382
1738428540,0.8774668563388582
1738451520,0.008834618846554032
1738471020,0.49885485009225045
1738494240,0.014804866653833071
1738511580,0.8068728238954979
1738527180,0.49180406835513935
1738550220,0.6817626240747467
1738569420,0.1435692269731599
1738590420,0.8862342097404756
1738613460,0.3982652893509863
1738626000,0.12864236167678483
1738647300,0.7578974432732104
1738671780,0.522460860196043
1738696620,0.7632557437839592
1738718820,0.745991117871106
1738735440,0.8257693788589174
1738757220,0.5937677401429421
1738768560,0.803787795651621
1738791360,0.4731274494943521
1738811280,0.957813999476786
1738825380,0.7842441904747142
1738847340,0.6031047891123839
1738864260,0.06747451111719212
1738886880,0.39770307690201423
1738905240,0.39196056237103527
1738923660,0.6587212059707694
1738936380,0.0034269234512775467
1738950060,0.0038760104840378736
1738969020,0.006998125361562463
1738988340,0.15046024654006462
1739004900,0.9302089647972246
1739021820,0.06082071665613099
1739033880,0.9042115541994021
1739046780,0.6214119859445721
1739071080,0.6935382867186873
1739090340,0.06629021072768115
1739114280,0.8318577483689312
1739134440,0.7546106465753982
1739156940,0.3542102212020183
1739170920,0.8817782141873959
1739193480,0.9168586243968805
1739211120,0.9191423035683057
1739226300,0.9756664250781673
1739241600,0.1534443790048914
1739264280,0.8424507225791454
1739288280,0.7795859065061749
1739300160,0.41753155399038144
1739313240,0.28546067263644204
1739331960,0.2401667267867013
1739354100,0.8296308748185421
1739377740,0.8292641214752661
1739402760,0.7479104057485064
1739424120,0.7180513645690768
1739447400,0.5468720973738264
1739460720,0.21578052584823415
1739481420,0.9708684198174754
1739498280,0.7378131767885984
1739509140,0.756210661708409
1739524320,0.6935642102236523
1739541720,0.5219136793020306
1739560860,0.8646296874471167
1739578200,0.015716988389271325
1739595180,0.25298481435678943
1739619480,0.6763712233492445
1739630700,0.04783716424354335
1739655060,0.9303390254403897
1739672520,0.7205653994726704
1739688660,0.9014818103080358
1739707920,0.7598940578120454
1739728260,0.969122006610934
1739748660,0.9122798746473523
1739763660,0.8225297050690408
1739777520,0.910866526218912
1739796960,0.8241357383024137
1739809800,0.7533844508926486
1739820900,0.8492565556703383
1739835780,0.6040023279852729
1739860320,0.2054154452161705
1739872500,0.4547418694703821
1739885940,0.9171387262672992
1739902680,0.8559952692511015
1739927820,0.7967313411907649
1739948760,0.8249806159352684
1739971200,0.005161126383341001
1739986860,0.45017377993660546
1739998620,0.9084242139130074
1740019080,0.7738276438319931
1740041940,0.9502880766156782
1740060900,0.7438095867363878
1740076380,0.9283077692007953
1740091380,0.006871472276171459
1740114240,0.7787218201738516
1740135240,0.8026634907681154
1740156060,0.7255769095544113
1740179100,0.7264550649073329
1740200400,0.8330776556744481
1740220440,0.9072049397700946
1740238920,0.35942959419582554
1740250080,0.5752914940135534
1740265620,0.08535472157800186
1740283560,0.10458843596646199
1740301560,0.8920568825198817
1740324960,0.8885286518298703
1740339360,0.02485615172754069
1740360180,0.6924242407702045
1740377460,0.7357146882366914
1740395520,0.6173402985870374
1740409860,0.0616980673378695
1740421860,0.005052965087827943
1740444840,0.004678526601761743
1740467940,0.5974694715179707
1740487920,0.8883341718576967
1740507360,0.8561222691548016
1740526860,0.332488196162558
1740541920,0.7238442891248547
1740564000,0.8434417193306906
1740582840,0.9285742912041127
1740602460,0.9084258639881033
1740621840,0.045919526361789295
1740646920,0.6941859521821697
1740660180,0.7677472024402605
1740674640,0.9022709794448932
1740688680,0.03119830614949336
1740711360,0.5604624505473623
1740729480,0.009630051153304448
1740744780,0.8784137335681577
1740758520,0.5873192679418274
1740773280,0.6610410824676026
1740785880,0.5751832683008082
1740801360,0.690647857180191
1740818640,0.7802708781331011
1740836280,0.15492888805636262
1740852000,0.5347868825297548
1740864000,0.7440916286866084
1740887400,0.8740091045524037
1740898320,0.7521935121409288
1740911580,0.759644711328002
1740924660,0.7178674284031645
1740941940,0.27697993338199317
1740960420,0.6164621451758698
1740973020,0.8296996384826085
1740984420,0.6269288733927734
1741009140,0.13344270902113067
1741032360,0.7748625345552098
1741054080,0.569772565872055
1741077900,0.8152199591586478
1741098360,0.12149283111035601
1741123080,0.7965892373890806
1741145400,0.19723937415193857
1741165140,0.15541315075016268
1741189320,0.1847720269135647
1741204860,0.302708498259539
1741226760,0.7705832736703435
1741239060,0.7392302901730867
1741262700,0.23230827074907226
1741279680,0.7121188808473806
1741293720,0.03760264271966828
1741310220,0.6828029609159362
1741328400,0.11461967832711091
1741346280,0.761604635692352
1741358760,0.5038546819884652
1741374360,0.8903392369066556
1741390380,0.6478431444710785
1741410660,0.05322073894514902
1741423320,0.36361601964900975
1741441740,0.7657557220119019
1741456500,0.520512336975215
1741470900,0.4745999697610202
1741495200,0.22090057635238514
1741512600,0.8987506180626312
1741537320,0.12777387680975105
1741554240,0.44843105566688585
1741573320,0.42244296351581717
1741588260,0.4412482720768798
1741606860,0.45542863872651634
1741626060,0.5802620161217547
1741641540,0.9262285741574136
1741653060,0.7282216388148122
1741670820,0.0031294374918403927
1741685040,0.046038841548438694
1741700640,0.8597030541546841
1741717860,0.49383275361828005
1741731000,0.1908584662515531
1741752180,0.09883983465990667
1741770420,0.8338161255926709
1741782900,0.8765110996277884
1741802700,0.5424798729945294
1741825020,0.7414909869628354
1741841040,0.3759758538792597
1741862040,0.9194035016926603
1741883400,0.9237305190113763
1741896840,0.8729242257999918
1741915080,0.7144050247666511
1741930740,0.8499014529525654
1741945020,0.7171518571386877
1741962480,0.8155858927969093
1741986120,0.7134436323898881
1741999620,0.7687484190525338
1742013960,0.1561318837563336
1742027880,0.6254861915968817
1742042580,0.09276769819934287
1742054220,0.6254058899034229
1742069520,0.8279322261431848
1742093760,0.8889872386102039
1742115960,0.7556321391361103
1742126820,0.2283934795811986
1742150100,0.8599724923266406
1742165340,0.9043227329678634
1742178120,0.1150249469234947
1742199780,0.47487788338536097
1742222160,0.4034605841652916
1742245980,0.7414959800113516
1742261640,0.7825890389869814
1742276880,0.7531523610026515
1742297820,0.33215769888735147
1742318700,0.8995791135536816
1742343780,0.01853944050050833
1742361360,0.9050897374144399
1742373000,0.7137926932272298
1742390700,0.6922019759935754
1742405820,0.8550410181363819
1742421960,0.5693350193748667
1742445660,0.951754571276551
1742465340,0.05153269098465301
1742480160,0.47541066101749946
1742494680,0.66911145486915
1742514780,0.26573750803182206
1742538900,0.7321980583395375
1742560980,0.885927123858481
1742581380,0.2586164471804498
1742605740,0.7641078534942147
1742617860,0.5729114659931593
1742636520,0.7447729710175097
1742654220,0.42214807390377435
1742669400,0.6538597565647546
1742685780,0.6748062447611833
1742708400,0.2878244028396719
1742720040,0.21075584028702957
1742730960,0.7090571251671445
1742754240,0.8287059332793408
1742765760,0.7766769079870829
1742780280,0.7805278649723082
1742792220,0.6795663961167542
1742808060,0.74236388953549
1742823300,0.910464690004954
1742846820,0.10314165903705348
1742870700,0.7466245634761342
1742888580,0.8129729179021387
1742903100,0.3266412995438537
1742917440,0.9163067330611407
1742942460,0.256567308801792
1742959140,0.9255182526884919
1742980980,0.7423294004930112
1742992980,0.66009658781063
1743014400,0.4438979848883587
1743035520,0.6897311991627844
1743055500,0.8601063807250073
1743073860,0.6966280944860528
1743087720,0.9456774340866114
1743112920,0.966977981355381
1743129000,0.23495581035990937
1743141180,0.0030199308573859046
1743159240,0.8485924380492956
1743174120,0.8054095166555343
1743198960,0.811121403828059
1743222120,0.05628381964513545
1743242880,0.4941265841437785
1743262080,0.024142785242112993
1743284100,0.8326216726634961
1743303000,0.731625004106196
1743316560,0.529640099406434
1743328980,0.9186900156635472
1743347760,0.6364911603285563
1743361320,0.9478521646528452
1743376980,0.8743054037431806
1743388200,0.42101863094714703
1743399900,0.009017504702222769
1743417360,0.01224888995741753
1743439920,0.4493369517241287
1743463200,0.41139046142593505
1743478620,0.6706823077682992
1743499620,0.44898927688608614
1743512160,0.903428847190217
1743533700,0.920710740301968
1743552960,0.47857702682980896
1743571440,0.6889554957906054
1743589440,0.3427296945259641
1743603840,0.7202527266461696
1743616740,0.8556222583249501
1743637680,0.19272742508551027
1743658800,0.3121455240558059
1743677580,0.610962174093413
1743700260,0.22851081677327675
1743725340,0.3557250212746327
1743737460,0.1862271674795114
1743757620,0.3291334549914824
1743780960,0.007044329060537931
1743801720,0.06155489589588629
1743820440,0.0026185354643438823
1743838740,0.39526184501628864
1743852960,0.7685270848966789
1743875100,0.05029538406230075
1743893460,0.33120412418961775
1743916980,0.5309440460483068
1743931140,0.8118989814514171
1743953460,0.19084985600442
1743972780,0.5608104466570432
1743986580,0.06934442748259827
1744001640,0.8246641720270584
1744025940,0.8038024435380271
1744044480,0.8531400769329534
1744061340,0.9527946175776635
1744081560,0.7162922250800052
1744094220,0.046599509256228897
1744118700,0.5622987448307035
1744139220,0.7974434007878397
1744159980,0.34419697691250145
1744179480,0.8301037847684828
1744190640,0.8698819530724771
1744211280,0.7308082203821817
1744222140,0.251526793659266
1744235400,0.5166963874224113
1744253100,0.8126646617561809
1744272660,0.9182920745873858
1744291260,0.7147227219882475
1744306860,0.4480159214344118
1744329660,0.34847139526470583
1744350660,0.2011922876843765
1744371420,0.9657535471594326
1744382400,0.8574055687847221
1744399620,0.4595871953033611
1744422300,0.05126144309232851
1744434600,0.8647713457181171
1744456320,0.6616620636613526
1744480440,0.8107001411869957
1744503660,0.7405890215077837
1744516380,0.3045380198857116
1744534620,0.8316977435667214
1744547040,0.778046723538986
1744562580,0.15821749042429983
1744577880,0.29416215869572365
1744592160,0.545775273603225
1744606320,0.44771622501398595
1744619520,0.020449954420691564
1744640820,0.917669281313061
1744653480,0.7449567154492918
1744665660,0.39198527537018185
1744687980,0.8138963979079208
1744710360,0.73894435946452
1744730040,0.00720016834100293
1744750140,0.04797963772746105
1744772400,0.8839219560532222
1744788060,0.6698934816798923
1744801740,0.9764208131557636
1744825620,0.616947169741425
1744848180,0.6852225306967588
1744862520,0.7287840138118424
1744879980,0.8333744367984398
1744894140,0.8399545962211011
1744905660,0.22100997181230153
1744916520,0.9858219465394513
1744938780,0.6809730104196399
1744958940,0.6038686013129337
1744978140,0.9153264553285287
1744989600,0.804777279394732
1745008440,0.8988606766897197
1745029140,0.5536306964881476
1745045340,0.11074027664310188
1745056440,0.19447911862348835
1745073000,0.23544226246658154
1745097660,0.09966407485832161
1745110800,0.7889648043442008
1745122680,0.22247226490750527
1745135760,0.7648085381085227
1745160660,0.8120069098837127
1745183580,0.31739279646887486
1745198280,0.8690816175658792
1745210460,0.8494887128210732
1745224140,0.8947225177438445
1745245740,0.45337604050794084
1745267520,0.03766336464288747
1745284260,0.6461533096558705
1745299200,0.897777177947554
1745322180,0.8461109859788203
1745345040,0.6711850651854219
1745361060,0.7651524917649118
1745380800,0.6476361571600259
1745397180,0.9329123612982695
1745417880,0.8804574353190343
1745435820,0.8755180744482459
1745453040,0.37337866443051804
1745468340,0.0754055479092365
1745480160,0.384144603078028
1745494380,0.3768176081571302
1745510220,0.7355645428096059
1745528640,0.775895752997714
1745540700,0.9350021492166707
1745556000,0.6487189542643874
1745579520,0.6640629642092934
1745602140,0.2983272257824552
1745626380,0.005919614352935595
1745648340,0.7263588607174416
1745668260,0.42912925388326345
1745687160,0.7090199979471962
1745699100,0.2670674434566189
1745716200,0.62545389331516
1745734380,0.8845072248479624
1745746260,0.5904361534600863
1745759220,0.5105517340806434
1745781000,0.5510871893827236
1745795280,0.8811049607699561
1745806200,0.1069970135336982
1745828520,0.1328281455972193
1745841480,0.007801852209441527
1745865840,0.13252811647086998
1745883960,0.5369159615076404
1745896500,0.8430326802608967
1745918100,0.3316165965225829
1745929380,0.24878864513731144
1745944380,0.44101484427929016
1745967660,0.03342668624462082
1745981340,0.5599920683568533
1746003780,0.21671487411286888
1746023700,0.9800376171416171
1746034860,0.5890764911395091
1746053220,0.9685718506798189
1746071520,0.9474960675319398
1746083040,0.15178145403164325
1746104760,0.8314924127516413
1746125940,0.8012103534342505
1746147300,0.21985171473337306
1746169860,0.225228701728031
1746193740,0.7934505618551215
1746215640,0.8130586570048475
1746236160,0.898968811682489
1746251640,0.6873197338564337
1746270300,0.7950565554492441
1746292620,0.7815871882978501
1746307080,0.5151704180282548
1746325260,0.8397045054465094
1746336420,0.4855427337145828
1746350760,0.8485401876116156
1746364500,0.08160516851745578
1746380640,0.21751666073280457
1746394140,0.014673059079649515
1746405360,0.5807949299559565
1746418140,0.005291580096476307
1746438720,0.39238366071552055
1746456420,0.9380407998326249
1746472860,0.5765829837307646
1746485880,0.700383086338032
1746503280,0.7382760819195034
1746516600,0.9569742885469632
1746534420,0.00499956772073397
1746550080,0.18430150130272635
1746560880,0.8804024153453159
1746575760,0.7312026854174091
1746600780,0.37995026431451784
1746613140,0.6989324575694538
1746635100,0.8700160777836173
1746655440,0.08435665840191334
1746671220,0.593607200583503
1746686100,0.4687693574601312
1746701580,0.686878165457572
1746723000,0.5413334564963985
1746742800,0.9414034773187098
1746755760,0.808614404655053
1746775680,0.4389278694968951
1746800760,0.8662522700190859
1746812220,0.3268960739680125
1746833940,0.7662710894224369
1746845880,0.7938639540757986
1746862860,0.6731545571551325
1746878820,0.6232461257878599
1746896760,0.8682717638247812
1746921360,0.760831076273683
1746941760,0.7924125705152885
1746960540,0.872558675188855
1746983520,0.2448967430672457
1746999000,0.4808707066045818
1747017840,0.8335593465210924
1747034760,0.005119258964647938
1747050000,0.7843470635160893
1747072320,0.30606843723936916
1747093620,0.4689803507384598
1747113960,0.8579417140309871
1747129740,0.7121260589515849
1747150620,0.6232005299120923
1747168020,0.16357090390690965
1747188300,0.8219251559739984
1747201260,0.8702404985946094
1747221240,0.9634719290039371
1747240440,0.7766466688293872
1747260420,0.7751399706961896
1747274700,0.8354326201341654
1747299300,0.29312411806505156
1747315740,0.8267221948022074
1747334700,0.2923324406917971
1747346700,0.9860185361973167
1747359720,0.4087394770290602
1747372800,0.8384957716228341
1747396920,0.7300073675050043
1747410480,0.5638892273415739
1747422540,0.9243369553889574
1747433820,0.7456301904165692
1747450680,0.9032932706708212
1747472280,0.8868535201773811
1747483680,0.30081633977043687
1747495980,0.6667463029030251
1747520700,0.5241449262799633
1747532700,0.3666153080978994
1747555140,0.8669809319527476
1747572900,0.6474394637817154
1747592280,0.4944308506529042
1747604400,0.023724978128870436
1747626720,0.9288645452444656
1747640220,0.04934653839267166
1747659780,0.5181198431525912
1747676340,0.5318152625392405
1747691520,0.7226941982192583
1747709820,0.1266238213751987
1747727040,0.761520230346254
1747747140,0.17381473807052056
1747765380,0.7771766361022732
1747778760,0.6719097398129926
1747800300,0.8255195688570287
1747823340,0.36818564712780105
1747844460,0.5691989431190845
1747857120,0.30396334075987774
1747871880,0.43898792006566495
1747887840,0.978709250132283
1747906620,0.9849114680438876
1747931580,0.703684596876265
1747956480,0.5832188759846431
1747972200,0.22022510955618857
1747992600,0.12445254758574373
1748007240,0.7198214719399457
1748018280,0.5093913075039604
1748035500,0.684639200930415
1748049660,0.9105395785735827
1748064840,0.12190495441052544
1748083020,0.8124901493484479
1748094360,0.8894479993389808
1748118300,0.889942965877788
1748130000,0.11080040279950039
1748154000,0.14384497272288405
1748173200,0.7262464618427813
1748198400,0.5391022988494585
1748213220,0.9191203376131697
1748235660,0.3574721003432415
1748246700,0.6044507687430118
1748270760,0.7873966367914912
1748287860,0.8628374980106012
1748307900,0.8463837405584139
1748322120,0.6109398275693776
1748337780,0.6183740770764713
1748357520,0.05228718541044494
1748374200,0.38633655358750574
1748396940,0.8369263896844548
1748418780,0.7667079377931891
1748434080,0.06691172097346168
1748456160,0.3010345655787239
1748473020,0.14380631613376021
1748491140,0.829269609064849
1748504100,0.905098202446582
1748527620,0.861753173633218
1748541300,0.3884036186255555
1748565180,0.6814046682251753
1748578260,0.617643134701654
1748591820,0.6871229862261434
1748616300,0.29616900762378173
1748636040,0.33649543796527015
1748653740,0.7507541351964686
1748673240,0.5025681323889124
1748688000,0.06257881675602332
1748706000,0.6395383077583858
1748729760,0.803014450000759
1748746440,0.7407292745261855
1748764980,0.3710900064803323
1748782380,0.7266153556545079
1748794440,0.5824865632191019
1748812140,0.680180439501051
1748827440,0.5723531424900802
1748841360,0.5540336824763384
1748853240,0.3515603520044944
1748867160,0.9282686132857806
1748891520,0.8066476851754305
1748905140,0.8069748571325441
1748916600,0.7818857047303697
1748932560,0.42536008135585873
1748953320,0.820228768930917
1748967600,0.3126854841495301
1748986020,0.7771202286740516
1749008460,0.33296580382189855
1749023760,0.6232563978687374
1749041940,0.9018100217800047
1749063060,0.8121851845596211
1749085980,0.024572462144780278
1749111180,0.6790776987527579
1749127980,0.5616810952261448
1749152580,0.6281245562289837
1749177240,0.6530481834832662
1749198960,0.19945719536786055
1749214920,0.8954671834383038
1749239880,0.9267974475982446
1749259800,0.732693873027236
1749280020,0.7613809160909004
1749292200,0.37763658324900373
1749305580,0.44278366165005356
1749325440,0.9408038176055562
1749349740,0.9376866904951234
1749369240,0.2751552015135088
1749390660,0.20187394568340417
1749403020,0.48803221181508466
1749422520,0.7712644380971454
1749445020,0.7653344345016764
1749461940,0.7120934635235201
1749475620,0.9704694691552913
1749495360,0.5929996263170434
1749516480,0.5166215149952837
1749534300,0.21303145639969626
1749556500,0.9409005983806842
1749569580,0.008107592381731017
1749587880,0.7683106852053052
1749604200,0.7707865599375712
1749627900,0.03337468241528716
1749651240,0.6585904023896653
1749663000,0.8215009996514402
1749676980,0.8415821998883753
1749696840,0.8433527160458826
1749719520,0.8101879248403518
1749735780,0.8156631881087782
1749748140,0.9366914453364288
1749763140,0.1147015577990379
1749787860,0.06158953087974373
1749812100,0.35828849479144487
1749825480,0.755015123780764
1749846360,0.7709927739589295
1749864540,0.31266782993644116
1749881580,0.7118524040685306
1749892740,0.9265126931305953
1749907380,0.8751349840047636
1749920700,0.8809647372362723
1749934200,0.876679605902361
1749956700,0.5600342194534601
1749971100,0.004048900467568373
1749983340,0.7211596580230549
1749995760,0.8956446915705574
1750020360,0.7176717184511923
1750045080,0.7320093810021331
1750060200,0.32351250099797946
1750080660,0.81516833524334
1750105500,0.7127572809214305
1750125540,0.7517175148649542
1750145580,0.5826661193262683
1750168440,0.03875209886345134
1750180320,0.9874048709013147
1750200060,0.807453131968637
1750216860,0.36706636289384564
1750233180,0.8157754463487525
1750254960,0.9396384617557829
1750272960,0.7328782482850381
1750290480,0.8997509898987617
1750314840,0.9560197350299734
1750329540,0.9054520942053272
1750340640,0.36361780167000424
1750356840,0.06041096367295102
1750373040,0.5950260065235728
1750391520,0.9669129887286424
1750413780,0.8321974729331607
1750429860,0.24653703968568516
1750442520,0.6166893540349286
1750464540,0.7580505688541485
1750483020,0.5112608392271769
1750506120,0.4133875148217608
1750519020,0.2699820769716146
1750532880,0.6246873242512335
1750547700,0.35657381762592094
1750564860,0.353506076596492
1750587120,0.1700467568348939
1750609080,0.41165552226081886
1750630380,0.9139161103403325
1750650300,0.09368339404691502
1750665480,0.3609680759878018
1750681920,0.3307236064465422
1750698720,0.6493380758315999
1750715160,0.17936420924966348
1750729020,0.9311016524168715
1750743360,0.40359185133600395
1750755000,0.8395881216599267
1750774380,0.3572332565994283
1750799460,0.977640331270601
1750813620,0.9766217537141255
1750838520,0.3293574575673276
1750854900,0.5273019909094274
1750872600,0.8919297154371529
1750886940,0.15806757393408144
1750900440,0.701522002885212
1750912920,0.41567971621346156
1750928160,0.7129281733583568
1750951200,0.8289244040298189
1750964340,0.7077631590948543
1750984260,0.1318677214414816
1751002260,0.8277088333991223
1751025000,0.4402958591129835
1751037360,0.9303994766687127
1751054580,0.8522005790152551
1751074020,0.010231101791784108
1751091180,0.22959470707885682
1751110800,0.5321091773619641
1751131200,0.7881496026642729
1751153640,0.779769415319383
1751173200,0.7462787696200102
1751188560,0.7862448542647524
1751201820,0.8049467254312908
1751215980,0.7422279488680432
1751235360,0.3782932048950918
1751256960,0.9014196817854475
1751281260,0.37731521998390644
1751303220,0.8281709429261799
1751321700,0.9146444482027175
1751346480,0.7157348967881867
1751370960,0.8740818556571539
1751387280,0.038655571337496315
1751408400,0.77192127616615
1751422980,0.4331327419468653
1751443680,0.20792293655072835
1751459280,0.5145092006386378
1751472360,0.44136377154241
1751485980,0.10560295032007024
1751498040,0.6878817625152579
1751511780,0.9026649468561945
1751527440,0.07380883331900906
1751541060,0.6138769194109324
1751556840,0.4673181190683837
1751581260,0.488128220975705
1751595120,0.9118893678757336
1751619900,0.4115702857520194
1751631780,0.5201641056236017
1751653380,0.1275139750521707
1751666160,0.8468306738938434
1751677080,0.7899980035052443
1751701860,0.16959977103691987
1751713320,0.7977677041709975
1751737980,0.0011199645637054946
1751754600,0.7544032410864936
1751768580,0.22702090559453242
1751785800,0.7916311487584232
1751802420,0.03335191768504914
1751819220,0.07278839425570052
1751834700,0.666905188618897
1751848320,0.32327372336068216
1751867400,0.8954477967519493
1751891760,0.745385446366306
1751909880,0.7364779989584913
1751930880,0.9858268715904888
1751952000,0.8042840023224592
1751967420,0.9913920322751063
1751988000,0.9331069726837135
1752000060,0.8832953147291797
1752012600,0.19550016953535587
1752034380,0.566295604572573
1752050580,0.80446357266792
1752066360,0.37390788281524506
1752089400,0.5784715361998481
1752109740,0.010483878756691547
1752129360,0.4845653976417996
1752145740,0.5197633431996591
1752160800,0.010275689668926415
1752181740,0.8782699043804489
1752201540,0.22520542646117447
1752219720,0.9066356229728108
1752240420,0.5655221046792236
1752262740,0.3292219076459618
1752283440,0.021712862441499323
1752305760,0.1543355063756937
1752325620,0.8962066101660752
1752336420,0.6017755549483205
1752351120,0.7627960738031605
1752371400,0.9765809558010832
1752386700,0.24215028573346972
1752398640,0.01111337242851614
1752420240,0.21976619346933252
1752432300,0.893807563117378
1752456480,0.35754587687653605
1752470760,0.10619842316039803
1752492960,0.5182361424644357
1752504060,0.2893912074774505
1752522180,0.694459323092211
1752534600,0.0023000727410716452
1752552000,0.8264960817878306
1752575040,0.26007615973159964
1752597360,0.8954101712268356
1752612060,0.02157427324555917
1752633420,0.9035053225616683
1752654660,0.8958914095265962
1752672360,0.23199922252918045
1752684540,0.8723592718839874
1752700200,0.8135507700052986
1752719700,0.8371461043500324
1752744060,0.7850781721933677
1752766140,0.27565284934652445
1752784560,0.7545622201962141
1752801240,0.7804749774690722
1752823980,0.7247769886489115
1752837180,0.8661425211151339
1752860160,0.920515496707325
1752873900,0.8664979833773714
1752885600,0.8742089742652341
1752902940,0.4424605240007535
1752914700,0.7616537787123812
1752927060,0.7804369163903109
1752946440,0.32975427836585713
1752959400,0.8935984534130731
1752982020,0.6361278270586845
1752998280,0.8238357814068296
1753010520,0.24155694600334446
1753028940,0.22621712196789578
1753043460,0.5092790128723823
1753065960,0.6802872711844299
1753077300,0.8752427206025314
1753100400,0.9546926374926992
1753114500,0.5372310618151632
1753135380,0.20586550307517323
1753159020,0.7590757207436812
1753173060,0.7025666226748073
1753191240,0.3265917227036594
1753205280,0.8764133173920241
1753219500,0.4384620165303348
1753233540,0.5366037636320905
1753248240,0.7497188201094308
1753263120,0.466857133530345
1753285020,0.7225504893201259
1753304460,0.38500615496343993
1753320600,0.34668859870505686
1753340280,0.7902156457427995
1753364700,0.7692960007538869
1753381020,0.19259258325622897
1753396020,0.7881375055667444
1753420740,0.9052196296847236
1753435260,0.07849312940480191
1753451820,0.6671274762329561
1753463400,0.5609334796492083
1753478400,0.7911988870011157
1753494720,0.004390606263918332
1753510500,0.6485154584523429
1753527660,0.820025387217622
1753547400,0.9297520548274983
1753558440,0.8600948355608558
1753580580,0.7106263257697677
1753595280,0.34242215686951943
1753618800,0.042534664004801485
1753643940,0.5697469016739238
1753663620,0.6197273006238875
1753674720,0.575012492376847
1753686300,0.24570340688833758
1753707180,0.4418743584087743
1753732200,0.6075143025919338
1753750260,0.8762614235273914
1753773840,0.7711347070426122
1753793820,0.784396091496237
1753805700,0.6659909243113962
1753821480,0.9478050543580496
1753834080,0.767874813355061
1753859220,0.19784625027572583
1753880160,0.910539555445029
1753900380,0.5174174905708652
1753916340,0.6414309719664704
1753939260,0.3419792521084178
1753962780,0.34524149631275425
1753982160,0.5337272048079816
1754005020,0.555737894438991
1754022540,0.6551679767472797
1754036280,0.2936263074895751
1754061120,0.5420797032680815
1754081340,0.8060667973078276
1754101020,0.37929396780937696
1754120340,0.8628833932284612
1754133420,0.5581401976794744
1754147340,0.9664612322591956
1754161980,0.3049737161587448
1754180940,0.7497971042516384
1754202720,0.8508861668887446
1754220480,0.25787897634615975
1754240640,0.10410088850329287
1754258880,0.44317833971962145
1754275260,0.786229608528136
1754296740,0.8957131438398516
1754319780,0.9156598981633937
1754337480,0.08532182538013772
1754349720,0.44095324804411656
1754371320,0.6911840522837809
1754394780,0.5075684153844064
1754409660,0.9505392197096387
1754428140,0.9190399496353632
1754445240,0.9553583495853302
1754469900,0.8099007004626446
1754483340,0.043680864928258456
1754498580,0.9299571237551018
1754522580,0.4325308147775171
1754541240,0.7045828132179643
1754562540,0.03696699193320282
1754579820,0.38690227429005203
1754597280,0.25061682801592
1754616840,0.9916958300927854
1754631840,0.7985525397783787
1754647920,0.6082813608609174
1754669280,0.7657119769351157
1754682780,0.7434346830069871
1754706840,0.12857131485885884
1754721240,0.1872857433555908
1754732640,0.15639707805805855
1754755980,0.11701292139821132
1754771220,0.8258672209484097
1754789220,0.46895165665326904
1754811720,0.3661240103105942
1754833560,0.5722340241289188
1754850720,0.823440406142012
1754867220,0.016980247657160524
1754885220,0.9051718825799682
1754897280,0.2860712161252685
1754908800,0.46789194077813484
1754931300,0.9062109826564518
1754942940,0.908430832259967
1754961540,0.9221444609948818
1754972520,0.3426424933564735
1754987400,0.7147273267857684
1754998620,0.7023887842182184
1755011340,0.5711222977425091
1755027900,0.587355083484369
1755050940,0.6893834326296858
1755068280,0.2293165364990361
1755082380,0.829634550747846
1755101160,0.7950866190362367
1755115800,0.8945592810803775
1755130500,0.21206745696969723
1755155580,0.0050435768145037614
1755178200,0.9926173083919739
1755198300,0.8797700359977634
1755218100,0.557619842255942
1755242040,0.7459365236394793
1755266460,0.4316380571613056
1755277620,0.6305656658755079
1755288420,0.44828967312707163
1755299580,0.7637769810573878
1755312840,0.813194932566833
1755333960,0.5294053928421164
1755347040,0.3102075809138737
1755367260,0.2161858544456521
1755379860,0.582171158910483
1755390720,0.5210816608856257
1755409740,0.061768132255545
1755434160,0.5098750611181572
1755446640,0.4309806944449658
1755457620,0.7886511310441295
1755477600,0.9594112044104449
1755498540,0.9174443731022691
1755522540,0.8239093631399557
1755539040,0.9764793645512257
1755549960,0.7717294300182153
1755565440,0.8987541193095971
1755582300,0.8411332652182032
1755594180,0.14824123485326066
1755607860,0.6753928723255969
1755628620,0.6569041939182443
1755647880,0.6543384439317576
1755670620,0.0017811986525795099
1755690420,0.7814990380423105
1755712200,0.8896783261288912
1755732660,0.7585411706478831
1755747000,0.8983165104267455
1755767700,0.8711437859809907
1755787140,0.8853588746356359
1755803820,0.35066464425798377
1755826920,0.9005618947914914
1755839700,0.010380446874925403
1755861660,0.7473403263360596
1755874260,0.017033075944730438
1755893160,0.8858752025031552
1755906120,0.0696978680632697
1755928500,0.9234464327619016
1755944940,0.5675565744988085
1755966120,0.43624974802449046
1755977100,0.10396396116249262
1755993120,0.7130606531729702
1756008180,0.6995062792825408
1756033380,0.7771150851446924
1756057200,0.73125887325726
1756069140,0.8137923389508512
1756080720,0.8324351802981553
1756099980,0.10029367948546182
1756121700,0.8832224246525874
1756143900,0.18662365210056378
1756158480,0.7791586812751332
1756174860,0.8353411201547952
1756199040,0.2777287051869244
1756219800,0.9328323975742352
1756231920,0.9072611736314772
1756254300,0.988405942758381
1756279500,0.9516134975702226
1756292280,0.9673822408370006
1756313820,0.7496568999982596
1756332960,0.7700807612641948
1756349700,0.7653002749619402
1756365900,0.35842525129257286
1756383660,0.7524374346361468
1756401480,0.2549127355344038
1756425840,0.9522853709284564
1756437960,0.704446340848895
1756461960,0.8072086859454738
1756479540,0.23922750904533205
1756495740,0.17972831870455383
1756515060,0.6837807417654606
1756526580,0.00308134645027998
1756545540,0.7545598983570372
1756568940,0.9720887251953872
1756591140,0.07843282685768382
1756612920,0.25534943583593717
1756635900,0.5874531293411653
1756659300,0.8323308347353815
1756681260,0.01632601115970537
1756704660,0.6962860238412594
1756715940,0.7893100132254582
1756737120,0.09430486012868661
1756751580,0.727814516844317
1756767900,0.9226473958759068
1756792380,0.7591038788028193
1756809060,0.022988525156584682
1756831320,0.6428288272155129
1756846680,0.4727970574377827
1756862520,0.49380689087452145
1756874760,0.6946867210204288
1756889700,0.16464325167401828
1756904160,0.9689844729874243
1756924680,0.9534569201366857
1756948560,0.8467628454589089
1756970040,0.35570619767449324
1756982520,0.27024994010875814
1756999860,0.6377710686482684
1757022000,0.2572998104252817
1757041620,0.024386773474074724
1757057460,0.6888964110762354
1757073180,0.005705609878215451
1757097300,0.5199812424935
1757115240,0.6978087948911844
1757127300,0.14338793398267544
1757141280,0.7407795066182148
1757153040,0.9595795998146709
1757170020,0.9107557655394359
1757181000,0.8254007883501487
1757205900,0.2993776437570057
1757229240,0.7485858186093657
1757247240,0.60892111733718
1757272020,0.8729183268203613
1757284860,0.8377016700387582
1757296200,0.5065218173532703
1757313600,0.5473618521674573
1757335080,0.4458102867885836
1757360040,0.702100448058276
1757371020,0.22239373492327644
1757389020,0.7371588396026576
1757402400,0.7255550643172031
1757418060,0.13016223430721502
1757430180,0.7004257889488267
1757447220,0.7927502888657747
1757470920,0.06320262151734203
1757493840,0.7120884656744821
1757506860,0.3119133237629866
1757520060,0.0013731434494393359
1757531220,0.8927594546248788
1757552040,0.9051437097277754
1757575740,0.7284195319441131
1757596800,0.9042111506101099
1757619840,0.10890670742037079
1757639580,0.6426066312452161
1757651280,0.4023264822986832
1757665020,0.29753809890285454
1757679540,0.8915639605259593
1757694180,0.6304409848368253
1757711220,0.30326132164051056
1757729760,0.7036988097972985
1757747580,0.6362184852226174
1757772420,0.4312703730913016
1757784900,0.8039916868269648
1757800320,0.9245025934678353
1757815680,0.6727125593949347
1757827920,0.7709970510713973
1757850000,0.8611517108741539
1757873820,0.5630962158048107
1757898240,0.052010213623939094
1757922000,0.2044586344102075
1757942220,0.7779005987824251
1757957100,0.3930906074897629
1757976660,0.1488018348151206
1758001380,0.2592493414717327
1758021360,0.5673493317639489
1758038280,0.17320158614444983
1758049860,0.7105276774803684
1758062520,0.0034166408714792667
1758079140,0.6281182073680492
1758101580,0.702384867311513
1758121140,0.7493094840805408
1758141060,0.6135200351794443
1758160740,0.6159998489375799
1758172080,0.7513305749249819
1758188160,0.7558824426447487
1758203700,0.11660037828234923
1758218520,0.5598163051902811
1758231180,0.8182843589139913
1758254280,0.6246875189132346
1758279360,0.2930279943993832
1758293640,0.6968535619662508
1758315060,0.5694974285115331
1758330000,0.6888722833170733
1758351000,0.6736479251056464
1758367860,0.9175893676585867
1758382920,0.7340750796731725
1758395580,0.7269706758288779
1758416160,0.7108515356183226
1758440760,0.08332568005605512
1758455700,0.6748399360204014
1758470880,0.1348238764420649
1758493140,0.7741041590631645
1758505560,0.7756512371977765
1758522900,0.012321477700469026
1758535800,0.7441203138231751
1758549540,0.5550457926978994
1758568620,0.16136296013068366
1758581280,0.7691836467939634
1758603240,0.41254679757756657
1758619560,0.13379740896255513
1758636000,0.8814388388930955
1758655080,0.37534947621543396
1758669600,0.002278185638459595
1758688500,0.27020850041741723
1758706200,0.021438469749786238
1758720660,0.008800119018061452
1758742920,0.8832890558977291
1758755220,0.8705090754308179
1758772380,0.8572472746865933
1758795900,0.3988620257487432
1758812400,0.8371508639901728
1758836580,0.22315909364684489
1758859200,0.10099351471119025
1758870960,0.7471961425563505
1758892980,0.7875243788912405
1758911160,0.98939789031097
1758932100,0.7535416824280559
1758955560,0.3217564882599031
1758971280,0.6874758391009341
1758992340,0.47982883586859043
1759009560,0.5324053694680364
1759023240,0.23046848063281586
1759048380,0.6924166462387197
1759064640,0.6860283169176316
1759089600,0.8862195400992157
1759105740,0.9508507460264052
1759130700,0.654477361563895
1759152300,0.6585349953250604
1759168800,0.013461985600438505
1759191180,0.6917158597772324
1759212000,0.7045728599123454
1759225320,0.01340969573826894
1759248780,0.7480412972416323
1759263720,0.7648827474616894
1759287300,0.9092548009186862
1759300140,0.4072184638155714
1759321860,0.7401958052684735
1759345680,0.8677985044407398
1759370760,0.1190031109001484
1759388040,0.00651008146956808
1759400640,0.2155115657643053
1759415820,0.031879509465231576
1759426740,0.08067888660621182
1759438620,0.25064604402919516
1759451760,0.2761819153801127
1759467540,0.8779809617111076
1759479600,0.11722443926140275
1759494480,0.8665707917617612
1759519140,0.41928943465696644
1759534140,0.9139180775651009
1759549560,0.7552274804021757
1759566600,0.8462226770295534
1759581960,0.07490894941722091
1759603380,0.11520889979632719
1759618140,0.6519378566268295
1759638540,0.5099167014563976
1759652700,0.9124805758333016
1759668960,0.8155107510823822
1759686000,0.00822013793088789
1759698600,0.5056266290541368
1759717020,0.6408458177588421
1759729380,0.23492714382934132
1759753800,0.6970106938264325
1759764780,0.31564839729547434
1759777320,0.7353617155207133
1759798500,0.7531279234205599
1759812960,0.4886216752074375
1759827420,0.32080749157117283
1759851780,0.8295283967899393
1759868940,0.3440138684494497
1759880340,0.19274617462694124
1759894680,0.597301028586743
1759911060,0.16789560075761928
1759931160,0.1649851379283167
1759952520,0.6276049981037601
1759974600,0.46516662180123797
1759994400,0.27420897294322033
1760009880,0.5348501089993305
1760027220,0.7648249481028728
1760044080,0.38074652948026555
1760055060,0.7515868073247798
1760066340,0.4689943181976876
1760083560,0.886576078961895
1760104320,0.5119228753542908
1760116740,0.9640131679985913
1760131380,0.031933706742652876
1760146200,0.001389680780448773
1760161260,0.3115603484838265
1760181600,0.7820157241780683
1760205060,0.5894148935847445
1760221500,0.4316580222850725
1760241480,0.4685749212649438
1760262960,0.8106162601825997
1760284560,0.1442739163942409
1760296260,0.07001386103606493
1760307960,0.7620080524152166
1760326320,0.8279075935279403
1760343420,0.573946145085172
1760367060,0.0032491445523960306
1760388180,0.7326258751401558
1760400180,0.47264760292015645
1760411460,0.1088976616058627
1760434680,0.27024739825382527
1760448420,0.7642223203805251
1760466660,0.9231709330985521
1760481060,0.5418454614880293
1760494620,0.7606373685059938
1760519280,0.8659947836825228
1760541480,0.7353353036026046
1760561100,0.9861113444480526
1760580900,0.7934098307916788
1760597040,0.5574297670203072
1760612640,0.28540200473053434
1760628360,0.9344106483397864
1760648940,0.5649997684531644
1760659860,0.018101121422865858
1760671860,0.853983555652331
1760696880,0.6970788202317357
1760721000,0.2005466111246963
1760732880,0.5595868500617278
1760753400,0.6839358196901518
1760765340,0.6118845931953825
1760783700,0.7615491125707048
1760805120,0.8338924570316147
1760824260,0.3856141077746408
1760839620,0.6698483553684753
1760852940,0.7666195632312565
1760877060,0.791041190144809
1760892540,0.8552521353117131
1760912100,0.24914690210943358
1760924460,0.10250579126966478
1760937300,0.9436117177801564
1760953860,0.8517137424705161
1760976300,0.3854955366084822
1760993880,0.9706764801786647
1761016800,0.5123386588744994
1761029460,0.24040668548506283
1761044820,0.8466616945086828
1761063900,0.09744140405592201
1761088320,0.8460227174867785
1761111900,0.9736711394448173
1761134700,0.6864410934168992
1761156960,0.2401620681756754
1761174120,0.677096367670901
1761198180,0.8646399798909792
1761215220,0.8858458672589135
1761227160,0.10321512815519103
1761239580,0.8666960954539791
1761253260,0.5204121552852128
1761270300,0.02712377251299033
1761284940,0.9189050137576676
1761305040,0.8037808639503924
1761322200,0.7819662800117713
1761343620,0.23542668101238226
1761365820,0.7996087658265785
1761379140,0.5381459526547195
1761397560,0.2520030204633646
1761419760,0.7434467008498832
1761435840,0.9196243934767805
1761460500,0.6361760598240604
1761483480,0.32674821222646044
1761501660,0.547536626390207
1761526860,0.8508350745751835
1761540660,0.7326748446830893
1761558180,0.9138232898298215
1761582060,0.3084780410684198
1761596820,0.7352074306492469
1761607680,0.0052011791125368845
1761621900,0.4350261836993242
1761641220,0.7792744720189906
1761654180,0.9357896239229725
1761678180,0.8454867345962761
1761700920,0.9423111034808935
1761725760,0.2603277548065758
1761736980,0.7517269283611794
1761756180,0.8345308596026615
1761769740,0.5366579219094718
1761785100,0.5835298450945181
1761802140,0.8659493665008376
1761822660,0.43935712101676394
1761837000,0.38407156007283044
1761849840,0.8434629099013708
1761868140,0.8532139060194059
1761882120,0.839825112755195
1761906480,0.15868107054697353
1761928560,0.8588338354858485
1761949500,0.8672004465507441
1761969780,0.8323258544095116
1761987540,0.6419594936875567
1762003140,0.6680705439638093
1762025280,0.4870325612611935
1762036260,0.8499457324695474
1762047660,0.0033724884837891974
1762065300,0.0060841691261237715
1762076100,0.26322045724627685
1762095960,0.8577136445490775
1762109520,0.8710118260653289
1762129980,0.08066052200834382
1762148220,0.2664478670919729
1762159080,0.4280923985182803
1762171020,0.7217010500024921
1762182840,0.49493944758635045
1762198320,0.02611750556986342
1762210080,0.8306669144391579
1762221780,0.6807561307558423
1762236060,0.546319178585065
1762251420,0.8371092783303635
1762273680,0.9538470173916774
1762289400,0.05037086122469039
1762302240,0.9650595758190208
1762314840,0.526275131495232
1762326840,0.18898537699945883
1762346100,0.5038948842330293
1762357800,0.7676430279343996
1762372680,0.8578149808604637
1762392120,0.8766808876449654
1762404360,0.8221972852189577
1762419540,0.4712177045744321
1762436760,0.4734855255978859
1762457520,0.6932579941011092
1762470960,0.039087323648213955
1762495680,0.025390850998579812
1762507620,0.2772844415312451
1762520940,0.3120585534140802
1762537680,0.8548495909918277
1762561680,0.19541874709288626
1762576860,0.09890601186480742
1762589400,0.6562897868960669
1762600800,0.7745866567802085
1762618380,0.0021806225424414456
1762633860,0.7556201124244353
1762656480,0.829118727177823
1762675080,0.1382238067972032
1762686000,0.9478150526432696
1762705860,0.43246879602214117
1762728060,0.2916584874126905
1762746960,0.3275955957373303
1762771380,0.08538170941719653
1762793700,0.7186405729988278
1762811400,0.8709123723759142
1762823640,0.795101337932118
1762843620,0.1842155060964252
1762865580,0.7789936827779005
1762879080,0.8729622954332122
1762901880,0.9109608637211122
1762918740,0.8067502916438337
1762940580,0.7162683315469804
1762965420,0.0655445046225044
1762984920,0.8581485567774603
1762997520,0.8441724520810938
1763009160,0.6060465519302529
1763024760,0.8663561614411206
1763047500,0.8800842159121861
1763070300,0.7026480416372272
1763094180,0.7384918402533918
1763113920,0.7900036379676426
1763125680,0.8205534137888384
1763139360,0.2568509090467032
1763161080,0.38074150064964585
1763177640,0.04232415776752444
1763198640,0.17099714316331355
1763211180,0.767048455320347
1763229360,0.6681516798868666
1763252280,0.16033416473904702
1763274480,0.7545693133725022
1763292840,0.8430887239473316
1763305200,0.15169534860694717
1763324160,0.15860318313856414
1763340480,0.32963470287176544
1763353560,0.015940819696941808
1763367600,0.8583606118531649
1763383500,0.8858711929626069
1763407380,0.4223495839760609
1763421540,0.48423805955263427
1763439540,0.7516682181488267
1763457660,0.4213727720109961
1763481420,0.0050980509515590675
1763499780,0.8557849974372788
1763521920,0.7420507277570235
1763540460,0.7881530885114134
1763559900,0.9153977674159588
1763579400,0.9369839006905671
1763593740,0.3376400278915808
1763614140,0.343534629906091
1763627280,0.3541643666074663
1763651340,0.9656098874513664
1763676120,0.2274677036456569
1763692920,0.6182221806813482
1763714880,0.7276156428130556
1763730360,0.1727274694723211
1763746200,0.28668546201618406
1763758380,0.9396753429418053
1763772600,0.2586110048899377
1763795340,0.3446666625881729
1763807880,0.8476932842072078
1763831520,0.7185925831435912
1763851740,0.38278973291477497
1763863680,0.18074453734661391
1763885400,0.8461956186979146
1763909340,0.9221733605830906
1763921100,0.9423648748603616
1763936460,0.8064605600416783
1763952180,0.4331505429382214
1763965020,0.7529012891362801
1763984340,0.5569904609853893
1763999700,0.4589653530907219
1764010500,0.5048557789971565
1764028320,0.9288143553236036
1764046860,0.30028564207364483
1764064860,0.05130958235381445
1764078900,0.4346772646727854
1764103680,0.7972779885704075
1764122640,0.8796725461801367
1764144300,0.8708759443105194
1764162360,0.27484729598624724
1764179760,0.03165641716746309
1764198840,0.3265842237920951
1764217140,0.8278149031693796
1764232740,0.7536961403108338
1764245220,0.4009024767708856
1764265920,0.7010150116897267
1764276720,0.4272536740262167
1764299340,0.28992266604215944
1764324240,0.9608207473552937
1764349080,0.4928670498806499
1764364500,0.4457522163141347
1764379260,0.8876673587594627
1764392760,0.7408391768137335
1764416760,0.04309059727394382
1764432960,0.8690220087750231
1764454560,0.8671681447117525
1764475080,0.7247534043797526
1764488640,0.9246950621546299
1764503460,0.25750939161168634
1764526380,0.6758352833252006
1764549960,0.25552904909707364
1764561240,0.48202765602851055
1764578220,0.5746543661752259
1764591120,0.832382204680855
1764613560,0.32412103943804027
1764626100,0.6940107281623793
1764637260,0.7749613460433045
1764653160,0.10317730815634898
1764676920,0.20477614645251108
1764694380,0.6037552056346229
1764714300,0.8392143355248524
1764731760,0.09537412704110787
1764753360,0.762820508112231
1764775500,0.45554533199399166
1764794460,0.8398239303495156
1764806700,0.7437231380169098
1764824340,0.8703778212488708
1764846540,0.7010339904544299
1764864900,0.37544892745445213
1764889320,0.4555908754852744
1764903300,0.4261636890018203
1764917940,0.7779494409805723
1764932400,0.15321644930938946
1764954600,0.33092053791407244
1764977940,0.8854361131894624
1764988860,0.6100162961213031
1765009620,0.7902160312860036
1765029900,0.7429292555303697
1765047540,0.9911254171229047
1765069200,0.7659996373989693
1765083660,0.6090648699304202
1765108620,0.06315480828868913
1765122360,0.4248758682283828
1765143720,0.08589831085523482
1765164540,0.7608430729467797
1765179960,0.4502487505220986
1765191780,0.9778157608339377
1765206780,0.783815886828545
1765225260,0.8937500485606028
1765245780,0.8812866218996864
1765267860,0.0838433237256462
1765289040,0.6671197741313621
1765313280,0.13872587848505571
1765332300,0.15618038948591598
1765349340,0.7311461122309844
1765370640,0.42066246080368064
1765383060,0.660667717373265
1765401720,0.30435733802824505
1765418280,0.775725669337415
1765429260,0.6868071437261078
1765446300,0.775909403634557
1765465380,0.9225743249194276
1765484280,0.3228131139119868
1765508700,0.9911464310075531
1765529400,0.44106829765547867
1765545480,0.3461560969251447
1765568820,0.9191252368485784
1765592940,0.39387788738846663
1765606140,0.2984358572402406
1765618020,0.8656642767683418
1765636140,0.7149900311447621
1765659300,0.6392671298882568
1765676160,0.48293524235800056
1765700340,0.8827604260833535
1765720260,0.933229574273265
1765737300,0.9694827143320013
1765751220,0.9061510796590277
1765765860,0.5592315943049773
1765787340,0.6921250482317032
1765803960,0.546748471925959
1765825740,0.5556981432508139
1765842060,0.6227100403785073
1765860480,0.7753113952919377
1765872540,0.6941871331634123
1765886760,0.6949041588559708
1765901580,0.186606883945339
1765924020,0.04485556491111847
1765936380,0.7377250965867199
1765959780,0.9515502018679
1765983060,0.976414247274771
1766003100,0.007629007847348721
1766028060,0.5345186424601793
1766049720,0.054923653341983396
1766061780,0.6296102277450131
1766083140,0.8802716298451699
1766095320,0.9786350840199441
1766114220,0.24321855261345338
1766131020,0.10295524816485767
1766153640,0.48982167040484437
1766176740,0.7572883763153768
1766192640,0.0318331127106018
1766208240,0.014837045086632313
1766223060,0.9855441425650562
1766243220,0.4023258679084104
1766265240,0.9639922942598605
1766285340,0.8827937578661506
1766298480,0.23621869355738978
1766314020,0.7739769944502695
1766326260,0.0034043047374952735
1766344980,0.791391027044631
1766356860,0.28719189385463606
1766375460,0.863067433906758
1766389920,0.07762815292313406
1766410260,0.9369647514231481
1766432580,0.8115838022082531
1766457300,0.8018010491284004
1766480820,0.9670266579318837
1766499000,0.6276976729979321
1766515380,0.7747544288562361
1766529840,0.4529426598663471
1766552760,0.0693219869936276
1766570520,0.6686562178410244
1766587260,0.17052800264177398
1766601180,0.22963635271706717
1766623560,0.6715976269003707
1766642040,0.775101417443923
1766653440,0.5960230420763322
1766667720,0.8254296064689868
1766692260,0.5759533906301366
1766704020,0.9411895668355812
1766716680,0.3542464214022279
1766736420,0.5525604948462464
1766760420,0.718704868056709
1766771820,0.4088424088736092
1766795400,0.756770629648575
1766814720,0.26056846988944105
1766832840,0.8111868526778047
1766851560,0.5540590907784072
1766872740,0.8051858345027272
1766889960,0.3351437683614621
1766902440,0.134084123127443
1766920260,0.9284865950596946
1766943420,0.008917805706554963
1766955420,0.14068055601109064
1766970000,0.8249380650625826
1766988720,0.7864986447609363
1767005640,0.20934256585377345
1767028800,0.8988256400879594
1767045960,0.8883272149300995
1767069480,0.6796798956071739
1767086700,0.016642938815794574
1767104100,0.22482829855978823
1767119460,0.1075823519318525
1767142380,0.20235021331210504
1767164460,0.3144674093198414
1767177120,0.2000163032758607
1767202320,0.4854511941660127
1767218580,0.7749850428641378
1767241920,0.006139697655390683
1767257580,0.2811565073289094
1767273780,0.6157435989974822
1767295140,0.8247853547978563
1767319080,0.08802206624446049
1767343680,0.8272737157965828
1767365160,0.9049554005733805
1767382380,0.007042738416699715
1767404160,0.7355766206881394
1767421680,0.8249086818383935
1767445860,0.05694706829756848
1767460620,0.921558729628961
1767482280,0.6685778158890272
1767500340,0.6862079852109494
1767522000,0.5321223617135882
1767535620,0.6389798628799209
1767546840,0.8652198105962893
1767568440,0.07983445354734527
1767584100,0.8279679482442227
1767602160,0.8677450298297642
1767617340,0.21609068743865348
1767641460,0.927426594091523
1767655200,0.3622555397701942
1767674520,0.9867901038597815
1767697140,0.7531010846834081
1767708240,0.8958148602289256
1767720660,0.9431241112160229
1767743280,0.6428434804507651
1767760440,0.224814381529655
1767778620,0.8794867618126909
1767800520,0.33356172970539677
1767825300,0.4850444515604372
1767838860,0.003253321291176883
1767854220,0.8816537379716035
1767879240,0.8570362473767881
1767900480,0.0020732503903141786
1767918780,0.004347935177702191
1767942240,0.9393249547511721
1767962460,0.7089164889185023
1767978120,0.1690779109016525
1767997920,0.7749608660709991
1768016580,0.9195268780163027
1768038240,0.7424353550607239
1768052640,0.609642222924351
1768072560,0.9824126844709292
1768096140,0.845997912816362
1768107180,0.7245815564086833
1768118580,0.5406289271642675
1768138740,0.2524090929510319
1768163820,0.9203846609341404
1768188180,0.052864347384767627
1768209060,0.7804291548172598
1768226700,0.8243730303831833
1768242780,0.8030604931667695
1768265280,0.891869372858893
1768289100,0.3261469465229857
1768311900,0.9950670336050411
1768327440,0.18249233045146102
1768338240,0.5001926412869684
1768349220,0.8882859026391222
1768367760,0.4444181452773949
1768391580,0.4647646471817406
1768410540,0.24996973731563935
1768432980,0.9950739413237217
1768450800,0.609282401894922
1768469520,0.008634136529252323
1768485600,0.8726219535238664
1768502760,0.9184948968787007
1768516320,0.36629491190490515
1768529160,0.6673540949500818
1768551840,0.09425169532546895
1768566240,0.9443298680878747
1768581720,0.043818406631207334
1768593360,0.8006380705072023
1768618200,0.7475817987618862
1768629300,0.77121183833357
1768641300,0.968224777093203
1768662960,0.6291632313514165
1768678800,0.331506107527075
1768689780,0.2195385876611453
1768707000,0.6747835761722589
1768729200,0.5378609584298579
1768750860,0.5480581815277565
1768771320,0.5587775176171119
1768791900,0.9269211191271653
1768813860,0.19108704025255813
1768837680,0.279497308372822
1768861080,0.1627415358439241
1768880820,0.9262582778462111
1768902720,0.384007532793375
1768920900,0.9627616677043854
1768940220,0.9323522942779513
1768956900,0.8540800565348236
1768978560,0.8903208459314493
1768994160,0.7218951733501813
1769009580,0.7968758757983994
1769024880,0.6963396451041213
1769043660,0.19393661340749202
1769068320,0.0667423496714475
1769083080,0.14014241219547816
1769097120,0.9305856356916021
1769121900,0.8304631761331321
1769144640,0.5464642518480911
1769162280,0.5798158469325627
1769184660,0.43308614148231506
1769195640,0.009239913801430305
1769216760,0.14796180134408754
1769238540,0.9053306051528025
1769263560,0.19275201281828153
1769285220,0.24551861626882807
1769310180,0.8992497260824986
1769322060,0.13287041228965107
1769334120,0.8082700494190174
1769354700,0.8288833100737045
1769377080,0.0028933302853143615
1769398440,0.8835175887250802
1769420940,0.9600088112923268
1769439720,0.4863655592214547
1769454240,0.09947815570720328
1769466900,0.6768177759267888
1769483760,0.7109023746570391
1769497860,0.3754390721293468
1769512500,0.13584332585301262
1769533740,0.2306838210655284
1769558940,0.6732707241823619
1769571600,0.8306038466353989
1769586180,0.9063390297204567
1769597220,0.9376567017791361
1769616480,0.6400073068227234
1769639700,0.10300844511243244
1769662080,0.7307964958696836
1769677380,0.7721034976149295
1769699160,0.8603913260668633
1769718720,0.8247532578969663
1769735580,0.9072577058513746
1769757780,0.36221188476698063
1769776080,0.7440290525046035
1769798580,0.15977187860111883
1769813460,0.16131231850835137
1769827860,0.2704855722320056
1769845500,0.5057188178808194
1769862360,0.6593485868056783
1769875560,0.8583439308531403
1769900040,0.38728777589186236
1769913960,0.255778581739556
1769936100,0.5438341900892214
1769952840,0.015069493458739765
1769969580,0.4133846071077282
1769985600,0.4175080108193725
1770006360,0.6909433250300456
1770027600,0.8320442221287676
1770041040,0.712219728881762
1770056940,0.8913930692442864
1770068220,0.7307960654677869
1770088140,0.09829391096975046
1770108480,0.9873845265990471
1770124080,0.8264596743347967
1770139140,0.5375178252748312
1770161160,0.9520120909422222
1770176340,0.47710305400612324
1770199680,0.9282541945621408
1770216600,0.06741975088992191
1770235260,0.6269214656974792
1770247740,0.954844418101698
1770267180,0.6192864256195232
1770289980,0.7017329672135888
1770307080,0.39671106194503514
1770326280,0.8158483650912121
1770344580,0.3410632429703747
1770368340,0.9219940625163023
1770382620,0.7160222160247175
1770398100,0.5436877029903395
1770421560,0.21856988433816477
1770446460,0.42029808877281777
1770468180,0.844002470728532
1770490680,0.9902331444281978
1770504180,0.20964293078647644
1770519360,0.646244850666659
1770538020,0.37728922720430547
1770560580,0.9204754455111301
1770579000,0.10202685544448901
1770596460,0.25676684803450717
1770608340,0.929110539673686
1770622860,0.15435497298580714
1770634620,0.9880879441186713
1770651120,0.7090913231794571
1770671400,0.002719914247978643
1770688200,0.6288394960279456
1770712080,0.8515468221745376
1770724740,0.12893241285494383
1770747240,0.316761222192811
1770772080,0.7345517338521557
1770794040,0.9653136085508319
1770814080,0.23953806939174593
1770835020,0.7327598283250611
1770853620,0.11820224932674181
1770864780,0.6708293700021204
1770876540,0.700486033108938
1770889080,0.838731059383302
1770914040,0.8682382257205896
1770934200,0.22467283944284078
1770952620,0.9336596832146101
1770972960,0.5936561545143104
1770990540,0.5382413033033293
1771014480,0.7835521498283866
1771034880,0.9564281753242926
1771050420,0.3372845720040098
1771069860,0.18387996867170486
1771083960,0.6761775945262822
1771100700,0.9902360275740323
1771116960,0.7611409236127693
1771129740,0.19877414440543154
1771143360,0.17356076004406437
1771168320,0.9828356623806674
1771186500,0.06088353277029406
1771198020,0.6799727004761436
1771214040,0.3130625670376434
1771235460,0.8803640618266256
1771250580,0.2924494798260739
1771269960,0.7455013813575966
1771294560,0.7603325435368851
1771317060,0.7563529500034077
1771336860,0.7454671442129301
1771355280,0.7614355104836272
1771374180,0.8115509432843289
1771385220,0.2941918183649584
1771406760,0.6096070228425006
1771429980,0.6792378927304314
1771447500,0.8977579721403397
1771459020,0.994706288077209
1771477500,0.26340050528263315
1771489080,0.640055535214393
1771513380,0.8174476498409753
1771530360,0.7998901521786799
1771546500,0.18822669098397188
1771564080,0.49901624901673164
1771580220,0.6128667549085933
1771594860,0.22844086683364756
1771616040,0.18164294030576136
1771632960,0.4496032396911899
1771656180,0.6162460184504093
1771680480,0.7834481749532404
1771704780,0.8398570481804869
1771717200,0.837111210156251
1771734300,0.021987578758911528
1771752060,0.9461794840158332
1771775700,0.46602786989004474
1771795140,0.8176430358095463
1771810260,0.373244217429384
1771823160,0.9713473004244461
1771839540,0.6596070875048283
1771850940,0.6743367305547041
1771871880,0.5727113827877791
1771888860,0.09270938620046142
1771903500,0.8886940000735823
1771917660,0.657606913380112
1771942380,0.8609182679200548
1771959780,0.44649069029826527
1771983240,0.45083314706006455
1772003940,0.7532027843362683
1772018160,0.7250682298861031
1772039280,0.8867873859172245
1772052060,0.7673204927741832
1772071500,0.6355204392334503
1772084940,0.7597336887207928
1772106540,0.09091408458345537
1772130180,0.41364333669063863
1772148360,0.8945609621394552
1772159520,0.4734678177020925
1772183040,0.21694281723771935
1772203740,0.5567634538715627
1772217180,0.8976446820869555
1772241840,0.0838278371441808
1772265540,0.48842333508557834
1772285820,0.3000215204092618
1772310180,0.8976981974216548
1772323140,0.504283954690166
1772341620,0.5526746967800703
1772364480,0.016264961197832384
1772385480,0.4560995540777449
1772409240,0.9369425388398264
1772427000,0.9750576163944166
1772444400,0.2769295424559187
1772469000,0.0014992992210002456
1772488740,0.007861737327740087
1772504640,0.9176742988573071
1772526660,0.7477062334139262
1772539980,0.4947282228674038
1772551980,0.047117064370482624
1772575380,0.3179174095526175
1772589600,0.459667391535294
1772614500,0.0367571364092881
1772631360,0.7334284401095603
1772653080,0.7688612711231207
1772671560,0.7865539989960442
1772683140,0.7950809670098189
1772701560,0.9262003235973424
1772717340,0.8338464242847878
1772738100,0.7696830425237893
1772754300,0.8092295704777164
1772768100,0.19495003932021218
1772787900,0.11966973954046341
1772810520,0.8850451507658493
1772829960,0.0024417974489067728
1772849520,0.7434548089639976
1772864220,0.8795416715953741
1772887860,0.9282635698396394
1772903040,0.03775516563025442
1772921280,0.8610639629540161
1772934120,0.8020812649814202
1772953680,0.5215807925946063
1772975100,0.9736510532860846
1772996580,0.5640951199401354
1773017760,0.87454201544879
1773037740,0.5167228473350816
1773050100,0.38283853347337454
1773063480,0.7623017850735807
1773087780,0.3377807978840559
1773111480,0.023925736504788117
1773130440,0.5082249575747191
1773151320,0.42550092798577
1773172500,0.34845727565767776
1773188100,0.0018397194969075844
1773204360,0.3376237404393881
1773226140,0.8565371980937144
1773237420,0.842268239561174
1773259800,0.9607384274222635
1773278580,0.6832903348784423
1773291600,0.5281301449650047
1773315720,0.2961691567684662
1773340020,0.8054331529227534
1773359640,0.1413578665883478
1773384300,0.6007588056532778
1773405840,0.9731706968426781
1773429120,0.9206406116907855
1773441780,0.42389396570211535
1773462420,0.026799788844157072
1773478260,0.42037609106740703
1773501420,0.4630467306074421
1773513000,0.002594312162722103
1773536880,0.8670042418382716
1773549000,0.757357627891136
1773571920,0.6707508926196679
1773595740,0.7235378315512508
1773614520,0.5961942427889884
1773634140,0.7287356617514332
1773646740,0.008601613060218975
1773671400,0.7983301869018969
1773682380,0.8948849080930861
1773701880,0.7749798665790333
1773712980,0.03813742273377286
1773734160,0.5952069373704325
1773746040,0.8107855806467508
1773761160,0.3764840565541337
1773771960,0.3546909250203224
1773785460,0.8593705531532556
1773796680,0.12359870719536906
1773818460,0.06830070616477299
1773835200,0.05729791726034542
1773860220,0.5411978592257904
1773883560,0.7731349007048717
1773900720,0.9513769424984776
1773923160,0.9754927375928744
1773938040,0.7628062061896326
1773958200,0.3930000272927969
1773983160,0.0942262338134047
1774004820,0.8928310934937311
1774022760,0.5242171289069053
1774047060,0.8856268725767152
1774065840,0.2477481579640765
1774089840,0.8878344515841774
1774105980,0.4731542273166545
1774118280,0.2971939525976546
1774136880,0.6618527723777445
1774157520,0.7063659447144184
1774170420,0.43497889397772305
1774185960,0.5073814737604437
1774200600,0.8054383069512063
1774215600,0.6992684485915709
1774235220,0.678971822815099
1774251600,0.15014331135438816
1774267380,0.15881622624080938
1774280040,0.861294360341843
1774302180,0.9819019677208508
1774324560,0.7172453135621314
1774336860,0.7242137765618877
1774355160,0.703026180851787
1774366500,0.6586471467305254
1774390380,0.004705618922766973
1774404420,0.6811393078231024
1774421880,0.7160844434472476
1774441140,0.8797518714967785
1774461840,0.9020500963400633
1774480920,0.8294016154517972
1774501320,0.47968252200050254
1774519080,0.7290020831379049
1774541940,0.6245868179773648
1774562580,0.8372465931278219
1774585200,0.8602969137818166
1774600680,0.894997203349319
1774611660,0.8107823861477762
1774635960,0.7203833751926862
1774648920,0.6065434196516821
1774668660,0.25433293506410176
1774692960,0.7797928684376733
1774704720,0.6597902067223999
1774724400,0.46716850094470164
1774747980,0.7980671857465189
1774771920,0.26574749675542664
1774792980,0.2328731352183561
1774809360,0.9307925649362272
1774834140,0.9095614120253163
1774849740,0.019125103748554216
1774863540,0.8883408461597972
1774874460,0.32667898560166975
1774886280,0.644197887441321
1774899600,0.8878573671647738
1774918380,0.8108369206828361
1774940520,0.9483504971681612
1774952100,0.771374310327579
1774965540,0.7632168149768719
1774988340,0.5065325298554508
1775000460,0.48444623004441
1775025660,0.5045268272584973
1775050560,0.38996119014952935
1775065380,0.8607456279154988
1775076540,0.4356434797117438
1775090220,0.7676740612567439
1775103540,0.3098478542470551
1775121900,0.9174418209894649
1775135880,0.7667846016870687
1775149140,0.44082221917331793
1775161380,0.02931747096998905
1775174160,0.07570885081899202
1775190240,0.09410024721912924
1775208900,0.6209163616250872
1775226120,0.7749052282584208
1775236980,0.36949427164369464
1775252040,0.3792592497498772
1775264700,0.81523372127
1775276580,0.8270650065373006
1775296320,0.7730210356307184
1775317020,0.774880728178818
1775332620,0.6312184996749439
1775349000,0.6456724127714584
1775370900,0.4104447397707902
1775395080,0.813809701869052
1775417160,0.8477037765608242
1775435520,0.6120101403587888
1775448480,0.8459591072699771
1775468340,0.975641323711477
1775482020,0.36305400850516883
1775495520,0.010206436550831964
1775513100,0.39556802965363397
1775532540,0.7230366042948451
1775553900,0.05239631429225577
1775569260,0.01565906976652119
1775591040,0.8366584592311201
1775612580,0.8083103164150693
1775637300,0.2500671261314632
1775651520,0.7387709445508922
1775667240,0.07255721814498332
1775684280,0.8649817648126634
1775700840,0.9059706254994907
1775712240,0.8873340433291742
1775729280,0.9510618916257303
1775754120,0.9395189589606716
1775775420,0.8920391402614352
1775786460,0.7905035916229293
1775811060,0.9688694665870584
1775834160,0.17142142636521052
1775854620,0.2610764094642922
1775869260,0.8851715938404782
1775888520,0.8555885152780738
1775903520,0.6698741179114341
1775915820,0.9028686598374123
1775937540,0.8675832066512655
1775953620,0.8832139060165277
1775973960,0.7718670810233619
1775990700,0.0019305444916805216
1776003780,0.8046283411646009
1776016740,0.5504439552516411
1776039300,0.8948479909420161
1776063300,0.056224866896486106
1776078360,0.5628134422050424
1776102840,0.6015269364436766
1776113880,0.7232347259983989
1776125760,0.4442680095891686
1776150840,0.35419371459340027
1776173460,0.49912473489954357
1776192960,0.41983902851222665
1776204480,0.7563460650579087
1776226560,0.4999163557921058
1776242100,0.654812299270746
1776264060,0.03378503872975877
1776284040,0.7222371858951193
1776302400,0.13331176310985177
1776322740,0.1178067263595238
1776338040,0.8533726960671807
1776354180,0.7878706174917693
1776378360,0.7688179339541794
1776401520,0.8885890171872387
1776423540,0.9648961627768295
1776435060,0.8333321350535913
1776451680,0.5618380468712296
1776470100,0.3882833694771031
1776488820,0.9829724285683242
1776509520,0.467551730407784
1776533940,0.8383298391295656
1776556380,0.25649550741492666
1776579000,0.1811416543887121
1776594600,0.8066500111192741
1776605520,0.6510689936563521
1776618060,0.5127714139337718
1776630720,0.13968867152474934
1776641640,0.592685551750632
1776665700,0.39005139555392204
1776682680,0.8423570599905659
1776694920,0.8664501531127781
1776707700,0.43865481899738173
1776732600,0.41327606344304246
1776747360,0.27880948368932384
1776764160,0.4214286803304043
1776780900,0.9218353807848015
1776805500,0.36555644933184145
1776820620,0.8286157252670148
1776838620,0.7754438373851371
1776860040,0.11604711009097717
1776883860,0.8799427879459798
1776908580,0.2220750018234005
1776927960,0.8131534930062219
1776950880,0.8289619228762823
1776964080,0.6743563533758719
1776978360,0.6053613168579681
1776995460,0.8319551494072147
1777010340,0.1896601047601621
1777028820,0.5221300092993832
1777053060,0.31372525483184943
1777075920,0.2424567471779668
1777098060,0.641847206823438
1777109520,0.4771753119334815
1777130520,0.007536700620680037
1777155180,0.7925724569951342
1777177860,0.8259234046567615
1777197180,0.9208695259945933
1777209480,0.0036494312126792235
1777234380,0.5059043576742364
1777251360,0.9556579613336376
1777271880,0.7971951950095962
1777289520,0.24350338810918915
1777307700,0.24745051748314126
1777329600,0.6452550084207591
1777352880,0.6399435065062548
1777373580,0.3369149065409166
1777385160,0.003049971635977591
1777410060,0.38341700222062375
1777430460,0.11041532360674625
1777452780,0.7300104121567201
1777477740,0.8748120030106787
1777496160,0.7322666140752907
1777514580,0.17457764406084114
1777539480,0.34825982617046136
1777558500,0.35688765093367697
1777583340,0.5369939470442342
1777605420,0.32882728793676086
1777624800,0.3620010872083812
1777647540,0.14928473487584085
1777663140,0.1700593816943369
1777686780,0.712846322340627
1777700700,0.8584536155819305
1777724340,0.8720211489290762
1777735440,0.8108028521931471
1777753140,0.32739154145102045
1777771740,0.6530547218303644
1777790340,0.5946067413022171
1777805700,0.2508004044852848
1777820400,0.022286220711377133
1777835040,0.8952386536004996
1777849080,0.9564432910277404
1777864560,0.46824238045507427
1777875660,0.6672101977286897
1777889160,0.8986027708345558
1777901880,0.7712179079947798
1777926300,0.9193165686683418
1777942740,0.12331214612204539
1777961160,0.17407739210807185
1777984920,0.884872371091211
1778008920,0.04313200372875745
1778030880,0.956377473891233
1778053800,0.19805205257893807
1778071140,0.45345967101427387
1778093760,0.13319014076776592
1778111400,0.9516048947203154
1778128860,0.0030651066335920527
1778148240,0.6256585689827326
1778166120,0.8634028901646613
1778185080,0.8753796696494587
1778199540,0.41092984671136795
1778219700,0.8422701733808974
1778242260,0.9453379154345044
1778256960,0.9255031263509714
1778277420,0.812471355080875
1778298420,0.6618671941836705
1778320920,0.68102062574947
1778342460,0.6177711409222975
1778353440,0.3982815944287504
1778377740,0.27043041423058245
1778391540,0.5454273878499036
1778416620,0.08388899362038853
1778430000,0.17190868679655621
1778441460,0.8741284924939549
1778453220,0.7262278421227805
1778472780,0.00296761201537737
1778488560,0.9907717269697698
1778513400,0.5544388817968475
1778537220,0.5817691009640515
1778550000,0.5763757785491674
1778562240,0.0037293423255903083
1778583000,0.007240467495344389
1778605680,0.8114165659395814
1778624160,0.8245491806828976
1778644560,0.785131536725417
1778664420,0.8672166612453509
1778682480,0.913577813656458
1778701980,0.0031492108739781598
1778722740,0.005740632118352435
1778743200,0.2079849419917814
1778760660,0.7356402013186899
1778785200,0.7991315959032876
1778806620,0.7103882119501069
1778821080,0.6073749779911418
1778846100,0.2891368511533782
1778868120,0.9113680030826677
1778886960,0.054413569500982674
1778903400,0.704032661529325
1778915220,0.7626501772448979
1778929500,0.7728603111390033
1778947560,0.8103395293080728
1778972580,0.8132210494978832
1778996820,0.173783378381151
1779012060,0.7650103814066727
1779026760,0.7455995773750926
1779043680,0.729453652700348
1779068340,0.9111157530485273
1779092700,0.321446025104164
1779114120,0.08303425733814836
1779129960,0.5625052964328334
1779148920,0.5234822776552446
1779161820,0.15610982679185875
1779173520,0.003966055030193244
1779191700,0.4789653743443021
1779203340,0.7347281636063531
1779219300,0.2193798116830791
1779230640,0.9494873425880858
1779255540,0.3211203809283566
1779270180,0.9314025089031263
1779282420,0.9703673142178093
1779305280,0.367063356487141
1779318060,0.8760105575408268
1779339540,0.9028933928234207
1779361740,0.780675807896807
1779380280,0.7775566338874662
1779397920,0.7001237187825917
1779416220,0.13237910852544685
1779437460,0.5761910297045503
1779458880,0.6162327994232192
1779477660,0.6180674670267334
1779501420,0.8722280277414687
1779520800,0.34466819263625714
1779536880,0.4977848155572231
1779552240,0.5512510963792627
1779563160,0.7120744357520441
1779587880,0.7548860945010982
1779609900,0.8471765321373501
1779622200,0.4822323943327714
1779633900,0.5754818926903531
1779650160,0.9828581212530071
1779671220,0.6855771921899136
1779694440,0.10823830332995496
1779713880,0.8805048939461575
1779725520,0.8848531872345247
1779743040,0.2882328275450884
1779760560,0.5543111717158982
1779774720,0.009501679162102745
1779786240,0.5440897478567395
1779799260,0.8272396104802064
1779813660,0.4825250011105329
1779828900,0.9211134422314385
1779852360,0.8615074198383823
1779865320,0.2577283758400438
1779880320,0.49048170523382667
1779892980,0.9246147051384447
1779911760,0.6736750673335987
1779926160,0.8742346347212813
1779951060,0.22190744738159976
1779968100,0.5851851358653709
1779988320,0.9545489324305583
1780011660,0.5584270895466699
1780032840,0.03802209630206089
1780056300,0.7435205424208627
1780073220,0.1859859765290278
1780087800,0.27678258157555025
1780112820,0.7954116595624903
1780125660,0.8494727716604906
1780140780,0.9190069437225357
1780165380,0.21393682155585336
1780190580,0.9586012642332445
1780202820,0.5348318215932166
1780215180,0.6132014901835461
1780232280,0.4134801401410904
1780252920,0.00849363280513086
1780272000,0.6965438311092742
1780293960,0.4721251847476337
1780305000,0.9238232206701353
1780316100,0.9199787010716278
1780336320,0.4881363617683561
1780360980,0.2623737486677111
1780383780,0.7518243978664366
1780402680,0.08293086523491298
1780420860,0.32295989583760826
1780436340,0.9312820464516518
1780452060,0.5742832562072808
1780468080,0.9744426937552748
1780486260,0.5312653244763179
1780502280,0.8451294406466077
1780523940,0.7512622094751483
1780548000,0.7913137549686089
1780568700,0.9072963444267026
1780583400,0.28363959860722043
1780600620,0.10284646181413862
1780624260,0.9433374693409394
1780641360,0.7317704052210201
1780661880,0.4619534252573983
1780683300,0.052097086372286626
1780701420,0.8535948025178132
1780715220,0.6506047552228948
1780735380,0.7040975317975289
1780755180,0.004557124901367198
1780777380,0.5708445399970683
1780792860,0.17279788102136603
1780812480,0.0027848789091082676
1780823580,0.6363097308030564
1780838520,0.8765076299460994
1780850220,0.8380575205752581
1780872300,0.36768303303695904
1780895640,0.004410248058196255
1780910700,0.8029470036556247
1780925700,0.674286367600416
1780949220,0.1330240100053962
1780973340,0.7346374267564171
1780987560,0.8420671812911842
1781008200,0.8598704472582852
1781020020,0.022073121784853458
1781040300,0.8239762448389409
1781061600,0.6143148179732657
1781077920,0.7794344234999052
1781092020,0.8960185540487274
1781115660,0.7833005217449192
1781131980,0.888723857638424
1781143200,0.18311184888157095
1781157720,0.055480092994230006
1781182740,0.6999445001421951
1781207160,0.9145255293690723
1781221200,0.34717299309640554
1781240400,0.6473844804174695
1781254740,0.8996599406969216
1781276520,0.5449312454441984
1781289960,0.9681724065565172
1781304660,0.6009294209462762
1781322000,0.5101996223183081
1781339940,0.9160585481292463
1781357940,0.7311935523035132
1781371620,0.8006961702899926
1781394300,0.44666772009618716
1781415480,0.7923595712747473
1781426340,0.9099130543233289
1781447820,0.7220597860363032
1781463900,0.9924796729300981
1781481840,0.7958064310963308
1781506920,0.3790397729989854
1781532060,0.33920792157211516
1781550720,0.25200748079201557
1781568900,0.7938838085789668
1781584680,0.3893842624330412
1781605440,0.6593168996866883
1781630160,0.011785879070858325
1781645160,0.23285672314701558
1781657280,0.17371412147375687
1781671500,0.6607059913126939
1781690580,0.06132038452848144
1781712480,0.010619238441192174
1781732220,0.8366619739750218
1781756820,0.006358865381632451
1781768580,0.6659752127927107
1781781900,0.6906246357600091
1781793960,0.8721990440439418
1781816520,0.2858657531389035
1781834760,0.3597698945746432
1781852520,0.4814626990341586
1781872020,0.9322482048385633
1781897100,0.7550232590626013
1781921640,0.2126161490452551
1781944560,0.06038154787068822
1781959800,0.2708101634023471
1781978940,0.4821047436392212
1781995920,0.9079484952283896
1782009780,0.6693285688445212
1782022620,0.6995163673863477
1782036180,0.3014064842917713
1782049380,0.09143481599653264
1782068460,0.3706397733089131
1782087120,0.7629746909793682
1782109920,0.9596245633332731
1782131520,0.7616188337037972
1782149100,0.7050446122535711
1782160980,0.09724702524746065
1782180240,0.8646965330242542
1782199800,0.7415485727717568
1782215940,0.48191309815481914
1782227040,0.45304922756704197
1782250080,0.7615823160941642
1782262680,0.12626818301011186
1782283560,0.36641430128830965
1782302880,0.8231287342147601
1782317760,0.8259403645222412
1782329820,0.0016367064290926407
1782342060,0.8675378767681429
1782363000,0.5367194416564691
1782378480,0.6377225082674879
1782394980,0.6945179443914355
1782418380,0.9329778656514613
1782436680,0.26875826861406715
1782449220,0.35856249748172764
1782466620,0.25922780801099204
1782483780,0.07886253811107106
1782504960,0.13831067927258733
1782519180,0.6331607038553684
1782541620,0.015323109007855457
1782561000,0.540809779897966
1782584520,0.2189176848663939
1782607680,0.4873936156471728
1782623160,0.6004391493538599
1782634020,0.7025704893125175
1782648060,0.7809769079510174
1782666540,0.8862297958976193
1782678780,0.32964809823190566
1782696060,0.06505546753476829
1782709560,0.5611592329856926
1782724200,0.8217404383994947
1782745800,0.7252074825261287
1782765840,0.272476370920967
1782784440,0.13520252460135673
1782808260,0.36372805349904647
1782819120,0.5954851510925172
1782837720,0.9102762900039673
1782861000,0.3121897413103032
1782877740,0.08263513892400498
1782892560,0.784455069693869
1782913080,0.32272627528772924
1782931440,0.6014855552700675
1782952560,0.1294759608504954
1782965460,0.4065453292124292
1782980640,0.9118614866099252
1783002180,0.9800596394872274
1783024080,0.7940255888539807
1783042920,0.42139222888716743
1783064820,0.7245338243699155
1783088520,0.6337762126296671
1783110120,0.8050281100335377
1783122180,0.3747498103206692
1783139760,0.8112556577082182
1783152540,0.746848972102356
1783168320,0.9839398939552471
1783190160,0.9439097632080536
1783209840,0.9920214752690721
1783232160,0.7231827125919416
1783242960,0.1939414046521055
1783255260,0.4481733437049235
1783272780,0.3685799129552485
1783288800,0.6711301506202054
1783305000,0.29500102739152667
1783318200,0.2067443985359885
1783339980,0.5493430297408597
1783354740,0.021347700838160025
1783375200,0.3422878358127602
1783399920,0.8351002449708186
1783414080,0.8147002710113619
1783436700,0.1504913472842302
1783452180,0.7986018559278922
1783469940,0.5310407047234011
1783485480,0.25365539626922196
1783501080,0.4682689374190794
1783515180,0.12951185374581703
1783529040,0.8437157160472057
1783552980,0.057761543235131434
1783571400,0.23791150143880782
1783589460,0.20051078014409046
1783600920,0.37737787274868284
1783623300,0.8210272816380884
1783645200,0.019735420586528656
1783663800,0.6753721223193138
1783677780,0.34919133363602145
1783695480,0.030403105291091134
1783708860,0.27718935102873676
1783732320,0.593052473397597
1783744380,0.5593033429070644
1783767060,0.5126925774378994
1783786140,0.8278175190034343
1783806420,0.6752736966173459
1783826400,0.7466251745263849
1783837380,0.5258720532650576
1783856460,0.515468569442808
1783868760,0.9650272545850876
1783893960,0.9287050808969531
1783917660,0.1436492370643535
1783936140,0.7008728843338545
1783955640,0.8949405827094152
1783968840,0.9582685270704371
1783981080,0.004340461567741063
1784002440,0.6532561278577584
1784013720,0.9072713814460642
1784034480,0.9194274658373338
1784057700,0.9551407683356343
1784076180,0.628009519698363
1784095260,0.551581685839164
1784111100,0.44954138160632673
1784133540,0.9548147078478202
1784149260,0.13104097104820459
1784170020,0.8600761400799595
1784191440,0.760333314278223
1784215980,0.6995857837723503
1784231340,0.8725556962218556
1784249580,0.006358653068195983
1784272200,0.15183645170006782
1784293560,0.5292032524368703
1784310660,0.750381544375284
1784330760,0.7528729483487896
1784342640,0.2686022762240726
1784363100,0.2573540261230654
1784379480,0.8285349082300331
1784392620,0.7126018621390815
1784415240,0.8282331758466379
1784427000,0.7743965267508034
1784450940,0.659685880231895
1784472240,0.13892240442657117
1784486640,0.782824210901915
1784502060,0.3983032740160265
1784516280,0.9187483028406014
1784528160,0.6605007522011772
1784540280,0.058723011100995634
1784558160,0.74645888000986
1784580000,0.9162920801709507
1784591760,0.689220437469514
1784610840,0.06220364331929818
1784626500,0.7738587967628745
1784643060,0.8810281407396888
1784666880,0.05766970810667883
1784686140,0.4300438306640602
1784706780,0.6743534971358954
1784723760,0.917861628355293
1784745060,0.21237534308292336
1784762340,0.6613458040036255
1784779260,0.0029677826989934976
1784803020,0.6873356970751592
1784824140,0.24641242515101927
1784843040,0.603458582331931
1784866920,0.10536565057739505
1784879820,0.2004704118929781
1784903520,0.9704802635331164
1784920620,0.7634434439178376
1784933460,0.2991348050624262
1784949900,0.9075308242689845
1784966760,0.37293768627111856
1784985780,0.004207224894627455
1784999940,0.535011559166723
1785019500,0.635158906779429
1785041580,0.8084471263069737
1785053880,0.8273970123025074
1785076920,0.9298190554306681
1785097260,0.6129839687980747
1785114600,0.0022727419342531744
1785135900,0.793376912102328
1785156780,0.8315793859635588
1785174600,0.4107619389933822
1785195660,0.08721751619139695
1785207720,0.15284288764016074
1785220560,0.9825952626767339
1785242400,0.8366020827361392
1785266820,0.070327644904042
1785285060,0.6461051536915168
1785306300,0.025975103927434108
1785329580,0.9127549622846558
1785342480,0.8750161996934951
1785361920,0.656491658288098
1785376860,0.6362598490287817
1785391260,0.6909717385650791
1785412020,0.940753224758103
1785425160,0.9303291925628879
1785439320,0.053347689949241064
1785461460,0.0034528507701948766
1785481560,0.007937997143053552
1785502020,0.11407125381307325
1785518580,0.863542875861559
1785535860,0.7680957926653188
1785549720,0.425037586117545
1785565320,0.545089152202313
1785586200,0.08522056625413772
1785600900,0.421071685643384
1785615420,0.421236028218539
1785640080,0.8533370599395484
1785654780,0.7192620573107237
1785676500,0.7697787746061509
1785689400,0.7756873436313909
1785706920,0.2203548727795018
1785719460,0.9312439896039266
1785741480,0.8862572539897291
1785762000,0.31473108059228805
1785784380,0.2641891413314297
1785804600,0.9531286953703045
1785825000,0.7428709358397712
1785836220,0.7243999497568205
1785850260,0.4585727678940422
1785875160,0.7288725022530987
1785898920,0.815732278056261
1785913080,0.8101768110444444
1785936480,0.6495763466514006
1785959040,0.4722920472082888
1785973200,0.7865342574329629
1785997320,0.8067339384055023
1786008240,0.9445496792548796
1786027560,0.010118762443194014
1786047120,0.6399358690678949
1786063980,0.9099369390610968
1786076520,0.07433842545767107
1786093920,0.6465656551821287
1786108500,0.18722578322356473
1786120860,0.8389484241664319
1786135920,0.9215121071157183
1786158180,0.7243432330684698
1786170780,0.8707163851662957
1786193220,0.6198769224295801
1786213980,0.6905817589433059
1786238340,0.574394338963092
1786250400,0.756061359910749
1786268280,0.8861089465160902
1786285560,0.342442267852901
1786303440,0.462373171017041
1786328340,0.4350417248242226
1786344840,0.9082066898706541
1786360800,0.8263077276922204
1786377000,0.4243894771410707
1786396260,0.8980970402683535
1786414320,0.7164259623873342
1786426320,0.8842664564592799
1786451100,0.8472451825903553
1786463820,0.5010539184754107
1786486980,0.8142097326928821
1786511580,0.351217747660947
1786533120,0.835672383426837
1786552920,0.8834425320938311
1786563960,0.5767080457815719
1786580280,0.4459644008269241
1786604760,0.8978363269439841
1786620660,0.8536062981772432
1786643580,0.8547791600038475
1786667340,0.8389160703950866
1786679760,0.749563592487742
1786691640,0.7415323968585773
1786710240,0.5233768868529196
1786735380,0.7779933665412774
1786753860,0.4199829795354535
1786772520,0.714974999036409
1786785360,0.007568583584854395
1786809180,0.8356387661423657
1786833960,0.12565109044744205
1786858440,0.42224028039810674
1786878180,0.6362957598102097
1786895940,0.2862246225076359
1786912080,0.6970647928342595
1786928280,0.28551305651009706
1786943700,0.7007417184641508
1786958760,0.38758446977236893
1786975440,0.16648403890670202
1786986480,0.878999807279436
1787007540,0.7055079705420728
1787019000,0.8686502111544439
1787038620,0.038293645450438125
1787051760,0.4797970589113832
1787065320,0.7016212918205283
1787076780,0.48244162596880913
1787095440,0.8913228377516469
1787114040,0.7902154901821647
1787135100,0.7996399039973396
1787155440,0.8899929124742231
1787176200,0.6983796078700933
1787190840,0.9351335651726184
1787202600,0.39479306825210475
1787226360,0.8899714086942152
1787249100,0.9249698995533763
1787266860,0.8720982160102067
1787283360,0.7852898058731302
1787307300,0.44706444091713177
1787326560,0.8746440617882945
1787344320,0.8214317798279992
1787368620,0.8874862050530621
1787382600,0.2573373570992217
1787398080,0.7657680891353342
1787410680,0.5179506241057894
1787435220,0.8117784692843865
1787458380,0.22249100119987678
1787470500,0.6424087930191188
1787484120,0.633268772113772
1787502060,0.14797479648529202
1787518260,0.7231643416678144
1787535660,0.002643927773072655
1787558700,0.8916449373875027
1787576760,0.7164242112326701
1787590680,0.8830439372589175
1787612100,0.8241546559999191
1787626320,0.47240668458394813
1787641500,0.7987244726349926
1787660160,0.6579206533629801
1787674320,0.9252271354889317
1787696880,0.6043213731094175
1787708220,0.8380424249496375
1787733180,0.6378441235403689
1787747580,0.6787582623566727
1787759880,0.3398802118845562
1787773140,0.3324901919959814
1787795100,0.7800361646706824
1787812260,0.8143007945293269
1787829840,0.5584486512785676
1787853660,0.9103551576432996
1787873340,0.27728040245774344
1787896680,0.0038385866001504594
1787913780,0.15184328724805304
1787937300,0.5631454467348632
1787960700,0.5072031211580401
1787980680,0.12452944588886598
1787999280,0.15066455208695162
1788015600,0.04646573049467796
1788031740,0.6169851883215479
1788047460,0.29111376636474107
1788060720,0.6897399339444701
1788075300,0.00515276817820315
1788086640,0.3770141238916972
1788106380,0.8919146940361894
1788119760,0.774909822045981
1788137880,0.7778085007582769
1788155220,0.007872667368424366
1788173220,0.19588890889133223
1788185460,0.7596450642147456
1788210480,0.5755605408822854
1788232320,0.3463736534959229
1788246240,0.8666260301942348
1788264480,0.6601581744170189
1788281100,0.39336459209496166
1788303180,0.9258616677731694
1788314580,0.061209499858823554
1788330240,0.8767190855940303
1788349620,0.18697735642536387
1788368220,0.2205823343049769
1788382500,0.8473638108171591
1788406980,0.5149103717224319
1788425520,0.6338088533636838
1788450600,0.828174564814158
1788461940,0.9439282832632454
1788482580,0.5444796807830128
1788502740,0.6637327399929787
1788525660,0.7656286707625176
1788548940,0.8665959226301847
1788568140,0.7117837742014954
1788584280,0.6532177777758182
1788609420,0.7882887126844909
1788634440,0.6676309067990875
1788647340,0.8713663079792473
1788660900,0.4573205521366856
1788676080,0.02397134331580657
1788696960,0.772024632896743
1788721440,0.5960072071147188
1788734400,0.009099767641019654
1788751740,0.4197278128510815
1788768780,0.7609655980111025
1788784980,0.1216282803835892
1788802020,0.8889898130065145
1788816000,0.9330424448792104
1788835020,0.5833894694388689
1788854220,0.358527379535527
1788873420,0.8235655179298038
1788885060,0.8266558506674928
1788898980,0.40760782925107186
1788912960,0.6750011526118478
1788926880,0.040456415434553084
1788947820,0.1207023659020274
1788961380,0.3881412936477899
1788977220,0.7779903957294049
1788989940,0.24240992426526875
1789001220,0.7083266821792024
1789021860,0.5846442238749618
1789037340,0.4953629206161455
1789058940,0.551762335635692
1789073880,0.14133876349811492
1789094220,0.06988320267201774
1789111020,0.6284879244174122
1789127160,0.2976127826810483
1789142760,0.34890037357381254
1789156380,0.5365480787058186
1789172220,0.8321103730102908
1789197060,0.7421406165103647
1789212180,0.5972440604339287
1789233780,0.9366156278131704
1789253460,0.11903096295119174
1789278480,0.6312053238081328
1789301040,0.4807149248944893
1789315980,0.9840420947570157
1789335960,0.4357379786023914
1789351500,0.13330892022291022
1789376220,0.006272627520450546
1789388880,0.8790107257264486
1789413120,0.24559848445123394
1789428960,0.8155910105242912
1789441200,0.15857731689908972
1789452360,0.6191040932486297
1789466700,0.5340180403433785
1789481760,0.8980848043624907
1789505280,0.3905950044889082
1789517400,0.2211133866948833
1789541100,0.22818602475054434
1789565880,0.8079102699081355
1789583340,0.7068431150688543
1789595940,0.35376578535002345
1789614120,0.2560900009440443
1789629420,0.20800864334718502
1789651860,0.5868817237568598
1789672620,0.6666940638224301
1789685520,0.7203686910110716
1789702440,0.49211470556813763
1789717140,0.7504349573848281
1789729560,0.03811844489801039
1789745640,0.8929304101747401
1789759560,0.3190301344796643
1789781280,0.022497495199474478
1789798200,0.8591104051223935
1789814460,0.49803097154512826
1789830300,0.49408850410783084
1789851720,0.07116387846024881
1789862520,0.005220196186461967
1789875900,0.7702091650400613
1789900200,0.7708623274670706
1789916580,0.5952722339516678
1789939140,0.8478870800947618
1789963320,0.5304707271025468
1789981380,0.875335076191821
1790006220,0.28855240663003434
1790030340,0.2835437228317751
1790051400,0.6430702732159772
1790067720,0.6210512416186496
1790084640,0.6905384967974206
1790108700,0.7441021462071338
1790127240,0.952688695706239
1790143320,0.745028703299421
1790158380,0.6164829191112398
1790175660,0.251275087135094
1790193300,0.8929160135756273
1790210100,0.5844340081057634
1790226780,0.45934988359311996
1790239800,0.08515080202960791
1790254800,0.28011064201700175
1790271180,0.47174873821177205
1790292600,0.4008054747793448
1790303940,0.5349920143955135
1790319720,0.6959582026308293
1790330760,0.4095182162188103
1790354400,0.9232595068795904
1790374980,0.4615346437824009
1790387820,0.9233778688245228
1790411640,0.8527921452557656
1790432100,0.00899024315850561
1790447100,0.757159634464779
1790465640,0.22783426412280053
1790484900,0.4137969279672654
1790496300,0.6191967604221185
1790517900,0.6927773882993569
1790534760,0.622907281524281
1790546700,0.7095203629514809
1790567400,0.8627897789168799
1790587860,0.9366467269916803
1790606220,0.04719193696602255
1790621520,0.6790870041593042
1790642220,0.5390866596876103
1790654700,0.8206889950208424
1790672820,0.3108339777526129
1790691720,0.9338616031565558
1790709960,0.13183040938686916
